policy,step,helicopter,pad,x,y,z,phase,clearance_issued,clearance_delivered,message_age,slot_start,slot_end,clearance_version,decision,accepted,stale_rejected,conflict_step
delay_blind,0,0,0,8.900332889206208,6.993346653975306,8.0,hold,10,11,0,12,24,1,waiting,0,0,0
delay_blind,0,1,1,12.76265646093427,10.167460771124082,8.0,hold,12,17,0,14,26,2,waiting,0,0,0
delay_blind,0,2,2,6.006653346024694,16.900332889206208,8.0,hold,14,14,0,16,28,3,waiting,0,0,0
delay_blind,0,3,0,-0.1674607711240821,8.76265646093427,8.0,hold,24,28,0,26,38,4,waiting,0,0,0
delay_blind,0,4,1,5.099667110793792,5.006653346024693,8.0,hold,26,27,0,28,40,5,waiting,0,0,0
delay_blind,0,5,2,4.23734353906573,7.832539228875918,8.0,hold,28,34,0,30,42,6,waiting,0,0,0
delay_blind,0,6,0,4.993346653975306,1.099667110793792,8.0,hold,38,40,0,40,52,7,waiting,0,0,0
delay_blind,0,7,1,14.167460771124082,3.237343539065729,8.0,hold,40,45,0,42,54,8,waiting,0,0,0
delay_blind,1,0,0,8.900332889206208,6.993346653975306,8.0,hold,10,11,0,12,24,1,waiting,0,0,0
delay_blind,1,1,1,12.76265646093427,10.167460771124082,8.0,hold,12,17,0,14,26,2,waiting,0,0,0
delay_blind,1,2,2,6.006653346024694,16.900332889206208,8.0,hold,14,14,0,16,28,3,waiting,0,0,0
delay_blind,1,3,0,-0.1674607711240821,8.76265646093427,8.0,hold,24,28,0,26,38,4,waiting,0,0,0
delay_blind,1,4,1,5.099667110793792,5.006653346024693,8.0,hold,26,27,0,28,40,5,waiting,0,0,0
delay_blind,1,5,2,4.23734353906573,7.832539228875918,8.0,hold,28,34,0,30,42,6,waiting,0,0,0
delay_blind,1,6,0,4.993346653975306,1.099667110793792,8.0,hold,38,40,0,40,52,7,waiting,0,0,0
delay_blind,1,7,1,14.167460771124082,3.237343539065729,8.0,hold,40,45,0,42,54,8,waiting,0,0,0
delay_blind,2,0,0,8.900332889206208,6.993346653975306,8.0,hold,10,11,0,12,24,1,waiting,0,0,0
delay_blind,2,1,1,12.76265646093427,10.167460771124082,8.0,hold,12,17,0,14,26,2,waiting,0,0,0
delay_blind,2,2,2,6.006653346024694,16.900332889206208,8.0,hold,14,14,0,16,28,3,waiting,0,0,0
delay_blind,2,3,0,-0.1674607711240821,8.76265646093427,8.0,hold,24,28,0,26,38,4,waiting,0,0,0
delay_blind,2,4,1,5.099667110793792,5.006653346024693,8.0,hold,26,27,0,28,40,5,waiting,0,0,0
delay_blind,2,5,2,4.23734353906573,7.832539228875918,8.0,hold,28,34,0,30,42,6,waiting,0,0,0
delay_blind,2,6,0,4.993346653975306,1.099667110793792,8.0,hold,38,40,0,40,52,7,waiting,0,0,0
delay_blind,2,7,1,14.167460771124082,3.237343539065729,8.0,hold,40,45,0,42,54,8,waiting,0,0,0
delay_blind,3,0,0,8.900332889206208,6.993346653975306,8.0,hold,10,11,0,12,24,1,waiting,0,0,0
delay_blind,3,1,1,12.76265646093427,10.167460771124082,8.0,hold,12,17,0,14,26,2,waiting,0,0,0
delay_blind,3,2,2,6.006653346024694,16.900332889206208,8.0,hold,14,14,0,16,28,3,waiting,0,0,0
delay_blind,3,3,0,-0.1674607711240821,8.76265646093427,8.0,hold,24,28,0,26,38,4,waiting,0,0,0
delay_blind,3,4,1,5.099667110793792,5.006653346024693,8.0,hold,26,27,0,28,40,5,waiting,0,0,0
delay_blind,3,5,2,4.23734353906573,7.832539228875918,8.0,hold,28,34,0,30,42,6,waiting,0,0,0
delay_blind,3,6,0,4.993346653975306,1.099667110793792,8.0,hold,38,40,0,40,52,7,waiting,0,0,0
delay_blind,3,7,1,14.167460771124082,3.237343539065729,8.0,hold,40,45,0,42,54,8,waiting,0,0,0
delay_blind,4,0,0,8.900332889206208,6.993346653975306,8.0,hold,10,11,0,12,24,1,waiting,0,0,0
delay_blind,4,1,1,12.76265646093427,10.167460771124082,8.0,hold,12,17,0,14,26,2,waiting,0,0,0
delay_blind,4,2,2,6.006653346024694,16.900332889206208,8.0,hold,14,14,0,16,28,3,waiting,0,0,0
delay_blind,4,3,0,-0.1674607711240821,8.76265646093427,8.0,hold,24,28,0,26,38,4,waiting,0,0,0
delay_blind,4,4,1,5.099667110793792,5.006653346024693,8.0,hold,26,27,0,28,40,5,waiting,0,0,0
delay_blind,4,5,2,4.23734353906573,7.832539228875918,8.0,hold,28,34,0,30,42,6,waiting,0,0,0
delay_blind,4,6,0,4.993346653975306,1.099667110793792,8.0,hold,38,40,0,40,52,7,waiting,0,0,0
delay_blind,4,7,1,14.167460771124082,3.237343539065729,8.0,hold,40,45,0,42,54,8,waiting,0,0,0
delay_blind,5,0,0,8.900332889206208,6.993346653975306,8.0,hold,10,11,0,12,24,1,waiting,0,0,0
delay_blind,5,1,1,12.76265646093427,10.167460771124082,8.0,hold,12,17,0,14,26,2,waiting,0,0,0
delay_blind,5,2,2,6.006653346024694,16.900332889206208,8.0,hold,14,14,0,16,28,3,waiting,0,0,0
delay_blind,5,3,0,-0.1674607711240821,8.76265646093427,8.0,hold,24,28,0,26,38,4,waiting,0,0,0
delay_blind,5,4,1,5.099667110793792,5.006653346024693,8.0,hold,26,27,0,28,40,5,waiting,0,0,0
delay_blind,5,5,2,4.23734353906573,7.832539228875918,8.0,hold,28,34,0,30,42,6,waiting,0,0,0
delay_blind,5,6,0,4.993346653975306,1.099667110793792,8.0,hold,38,40,0,40,52,7,waiting,0,0,0
delay_blind,5,7,1,14.167460771124082,3.237343539065729,8.0,hold,40,45,0,42,54,8,waiting,0,0,0
delay_blind,6,0,0,8.900332889206208,6.993346653975306,8.0,hold,10,11,0,12,24,1,waiting,0,0,0
delay_blind,6,1,1,12.76265646093427,10.167460771124082,8.0,hold,12,17,0,14,26,2,waiting,0,0,0
delay_blind,6,2,2,6.006653346024694,16.900332889206208,8.0,hold,14,14,0,16,28,3,waiting,0,0,0
delay_blind,6,3,0,-0.1674607711240821,8.76265646093427,8.0,hold,24,28,0,26,38,4,waiting,0,0,0
delay_blind,6,4,1,5.099667110793792,5.006653346024693,8.0,hold,26,27,0,28,40,5,waiting,0,0,0
delay_blind,6,5,2,4.23734353906573,7.832539228875918,8.0,hold,28,34,0,30,42,6,waiting,0,0,0
delay_blind,6,6,0,4.993346653975306,1.099667110793792,8.0,hold,38,40,0,40,52,7,waiting,0,0,0
delay_blind,6,7,1,14.167460771124082,3.237343539065729,8.0,hold,40,45,0,42,54,8,waiting,0,0,0
delay_blind,7,0,0,8.900332889206208,6.993346653975306,8.0,hold,10,11,0,12,24,1,waiting,0,0,0
delay_blind,7,1,1,12.76265646093427,10.167460771124082,8.0,hold,12,17,0,14,26,2,waiting,0,0,0
delay_blind,7,2,2,6.006653346024694,16.900332889206208,8.0,hold,14,14,0,16,28,3,waiting,0,0,0
delay_blind,7,3,0,-0.1674607711240821,8.76265646093427,8.0,hold,24,28,0,26,38,4,waiting,0,0,0
delay_blind,7,4,1,5.099667110793792,5.006653346024693,8.0,hold,26,27,0,28,40,5,waiting,0,0,0
delay_blind,7,5,2,4.23734353906573,7.832539228875918,8.0,hold,28,34,0,30,42,6,waiting,0,0,0
delay_blind,7,6,0,4.993346653975306,1.099667110793792,8.0,hold,38,40,0,40,52,7,waiting,0,0,0
delay_blind,7,7,1,14.167460771124082,3.237343539065729,8.0,hold,40,45,0,42,54,8,waiting,0,0,0
delay_blind,8,0,0,8.900332889206208,6.993346653975306,8.0,hold,10,11,0,12,24,1,waiting,0,0,0
delay_blind,8,1,1,12.76265646093427,10.167460771124082,8.0,hold,12,17,0,14,26,2,waiting,0,0,0
delay_blind,8,2,2,6.006653346024694,16.900332889206208,8.0,hold,14,14,0,16,28,3,waiting,0,0,0
delay_blind,8,3,0,-0.1674607711240821,8.76265646093427,8.0,hold,24,28,0,26,38,4,waiting,0,0,0
delay_blind,8,4,1,5.099667110793792,5.006653346024693,8.0,hold,26,27,0,28,40,5,waiting,0,0,0
delay_blind,8,5,2,4.23734353906573,7.832539228875918,8.0,hold,28,34,0,30,42,6,waiting,0,0,0
delay_blind,8,6,0,4.993346653975306,1.099667110793792,8.0,hold,38,40,0,40,52,7,waiting,0,0,0
delay_blind,8,7,1,14.167460771124082,3.237343539065729,8.0,hold,40,45,0,42,54,8,waiting,0,0,0
delay_blind,9,0,0,8.900332889206208,6.993346653975306,8.0,hold,10,11,0,12,24,1,waiting,0,0,0
delay_blind,9,1,1,12.76265646093427,10.167460771124082,8.0,hold,12,17,0,14,26,2,waiting,0,0,0
delay_blind,9,2,2,6.006653346024694,16.900332889206208,8.0,hold,14,14,0,16,28,3,waiting,0,0,0
delay_blind,9,3,0,-0.1674607711240821,8.76265646093427,8.0,hold,24,28,0,26,38,4,waiting,0,0,0
delay_blind,9,4,1,5.099667110793792,5.006653346024693,8.0,hold,26,27,0,28,40,5,waiting,0,0,0
delay_blind,9,5,2,4.23734353906573,7.832539228875918,8.0,hold,28,34,0,30,42,6,waiting,0,0,0
delay_blind,9,6,0,4.993346653975306,1.099667110793792,8.0,hold,38,40,0,40,52,7,waiting,0,0,0
delay_blind,9,7,1,14.167460771124082,3.237343539065729,8.0,hold,40,45,0,42,54,8,waiting,0,0,0
delay_blind,10,0,0,8.900332889206208,6.993346653975306,8.0,hold,10,11,0,12,24,1,waiting,0,0,0
delay_blind,10,1,1,12.76265646093427,10.167460771124082,8.0,hold,12,17,0,14,26,2,waiting,0,0,0
delay_blind,10,2,2,6.006653346024694,16.900332889206208,8.0,hold,14,14,0,16,28,3,waiting,0,0,0
delay_blind,10,3,0,-0.1674607711240821,8.76265646093427,8.0,hold,24,28,0,26,38,4,waiting,0,0,0
delay_blind,10,4,1,5.099667110793792,5.006653346024693,8.0,hold,26,27,0,28,40,5,waiting,0,0,0
delay_blind,10,5,2,4.23734353906573,7.832539228875918,8.0,hold,28,34,0,30,42,6,waiting,0,0,0
delay_blind,10,6,0,4.993346653975306,1.099667110793792,8.0,hold,38,40,0,40,52,7,waiting,0,0,0
delay_blind,10,7,1,14.167460771124082,3.237343539065729,8.0,hold,40,45,0,42,54,8,waiting,0,0,0
delay_blind,11,0,0,8.766166680639706,6.9661498170727265,7.802871208238409,approach,10,11,1,12,24,1,accept_clearance,1,0,0
delay_blind,11,1,1,12.76265646093427,10.167460771124082,8.0,hold,12,17,0,14,26,2,waiting,0,0,0
delay_blind,11,2,2,6.006653346024694,16.900332889206208,8.0,hold,14,14,0,16,28,3,waiting,0,0,0
delay_blind,11,3,0,-0.1674607711240821,8.76265646093427,8.0,hold,24,28,0,26,38,4,waiting,0,0,0
delay_blind,11,4,1,5.099667110793792,5.006653346024693,8.0,hold,26,27,0,28,40,5,waiting,0,0,0
delay_blind,11,5,2,4.23734353906573,7.832539228875918,8.0,hold,28,34,0,30,42,6,waiting,0,0,0
delay_blind,11,6,0,4.993346653975306,1.099667110793792,8.0,hold,38,40,0,40,52,7,waiting,0,0,0
delay_blind,11,7,1,14.167460771124082,3.237343539065729,8.0,hold,40,45,0,42,54,8,waiting,0,0,0
delay_blind,12,0,0,8.632000472073205,6.938952980170147,7.605742416476819,approach,10,11,2,12,24,1,accept_clearance,1,0,0
delay_blind,12,1,1,12.76265646093427,10.167460771124082,8.0,hold,12,17,0,14,26,2,waiting,0,0,0
delay_blind,12,2,2,6.006653346024694,16.900332889206208,8.0,hold,14,14,0,16,28,3,waiting,0,0,0
delay_blind,12,3,0,-0.1674607711240821,8.76265646093427,8.0,hold,24,28,0,26,38,4,waiting,0,0,0
delay_blind,12,4,1,5.099667110793792,5.006653346024693,8.0,hold,26,27,0,28,40,5,waiting,0,0,0
delay_blind,12,5,2,4.23734353906573,7.832539228875918,8.0,hold,28,34,0,30,42,6,waiting,0,0,0
delay_blind,12,6,0,4.993346653975306,1.099667110793792,8.0,hold,38,40,0,40,52,7,waiting,0,0,0
delay_blind,12,7,1,14.167460771124082,3.237343539065729,8.0,hold,40,45,0,42,54,8,waiting,0,0,0
delay_blind,13,0,0,8.497834263506704,6.911756143267568,7.408613624715228,approach,10,11,3,12,24,1,accept_clearance,1,0,0
delay_blind,13,1,1,12.76265646093427,10.167460771124082,8.0,hold,12,17,1,14,26,2,waiting,0,0,0
delay_blind,13,2,2,6.006653346024694,16.900332889206208,8.0,hold,14,14,0,16,28,3,waiting,0,0,0
delay_blind,13,3,0,-0.1674607711240821,8.76265646093427,8.0,hold,24,28,0,26,38,4,waiting,0,0,0
delay_blind,13,4,1,5.099667110793792,5.006653346024693,8.0,hold,26,27,0,28,40,5,waiting,0,0,0
delay_blind,13,5,2,4.23734353906573,7.832539228875918,8.0,hold,28,34,0,30,42,6,waiting,0,0,0
delay_blind,13,6,0,4.993346653975306,1.099667110793792,8.0,hold,38,40,0,40,52,7,waiting,0,0,0
delay_blind,13,7,1,14.167460771124082,3.237343539065729,8.0,hold,40,45,0,42,54,8,waiting,0,0,0
delay_blind,14,0,0,8.363668054940202,6.884559306364989,7.211484832953637,approach,10,11,4,12,24,1,accept_clearance,1,0,0
delay_blind,14,1,1,12.76265646093427,10.167460771124082,8.0,hold,12,17,2,14,26,2,waiting,0,0,0
delay_blind,14,2,2,6.0338501829272735,16.766166680639706,7.802871208238409,approach,14,14,0,16,28,3,accept_clearance,1,0,0
delay_blind,14,3,0,-0.1674607711240821,8.76265646093427,8.0,hold,24,28,0,26,38,4,waiting,0,0,0
delay_blind,14,4,1,5.099667110793792,5.006653346024693,8.0,hold,26,27,0,28,40,5,waiting,0,0,0
delay_blind,14,5,2,4.23734353906573,7.832539228875918,8.0,hold,28,34,0,30,42,6,waiting,0,0,0
delay_blind,14,6,0,4.993346653975306,1.099667110793792,8.0,hold,38,40,0,40,52,7,waiting,0,0,0
delay_blind,14,7,1,14.167460771124082,3.237343539065729,8.0,hold,40,45,0,42,54,8,waiting,0,0,0
delay_blind,15,0,0,8.2295018463737,6.85736246946241,7.0143560411920465,approach,10,11,5,12,24,1,accept_clearance,1,0,0
delay_blind,15,1,1,12.76265646093427,10.167460771124082,8.0,hold,12,17,3,14,26,2,waiting,0,0,0
delay_blind,15,2,2,6.061047019829853,16.632000472073205,7.605742416476819,approach,14,14,1,16,28,3,accept_clearance,1,0,0
delay_blind,15,3,0,-0.1674607711240821,8.76265646093427,8.0,hold,24,28,0,26,38,4,waiting,0,0,0
delay_blind,15,4,1,5.099667110793792,5.006653346024693,8.0,hold,26,27,0,28,40,5,waiting,0,0,0
delay_blind,15,5,2,4.23734353906573,7.832539228875918,8.0,hold,28,34,0,30,42,6,waiting,0,0,0
delay_blind,15,6,0,4.993346653975306,1.099667110793792,8.0,hold,38,40,0,40,52,7,waiting,0,0,0
delay_blind,15,7,1,14.167460771124082,3.237343539065729,8.0,hold,40,45,0,42,54,8,waiting,0,0,0
delay_blind,16,0,0,8.0953356378072,6.83016563255983,6.817227249430456,approach,10,11,6,12,24,1,accept_clearance,1,0,0
delay_blind,16,1,1,12.76265646093427,10.167460771124082,8.0,hold,12,17,4,14,26,2,waiting,0,0,0
delay_blind,16,2,2,6.088243856732432,16.497834263506704,7.408613624715228,approach,14,14,2,16,28,3,accept_clearance,1,0,0
delay_blind,16,3,0,-0.1674607711240821,8.76265646093427,8.0,hold,24,28,0,26,38,4,waiting,0,0,0
delay_blind,16,4,1,5.099667110793792,5.006653346024693,8.0,hold,26,27,0,28,40,5,waiting,0,0,0
delay_blind,16,5,2,4.23734353906573,7.832539228875918,8.0,hold,28,34,0,30,42,6,waiting,0,0,0
delay_blind,16,6,0,4.993346653975306,1.099667110793792,8.0,hold,38,40,0,40,52,7,waiting,0,0,0
delay_blind,16,7,1,14.167460771124082,3.237343539065729,8.0,hold,40,45,0,42,54,8,waiting,0,0,0
delay_blind,17,0,0,7.961169429240699,6.802968795657251,6.620098457668865,approach,10,11,7,12,24,1,accept_clearance,1,0,0
delay_blind,17,1,1,12.687017692851446,10.053359867439982,7.802871208238409,approach,12,17,5,14,26,2,accept_clearance,1,0,0
delay_blind,17,2,2,6.115440693635011,16.363668054940202,7.211484832953637,approach,14,14,3,16,28,3,accept_clearance,1,0,0
delay_blind,17,3,0,-0.1674607711240821,8.76265646093427,8.0,hold,24,28,0,26,38,4,waiting,0,0,0
delay_blind,17,4,1,5.099667110793792,5.006653346024693,8.0,hold,26,27,0,28,40,5,waiting,0,0,0
delay_blind,17,5,2,4.23734353906573,7.832539228875918,8.0,hold,28,34,0,30,42,6,waiting,0,0,0
delay_blind,17,6,0,4.993346653975306,1.099667110793792,8.0,hold,38,40,0,40,52,7,waiting,0,0,0
delay_blind,17,7,1,14.167460771124082,3.237343539065729,8.0,hold,40,45,0,42,54,8,waiting,0,0,0
delay_blind,18,0,0,7.827003220674198,6.775771958754672,6.422969665907274,approach,10,11,8,12,24,1,accept_clearance,1,0,0
delay_blind,18,1,1,12.611378924768623,9.939258963755881,7.605742416476819,approach,12,17,6,14,26,2,accept_clearance,1,0,0
delay_blind,18,2,2,6.14263753053759,16.2295018463737,7.0143560411920465,approach,14,14,4,16,28,3,accept_clearance,1,0,0
delay_blind,18,3,0,-0.1674607711240821,8.76265646093427,8.0,hold,24,28,0,26,38,4,waiting,0,0,0
delay_blind,18,4,1,5.099667110793792,5.006653346024693,8.0,hold,26,27,0,28,40,5,waiting,0,0,0
delay_blind,18,5,2,4.23734353906573,7.832539228875918,8.0,hold,28,34,0,30,42,6,waiting,0,0,0
delay_blind,18,6,0,4.993346653975306,1.099667110793792,8.0,hold,38,40,0,40,52,7,waiting,0,0,0
delay_blind,18,7,1,14.167460771124082,3.237343539065729,8.0,hold,40,45,0,42,54,8,waiting,0,0,0
delay_blind,19,0,0,7.692837012107698,6.748575121852093,6.225840874145684,approach,10,11,9,12,24,1,accept_clearance,1,0,0
delay_blind,19,1,1,12.535740156685799,9.82515806007178,7.408613624715228,approach,12,17,7,14,26,2,accept_clearance,1,0,0
delay_blind,19,2,2,6.16983436744017,16.0953356378072,6.817227249430456,approach,14,14,5,16,28,3,accept_clearance,1,0,0
delay_blind,19,3,0,-0.1674607711240821,8.76265646093427,8.0,hold,24,28,0,26,38,4,waiting,0,0,0
delay_blind,19,4,1,5.099667110793792,5.006653346024693,8.0,hold,26,27,0,28,40,5,waiting,0,0,0
delay_blind,19,5,2,4.23734353906573,7.832539228875918,8.0,hold,28,34,0,30,42,6,waiting,0,0,0
delay_blind,19,6,0,4.993346653975306,1.099667110793792,8.0,hold,38,40,0,40,52,7,waiting,0,0,0
delay_blind,19,7,1,14.167460771124082,3.237343539065729,8.0,hold,40,45,0,42,54,8,waiting,0,0,0
delay_blind,20,0,0,7.558670803541197,6.721378284949513,6.028712082384093,approach,10,11,10,12,24,1,accept_clearance,1,0,0
delay_blind,20,1,1,12.460101388602975,9.71105715638768,7.211484832953637,approach,12,17,8,14,26,2,accept_clearance,1,0,0
delay_blind,20,2,2,6.197031204342749,15.961169429240698,6.620098457668865,approach,14,14,6,16,28,3,accept_clearance,1,0,0
delay_blind,20,3,0,-0.1674607711240821,8.76265646093427,8.0,hold,24,28,0,26,38,4,waiting,0,0,0
delay_blind,20,4,1,5.099667110793792,5.006653346024693,8.0,hold,26,27,0,28,40,5,waiting,0,0,0
delay_blind,20,5,2,4.23734353906573,7.832539228875918,8.0,hold,28,34,0,30,42,6,waiting,0,0,0
delay_blind,20,6,0,4.993346653975306,1.099667110793792,8.0,hold,38,40,0,40,52,7,waiting,0,0,0
delay_blind,20,7,1,14.167460771124082,3.237343539065729,8.0,hold,40,45,0,42,54,8,waiting,0,0,0
delay_blind,21,0,0,7.424504594974697,6.694181448046934,5.831583290622502,approach,10,11,11,12,24,1,accept_clearance,1,0,0
delay_blind,21,1,1,12.384462620520152,9.59695625270358,7.0143560411920465,approach,12,17,9,14,26,2,accept_clearance,1,0,0
delay_blind,21,2,2,6.224228041245328,15.827003220674197,6.422969665907274,approach,14,14,7,16,28,3,accept_clearance,1,0,0
delay_blind,21,3,0,-0.1674607711240821,8.76265646093427,8.0,hold,24,28,0,26,38,4,waiting,0,0,0
delay_blind,21,4,1,5.099667110793792,5.006653346024693,8.0,hold,26,27,0,28,40,5,waiting,0,0,0
delay_blind,21,5,2,4.23734353906573,7.832539228875918,8.0,hold,28,34,0,30,42,6,waiting,0,0,0
delay_blind,21,6,0,4.993346653975306,1.099667110793792,8.0,hold,38,40,0,40,52,7,waiting,0,0,0
delay_blind,21,7,1,14.167460771124082,3.237343539065729,8.0,hold,40,45,0,42,54,8,waiting,0,0,0
delay_blind,22,0,0,7.290338386408196,6.666984611144355,5.6344544988609115,approach,10,11,12,12,24,1,accept_clearance,1,0,0
delay_blind,22,1,1,12.308823852437328,9.482855349019479,6.817227249430456,approach,12,17,10,14,26,2,accept_clearance,1,0,0
delay_blind,22,2,2,6.251424878147907,15.692837012107695,6.225840874145684,approach,14,14,8,16,28,3,accept_clearance,1,0,0
delay_blind,22,3,0,-0.1674607711240821,8.76265646093427,8.0,hold,24,28,0,26,38,4,waiting,0,0,0
delay_blind,22,4,1,5.099667110793792,5.006653346024693,8.0,hold,26,27,0,28,40,5,waiting,0,0,0
delay_blind,22,5,2,4.23734353906573,7.832539228875918,8.0,hold,28,34,0,30,42,6,waiting,0,0,0
delay_blind,22,6,0,4.993346653975306,1.099667110793792,8.0,hold,38,40,0,40,52,7,waiting,0,0,0
delay_blind,22,7,1,14.167460771124082,3.237343539065729,8.0,hold,40,45,0,42,54,8,waiting,0,0,0
delay_blind,23,0,0,7.156172177841696,6.639787774241776,5.437325707099321,approach,10,11,13,12,24,1,accept_clearance,1,0,0
delay_blind,23,1,1,12.233185084354504,9.368754445335378,6.620098457668865,approach,12,17,11,14,26,2,accept_clearance,1,0,0
delay_blind,23,2,2,6.278621715050487,15.558670803541194,6.028712082384093,approach,14,14,9,16,28,3,accept_clearance,1,0,0
delay_blind,23,3,0,-0.1674607711240821,8.76265646093427,8.0,hold,24,28,0,26,38,4,waiting,0,0,0
delay_blind,23,4,1,5.099667110793792,5.006653346024693,8.0,hold,26,27,0,28,40,5,waiting,0,0,0
delay_blind,23,5,2,4.23734353906573,7.832539228875918,8.0,hold,28,34,0,30,42,6,waiting,0,0,0
delay_blind,23,6,0,4.993346653975306,1.099667110793792,8.0,hold,38,40,0,40,52,7,waiting,0,0,0
delay_blind,23,7,1,14.167460771124082,3.237343539065729,8.0,hold,40,45,0,42,54,8,waiting,0,0,0
delay_blind,24,0,0,7.022005969275195,6.6125909373391965,5.24019691533773,approach,10,11,14,12,24,1,accept_clearance,1,0,0
delay_blind,24,1,1,12.15754631627168,9.254653541651278,6.422969665907274,approach,12,17,12,14,26,2,accept_clearance,1,0,0
delay_blind,24,2,2,6.305818551953066,15.424504594974692,5.831583290622502,approach,14,14,10,16,28,3,accept_clearance,1,0,0
delay_blind,24,3,0,-0.1674607711240821,8.76265646093427,8.0,hold,24,28,0,26,38,4,waiting,0,0,0
delay_blind,24,4,1,5.099667110793792,5.006653346024693,8.0,hold,26,27,0,28,40,5,waiting,0,0,0
delay_blind,24,5,2,4.23734353906573,7.832539228875918,8.0,hold,28,34,0,30,42,6,waiting,0,0,0
delay_blind,24,6,0,4.993346653975306,1.099667110793792,8.0,hold,38,40,0,40,52,7,waiting,0,0,0
delay_blind,24,7,1,14.167460771124082,3.237343539065729,8.0,hold,40,45,0,42,54,8,waiting,0,0,0
delay_blind,25,0,0,6.887839760708695,6.585394100436617,5.043068123576139,approach,10,11,15,12,24,1,accept_clearance,1,0,0
delay_blind,25,1,1,12.081907548188857,9.140552637967179,6.225840874145684,approach,12,17,13,14,26,2,accept_clearance,1,0,0
delay_blind,25,2,2,6.333015388855645,15.290338386408191,5.6344544988609115,approach,14,14,11,16,28,3,accept_clearance,1,0,0
delay_blind,25,3,0,-0.1674607711240821,8.76265646093427,8.0,hold,24,28,1,26,38,4,waiting,0,0,0
delay_blind,25,4,1,5.099667110793792,5.006653346024693,8.0,hold,26,27,0,28,40,5,waiting,0,0,0
delay_blind,25,5,2,4.23734353906573,7.832539228875918,8.0,hold,28,34,0,30,42,6,waiting,0,0,0
delay_blind,25,6,0,4.993346653975306,1.099667110793792,8.0,hold,38,40,0,40,52,7,waiting,0,0,0
delay_blind,25,7,1,14.167460771124082,3.237343539065729,8.0,hold,40,45,0,42,54,8,waiting,0,0,0
delay_blind,26,0,0,6.753673552142194,6.558197263534038,4.845939331814549,approach,10,11,16,12,24,1,accept_clearance,1,0,0
delay_blind,26,1,1,12.006268780106033,9.02645173428308,6.028712082384093,approach,12,17,14,14,26,2,accept_clearance,1,0,0
delay_blind,26,2,2,6.360212225758224,15.15617217784169,5.437325707099321,approach,14,14,12,16,28,3,accept_clearance,1,0,0
delay_blind,26,3,0,-0.1674607711240821,8.76265646093427,8.0,hold,24,28,2,26,38,4,waiting,0,0,0
delay_blind,26,4,1,5.099667110793792,5.006653346024693,8.0,hold,26,27,0,28,40,5,waiting,0,0,0
delay_blind,26,5,2,4.23734353906573,7.832539228875918,8.0,hold,28,34,0,30,42,6,waiting,0,0,0
delay_blind,26,6,0,4.993346653975306,1.099667110793792,8.0,hold,38,40,0,40,52,7,waiting,0,0,0
delay_blind,26,7,1,14.167460771124082,3.237343539065729,8.0,hold,40,45,0,42,54,8,waiting,0,0,0
delay_blind,27,0,0,6.619507343575694,6.531000426631459,4.648810540052958,approach,10,11,17,12,24,1,accept_clearance,1,0,0
delay_blind,27,1,1,11.930630012023212,8.91235083059898,5.831583290622502,approach,12,17,15,14,26,2,accept_clearance,1,0,0
delay_blind,27,2,2,6.3874090626608035,15.022005969275188,5.240196915337729,approach,14,14,13,16,28,3,accept_clearance,1,0,0
delay_blind,27,3,0,-0.1674607711240821,8.76265646093427,8.0,hold,24,28,3,26,38,4,waiting,0,0,0
delay_blind,27,4,1,5.233833319360293,5.033850182927273,7.802871208238409,approach,26,27,1,28,40,5,accept_clearance,1,0,0
delay_blind,27,5,2,4.23734353906573,7.832539228875918,8.0,hold,28,34,0,30,42,6,waiting,0,0,0
delay_blind,27,6,0,4.993346653975306,1.099667110793792,8.0,hold,38,40,0,40,52,7,waiting,0,0,0
delay_blind,27,7,1,14.167460771124082,3.237343539065729,8.0,hold,40,45,0,42,54,8,waiting,0,0,0
delay_blind,28,0,0,6.485341135009193,6.5038035897288795,4.451681748291367,approach,10,11,18,12,24,1,accept_clearance,1,0,0
delay_blind,28,1,1,11.854991243940388,8.798249926914881,5.6344544988609115,approach,12,17,16,14,26,2,accept_clearance,1,0,0
delay_blind,28,2,2,6.414605899563383,14.887839760708687,5.043068123576138,approach,14,14,14,16,28,3,accept_clearance,1,0,0
delay_blind,28,3,0,-0.053359867439982306,8.687017692851446,7.802871208238409,approach,24,28,4,26,38,4,accept_clearance,1,0,0
delay_blind,28,4,1,5.367999527926793,5.061047019829852,7.605742416476819,approach,26,27,2,28,40,5,accept_clearance,1,0,0
delay_blind,28,5,2,4.23734353906573,7.832539228875918,8.0,hold,28,34,0,30,42,6,waiting,0,0,0
delay_blind,28,6,0,4.993346653975306,1.099667110793792,8.0,hold,38,40,0,40,52,7,waiting,0,0,0
delay_blind,28,7,1,14.167460771124082,3.237343539065729,8.0,hold,40,45,0,42,54,8,waiting,0,0,0
delay_blind,29,0,0,6.351174926442693,6.4766067528263,4.254552956529777,approach,10,11,19,12,24,1,accept_clearance,1,0,0
delay_blind,29,1,1,11.779352475857566,8.68414902323078,5.437325707099321,approach,12,17,17,14,26,2,accept_clearance,1,0,0
delay_blind,29,2,2,6.441802736465962,14.753673552142187,4.845939331814546,approach,14,14,15,16,28,3,accept_clearance,1,0,0
delay_blind,29,3,0,0.060741036244117474,8.611378924768623,7.605742416476819,approach,24,28,5,26,38,4,accept_clearance,1,0,0
delay_blind,29,4,1,5.502165736493294,5.088243856732431,7.408613624715228,approach,26,27,3,28,40,5,accept_clearance,1,0,0
delay_blind,29,5,2,4.23734353906573,7.832539228875918,8.0,hold,28,34,1,30,42,6,waiting,0,0,0
delay_blind,29,6,0,4.993346653975306,1.099667110793792,8.0,hold,38,40,0,40,52,7,waiting,0,0,0
delay_blind,29,7,1,14.167460771124082,3.237343539065729,8.0,hold,40,45,0,42,54,8,waiting,0,0,0
delay_blind,30,0,0,6.217008717876192,6.449409915923721,4.057424164768186,approach,10,11,20,12,24,1,accept_clearance,1,0,0
delay_blind,30,1,1,11.703713707774742,8.570048119546682,5.24019691533773,approach,12,17,18,14,26,2,accept_clearance,1,0,0
delay_blind,30,2,2,6.468999573368541,14.619507343575687,4.648810540052955,approach,14,14,16,16,28,3,accept_clearance,1,0,0
delay_blind,30,3,0,0.17484193992821728,8.535740156685799,7.408613624715228,approach,24,28,6,26,38,4,accept_clearance,1,0,0
delay_blind,30,4,1,5.636331945059794,5.11544069363501,7.211484832953637,approach,26,27,4,28,40,5,accept_clearance,1,0,0
delay_blind,30,5,2,4.23734353906573,7.832539228875918,8.0,hold,28,34,2,30,42,6,waiting,0,0,0
delay_blind,30,6,0,4.993346653975306,1.099667110793792,8.0,hold,38,40,0,40,52,7,waiting,0,0,0
delay_blind,30,7,1,14.167460771124082,3.237343539065729,8.0,hold,40,45,0,42,54,8,waiting,0,0,0
delay_blind,31,0,0,6.082842509309692,6.422213079021142,3.8602953730065948,approach,10,11,21,12,24,1,accept_clearance,1,0,0
delay_blind,31,1,1,11.62807493969192,8.455947215862583,5.043068123576139,approach,12,17,19,14,26,2,accept_clearance,1,0,0
delay_blind,31,2,2,6.4961964102711205,14.485341135009186,4.451681748291365,approach,14,14,17,16,28,3,accept_clearance,1,0,0
delay_blind,31,3,0,0.28894284361231704,8.460101388602975,7.211484832953637,approach,24,28,7,26,38,4,accept_clearance,1,0,0
delay_blind,31,4,1,5.770498153626295,5.1426375305375895,7.0143560411920465,approach,26,27,5,28,40,5,accept_clearance,1,0,0
delay_blind,31,5,2,4.23734353906573,7.832539228875918,8.0,hold,28,34,3,30,42,6,waiting,0,0,0
delay_blind,31,6,0,4.993346653975306,1.099667110793792,8.0,hold,38,40,0,40,52,7,waiting,0,0,0
delay_blind,31,7,1,14.167460771124082,3.237343539065729,8.0,hold,40,45,0,42,54,8,waiting,0,0,0
delay_blind,32,0,0,5.948676300743191,6.395016242118563,3.6631665812450036,approach,10,11,22,12,24,1,accept_clearance,1,0,0
delay_blind,32,1,1,11.552436171609097,8.341846312178482,4.845939331814549,approach,12,17,20,14,26,2,accept_clearance,1,0,0
delay_blind,32,2,2,6.5233932471737,14.351174926442685,4.254552956529773,approach,14,14,18,16,28,3,accept_clearance,1,0,0
delay_blind,32,3,0,0.4030437472964168,8.384462620520152,7.0143560411920465,approach,24,28,8,26,38,4,accept_clearance,1,0,0
delay_blind,32,4,1,5.904664362192795,5.169834367440169,6.817227249430456,approach,26,27,6,28,40,5,accept_clearance,1,0,0
delay_blind,32,5,2,4.23734353906573,7.832539228875918,8.0,hold,28,34,4,30,42,6,waiting,0,0,0
delay_blind,32,6,0,4.993346653975306,1.099667110793792,8.0,hold,38,40,0,40,52,7,waiting,0,0,0
delay_blind,32,7,1,14.167460771124082,3.237343539065729,8.0,hold,40,45,0,42,54,8,waiting,0,0,0
delay_blind,33,0,0,5.814510092176691,6.367819405215983,3.4660377894834125,approach,10,11,23,12,24,1,accept_clearance,1,0,0
delay_blind,33,1,1,11.476797403526275,8.227745408494382,4.648810540052957,approach,12,17,21,14,26,2,accept_clearance,1,0,0
delay_blind,33,2,2,6.550590084076279,14.217008717876185,4.0574241647681815,approach,14,14,19,16,28,3,accept_clearance,1,0,0
delay_blind,33,3,0,0.5171446509805165,8.308823852437328,6.817227249430456,approach,24,28,9,26,38,4,accept_clearance,1,0,0
delay_blind,33,4,1,6.038830570759296,5.197031204342748,6.620098457668865,approach,26,27,7,28,40,5,accept_clearance,1,0,0
delay_blind,33,5,2,4.23734353906573,7.832539228875918,8.0,hold,28,34,5,30,42,6,waiting,0,0,0
delay_blind,33,6,0,4.993346653975306,1.099667110793792,8.0,hold,38,40,0,40,52,7,waiting,0,0,0
delay_blind,33,7,1,14.167460771124082,3.237343539065729,8.0,hold,40,45,0,42,54,8,waiting,0,0,0
delay_blind,34,0,0,5.68034388361019,6.340622568313404,3.2689089977218213,approach,10,11,24,12,24,1,accept_clearance,1,0,0
delay_blind,34,1,1,11.401158635443451,8.113644504810283,4.4516817482913655,approach,12,17,22,14,26,2,accept_clearance,1,0,0
delay_blind,34,2,2,6.577786920978858,14.082842509309685,3.8602953730065903,approach,14,14,20,16,28,3,accept_clearance,1,0,0
delay_blind,34,3,0,0.6312455546646163,8.233185084354504,6.620098457668865,approach,24,28,10,26,38,4,accept_clearance,1,0,0
delay_blind,34,4,1,6.172996779325796,5.224228041245327,6.422969665907274,approach,26,27,8,28,40,5,accept_clearance,1,0,0
delay_blind,34,5,2,4.312982307148553,7.9466401325600176,7.802871208238409,approach,28,34,6,30,42,6,accept_clearance,1,0,0
delay_blind,34,6,0,4.993346653975306,1.099667110793792,8.0,hold,38,40,0,40,52,7,waiting,0,0,0
delay_blind,34,7,1,14.167460771124082,3.237343539065729,8.0,hold,40,45,0,42,54,8,waiting,0,0,0
delay_blind,35,0,0,5.5461776750436895,6.313425731410825,3.07178020596023,approach,10,11,25,12,24,1,accept_clearance,1,0,0
delay_blind,35,1,1,11.32551986736063,7.999543601126184,4.254552956529775,approach,12,17,23,14,26,2,accept_clearance,1,0,0
delay_blind,35,2,2,6.604983757881437,13.948676300743184,3.663166581244999,approach,14,14,21,16,28,3,accept_clearance,1,0,0
delay_blind,35,3,0,0.745346458348716,8.15754631627168,6.422969665907274,approach,24,28,11,26,38,4,accept_clearance,1,0,0
delay_blind,35,4,1,6.307162987892297,5.2514248781479065,6.225840874145684,approach,26,27,9,28,40,5,accept_clearance,1,0,0
delay_blind,35,5,2,4.3886210752313755,8.060741036244117,7.605742416476819,approach,28,34,7,30,42,6,accept_clearance,1,0,0
delay_blind,35,6,0,4.993346653975306,1.099667110793792,8.0,hold,38,40,0,40,52,7,waiting,0,0,0
delay_blind,35,7,1,14.167460771124082,3.237343539065729,8.0,hold,40,45,0,42,54,8,waiting,0,0,0
delay_blind,36,0,0,5.412011466477189,6.286228894508246,2.874651414198639,approach,10,11,26,12,24,1,accept_clearance,1,0,0
delay_blind,36,1,1,11.249881099277808,7.885442697442084,4.057424164768184,approach,12,17,24,14,26,2,accept_clearance,1,0,0
delay_blind,36,2,2,6.632180594784017,13.814510092176683,3.466037789483408,approach,14,14,22,16,28,3,accept_clearance,1,0,0
delay_blind,36,3,0,0.8594473620328158,8.081907548188857,6.225840874145684,approach,24,28,12,26,38,4,accept_clearance,1,0,0
delay_blind,36,4,1,6.441329196458797,5.278621715050486,6.028712082384093,approach,26,27,10,28,40,5,accept_clearance,1,0,0
delay_blind,36,5,2,4.464259843314198,8.174841939928218,7.408613624715228,approach,28,34,8,30,42,6,accept_clearance,1,0,0
delay_blind,36,6,0,4.993346653975306,1.099667110793792,8.0,hold,38,40,0,40,52,7,waiting,0,0,0
delay_blind,36,7,1,14.167460771124082,3.237343539065729,8.0,hold,40,45,0,42,54,8,waiting,0,0,0
delay_blind,37,0,0,5.2778452579106885,6.259032057605666,2.677522622437048,approach,10,11,27,12,24,1,accept_clearance,1,0,0
delay_blind,37,1,1,11.174242331194984,7.771341793757984,3.860295373006593,approach,12,17,25,14,26,2,accept_clearance,1,0,0
delay_blind,37,2,2,6.659377431686596,13.680343883610183,3.268908997721817,approach,14,14,23,16,28,3,accept_clearance,1,0,0
delay_blind,37,3,0,0.9735482657169157,8.006268780106033,6.028712082384093,approach,24,28,13,26,38,4,accept_clearance,1,0,0
delay_blind,37,4,1,6.575495405025298,5.305818551953065,5.831583290622502,approach,26,27,11,28,40,5,accept_clearance,1,0,0
delay_blind,37,5,2,4.539898611397021,8.288942843612318,7.211484832953637,approach,28,34,9,30,42,6,accept_clearance,1,0,0
delay_blind,37,6,0,4.993346653975306,1.099667110793792,8.0,hold,38,40,0,40,52,7,waiting,0,0,0
delay_blind,37,7,1,14.167460771124082,3.237343539065729,8.0,hold,40,45,0,42,54,8,waiting,0,0,0
delay_blind,38,0,0,5.143679049344188,6.231835220703087,2.4803938306754567,approach,10,11,28,12,24,1,accept_clearance,1,0,0
delay_blind,38,1,1,11.09860356311216,7.657240890073885,3.663166581245002,approach,12,17,26,14,26,2,accept_clearance,1,0,0
delay_blind,38,2,2,6.686574268589175,13.546177675043683,3.0717802059602257,approach,14,14,24,16,28,3,accept_clearance,1,0,0
delay_blind,38,3,0,1.0876491694010155,7.930630012023211,5.831583290622502,approach,24,28,14,26,38,4,accept_clearance,1,0,0
delay_blind,38,4,1,6.709661613591798,5.333015388855644,5.6344544988609115,approach,26,27,12,28,40,5,accept_clearance,1,0,0
delay_blind,38,5,2,4.615537379479844,8.403043747296419,7.0143560411920465,approach,28,34,10,30,42,6,accept_clearance,1,0,0
delay_blind,38,6,0,4.993346653975306,1.099667110793792,8.0,hold,38,40,0,40,52,7,waiting,0,0,0
delay_blind,38,7,1,14.167460771124082,3.237343539065729,8.0,hold,40,45,0,42,54,8,waiting,0,0,0
delay_blind,39,0,0,5.009512840777687,6.204638383800508,2.283265038913866,approach,10,11,29,12,24,1,accept_clearance,1,0,0
delay_blind,39,1,1,11.022964795029338,7.543139986389785,3.4660377894834107,approach,12,17,27,14,26,2,accept_clearance,1,0,0
delay_blind,39,2,2,6.713771105491754,13.412011466477182,2.8746514141986346,approach,14,14,25,16,28,3,accept_clearance,1,0,0
delay_blind,39,3,0,1.2017500730851154,7.854991243940388,5.6344544988609115,approach,24,28,15,26,38,4,accept_clearance,1,0,0
delay_blind,39,4,1,6.843827822158299,5.360212225758223,5.437325707099321,approach,26,27,13,28,40,5,accept_clearance,1,0,0
delay_blind,39,5,2,4.6911761475626665,8.51714465098052,6.817227249430456,approach,28,34,11,30,42,6,accept_clearance,1,0,0
delay_blind,39,6,0,4.993346653975306,1.099667110793792,8.0,hold,38,40,1,40,52,7,waiting,0,0,0
delay_blind,39,7,1,14.167460771124082,3.237343539065729,8.0,hold,40,45,0,42,54,8,waiting,0,0,0
delay_blind,40,0,0,4.875346632211187,6.177441546897929,2.0861362471522753,approach,10,11,30,12,24,1,accept_clearance,1,0,0
delay_blind,40,1,1,10.947326026946515,7.429039082705685,3.2689089977218195,approach,12,17,28,14,26,2,accept_clearance,1,0,0
delay_blind,40,2,2,6.740967942394334,13.27784525791068,2.6775226224370434,approach,14,14,26,16,28,3,accept_clearance,1,0,0
delay_blind,40,3,0,1.3158509767692153,7.779352475857565,5.437325707099321,approach,24,28,16,26,38,4,accept_clearance,1,0,0
delay_blind,40,4,1,6.977994030724799,5.387409062660803,5.24019691533773,approach,26,27,14,28,40,5,accept_clearance,1,0,0
delay_blind,40,5,2,4.766814915645489,8.63124555466462,6.620098457668865,approach,28,34,12,30,42,6,accept_clearance,1,0,0
delay_blind,40,6,0,4.9661498170727265,1.2338333193602928,7.802871208238409,approach,38,40,2,40,52,7,accept_clearance,1,0,0
delay_blind,40,7,1,14.167460771124082,3.237343539065729,8.0,hold,40,45,0,42,54,8,waiting,0,0,0
delay_blind,41,0,0,4.741180423644686,6.150244709995349,1.8890074553906844,approach,10,11,31,12,24,1,accept_clearance,1,0,0
delay_blind,41,1,1,10.871687258863693,7.314938179021586,3.0717802059602284,approach,12,17,29,14,26,2,accept_clearance,1,0,0
delay_blind,41,2,2,6.768164779296913,13.14367904934418,2.4803938306754523,approach,14,14,27,16,28,3,accept_clearance,1,0,0
delay_blind,41,3,0,1.4299518804533151,7.703713707774742,5.24019691533773,approach,24,28,17,26,38,4,accept_clearance,1,0,0
delay_blind,41,4,1,7.1121602392913,5.414605899563382,5.043068123576139,approach,26,27,15,28,40,5,accept_clearance,1,0,0
delay_blind,41,5,2,4.842453683728312,8.74534645834872,6.422969665907274,approach,28,34,13,30,42,6,accept_clearance,1,0,0
delay_blind,41,6,0,4.938952980170147,1.3679995279267936,7.605742416476819,approach,38,40,3,40,52,7,accept_clearance,1,0,0
delay_blind,41,7,1,14.167460771124082,3.237343539065729,8.0,hold,40,45,1,42,54,8,waiting,0,0,0
delay_blind,42,0,0,4.607767947388643,6.123200662196186,1.6929861134203612,approach,10,11,32,12,24,1,accept_clearance,1,0,0
delay_blind,42,1,1,10.79604849078087,7.200837275337486,2.8746514141986372,approach,12,17,30,14,26,2,accept_clearance,1,0,0
delay_blind,42,2,2,6.795361616199493,13.009512840777681,2.283265038913861,approach,14,14,28,16,28,3,accept_clearance,1,0,0
delay_blind,42,3,0,1.5440527841374148,7.62807493969192,5.043068123576139,approach,24,28,18,26,38,4,accept_clearance,1,0,0
delay_blind,42,4,1,7.2463264478578004,5.441802736465961,4.845939331814549,approach,26,27,16,28,40,5,accept_clearance,1,0,0
delay_blind,42,5,2,4.918092451811135,8.859447362032821,6.225840874145684,approach,28,34,14,30,42,6,accept_clearance,1,0,0
delay_blind,42,6,0,4.911756143267568,1.5021657364932943,7.408613624715228,approach,38,40,4,40,52,7,accept_clearance,1,0,0
delay_blind,42,7,1,14.167460771124082,3.237343539065729,8.0,hold,40,45,2,42,54,8,waiting,0,0,0
delay_blind,43,0,0,4.498369716858687,6.1010245430008725,1.5322486130046962,approach,10,11,33,12,24,1,accept_clearance,1,0,0
delay_blind,43,1,1,10.720409722698047,7.086736371653386,2.677522622437046,approach,12,17,31,14,26,2,accept_clearance,1,0,0
delay_blind,43,2,2,6.822558453102072,12.87534663221118,2.08613624715227,approach,14,14,29,16,28,3,accept_clearance,1,0,0
delay_blind,43,3,0,1.6581536878215144,7.552436171609097,4.845939331814549,approach,24,28,19,26,38,4,accept_clearance,1,0,0
delay_blind,43,4,1,7.380492656424301,5.46899957336854,4.648810540052958,approach,26,27,17,28,40,5,accept_clearance,1,0,0
delay_blind,43,5,2,4.993731219893958,8.97354826571692,6.028712082384093,approach,28,34,15,30,42,6,accept_clearance,1,0,0
delay_blind,43,6,0,4.884559306364989,1.636331945059795,7.211484832953637,approach,38,40,5,40,52,7,accept_clearance,1,0,0
delay_blind,43,7,1,14.167460771124082,3.237343539065729,8.0,hold,40,45,3,42,54,8,waiting,0,0,0
delay_blind,44,0,0,4.408663167824123,6.082840125260716,1.400443862663851,approach,10,11,34,12,24,1,accept_clearance,1,0,0
delay_blind,44,1,1,10.644770954615224,6.972635467969287,2.480393830675455,approach,12,17,32,14,26,2,accept_clearance,1,0,0
delay_blind,44,2,2,6.849755290004652,12.741180423644678,1.8890074553906788,approach,14,14,30,16,28,3,accept_clearance,1,0,0
delay_blind,44,3,0,1.772254591505614,7.476797403526274,4.648810540052958,approach,24,28,20,26,38,4,accept_clearance,1,0,0
delay_blind,44,4,1,7.5146588649908015,5.49619641027112,4.451681748291367,approach,26,27,18,28,40,5,accept_clearance,1,0,0
delay_blind,44,5,2,5.06936998797678,9.087649169401018,5.831583290622502,approach,28,34,16,30,42,6,accept_clearance,1,0,0
delay_blind,44,6,0,4.85736246946241,1.7704981536262958,7.0143560411920465,approach,38,40,6,40,52,7,accept_clearance,1,0,0
delay_blind,44,7,1,14.167460771124082,3.237343539065729,8.0,hold,40,45,4,42,54,8,waiting,0,0,0
delay_blind,45,0,0,4.335103797615781,6.067928902713787,1.2923639673843577,approach,10,11,35,12,24,1,accept_clearance,1,0,0
delay_blind,45,1,1,10.569132186532402,6.858534564285187,2.283265038913864,approach,12,17,33,14,26,2,accept_clearance,1,0,0
delay_blind,45,2,2,6.876799337803815,12.607767947388636,1.6929861134203565,approach,14,14,31,16,28,3,accept_clearance,1,0,0
delay_blind,45,3,0,1.886355495189714,7.401158635443451,4.451681748291367,approach,24,28,21,26,38,4,accept_clearance,1,0,0
delay_blind,45,4,1,7.648825073557302,5.523393247173699,4.254552956529777,approach,26,27,19,28,40,5,accept_clearance,1,0,0
delay_blind,45,5,2,5.145008756059603,9.201750073085117,5.6344544988609115,approach,28,34,17,30,42,6,accept_clearance,1,0,0
delay_blind,45,6,0,4.83016563255983,1.9046643621927966,6.817227249430456,approach,38,40,7,40,52,7,accept_clearance,1,0,0
delay_blind,45,7,1,14.053359867439982,3.3129823071485522,7.802871208238409,approach,40,45,5,42,54,8,accept_clearance,1,0,0
delay_blind,46,0,0,4.27478511404494,6.055701700225305,1.2037384532551734,approach,10,11,36,12,24,1,accept_clearance,1,0,0
delay_blind,46,1,1,10.493493418449578,6.7444336606010875,2.0861362471522726,approach,12,17,34,14,26,2,accept_clearance,1,0,0
delay_blind,46,2,2,6.898975456999128,12.498369716858681,1.5322486130046924,approach,14,14,32,16,28,3,accept_clearance,1,0,0
delay_blind,46,3,0,2.0004563988738138,7.3255198673606285,4.254552956529777,approach,24,28,22,26,38,4,accept_clearance,1,0,0
delay_blind,46,4,1,7.7829912821238025,5.550590084076278,4.057424164768186,approach,26,27,20,28,40,5,accept_clearance,1,0,0
delay_blind,46,5,2,5.220647524142426,9.315850976769218,5.437325707099321,approach,28,34,18,30,42,6,accept_clearance,1,0,0
delay_blind,46,6,0,4.802968795657251,2.0388305707592975,6.620098457668865,approach,38,40,8,40,52,7,accept_clearance,1,0,0
delay_blind,46,7,1,13.939258963755881,3.3886210752313755,7.605742416476819,approach,40,45,6,42,54,8,accept_clearance,1,0,0
delay_blind,47,0,0,4.225323793516851,6.045675394184751,1.1310655316692422,approach,10,11,37,12,24,1,accept_clearance,1,0,0
delay_blind,47,1,1,10.417854650366756,6.630332756916988,1.8890074553906815,approach,12,17,35,14,26,2,accept_clearance,1,0,0
delay_blind,47,2,2,6.917159874739285,12.408663167824118,1.4004438626638478,approach,14,14,33,16,28,3,accept_clearance,1,0,0
delay_blind,47,3,0,2.1145573025579134,7.249881099277806,4.057424164768186,approach,24,28,23,26,38,4,accept_clearance,1,0,0
delay_blind,47,4,1,7.917157490690303,5.577786920978857,3.860295373006595,approach,26,27,21,28,40,5,accept_clearance,1,0,0
delay_blind,47,5,2,5.296286292225249,9.429951880453316,5.24019691533773,approach,28,34,19,30,42,6,accept_clearance,1,0,0
delay_blind,47,6,0,4.775771958754672,2.1729967793257985,6.422969665907274,approach,38,40,9,40,52,7,accept_clearance,1,0,0
delay_blind,47,7,1,13.82515806007178,3.4642598433141987,7.408613624715228,approach,40,45,7,42,54,8,accept_clearance,1,0,0
delay_blind,48,0,0,4.1847655106838175,6.037453823231496,1.0714737359687785,approach,10,11,38,12,24,1,accept_clearance,1,0,0
delay_blind,48,1,1,10.34264081330074,6.51687286067193,1.6929861134203588,approach,12,17,36,14,26,2,accept_clearance,1,0,0
delay_blind,48,2,2,6.932071097286214,12.335103797615776,1.2923639673843552,approach,14,14,34,16,28,3,accept_clearance,1,0,0
delay_blind,48,3,0,2.228658206242013,7.174242331194983,3.8602953730065948,approach,24,28,24,26,38,4,accept_clearance,1,0,0
delay_blind,48,4,1,8.051323699256804,5.6049837578814365,3.6631665812450045,approach,26,27,22,28,40,5,accept_clearance,1,0,0
delay_blind,48,5,2,5.3719250603080715,9.544052784137417,5.043068123576139,approach,28,34,20,30,42,6,accept_clearance,1,0,0
delay_blind,48,6,0,4.748575121852093,2.3071629878922995,6.225840874145684,approach,38,40,10,40,52,7,accept_clearance,1,0,0
delay_blind,48,7,1,13.71105715638768,3.539898611397022,7.211484832953637,approach,40,45,8,42,54,8,accept_clearance,1,0,0
delay_blind,49,0,0,4.1515077187607305,6.030712135049827,1.0226084634943984,approach,10,11,39,12,24,1,accept_clearance,1,0,0
delay_blind,49,1,1,10.280965466906606,6.423835745750983,1.5322486130046942,approach,12,17,37,14,26,2,accept_clearance,1,0,0
delay_blind,49,2,2,6.944298299774696,12.274785114044937,1.2037384532551714,approach,14,14,35,16,28,3,accept_clearance,1,0,0
delay_blind,49,3,0,2.3427591099261127,7.09860356311216,3.6631665812450036,approach,24,28,25,26,38,4,accept_clearance,1,0,0
delay_blind,49,4,1,8.185489907823305,5.632180594784016,3.466037789483414,approach,26,27,23,28,40,5,accept_clearance,1,0,0
delay_blind,49,5,2,5.447563828390894,9.658153687821516,4.845939331814549,approach,28,34,21,30,42,6,accept_clearance,1,0,0
delay_blind,49,6,0,4.721378284949513,2.4413291964588004,6.028712082384093,approach,38,40,11,40,52,7,accept_clearance,1,0,0
delay_blind,49,7,1,13.59695625270358,3.615537379479845,7.0143560411920465,approach,40,45,9,42,54,8,accept_clearance,1,0,0
delay_blind,50,0,0,4.124236329383799,6.025183950740858,0.9825389400654067,approach,10,11,40,12,24,1,accept_clearance,1,0,0
delay_blind,50,1,1,10.230391682863416,6.347545311515806,1.4004438626638493,approach,12,17,38,14,26,2,accept_clearance,1,0,0
delay_blind,50,2,2,6.95432460581525,12.225323793516848,1.1310655316692406,approach,14,14,36,16,28,3,accept_clearance,1,0,0
delay_blind,50,3,0,2.4568600136102123,7.0229647950293375,3.4660377894834125,approach,24,28,26,26,38,4,accept_clearance,1,0,0
delay_blind,50,4,1,8.319656116389806,5.659377431686595,3.268908997721823,approach,26,27,24,28,40,5,accept_clearance,1,0,0
delay_blind,50,5,2,5.523202596473717,9.772254591505616,4.648810540052958,approach,28,34,22,30,42,6,accept_clearance,1,0,0
delay_blind,50,6,0,4.694181448046934,2.5754954050253014,5.831583290622502,approach,38,40,12,40,52,7,accept_clearance,1,0,0
delay_blind,50,7,1,13.482855349019479,3.6911761475626683,6.817227249430456,approach,40,45,10,42,54,8,accept_clearance,1,0,0
delay_blind,51,0,0,4.0,6.0,0.8,landed,10,11,41,12,24,1,landed,1,0,0
delay_blind,51,1,1,10.188921179948002,6.284987155442961,1.2923639673843565,approach,12,17,39,14,26,2,accept_clearance,1,0,0
delay_blind,51,2,2,6.962546176768505,12.184765510683816,1.0714737359687774,approach,14,14,37,16,28,3,accept_clearance,1,0,0
delay_blind,51,3,0,2.570960917294312,6.947326026946515,3.2689089977218213,approach,24,28,27,26,38,4,accept_clearance,1,0,0
delay_blind,51,4,1,8.453822324956308,5.686574268589174,3.0717802059602324,approach,26,27,25,28,40,5,accept_clearance,1,0,0
delay_blind,51,5,2,5.59884136455654,9.886355495189715,4.451681748291367,approach,28,34,23,30,42,6,accept_clearance,1,0,0
delay_blind,51,6,0,4.666984611144355,2.7096616135918024,5.6344544988609115,approach,38,40,13,40,52,7,accept_clearance,1,0,0
delay_blind,51,7,1,13.368754445335378,3.766814915645491,6.620098457668865,approach,40,45,11,42,54,8,accept_clearance,1,0,0
delay_blind,52,0,0,4.0,6.0,0.8,landed,10,11,42,12,24,1,landed,1,0,0
delay_blind,52,1,1,10.154915367557361,6.233689467463228,1.2037384532551725,approach,12,17,40,14,26,2,accept_clearance,1,0,0
delay_blind,52,2,2,6.969287864950174,12.15150771876073,1.0226084634943975,approach,14,14,38,16,28,3,accept_clearance,1,0,0
delay_blind,52,3,0,2.6850618209784116,6.871687258863692,3.07178020596023,approach,24,28,28,26,38,4,accept_clearance,1,0,0
delay_blind,52,4,1,8.58798853352281,5.7137711054917535,2.8746514141986417,approach,26,27,26,28,40,5,accept_clearance,1,0,0
delay_blind,52,5,2,5.674480132639363,10.000456398873814,4.254552956529777,approach,28,34,24,30,42,6,accept_clearance,1,0,0
delay_blind,52,6,0,4.639787774241776,2.8438278221583033,5.437325707099321,approach,38,40,14,40,52,7,accept_clearance,1,0,0
delay_blind,52,7,1,13.25465354165128,3.842453683728314,6.422969665907274,approach,40,45,12,42,54,8,accept_clearance,1,0,0
delay_blind,53,0,0,4.0,6.0,0.8,landed,10,11,43,12,24,1,landed,1,0,0
delay_blind,53,1,1,10.127030601397037,6.191625363319847,1.1310655316692415,approach,12,17,41,14,26,2,accept_clearance,1,0,0
delay_blind,53,2,2,6.974816049259143,12.124236329383798,0.982538940065406,approach,14,14,39,16,28,3,accept_clearance,1,0,0
delay_blind,53,3,0,2.7991627246625113,6.796048490780869,2.874651414198639,approach,24,28,29,26,38,4,accept_clearance,1,0,0
delay_blind,53,4,1,8.72215474208931,5.740967942394333,2.6775226224370505,approach,26,27,27,28,40,5,accept_clearance,1,0,0
delay_blind,53,5,2,5.750118900722185,10.114557302557913,4.057424164768186,approach,28,34,25,30,42,6,accept_clearance,1,0,0
delay_blind,53,6,0,4.6125909373391965,2.977994030724804,5.24019691533773,approach,38,40,15,40,52,7,accept_clearance,1,0,0
delay_blind,53,7,1,13.140552637967179,3.918092451811137,6.225840874145684,approach,40,45,13,42,54,8,accept_clearance,1,0,0
delay_blind,54,0,0,4.0,6.0,0.8,landed,10,11,44,12,24,1,landed,1,0,1
delay_blind,54,1,1,10.10416509314557,6.157132797922275,1.071473735968778,approach,12,17,42,14,26,2,accept_clearance,1,0,1
delay_blind,54,2,2,7.0,12.0,0.8,landed,14,14,40,16,28,3,landed,1,0,1
delay_blind,54,3,0,2.913263628346611,6.720409722698046,2.677522622437048,approach,24,28,30,26,38,4,accept_clearance,1,0,1
delay_blind,54,4,1,8.856320950655812,5.768164779296912,2.4803938306754594,approach,26,27,28,28,40,5,accept_clearance,1,0,1
delay_blind,54,5,2,5.825757668805008,10.228658206242013,3.8602953730065948,approach,28,34,26,30,42,6,accept_clearance,1,0,1
delay_blind,54,6,0,4.585394100436617,3.1121602392913044,5.043068123576139,approach,38,40,16,40,52,7,accept_clearance,1,0,1
delay_blind,54,7,1,13.02645173428308,3.9937312198939603,6.028712082384093,approach,40,45,14,42,54,8,accept_clearance,1,0,1
delay_blind,55,0,0,4.0,6.0,0.8,landed,10,11,45,12,24,1,landed,1,0,1
delay_blind,55,1,1,10.085415376379366,6.128848894296265,1.022608463494398,approach,12,17,43,14,26,2,accept_clearance,1,0,1
delay_blind,55,2,2,7.0,12.0,0.8,landed,14,14,41,16,28,3,landed,1,0,1
delay_blind,55,3,0,3.0273645320307105,6.644770954615224,2.4803938306754567,approach,24,28,31,26,38,4,accept_clearance,1,0,1
delay_blind,55,4,1,8.990487159222313,5.795361616199491,2.2832650389138682,approach,26,27,29,28,40,5,accept_clearance,1,0,1
delay_blind,55,5,2,5.901396436887831,10.342759109926114,3.6631665812450036,approach,28,34,27,30,42,6,accept_clearance,1,0,1
delay_blind,55,6,0,4.558197263534038,3.246326447857805,4.845939331814549,approach,38,40,17,40,52,7,accept_clearance,1,0,1
delay_blind,55,7,1,12.912350830598982,4.069369987976783,5.831583290622502,approach,40,45,15,42,54,8,accept_clearance,1,0,1
delay_blind,56,0,0,4.0,6.0,0.8,landed,10,11,46,12,24,1,landed,1,0,1
delay_blind,56,1,1,10.07004060863108,6.105656093322938,0.9825389400654063,approach,12,17,44,14,26,2,accept_clearance,1,0,1
delay_blind,56,2,2,7.0,12.0,0.8,landed,14,14,42,16,28,3,landed,1,0,1
delay_blind,56,3,0,3.14146543571481,6.569132186532401,2.2832650389138656,approach,24,28,32,26,38,4,accept_clearance,1,0,1
delay_blind,56,4,1,9.124653367788815,5.822558453102071,2.086136247152277,approach,26,27,30,28,40,5,accept_clearance,1,0,1
delay_blind,56,5,2,5.9770352049706545,10.456860013610212,3.4660377894834125,approach,28,34,28,30,42,6,accept_clearance,1,0,1
delay_blind,56,6,0,4.531000426631459,3.3804926564243054,4.648810540052958,approach,38,40,18,40,52,7,accept_clearance,1,0,1
delay_blind,56,7,1,12.798249926914881,4.145008756059606,5.6344544988609115,approach,40,45,16,42,54,8,accept_clearance,1,0,1
delay_blind,57,0,0,4.0,6.0,0.8,landed,10,11,47,12,24,1,landed,1,0,1
delay_blind,57,1,1,10.0,6.0,0.8,landed,12,17,45,14,26,2,landed,1,0,1
delay_blind,57,2,2,7.0,12.0,0.8,landed,14,14,43,16,28,3,landed,1,0,1
delay_blind,57,3,0,3.25556633939891,6.493493418449578,2.0861362471522744,approach,24,28,33,26,38,4,accept_clearance,1,0,1
delay_blind,57,4,1,9.258819576355316,5.8497552900046506,1.889007455390686,approach,26,27,31,28,40,5,accept_clearance,1,0,1
delay_blind,57,5,2,6.052673973053478,10.570960917294313,3.2689089977218213,approach,28,34,29,30,42,6,accept_clearance,1,0,1
delay_blind,57,6,0,4.5038035897288795,3.514658864990806,4.451681748291367,approach,38,40,19,40,52,7,accept_clearance,1,0,1
delay_blind,57,7,1,12.68414902323078,4.220647524142429,5.437325707099321,approach,40,45,17,42,54,8,accept_clearance,1,0,1
delay_blind,58,0,0,4.0,6.0,0.8,landed,10,11,48,12,24,1,landed,1,0,1
delay_blind,58,1,1,10.0,6.0,0.8,landed,12,17,46,14,26,2,landed,1,0,1
delay_blind,58,2,2,7.0,12.0,0.8,landed,14,14,44,16,28,3,landed,1,0,1
delay_blind,58,3,0,3.3696672430830095,6.417854650366755,1.8890074553906833,approach,24,28,34,26,38,4,accept_clearance,1,0,1
delay_blind,58,4,1,9.392232052611359,5.8767993378038135,1.6929861134203625,approach,26,27,32,28,40,5,accept_clearance,1,0,1
delay_blind,58,5,2,6.128312741136301,10.685061820978412,3.07178020596023,approach,28,34,30,30,42,6,accept_clearance,1,0,1
delay_blind,58,6,0,4.4766067528263,3.648825073557307,4.254552956529777,approach,38,40,20,40,52,7,accept_clearance,1,0,1
delay_blind,58,7,1,12.570048119546682,4.296286292225251,5.24019691533773,approach,40,45,18,42,54,8,accept_clearance,1,0,1
delay_blind,59,0,0,4.0,6.0,0.8,landed,10,11,49,12,24,1,landed,1,0,1
delay_blind,59,1,1,10.0,6.0,0.8,landed,12,17,47,14,26,2,landed,1,0,1
delay_blind,59,2,2,7.0,12.0,0.8,landed,14,14,45,16,28,3,landed,1,0,1
delay_blind,59,3,0,3.483127139328068,6.342640813300739,1.6929861134203603,approach,24,28,35,26,38,4,accept_clearance,1,0,1
delay_blind,59,4,1,9.501630283141314,5.898975456999127,1.5322486130046973,approach,26,27,33,28,40,5,accept_clearance,1,0,1
delay_blind,59,5,2,6.203951509219124,10.799162724662512,2.874651414198639,approach,28,34,31,30,42,6,accept_clearance,1,0,1
delay_blind,59,6,0,4.449409915923721,3.782991282123808,4.057424164768186,approach,38,40,21,40,52,7,accept_clearance,1,0,1
delay_blind,59,7,1,12.455947215862583,4.371925060308074,5.043068123576139,approach,40,45,19,42,54,8,accept_clearance,1,0,1
delay_blind,60,0,0,4.0,6.0,0.8,landed,10,11,50,12,24,1,landed,1,0,1
delay_blind,60,1,1,10.0,6.0,0.8,landed,12,17,48,14,26,2,landed,1,0,1
delay_blind,60,2,2,7.0,12.0,0.8,landed,14,14,46,16,28,3,landed,1,0,1
delay_blind,60,3,0,3.5761642542490155,6.280965466906606,1.5322486130046955,approach,24,28,36,26,38,4,accept_clearance,1,0,1
delay_blind,60,4,1,9.591336832175877,5.9171598747392835,1.4004438626638518,approach,26,27,34,28,40,5,accept_clearance,1,0,1
delay_blind,60,5,2,6.279590277301947,10.913263628346611,2.677522622437048,approach,28,34,32,30,42,6,accept_clearance,1,0,1
delay_blind,60,6,0,4.422213079021142,3.9171574906903084,3.8602953730065948,approach,38,40,22,40,52,7,accept_clearance,1,0,1
delay_blind,60,7,1,12.341846312178484,4.447563828390897,4.845939331814549,approach,40,45,20,42,54,8,accept_clearance,1,0,1
delay_blind,61,0,0,4.0,6.0,0.8,landed,10,11,51,12,24,1,landed,1,0,1
delay_blind,61,1,1,10.0,6.0,0.8,landed,12,17,49,14,26,2,landed,1,0,1
delay_blind,61,2,2,7.0,12.0,0.8,landed,14,14,47,16,28,3,landed,1,0,1
delay_blind,61,3,0,3.652454688484193,6.2303916828634165,1.4004438626638502,approach,24,28,37,26,38,4,accept_clearance,1,0,1
delay_blind,61,4,1,9.664896202384218,5.9320710972862125,1.2923639673843585,approach,26,27,35,28,40,5,accept_clearance,1,0,1
delay_blind,61,5,2,6.35522904538477,11.027364532030711,2.4803938306754567,approach,28,34,33,30,42,6,accept_clearance,1,0,1
delay_blind,61,6,0,4.395016242118563,4.051323699256809,3.6631665812450036,approach,38,40,23,40,52,7,accept_clearance,1,0,1
delay_blind,61,7,1,12.227745408494384,4.52320259647372,4.648810540052958,approach,40,45,21,42,54,8,accept_clearance,1,0,1
delay_blind,62,0,0,4.0,6.0,0.8,landed,10,11,52,12,24,1,landed,1,0,1
delay_blind,62,1,1,10.0,6.0,0.8,landed,12,17,50,14,26,2,landed,1,0,1
delay_blind,62,2,2,7.0,12.0,0.8,landed,14,14,48,16,28,3,landed,1,0,1
delay_blind,62,3,0,3.7150128445570383,6.188921179948002,1.2923639673843572,approach,24,28,38,26,38,4,accept_clearance,1,0,1
delay_blind,62,4,1,9.72521488595506,5.944298299774694,1.203738453255174,approach,26,27,36,28,40,5,accept_clearance,1,0,1
delay_blind,62,5,2,6.430867813467594,11.14146543571481,2.2832650389138656,approach,28,34,34,30,42,6,accept_clearance,1,0,1
delay_blind,62,6,0,4.367819405215983,4.185489907823309,3.4660377894834125,approach,38,40,24,40,52,7,accept_clearance,1,0,1
delay_blind,62,7,1,12.113644504810285,4.5988413645565425,4.451681748291367,approach,40,45,22,42,54,8,accept_clearance,1,0,1
delay_blind,63,0,0,4.0,6.0,0.8,landed,10,11,53,12,24,1,landed,1,0,1
delay_blind,63,1,1,10.0,6.0,0.8,landed,12,17,51,14,26,2,landed,1,0,1
delay_blind,63,2,2,7.0,12.0,0.8,landed,14,14,49,16,28,3,landed,1,0,1
delay_blind,63,3,0,3.7663105325367714,6.154915367557361,1.203738453255173,approach,24,28,39,26,38,4,accept_clearance,1,0,1
delay_blind,63,4,1,9.774676206483148,5.954324605815249,1.1310655316692426,approach,26,27,37,28,40,5,accept_clearance,1,0,1
delay_blind,63,5,2,6.506506581550417,11.25556633939891,2.0861362471522744,approach,28,34,35,30,42,6,accept_clearance,1,0,1
delay_blind,63,6,0,4.340622568313404,4.31965611638981,3.2689089977218213,approach,38,40,25,40,52,7,accept_clearance,1,0,1
delay_blind,63,7,1,11.999543601126186,4.674480132639365,4.254552956529777,approach,40,45,23,42,54,8,accept_clearance,1,0,1
delay_blind,64,0,0,4.0,6.0,0.8,landed,10,11,54,12,24,1,landed,1,0,1
delay_blind,64,1,1,10.0,6.0,0.8,landed,12,17,52,14,26,2,landed,1,0,1
delay_blind,64,2,2,7.0,12.0,0.8,landed,14,14,50,16,28,3,landed,1,0,1
delay_blind,64,3,0,3.8083746366801527,6.127030601397037,1.1310655316692417,approach,24,28,40,26,38,4,accept_clearance,1,0,1
delay_blind,64,4,1,9.815234489316182,5.962546176768504,1.071473735968779,approach,26,27,38,28,40,5,accept_clearance,1,0,1
delay_blind,64,5,2,6.58214534963324,11.36966724308301,1.8890074553906835,approach,28,34,36,30,42,6,accept_clearance,1,0,1
delay_blind,64,6,0,4.313425731410825,4.4538223249563105,3.07178020596023,approach,38,40,26,40,52,7,accept_clearance,1,0,1
delay_blind,64,7,1,11.885442697442086,4.750118900722188,4.057424164768186,approach,40,45,24,42,54,8,accept_clearance,1,0,1
delay_blind,65,0,0,4.0,6.0,0.8,landed,10,11,55,12,24,1,landed,1,0,1
delay_blind,65,1,1,10.0,6.0,0.8,landed,12,17,53,14,26,2,landed,1,0,1
delay_blind,65,2,2,7.0,12.0,0.8,landed,14,14,51,16,28,3,landed,1,0,1
delay_blind,65,3,0,3.8428672020777253,6.10416509314557,1.0714737359687783,approach,24,28,41,26,38,4,accept_clearance,1,0,1
delay_blind,65,4,1,9.84849228123927,5.969287864950173,1.0226084634943988,approach,26,27,39,28,40,5,accept_clearance,1,0,1
delay_blind,65,5,2,6.657359186699257,11.483127139328067,1.6929861134203605,approach,28,34,37,30,42,6,accept_clearance,1,0,1
delay_blind,65,6,0,4.286228894508246,4.587988533522811,2.874651414198639,approach,38,40,27,40,52,7,accept_clearance,1,0,1
delay_blind,65,7,1,11.771341793757987,4.825757668805011,3.8602953730065948,approach,40,45,25,42,54,8,accept_clearance,1,0,1
delay_blind,66,0,0,4.0,6.0,0.8,landed,10,11,56,12,24,1,landed,1,0,1
delay_blind,66,1,1,10.0,6.0,0.8,landed,12,17,54,14,26,2,landed,1,0,1
delay_blind,66,2,2,7.0,12.0,0.8,landed,14,14,52,16,28,3,landed,1,0,1
delay_blind,66,3,0,3.871151105703735,6.085415376379368,1.0226084634943982,approach,24,28,42,26,38,4,accept_clearance,1,0,1
delay_blind,66,4,1,9.875763670616202,5.974816049259142,0.9825389400654071,approach,26,27,40,28,40,5,accept_clearance,1,0,1
delay_blind,66,5,2,6.719034533093391,11.576164254249015,1.5322486130046957,approach,28,34,38,30,42,6,accept_clearance,1,0,1
delay_blind,66,6,0,4.259032057605666,4.7221547420893115,2.677522622437048,approach,38,40,28,40,52,7,accept_clearance,1,0,1
delay_blind,66,7,1,11.657240890073886,4.9013964368878336,3.6631665812450036,approach,40,45,26,42,54,8,accept_clearance,1,0,1
delay_blind,67,0,0,4.0,6.0,0.8,landed,10,11,57,12,24,1,landed,1,0,1
delay_blind,67,1,1,10.0,6.0,0.8,landed,12,17,55,14,26,2,landed,1,0,1
delay_blind,67,2,2,7.0,12.0,0.8,landed,14,14,53,16,28,3,landed,1,0,1
delay_blind,67,3,0,3.8943439066770624,6.070040608631082,0.9825389400654065,approach,24,28,43,26,38,4,accept_clearance,1,0,1
delay_blind,67,4,1,10.0,6.0,0.8,landed,26,27,41,28,40,5,landed,1,0,1
delay_blind,67,5,2,6.769608317136581,11.652454688484193,1.4004438626638505,approach,28,34,39,30,42,6,accept_clearance,1,0,1
delay_blind,67,6,0,4.231835220703087,4.856320950655812,2.4803938306754567,approach,38,40,29,40,52,7,accept_clearance,1,0,1
delay_blind,67,7,1,11.543139986389788,4.977035204970656,3.4660377894834125,approach,40,45,27,42,54,8,accept_clearance,1,0,1
delay_blind,68,0,0,4.0,6.0,0.8,landed,10,11,58,12,24,1,landed,1,0,1
delay_blind,68,1,1,10.0,6.0,0.8,landed,12,17,56,14,26,2,landed,1,0,1
delay_blind,68,2,2,7.0,12.0,0.8,landed,14,14,54,16,28,3,landed,1,0,1
delay_blind,68,3,0,4.0,6.0,0.8,landed,24,28,44,26,38,4,landed,1,0,1
delay_blind,68,4,1,10.0,6.0,0.8,landed,26,27,42,28,40,5,landed,1,0,1
delay_blind,68,5,2,6.811078820051996,11.715012844557037,1.2923639673843574,approach,28,34,40,30,42,6,accept_clearance,1,0,1
delay_blind,68,6,0,4.204638383800508,4.990487159222313,2.283265038913866,approach,38,40,30,40,52,7,accept_clearance,1,0,1
delay_blind,68,7,1,11.429039082705687,5.052673973053479,3.2689089977218213,approach,40,45,28,42,54,8,accept_clearance,1,0,1
delay_blind,69,0,0,4.0,6.0,0.8,landed,10,11,59,12,24,1,landed,1,0,1
delay_blind,69,1,1,10.0,6.0,0.8,landed,12,17,57,14,26,2,landed,1,0,1
delay_blind,69,2,2,7.0,12.0,0.8,landed,14,14,55,16,28,3,landed,1,0,1
delay_blind,69,3,0,4.0,6.0,0.8,landed,24,28,45,26,38,4,landed,1,0,1
delay_blind,69,4,1,10.0,6.0,0.8,landed,26,27,43,28,40,5,landed,1,0,1
delay_blind,69,5,2,6.845084632442637,11.766310532536771,1.2037384532551731,approach,28,34,41,30,42,6,accept_clearance,1,0,1
delay_blind,69,6,0,4.177441546897929,5.124653367788813,2.0861362471522753,approach,38,40,31,40,52,7,accept_clearance,1,0,1
delay_blind,69,7,1,11.314938179021588,5.128312741136302,3.07178020596023,approach,40,45,29,42,54,8,accept_clearance,1,0,1
delay_blind,70,0,0,4.0,6.0,0.8,landed,10,11,60,12,24,1,landed,1,0,1
delay_blind,70,1,1,10.0,6.0,0.8,landed,12,17,58,14,26,2,landed,1,0,1
delay_blind,70,2,2,7.0,12.0,0.8,landed,14,14,56,16,28,3,landed,1,0,1
delay_blind,70,3,0,4.0,6.0,0.8,landed,24,28,46,26,38,4,landed,1,0,1
delay_blind,70,4,1,10.0,6.0,0.8,landed,26,27,44,28,40,5,landed,1,0,1
delay_blind,70,5,2,6.8729693986029625,11.808374636680153,1.131065531669242,approach,28,34,42,30,42,6,accept_clearance,1,0,1
delay_blind,70,6,0,4.150244709995349,5.258819576355314,1.8890074553906844,approach,38,40,32,40,52,7,accept_clearance,1,0,1
delay_blind,70,7,1,11.200837275337488,5.203951509219125,2.874651414198639,approach,40,45,30,42,54,8,accept_clearance,1,0,1
delay_blind,71,0,0,4.0,6.0,0.8,landed,10,11,61,12,24,1,landed,1,0,1
delay_blind,71,1,1,10.0,6.0,0.8,landed,12,17,59,14,26,2,landed,1,0,1
delay_blind,71,2,2,7.0,12.0,0.8,landed,14,14,57,16,28,3,landed,1,0,1
delay_blind,71,3,0,4.0,6.0,0.8,landed,24,28,47,26,38,4,landed,1,0,1
delay_blind,71,4,1,10.0,6.0,0.8,landed,26,27,45,28,40,5,landed,1,0,1
delay_blind,71,5,2,6.89583490685443,11.842867202077725,1.0714737359687785,approach,28,34,43,30,42,6,accept_clearance,1,0,1
delay_blind,71,6,0,4.123200662196186,5.392232052611357,1.6929861134203612,approach,38,40,33,40,52,7,accept_clearance,1,0,1
delay_blind,71,7,1,11.086736371653389,5.279590277301947,2.677522622437048,approach,40,45,31,42,54,8,accept_clearance,1,0,1
delay_blind,72,0,0,4.0,6.0,0.8,landed,10,11,62,12,24,1,landed,1,0,1
delay_blind,72,1,1,10.0,6.0,0.8,landed,12,17,60,14,26,2,landed,1,0,1
delay_blind,72,2,2,7.0,12.0,0.8,landed,14,14,58,16,28,3,landed,1,0,1
delay_blind,72,3,0,4.0,6.0,0.8,landed,24,28,48,26,38,4,landed,1,0,1
delay_blind,72,4,1,10.0,6.0,0.8,landed,26,27,46,28,40,5,landed,1,0,1
delay_blind,72,5,2,6.914584623620632,11.871151105703735,1.0226084634943984,approach,28,34,44,30,42,6,accept_clearance,1,0,1
delay_blind,72,6,0,4.1010245430008725,5.501630283141313,1.5322486130046962,approach,38,40,34,40,52,7,accept_clearance,1,0,1
delay_blind,72,7,1,10.972635467969289,5.35522904538477,2.4803938306754567,approach,40,45,32,42,54,8,accept_clearance,1,0,1
delay_blind,73,0,0,4.0,6.0,0.8,landed,10,11,63,12,24,1,landed,1,0,1
delay_blind,73,1,1,10.0,6.0,0.8,landed,12,17,61,14,26,2,landed,1,0,1
delay_blind,73,2,2,7.0,12.0,0.8,landed,14,14,59,16,28,3,landed,1,0,1
delay_blind,73,3,0,4.0,6.0,0.8,landed,24,28,49,26,38,4,landed,1,0,1
delay_blind,73,4,1,10.0,6.0,0.8,landed,26,27,47,28,40,5,landed,1,0,1
delay_blind,73,5,2,6.929959391368918,11.894343906677063,0.9825389400654067,approach,28,34,45,30,42,6,accept_clearance,1,0,1
delay_blind,73,6,0,4.082840125260716,5.591336832175877,1.400443862663851,approach,38,40,35,40,52,7,accept_clearance,1,0,1
delay_blind,73,7,1,10.85853456428519,5.430867813467594,2.2832650389138656,approach,40,45,33,42,54,8,accept_clearance,1,0,1
delay_blind,74,0,0,4.0,6.0,0.8,landed,10,11,64,12,24,1,landed,1,0,1
delay_blind,74,1,1,10.0,6.0,0.8,landed,12,17,62,14,26,2,landed,1,0,1
delay_blind,74,2,2,7.0,12.0,0.8,landed,14,14,60,16,28,3,landed,1,0,1
delay_blind,74,3,0,4.0,6.0,0.8,landed,24,28,50,26,38,4,landed,1,0,1
delay_blind,74,4,1,10.0,6.0,0.8,landed,26,27,48,28,40,5,landed,1,0,1
delay_blind,74,5,2,7.0,12.0,0.8,landed,28,34,46,30,42,6,landed,1,0,1
delay_blind,74,6,0,4.067928902713787,5.664896202384219,1.2923639673843577,approach,38,40,36,40,52,7,accept_clearance,1,0,1
delay_blind,74,7,1,10.74443366060109,5.506506581550417,2.0861362471522744,approach,40,45,34,42,54,8,accept_clearance,1,0,1
delay_blind,75,0,0,4.0,6.0,0.8,landed,10,11,65,12,24,1,landed,1,0,1
delay_blind,75,1,1,10.0,6.0,0.8,landed,12,17,63,14,26,2,landed,1,0,1
delay_blind,75,2,2,7.0,12.0,0.8,landed,14,14,61,16,28,3,landed,1,0,1
delay_blind,75,3,0,4.0,6.0,0.8,landed,24,28,51,26,38,4,landed,1,0,1
delay_blind,75,4,1,10.0,6.0,0.8,landed,26,27,49,28,40,5,landed,1,0,1
delay_blind,75,5,2,7.0,12.0,0.8,landed,28,34,47,30,42,6,landed,1,0,1
delay_blind,75,6,0,4.055701700225305,5.72521488595506,1.2037384532551734,approach,38,40,37,40,52,7,accept_clearance,1,0,1
delay_blind,75,7,1,10.63033275691699,5.58214534963324,1.8890074553906835,approach,40,45,35,42,54,8,accept_clearance,1,0,1
delay_blind,76,0,0,4.0,6.0,0.8,landed,10,11,66,12,24,1,landed,1,0,1
delay_blind,76,1,1,10.0,6.0,0.8,landed,12,17,64,14,26,2,landed,1,0,1
delay_blind,76,2,2,7.0,12.0,0.8,landed,14,14,62,16,28,3,landed,1,0,1
delay_blind,76,3,0,4.0,6.0,0.8,landed,24,28,52,26,38,4,landed,1,0,1
delay_blind,76,4,1,10.0,6.0,0.8,landed,26,27,50,28,40,5,landed,1,0,1
delay_blind,76,5,2,7.0,12.0,0.8,landed,28,34,48,30,42,6,landed,1,0,1
delay_blind,76,6,0,4.045675394184751,5.774676206483149,1.1310655316692422,approach,38,40,38,40,52,7,accept_clearance,1,0,1
delay_blind,76,7,1,10.516872860671933,5.657359186699257,1.6929861134203605,approach,40,45,36,42,54,8,accept_clearance,1,0,1
delay_blind,77,0,0,4.0,6.0,0.8,landed,10,11,67,12,24,1,landed,1,0,1
delay_blind,77,1,1,10.0,6.0,0.8,landed,12,17,65,14,26,2,landed,1,0,1
delay_blind,77,2,2,7.0,12.0,0.8,landed,14,14,63,16,28,3,landed,1,0,1
delay_blind,77,3,0,4.0,6.0,0.8,landed,24,28,53,26,38,4,landed,1,0,1
delay_blind,77,4,1,10.0,6.0,0.8,landed,26,27,51,28,40,5,landed,1,0,1
delay_blind,77,5,2,7.0,12.0,0.8,landed,28,34,49,30,42,6,landed,1,0,1
delay_blind,77,6,0,4.037453823231496,5.8152344893161825,1.0714737359687785,approach,38,40,39,40,52,7,accept_clearance,1,0,1
delay_blind,77,7,1,10.423835745750985,5.719034533093391,1.5322486130046957,approach,40,45,37,42,54,8,accept_clearance,1,0,1
delay_blind,78,0,0,4.0,6.0,0.8,landed,10,11,68,12,24,1,landed,1,0,1
delay_blind,78,1,1,10.0,6.0,0.8,landed,12,17,66,14,26,2,landed,1,0,1
delay_blind,78,2,2,7.0,12.0,0.8,landed,14,14,64,16,28,3,landed,1,0,1
delay_blind,78,3,0,4.0,6.0,0.8,landed,24,28,54,26,38,4,landed,1,0,1
delay_blind,78,4,1,10.0,6.0,0.8,landed,26,27,52,28,40,5,landed,1,0,1
delay_blind,78,5,2,7.0,12.0,0.8,landed,28,34,50,30,42,6,landed,1,0,1
delay_blind,78,6,0,4.030712135049827,5.8484922812392695,1.0226084634943984,approach,38,40,40,40,52,7,accept_clearance,1,0,1
delay_blind,78,7,1,10.347545311515807,5.769608317136581,1.4004438626638505,approach,40,45,38,42,54,8,accept_clearance,1,0,1
delay_blind,79,0,0,4.0,6.0,0.8,landed,10,11,69,12,24,1,landed,1,0,1
delay_blind,79,1,1,10.0,6.0,0.8,landed,12,17,67,14,26,2,landed,1,0,1
delay_blind,79,2,2,7.0,12.0,0.8,landed,14,14,65,16,28,3,landed,1,0,1
delay_blind,79,3,0,4.0,6.0,0.8,landed,24,28,55,26,38,4,landed,1,0,1
delay_blind,79,4,1,10.0,6.0,0.8,landed,26,27,53,28,40,5,landed,1,0,1
delay_blind,79,5,2,7.0,12.0,0.8,landed,28,34,51,30,42,6,landed,1,0,1
delay_blind,79,6,0,4.025183950740858,5.875763670616201,0.9825389400654067,approach,38,40,41,40,52,7,accept_clearance,1,0,1
delay_blind,79,7,1,10.284987155442963,5.811078820051996,1.2923639673843574,approach,40,45,39,42,54,8,accept_clearance,1,0,1
delay_blind,80,0,0,4.0,6.0,0.8,landed,10,11,70,12,24,1,landed,1,0,1
delay_blind,80,1,1,10.0,6.0,0.8,landed,12,17,68,14,26,2,landed,1,0,1
delay_blind,80,2,2,7.0,12.0,0.8,landed,14,14,66,16,28,3,landed,1,0,1
delay_blind,80,3,0,4.0,6.0,0.8,landed,24,28,56,26,38,4,landed,1,0,1
delay_blind,80,4,1,10.0,6.0,0.8,landed,26,27,54,28,40,5,landed,1,0,1
delay_blind,80,5,2,7.0,12.0,0.8,landed,28,34,52,30,42,6,landed,1,0,1
delay_blind,80,6,0,4.0,6.0,0.8,landed,38,40,42,40,52,7,landed,1,0,1
delay_blind,80,7,1,10.233689467463229,5.845084632442637,1.2037384532551731,approach,40,45,40,42,54,8,accept_clearance,1,0,1
delay_blind,81,0,0,4.0,6.0,0.8,landed,10,11,71,12,24,1,landed,1,0,1
delay_blind,81,1,1,10.0,6.0,0.8,landed,12,17,69,14,26,2,landed,1,0,1
delay_blind,81,2,2,7.0,12.0,0.8,landed,14,14,67,16,28,3,landed,1,0,1
delay_blind,81,3,0,4.0,6.0,0.8,landed,24,28,57,26,38,4,landed,1,0,1
delay_blind,81,4,1,10.0,6.0,0.8,landed,26,27,55,28,40,5,landed,1,0,1
delay_blind,81,5,2,7.0,12.0,0.8,landed,28,34,53,30,42,6,landed,1,0,1
delay_blind,81,6,0,4.0,6.0,0.8,landed,38,40,43,40,52,7,landed,1,0,1
delay_blind,81,7,1,10.191625363319847,5.8729693986029625,1.131065531669242,approach,40,45,41,42,54,8,accept_clearance,1,0,1
delay_blind,82,0,0,4.0,6.0,0.8,landed,10,11,72,12,24,1,landed,1,0,1
delay_blind,82,1,1,10.0,6.0,0.8,landed,12,17,70,14,26,2,landed,1,0,1
delay_blind,82,2,2,7.0,12.0,0.8,landed,14,14,68,16,28,3,landed,1,0,1
delay_blind,82,3,0,4.0,6.0,0.8,landed,24,28,58,26,38,4,landed,1,0,1
delay_blind,82,4,1,10.0,6.0,0.8,landed,26,27,56,28,40,5,landed,1,0,1
delay_blind,82,5,2,7.0,12.0,0.8,landed,28,34,54,30,42,6,landed,1,0,1
delay_blind,82,6,0,4.0,6.0,0.8,landed,38,40,44,40,52,7,landed,1,0,1
delay_blind,82,7,1,10.157132797922275,5.89583490685443,1.0714737359687785,approach,40,45,42,42,54,8,accept_clearance,1,0,1
delay_blind,83,0,0,4.0,6.0,0.8,landed,10,11,73,12,24,1,landed,1,0,1
delay_blind,83,1,1,10.0,6.0,0.8,landed,12,17,71,14,26,2,landed,1,0,1
delay_blind,83,2,2,7.0,12.0,0.8,landed,14,14,69,16,28,3,landed,1,0,1
delay_blind,83,3,0,4.0,6.0,0.8,landed,24,28,59,26,38,4,landed,1,0,1
delay_blind,83,4,1,10.0,6.0,0.8,landed,26,27,57,28,40,5,landed,1,0,1
delay_blind,83,5,2,7.0,12.0,0.8,landed,28,34,55,30,42,6,landed,1,0,1
delay_blind,83,6,0,4.0,6.0,0.8,landed,38,40,45,40,52,7,landed,1,0,1
delay_blind,83,7,1,10.128848894296265,5.914584623620632,1.0226084634943984,approach,40,45,43,42,54,8,accept_clearance,1,0,1
delay_blind,84,0,0,4.0,6.0,0.8,landed,10,11,74,12,24,1,landed,1,0,1
delay_blind,84,1,1,10.0,6.0,0.8,landed,12,17,72,14,26,2,landed,1,0,1
delay_blind,84,2,2,7.0,12.0,0.8,landed,14,14,70,16,28,3,landed,1,0,1
delay_blind,84,3,0,4.0,6.0,0.8,landed,24,28,60,26,38,4,landed,1,0,1
delay_blind,84,4,1,10.0,6.0,0.8,landed,26,27,58,28,40,5,landed,1,0,1
delay_blind,84,5,2,7.0,12.0,0.8,landed,28,34,56,30,42,6,landed,1,0,1
delay_blind,84,6,0,4.0,6.0,0.8,landed,38,40,46,40,52,7,landed,1,0,1
delay_blind,84,7,1,10.105656093322937,5.929959391368918,0.9825389400654067,approach,40,45,44,42,54,8,accept_clearance,1,0,1
delay_blind,85,0,0,4.0,6.0,0.8,landed,10,11,75,12,24,1,landed,1,0,1
delay_blind,85,1,1,10.0,6.0,0.8,landed,12,17,73,14,26,2,landed,1,0,1
delay_blind,85,2,2,7.0,12.0,0.8,landed,14,14,71,16,28,3,landed,1,0,1
delay_blind,85,3,0,4.0,6.0,0.8,landed,24,28,61,26,38,4,landed,1,0,1
delay_blind,85,4,1,10.0,6.0,0.8,landed,26,27,59,28,40,5,landed,1,0,1
delay_blind,85,5,2,7.0,12.0,0.8,landed,28,34,57,30,42,6,landed,1,0,1
delay_blind,85,6,0,4.0,6.0,0.8,landed,38,40,47,40,52,7,landed,1,0,1
delay_blind,85,7,1,10.0,6.0,0.8,landed,40,45,45,42,54,8,landed,1,0,1
delay_blind,86,0,0,4.0,6.0,0.8,landed,10,11,76,12,24,1,landed,1,0,1
delay_blind,86,1,1,10.0,6.0,0.8,landed,12,17,74,14,26,2,landed,1,0,1
delay_blind,86,2,2,7.0,12.0,0.8,landed,14,14,72,16,28,3,landed,1,0,1
delay_blind,86,3,0,4.0,6.0,0.8,landed,24,28,62,26,38,4,landed,1,0,1
delay_blind,86,4,1,10.0,6.0,0.8,landed,26,27,60,28,40,5,landed,1,0,1
delay_blind,86,5,2,7.0,12.0,0.8,landed,28,34,58,30,42,6,landed,1,0,1
delay_blind,86,6,0,4.0,6.0,0.8,landed,38,40,48,40,52,7,landed,1,0,1
delay_blind,86,7,1,10.0,6.0,0.8,landed,40,45,46,42,54,8,landed,1,0,1
delay_blind,87,0,0,4.0,6.0,0.8,landed,10,11,77,12,24,1,landed,1,0,1
delay_blind,87,1,1,10.0,6.0,0.8,landed,12,17,75,14,26,2,landed,1,0,1
delay_blind,87,2,2,7.0,12.0,0.8,landed,14,14,73,16,28,3,landed,1,0,1
delay_blind,87,3,0,4.0,6.0,0.8,landed,24,28,63,26,38,4,landed,1,0,1
delay_blind,87,4,1,10.0,6.0,0.8,landed,26,27,61,28,40,5,landed,1,0,1
delay_blind,87,5,2,7.0,12.0,0.8,landed,28,34,59,30,42,6,landed,1,0,1
delay_blind,87,6,0,4.0,6.0,0.8,landed,38,40,49,40,52,7,landed,1,0,1
delay_blind,87,7,1,10.0,6.0,0.8,landed,40,45,47,42,54,8,landed,1,0,1
delay_blind,88,0,0,4.0,6.0,0.8,landed,10,11,78,12,24,1,landed,1,0,1
delay_blind,88,1,1,10.0,6.0,0.8,landed,12,17,76,14,26,2,landed,1,0,1
delay_blind,88,2,2,7.0,12.0,0.8,landed,14,14,74,16,28,3,landed,1,0,1
delay_blind,88,3,0,4.0,6.0,0.8,landed,24,28,64,26,38,4,landed,1,0,1
delay_blind,88,4,1,10.0,6.0,0.8,landed,26,27,62,28,40,5,landed,1,0,1
delay_blind,88,5,2,7.0,12.0,0.8,landed,28,34,60,30,42,6,landed,1,0,1
delay_blind,88,6,0,4.0,6.0,0.8,landed,38,40,50,40,52,7,landed,1,0,1
delay_blind,88,7,1,10.0,6.0,0.8,landed,40,45,48,42,54,8,landed,1,0,1
delay_blind,89,0,0,4.0,6.0,0.8,landed,10,11,79,12,24,1,landed,1,0,1
delay_blind,89,1,1,10.0,6.0,0.8,landed,12,17,77,14,26,2,landed,1,0,1
delay_blind,89,2,2,7.0,12.0,0.8,landed,14,14,75,16,28,3,landed,1,0,1
delay_blind,89,3,0,4.0,6.0,0.8,landed,24,28,65,26,38,4,landed,1,0,1
delay_blind,89,4,1,10.0,6.0,0.8,landed,26,27,63,28,40,5,landed,1,0,1
delay_blind,89,5,2,7.0,12.0,0.8,landed,28,34,61,30,42,6,landed,1,0,1
delay_blind,89,6,0,4.0,6.0,0.8,landed,38,40,51,40,52,7,landed,1,0,1
delay_blind,89,7,1,10.0,6.0,0.8,landed,40,45,49,42,54,8,landed,1,0,1
delay_blind,90,0,0,4.0,6.0,0.8,landed,10,11,80,12,24,1,landed,1,0,1
delay_blind,90,1,1,10.0,6.0,0.8,landed,12,17,78,14,26,2,landed,1,0,1
delay_blind,90,2,2,7.0,12.0,0.8,landed,14,14,76,16,28,3,landed,1,0,1
delay_blind,90,3,0,4.0,6.0,0.8,landed,24,28,66,26,38,4,landed,1,0,1
delay_blind,90,4,1,10.0,6.0,0.8,landed,26,27,64,28,40,5,landed,1,0,1
delay_blind,90,5,2,7.0,12.0,0.8,landed,28,34,62,30,42,6,landed,1,0,1
delay_blind,90,6,0,4.0,6.0,0.8,landed,38,40,52,40,52,7,landed,1,0,1
delay_blind,90,7,1,10.0,6.0,0.8,landed,40,45,50,42,54,8,landed,1,0,1
delay_blind,91,0,0,4.0,6.0,0.8,landed,10,11,81,12,24,1,landed,1,0,1
delay_blind,91,1,1,10.0,6.0,0.8,landed,12,17,79,14,26,2,landed,1,0,1
delay_blind,91,2,2,7.0,12.0,0.8,landed,14,14,77,16,28,3,landed,1,0,1
delay_blind,91,3,0,4.0,6.0,0.8,landed,24,28,67,26,38,4,landed,1,0,1
delay_blind,91,4,1,10.0,6.0,0.8,landed,26,27,65,28,40,5,landed,1,0,1
delay_blind,91,5,2,7.0,12.0,0.8,landed,28,34,63,30,42,6,landed,1,0,1
delay_blind,91,6,0,4.0,6.0,0.8,landed,38,40,53,40,52,7,landed,1,0,1
delay_blind,91,7,1,10.0,6.0,0.8,landed,40,45,51,42,54,8,landed,1,0,1
delay_blind,92,0,0,4.0,6.0,0.8,landed,10,11,82,12,24,1,landed,1,0,1
delay_blind,92,1,1,10.0,6.0,0.8,landed,12,17,80,14,26,2,landed,1,0,1
delay_blind,92,2,2,7.0,12.0,0.8,landed,14,14,78,16,28,3,landed,1,0,1
delay_blind,92,3,0,4.0,6.0,0.8,landed,24,28,68,26,38,4,landed,1,0,1
delay_blind,92,4,1,10.0,6.0,0.8,landed,26,27,66,28,40,5,landed,1,0,1
delay_blind,92,5,2,7.0,12.0,0.8,landed,28,34,64,30,42,6,landed,1,0,1
delay_blind,92,6,0,4.0,6.0,0.8,landed,38,40,54,40,52,7,landed,1,0,1
delay_blind,92,7,1,10.0,6.0,0.8,landed,40,45,52,42,54,8,landed,1,0,1
delay_blind,93,0,0,4.0,6.0,0.8,landed,10,11,83,12,24,1,landed,1,0,1
delay_blind,93,1,1,10.0,6.0,0.8,landed,12,17,81,14,26,2,landed,1,0,1
delay_blind,93,2,2,7.0,12.0,0.8,landed,14,14,79,16,28,3,landed,1,0,1
delay_blind,93,3,0,4.0,6.0,0.8,landed,24,28,69,26,38,4,landed,1,0,1
delay_blind,93,4,1,10.0,6.0,0.8,landed,26,27,67,28,40,5,landed,1,0,1
delay_blind,93,5,2,7.0,12.0,0.8,landed,28,34,65,30,42,6,landed,1,0,1
delay_blind,93,6,0,4.0,6.0,0.8,landed,38,40,55,40,52,7,landed,1,0,1
delay_blind,93,7,1,10.0,6.0,0.8,landed,40,45,53,42,54,8,landed,1,0,1
delay_blind,94,0,0,4.0,6.0,0.8,landed,10,11,84,12,24,1,landed,1,0,1
delay_blind,94,1,1,10.0,6.0,0.8,landed,12,17,82,14,26,2,landed,1,0,1
delay_blind,94,2,2,7.0,12.0,0.8,landed,14,14,80,16,28,3,landed,1,0,1
delay_blind,94,3,0,4.0,6.0,0.8,landed,24,28,70,26,38,4,landed,1,0,1
delay_blind,94,4,1,10.0,6.0,0.8,landed,26,27,68,28,40,5,landed,1,0,1
delay_blind,94,5,2,7.0,12.0,0.8,landed,28,34,66,30,42,6,landed,1,0,1
delay_blind,94,6,0,4.0,6.0,0.8,landed,38,40,56,40,52,7,landed,1,0,1
delay_blind,94,7,1,10.0,6.0,0.8,landed,40,45,54,42,54,8,landed,1,0,1
delay_blind,95,0,0,4.0,6.0,0.8,landed,10,11,85,12,24,1,landed,1,0,1
delay_blind,95,1,1,10.0,6.0,0.8,landed,12,17,83,14,26,2,landed,1,0,1
delay_blind,95,2,2,7.0,12.0,0.8,landed,14,14,81,16,28,3,landed,1,0,1
delay_blind,95,3,0,4.0,6.0,0.8,landed,24,28,71,26,38,4,landed,1,0,1
delay_blind,95,4,1,10.0,6.0,0.8,landed,26,27,69,28,40,5,landed,1,0,1
delay_blind,95,5,2,7.0,12.0,0.8,landed,28,34,67,30,42,6,landed,1,0,1
delay_blind,95,6,0,4.0,6.0,0.8,landed,38,40,57,40,52,7,landed,1,0,1
delay_blind,95,7,1,10.0,6.0,0.8,landed,40,45,55,42,54,8,landed,1,0,1
delay_blind,96,0,0,4.0,6.0,0.8,landed,10,11,86,12,24,1,landed,1,0,1
delay_blind,96,1,1,10.0,6.0,0.8,landed,12,17,84,14,26,2,landed,1,0,1
delay_blind,96,2,2,7.0,12.0,0.8,landed,14,14,82,16,28,3,landed,1,0,1
delay_blind,96,3,0,4.0,6.0,0.8,landed,24,28,72,26,38,4,landed,1,0,1
delay_blind,96,4,1,10.0,6.0,0.8,landed,26,27,70,28,40,5,landed,1,0,1
delay_blind,96,5,2,7.0,12.0,0.8,landed,28,34,68,30,42,6,landed,1,0,1
delay_blind,96,6,0,4.0,6.0,0.8,landed,38,40,58,40,52,7,landed,1,0,1
delay_blind,96,7,1,10.0,6.0,0.8,landed,40,45,56,42,54,8,landed,1,0,1
delay_blind,97,0,0,4.0,6.0,0.8,landed,10,11,87,12,24,1,landed,1,0,1
delay_blind,97,1,1,10.0,6.0,0.8,landed,12,17,85,14,26,2,landed,1,0,1
delay_blind,97,2,2,7.0,12.0,0.8,landed,14,14,83,16,28,3,landed,1,0,1
delay_blind,97,3,0,4.0,6.0,0.8,landed,24,28,73,26,38,4,landed,1,0,1
delay_blind,97,4,1,10.0,6.0,0.8,landed,26,27,71,28,40,5,landed,1,0,1
delay_blind,97,5,2,7.0,12.0,0.8,landed,28,34,69,30,42,6,landed,1,0,1
delay_blind,97,6,0,4.0,6.0,0.8,landed,38,40,59,40,52,7,landed,1,0,1
delay_blind,97,7,1,10.0,6.0,0.8,landed,40,45,57,42,54,8,landed,1,0,1
delay_blind,98,0,0,4.0,6.0,0.8,landed,10,11,88,12,24,1,landed,1,0,1
delay_blind,98,1,1,10.0,6.0,0.8,landed,12,17,86,14,26,2,landed,1,0,1
delay_blind,98,2,2,7.0,12.0,0.8,landed,14,14,84,16,28,3,landed,1,0,1
delay_blind,98,3,0,4.0,6.0,0.8,landed,24,28,74,26,38,4,landed,1,0,1
delay_blind,98,4,1,10.0,6.0,0.8,landed,26,27,72,28,40,5,landed,1,0,1
delay_blind,98,5,2,7.0,12.0,0.8,landed,28,34,70,30,42,6,landed,1,0,1
delay_blind,98,6,0,4.0,6.0,0.8,landed,38,40,60,40,52,7,landed,1,0,1
delay_blind,98,7,1,10.0,6.0,0.8,landed,40,45,58,42,54,8,landed,1,0,1
delay_blind,99,0,0,4.0,6.0,0.8,landed,10,11,89,12,24,1,landed,1,0,1
delay_blind,99,1,1,10.0,6.0,0.8,landed,12,17,87,14,26,2,landed,1,0,1
delay_blind,99,2,2,7.0,12.0,0.8,landed,14,14,85,16,28,3,landed,1,0,1
delay_blind,99,3,0,4.0,6.0,0.8,landed,24,28,75,26,38,4,landed,1,0,1
delay_blind,99,4,1,10.0,6.0,0.8,landed,26,27,73,28,40,5,landed,1,0,1
delay_blind,99,5,2,7.0,12.0,0.8,landed,28,34,71,30,42,6,landed,1,0,1
delay_blind,99,6,0,4.0,6.0,0.8,landed,38,40,61,40,52,7,landed,1,0,1
delay_blind,99,7,1,10.0,6.0,0.8,landed,40,45,59,42,54,8,landed,1,0,1
delay_blind,100,0,0,4.0,6.0,0.8,landed,10,11,90,12,24,1,landed,1,0,1
delay_blind,100,1,1,10.0,6.0,0.8,landed,12,17,88,14,26,2,landed,1,0,1
delay_blind,100,2,2,7.0,12.0,0.8,landed,14,14,86,16,28,3,landed,1,0,1
delay_blind,100,3,0,4.0,6.0,0.8,landed,24,28,76,26,38,4,landed,1,0,1
delay_blind,100,4,1,10.0,6.0,0.8,landed,26,27,74,28,40,5,landed,1,0,1
delay_blind,100,5,2,7.0,12.0,0.8,landed,28,34,72,30,42,6,landed,1,0,1
delay_blind,100,6,0,4.0,6.0,0.8,landed,38,40,62,40,52,7,landed,1,0,1
delay_blind,100,7,1,10.0,6.0,0.8,landed,40,45,60,42,54,8,landed,1,0,1
delay_blind,101,0,0,4.0,6.0,0.8,landed,10,11,91,12,24,1,landed,1,0,1
delay_blind,101,1,1,10.0,6.0,0.8,landed,12,17,89,14,26,2,landed,1,0,1
delay_blind,101,2,2,7.0,12.0,0.8,landed,14,14,87,16,28,3,landed,1,0,1
delay_blind,101,3,0,4.0,6.0,0.8,landed,24,28,77,26,38,4,landed,1,0,1
delay_blind,101,4,1,10.0,6.0,0.8,landed,26,27,75,28,40,5,landed,1,0,1
delay_blind,101,5,2,7.0,12.0,0.8,landed,28,34,73,30,42,6,landed,1,0,1
delay_blind,101,6,0,4.0,6.0,0.8,landed,38,40,63,40,52,7,landed,1,0,1
delay_blind,101,7,1,10.0,6.0,0.8,landed,40,45,61,42,54,8,landed,1,0,1
delay_blind,102,0,0,4.0,6.0,0.8,landed,10,11,92,12,24,1,landed,1,0,1
delay_blind,102,1,1,10.0,6.0,0.8,landed,12,17,90,14,26,2,landed,1,0,1
delay_blind,102,2,2,7.0,12.0,0.8,landed,14,14,88,16,28,3,landed,1,0,1
delay_blind,102,3,0,4.0,6.0,0.8,landed,24,28,78,26,38,4,landed,1,0,1
delay_blind,102,4,1,10.0,6.0,0.8,landed,26,27,76,28,40,5,landed,1,0,1
delay_blind,102,5,2,7.0,12.0,0.8,landed,28,34,74,30,42,6,landed,1,0,1
delay_blind,102,6,0,4.0,6.0,0.8,landed,38,40,64,40,52,7,landed,1,0,1
delay_blind,102,7,1,10.0,6.0,0.8,landed,40,45,62,42,54,8,landed,1,0,1
delay_blind,103,0,0,4.0,6.0,0.8,landed,10,11,93,12,24,1,landed,1,0,1
delay_blind,103,1,1,10.0,6.0,0.8,landed,12,17,91,14,26,2,landed,1,0,1
delay_blind,103,2,2,7.0,12.0,0.8,landed,14,14,89,16,28,3,landed,1,0,1
delay_blind,103,3,0,4.0,6.0,0.8,landed,24,28,79,26,38,4,landed,1,0,1
delay_blind,103,4,1,10.0,6.0,0.8,landed,26,27,77,28,40,5,landed,1,0,1
delay_blind,103,5,2,7.0,12.0,0.8,landed,28,34,75,30,42,6,landed,1,0,1
delay_blind,103,6,0,4.0,6.0,0.8,landed,38,40,65,40,52,7,landed,1,0,1
delay_blind,103,7,1,10.0,6.0,0.8,landed,40,45,63,42,54,8,landed,1,0,1
delay_blind,104,0,0,4.0,6.0,0.8,landed,10,11,94,12,24,1,landed,1,0,1
delay_blind,104,1,1,10.0,6.0,0.8,landed,12,17,92,14,26,2,landed,1,0,1
delay_blind,104,2,2,7.0,12.0,0.8,landed,14,14,90,16,28,3,landed,1,0,1
delay_blind,104,3,0,4.0,6.0,0.8,landed,24,28,80,26,38,4,landed,1,0,1
delay_blind,104,4,1,10.0,6.0,0.8,landed,26,27,78,28,40,5,landed,1,0,1
delay_blind,104,5,2,7.0,12.0,0.8,landed,28,34,76,30,42,6,landed,1,0,1
delay_blind,104,6,0,4.0,6.0,0.8,landed,38,40,66,40,52,7,landed,1,0,1
delay_blind,104,7,1,10.0,6.0,0.8,landed,40,45,64,42,54,8,landed,1,0,1
delay_blind,105,0,0,4.0,6.0,0.8,landed,10,11,95,12,24,1,landed,1,0,1
delay_blind,105,1,1,10.0,6.0,0.8,landed,12,17,93,14,26,2,landed,1,0,1
delay_blind,105,2,2,7.0,12.0,0.8,landed,14,14,91,16,28,3,landed,1,0,1
delay_blind,105,3,0,4.0,6.0,0.8,landed,24,28,81,26,38,4,landed,1,0,1
delay_blind,105,4,1,10.0,6.0,0.8,landed,26,27,79,28,40,5,landed,1,0,1
delay_blind,105,5,2,7.0,12.0,0.8,landed,28,34,77,30,42,6,landed,1,0,1
delay_blind,105,6,0,4.0,6.0,0.8,landed,38,40,67,40,52,7,landed,1,0,1
delay_blind,105,7,1,10.0,6.0,0.8,landed,40,45,65,42,54,8,landed,1,0,1
delay_blind,106,0,0,4.0,6.0,0.8,landed,10,11,96,12,24,1,landed,1,0,1
delay_blind,106,1,1,10.0,6.0,0.8,landed,12,17,94,14,26,2,landed,1,0,1
delay_blind,106,2,2,7.0,12.0,0.8,landed,14,14,92,16,28,3,landed,1,0,1
delay_blind,106,3,0,4.0,6.0,0.8,landed,24,28,82,26,38,4,landed,1,0,1
delay_blind,106,4,1,10.0,6.0,0.8,landed,26,27,80,28,40,5,landed,1,0,1
delay_blind,106,5,2,7.0,12.0,0.8,landed,28,34,78,30,42,6,landed,1,0,1
delay_blind,106,6,0,4.0,6.0,0.8,landed,38,40,68,40,52,7,landed,1,0,1
delay_blind,106,7,1,10.0,6.0,0.8,landed,40,45,66,42,54,8,landed,1,0,1
delay_blind,107,0,0,4.0,6.0,0.8,landed,10,11,97,12,24,1,landed,1,0,1
delay_blind,107,1,1,10.0,6.0,0.8,landed,12,17,95,14,26,2,landed,1,0,1
delay_blind,107,2,2,7.0,12.0,0.8,landed,14,14,93,16,28,3,landed,1,0,1
delay_blind,107,3,0,4.0,6.0,0.8,landed,24,28,83,26,38,4,landed,1,0,1
delay_blind,107,4,1,10.0,6.0,0.8,landed,26,27,81,28,40,5,landed,1,0,1
delay_blind,107,5,2,7.0,12.0,0.8,landed,28,34,79,30,42,6,landed,1,0,1
delay_blind,107,6,0,4.0,6.0,0.8,landed,38,40,69,40,52,7,landed,1,0,1
delay_blind,107,7,1,10.0,6.0,0.8,landed,40,45,67,42,54,8,landed,1,0,1
delay_blind,108,0,0,4.0,6.0,0.8,landed,10,11,98,12,24,1,landed,1,0,1
delay_blind,108,1,1,10.0,6.0,0.8,landed,12,17,96,14,26,2,landed,1,0,1
delay_blind,108,2,2,7.0,12.0,0.8,landed,14,14,94,16,28,3,landed,1,0,1
delay_blind,108,3,0,4.0,6.0,0.8,landed,24,28,84,26,38,4,landed,1,0,1
delay_blind,108,4,1,10.0,6.0,0.8,landed,26,27,82,28,40,5,landed,1,0,1
delay_blind,108,5,2,7.0,12.0,0.8,landed,28,34,80,30,42,6,landed,1,0,1
delay_blind,108,6,0,4.0,6.0,0.8,landed,38,40,70,40,52,7,landed,1,0,1
delay_blind,108,7,1,10.0,6.0,0.8,landed,40,45,68,42,54,8,landed,1,0,1
delay_blind,109,0,0,4.0,6.0,0.8,landed,10,11,99,12,24,1,landed,1,0,1
delay_blind,109,1,1,10.0,6.0,0.8,landed,12,17,97,14,26,2,landed,1,0,1
delay_blind,109,2,2,7.0,12.0,0.8,landed,14,14,95,16,28,3,landed,1,0,1
delay_blind,109,3,0,4.0,6.0,0.8,landed,24,28,85,26,38,4,landed,1,0,1
delay_blind,109,4,1,10.0,6.0,0.8,landed,26,27,83,28,40,5,landed,1,0,1
delay_blind,109,5,2,7.0,12.0,0.8,landed,28,34,81,30,42,6,landed,1,0,1
delay_blind,109,6,0,4.0,6.0,0.8,landed,38,40,71,40,52,7,landed,1,0,1
delay_blind,109,7,1,10.0,6.0,0.8,landed,40,45,69,42,54,8,landed,1,0,1
delay_blind,110,0,0,4.0,6.0,0.8,landed,10,11,100,12,24,1,landed,1,0,1
delay_blind,110,1,1,10.0,6.0,0.8,landed,12,17,98,14,26,2,landed,1,0,1
delay_blind,110,2,2,7.0,12.0,0.8,landed,14,14,96,16,28,3,landed,1,0,1
delay_blind,110,3,0,4.0,6.0,0.8,landed,24,28,86,26,38,4,landed,1,0,1
delay_blind,110,4,1,10.0,6.0,0.8,landed,26,27,84,28,40,5,landed,1,0,1
delay_blind,110,5,2,7.0,12.0,0.8,landed,28,34,82,30,42,6,landed,1,0,1
delay_blind,110,6,0,4.0,6.0,0.8,landed,38,40,72,40,52,7,landed,1,0,1
delay_blind,110,7,1,10.0,6.0,0.8,landed,40,45,70,42,54,8,landed,1,0,1
delay_blind,111,0,0,4.0,6.0,0.8,landed,10,11,101,12,24,1,landed,1,0,1
delay_blind,111,1,1,10.0,6.0,0.8,landed,12,17,99,14,26,2,landed,1,0,1
delay_blind,111,2,2,7.0,12.0,0.8,landed,14,14,97,16,28,3,landed,1,0,1
delay_blind,111,3,0,4.0,6.0,0.8,landed,24,28,87,26,38,4,landed,1,0,1
delay_blind,111,4,1,10.0,6.0,0.8,landed,26,27,85,28,40,5,landed,1,0,1
delay_blind,111,5,2,7.0,12.0,0.8,landed,28,34,83,30,42,6,landed,1,0,1
delay_blind,111,6,0,4.0,6.0,0.8,landed,38,40,73,40,52,7,landed,1,0,1
delay_blind,111,7,1,10.0,6.0,0.8,landed,40,45,71,42,54,8,landed,1,0,1
delay_blind,112,0,0,4.0,6.0,0.8,landed,10,11,102,12,24,1,landed,1,0,1
delay_blind,112,1,1,10.0,6.0,0.8,landed,12,17,100,14,26,2,landed,1,0,1
delay_blind,112,2,2,7.0,12.0,0.8,landed,14,14,98,16,28,3,landed,1,0,1
delay_blind,112,3,0,4.0,6.0,0.8,landed,24,28,88,26,38,4,landed,1,0,1
delay_blind,112,4,1,10.0,6.0,0.8,landed,26,27,86,28,40,5,landed,1,0,1
delay_blind,112,5,2,7.0,12.0,0.8,landed,28,34,84,30,42,6,landed,1,0,1
delay_blind,112,6,0,4.0,6.0,0.8,landed,38,40,74,40,52,7,landed,1,0,1
delay_blind,112,7,1,10.0,6.0,0.8,landed,40,45,72,42,54,8,landed,1,0,1
delay_blind,113,0,0,4.0,6.0,0.8,landed,10,11,103,12,24,1,landed,1,0,1
delay_blind,113,1,1,10.0,6.0,0.8,landed,12,17,101,14,26,2,landed,1,0,1
delay_blind,113,2,2,7.0,12.0,0.8,landed,14,14,99,16,28,3,landed,1,0,1
delay_blind,113,3,0,4.0,6.0,0.8,landed,24,28,89,26,38,4,landed,1,0,1
delay_blind,113,4,1,10.0,6.0,0.8,landed,26,27,87,28,40,5,landed,1,0,1
delay_blind,113,5,2,7.0,12.0,0.8,landed,28,34,85,30,42,6,landed,1,0,1
delay_blind,113,6,0,4.0,6.0,0.8,landed,38,40,75,40,52,7,landed,1,0,1
delay_blind,113,7,1,10.0,6.0,0.8,landed,40,45,73,42,54,8,landed,1,0,1
delay_blind,114,0,0,4.0,6.0,0.8,landed,10,11,104,12,24,1,landed,1,0,1
delay_blind,114,1,1,10.0,6.0,0.8,landed,12,17,102,14,26,2,landed,1,0,1
delay_blind,114,2,2,7.0,12.0,0.8,landed,14,14,100,16,28,3,landed,1,0,1
delay_blind,114,3,0,4.0,6.0,0.8,landed,24,28,90,26,38,4,landed,1,0,1
delay_blind,114,4,1,10.0,6.0,0.8,landed,26,27,88,28,40,5,landed,1,0,1
delay_blind,114,5,2,7.0,12.0,0.8,landed,28,34,86,30,42,6,landed,1,0,1
delay_blind,114,6,0,4.0,6.0,0.8,landed,38,40,76,40,52,7,landed,1,0,1
delay_blind,114,7,1,10.0,6.0,0.8,landed,40,45,74,42,54,8,landed,1,0,1
delay_blind,115,0,0,4.0,6.0,0.8,landed,10,11,105,12,24,1,landed,1,0,1
delay_blind,115,1,1,10.0,6.0,0.8,landed,12,17,103,14,26,2,landed,1,0,1
delay_blind,115,2,2,7.0,12.0,0.8,landed,14,14,101,16,28,3,landed,1,0,1
delay_blind,115,3,0,4.0,6.0,0.8,landed,24,28,91,26,38,4,landed,1,0,1
delay_blind,115,4,1,10.0,6.0,0.8,landed,26,27,89,28,40,5,landed,1,0,1
delay_blind,115,5,2,7.0,12.0,0.8,landed,28,34,87,30,42,6,landed,1,0,1
delay_blind,115,6,0,4.0,6.0,0.8,landed,38,40,77,40,52,7,landed,1,0,1
delay_blind,115,7,1,10.0,6.0,0.8,landed,40,45,75,42,54,8,landed,1,0,1
delay_blind,116,0,0,4.0,6.0,0.8,landed,10,11,106,12,24,1,landed,1,0,1
delay_blind,116,1,1,10.0,6.0,0.8,landed,12,17,104,14,26,2,landed,1,0,1
delay_blind,116,2,2,7.0,12.0,0.8,landed,14,14,102,16,28,3,landed,1,0,1
delay_blind,116,3,0,4.0,6.0,0.8,landed,24,28,92,26,38,4,landed,1,0,1
delay_blind,116,4,1,10.0,6.0,0.8,landed,26,27,90,28,40,5,landed,1,0,1
delay_blind,116,5,2,7.0,12.0,0.8,landed,28,34,88,30,42,6,landed,1,0,1
delay_blind,116,6,0,4.0,6.0,0.8,landed,38,40,78,40,52,7,landed,1,0,1
delay_blind,116,7,1,10.0,6.0,0.8,landed,40,45,76,42,54,8,landed,1,0,1
delay_blind,117,0,0,4.0,6.0,0.8,landed,10,11,107,12,24,1,landed,1,0,1
delay_blind,117,1,1,10.0,6.0,0.8,landed,12,17,105,14,26,2,landed,1,0,1
delay_blind,117,2,2,7.0,12.0,0.8,landed,14,14,103,16,28,3,landed,1,0,1
delay_blind,117,3,0,4.0,6.0,0.8,landed,24,28,93,26,38,4,landed,1,0,1
delay_blind,117,4,1,10.0,6.0,0.8,landed,26,27,91,28,40,5,landed,1,0,1
delay_blind,117,5,2,7.0,12.0,0.8,landed,28,34,89,30,42,6,landed,1,0,1
delay_blind,117,6,0,4.0,6.0,0.8,landed,38,40,79,40,52,7,landed,1,0,1
delay_blind,117,7,1,10.0,6.0,0.8,landed,40,45,77,42,54,8,landed,1,0,1
delay_blind,118,0,0,4.0,6.0,0.8,landed,10,11,108,12,24,1,landed,1,0,1
delay_blind,118,1,1,10.0,6.0,0.8,landed,12,17,106,14,26,2,landed,1,0,1
delay_blind,118,2,2,7.0,12.0,0.8,landed,14,14,104,16,28,3,landed,1,0,1
delay_blind,118,3,0,4.0,6.0,0.8,landed,24,28,94,26,38,4,landed,1,0,1
delay_blind,118,4,1,10.0,6.0,0.8,landed,26,27,92,28,40,5,landed,1,0,1
delay_blind,118,5,2,7.0,12.0,0.8,landed,28,34,90,30,42,6,landed,1,0,1
delay_blind,118,6,0,4.0,6.0,0.8,landed,38,40,80,40,52,7,landed,1,0,1
delay_blind,118,7,1,10.0,6.0,0.8,landed,40,45,78,42,54,8,landed,1,0,1
delay_blind,119,0,0,4.0,6.0,0.8,landed,10,11,109,12,24,1,landed,1,0,1
delay_blind,119,1,1,10.0,6.0,0.8,landed,12,17,107,14,26,2,landed,1,0,1
delay_blind,119,2,2,7.0,12.0,0.8,landed,14,14,105,16,28,3,landed,1,0,1
delay_blind,119,3,0,4.0,6.0,0.8,landed,24,28,95,26,38,4,landed,1,0,1
delay_blind,119,4,1,10.0,6.0,0.8,landed,26,27,93,28,40,5,landed,1,0,1
delay_blind,119,5,2,7.0,12.0,0.8,landed,28,34,91,30,42,6,landed,1,0,1
delay_blind,119,6,0,4.0,6.0,0.8,landed,38,40,81,40,52,7,landed,1,0,1
delay_blind,119,7,1,10.0,6.0,0.8,landed,40,45,79,42,54,8,landed,1,0,1
delay_blind,120,0,0,4.0,6.0,0.8,landed,10,11,110,12,24,1,landed,1,0,1
delay_blind,120,1,1,10.0,6.0,0.8,landed,12,17,108,14,26,2,landed,1,0,1
delay_blind,120,2,2,7.0,12.0,0.8,landed,14,14,106,16,28,3,landed,1,0,1
delay_blind,120,3,0,4.0,6.0,0.8,landed,24,28,96,26,38,4,landed,1,0,1
delay_blind,120,4,1,10.0,6.0,0.8,landed,26,27,94,28,40,5,landed,1,0,1
delay_blind,120,5,2,7.0,12.0,0.8,landed,28,34,92,30,42,6,landed,1,0,1
delay_blind,120,6,0,4.0,6.0,0.8,landed,38,40,82,40,52,7,landed,1,0,1
delay_blind,120,7,1,10.0,6.0,0.8,landed,40,45,80,42,54,8,landed,1,0,1
delay_blind,121,0,0,4.0,6.0,0.8,landed,10,11,111,12,24,1,landed,1,0,1
delay_blind,121,1,1,10.0,6.0,0.8,landed,12,17,109,14,26,2,landed,1,0,1
delay_blind,121,2,2,7.0,12.0,0.8,landed,14,14,107,16,28,3,landed,1,0,1
delay_blind,121,3,0,4.0,6.0,0.8,landed,24,28,97,26,38,4,landed,1,0,1
delay_blind,121,4,1,10.0,6.0,0.8,landed,26,27,95,28,40,5,landed,1,0,1
delay_blind,121,5,2,7.0,12.0,0.8,landed,28,34,93,30,42,6,landed,1,0,1
delay_blind,121,6,0,4.0,6.0,0.8,landed,38,40,83,40,52,7,landed,1,0,1
delay_blind,121,7,1,10.0,6.0,0.8,landed,40,45,81,42,54,8,landed,1,0,1
delay_blind,122,0,0,4.0,6.0,0.8,landed,10,11,112,12,24,1,landed,1,0,1
delay_blind,122,1,1,10.0,6.0,0.8,landed,12,17,110,14,26,2,landed,1,0,1
delay_blind,122,2,2,7.0,12.0,0.8,landed,14,14,108,16,28,3,landed,1,0,1
delay_blind,122,3,0,4.0,6.0,0.8,landed,24,28,98,26,38,4,landed,1,0,1
delay_blind,122,4,1,10.0,6.0,0.8,landed,26,27,96,28,40,5,landed,1,0,1
delay_blind,122,5,2,7.0,12.0,0.8,landed,28,34,94,30,42,6,landed,1,0,1
delay_blind,122,6,0,4.0,6.0,0.8,landed,38,40,84,40,52,7,landed,1,0,1
delay_blind,122,7,1,10.0,6.0,0.8,landed,40,45,82,42,54,8,landed,1,0,1
delay_blind,123,0,0,4.0,6.0,0.8,landed,10,11,113,12,24,1,landed,1,0,1
delay_blind,123,1,1,10.0,6.0,0.8,landed,12,17,111,14,26,2,landed,1,0,1
delay_blind,123,2,2,7.0,12.0,0.8,landed,14,14,109,16,28,3,landed,1,0,1
delay_blind,123,3,0,4.0,6.0,0.8,landed,24,28,99,26,38,4,landed,1,0,1
delay_blind,123,4,1,10.0,6.0,0.8,landed,26,27,97,28,40,5,landed,1,0,1
delay_blind,123,5,2,7.0,12.0,0.8,landed,28,34,95,30,42,6,landed,1,0,1
delay_blind,123,6,0,4.0,6.0,0.8,landed,38,40,85,40,52,7,landed,1,0,1
delay_blind,123,7,1,10.0,6.0,0.8,landed,40,45,83,42,54,8,landed,1,0,1
delay_blind,124,0,0,4.0,6.0,0.8,landed,10,11,114,12,24,1,landed,1,0,1
delay_blind,124,1,1,10.0,6.0,0.8,landed,12,17,112,14,26,2,landed,1,0,1
delay_blind,124,2,2,7.0,12.0,0.8,landed,14,14,110,16,28,3,landed,1,0,1
delay_blind,124,3,0,4.0,6.0,0.8,landed,24,28,100,26,38,4,landed,1,0,1
delay_blind,124,4,1,10.0,6.0,0.8,landed,26,27,98,28,40,5,landed,1,0,1
delay_blind,124,5,2,7.0,12.0,0.8,landed,28,34,96,30,42,6,landed,1,0,1
delay_blind,124,6,0,4.0,6.0,0.8,landed,38,40,86,40,52,7,landed,1,0,1
delay_blind,124,7,1,10.0,6.0,0.8,landed,40,45,84,42,54,8,landed,1,0,1
delay_blind,125,0,0,4.0,6.0,0.8,landed,10,11,115,12,24,1,landed,1,0,1
delay_blind,125,1,1,10.0,6.0,0.8,landed,12,17,113,14,26,2,landed,1,0,1
delay_blind,125,2,2,7.0,12.0,0.8,landed,14,14,111,16,28,3,landed,1,0,1
delay_blind,125,3,0,4.0,6.0,0.8,landed,24,28,101,26,38,4,landed,1,0,1
delay_blind,125,4,1,10.0,6.0,0.8,landed,26,27,99,28,40,5,landed,1,0,1
delay_blind,125,5,2,7.0,12.0,0.8,landed,28,34,97,30,42,6,landed,1,0,1
delay_blind,125,6,0,4.0,6.0,0.8,landed,38,40,87,40,52,7,landed,1,0,1
delay_blind,125,7,1,10.0,6.0,0.8,landed,40,45,85,42,54,8,landed,1,0,1
delay_blind,126,0,0,4.0,6.0,0.8,landed,10,11,116,12,24,1,landed,1,0,1
delay_blind,126,1,1,10.0,6.0,0.8,landed,12,17,114,14,26,2,landed,1,0,1
delay_blind,126,2,2,7.0,12.0,0.8,landed,14,14,112,16,28,3,landed,1,0,1
delay_blind,126,3,0,4.0,6.0,0.8,landed,24,28,102,26,38,4,landed,1,0,1
delay_blind,126,4,1,10.0,6.0,0.8,landed,26,27,100,28,40,5,landed,1,0,1
delay_blind,126,5,2,7.0,12.0,0.8,landed,28,34,98,30,42,6,landed,1,0,1
delay_blind,126,6,0,4.0,6.0,0.8,landed,38,40,88,40,52,7,landed,1,0,1
delay_blind,126,7,1,10.0,6.0,0.8,landed,40,45,86,42,54,8,landed,1,0,1
delay_blind,127,0,0,4.0,6.0,0.8,landed,10,11,117,12,24,1,landed,1,0,1
delay_blind,127,1,1,10.0,6.0,0.8,landed,12,17,115,14,26,2,landed,1,0,1
delay_blind,127,2,2,7.0,12.0,0.8,landed,14,14,113,16,28,3,landed,1,0,1
delay_blind,127,3,0,4.0,6.0,0.8,landed,24,28,103,26,38,4,landed,1,0,1
delay_blind,127,4,1,10.0,6.0,0.8,landed,26,27,101,28,40,5,landed,1,0,1
delay_blind,127,5,2,7.0,12.0,0.8,landed,28,34,99,30,42,6,landed,1,0,1
delay_blind,127,6,0,4.0,6.0,0.8,landed,38,40,89,40,52,7,landed,1,0,1
delay_blind,127,7,1,10.0,6.0,0.8,landed,40,45,87,42,54,8,landed,1,0,1
delay_blind,128,0,0,4.0,6.0,0.8,landed,10,11,118,12,24,1,landed,1,0,1
delay_blind,128,1,1,10.0,6.0,0.8,landed,12,17,116,14,26,2,landed,1,0,1
delay_blind,128,2,2,7.0,12.0,0.8,landed,14,14,114,16,28,3,landed,1,0,1
delay_blind,128,3,0,4.0,6.0,0.8,landed,24,28,104,26,38,4,landed,1,0,1
delay_blind,128,4,1,10.0,6.0,0.8,landed,26,27,102,28,40,5,landed,1,0,1
delay_blind,128,5,2,7.0,12.0,0.8,landed,28,34,100,30,42,6,landed,1,0,1
delay_blind,128,6,0,4.0,6.0,0.8,landed,38,40,90,40,52,7,landed,1,0,1
delay_blind,128,7,1,10.0,6.0,0.8,landed,40,45,88,42,54,8,landed,1,0,1
delay_blind,129,0,0,4.0,6.0,0.8,landed,10,11,119,12,24,1,landed,1,0,1
delay_blind,129,1,1,10.0,6.0,0.8,landed,12,17,117,14,26,2,landed,1,0,1
delay_blind,129,2,2,7.0,12.0,0.8,landed,14,14,115,16,28,3,landed,1,0,1
delay_blind,129,3,0,4.0,6.0,0.8,landed,24,28,105,26,38,4,landed,1,0,1
delay_blind,129,4,1,10.0,6.0,0.8,landed,26,27,103,28,40,5,landed,1,0,1
delay_blind,129,5,2,7.0,12.0,0.8,landed,28,34,101,30,42,6,landed,1,0,1
delay_blind,129,6,0,4.0,6.0,0.8,landed,38,40,91,40,52,7,landed,1,0,1
delay_blind,129,7,1,10.0,6.0,0.8,landed,40,45,89,42,54,8,landed,1,0,1
delay_blind,130,0,0,4.0,6.0,0.8,landed,10,11,120,12,24,1,landed,1,0,1
delay_blind,130,1,1,10.0,6.0,0.8,landed,12,17,118,14,26,2,landed,1,0,1
delay_blind,130,2,2,7.0,12.0,0.8,landed,14,14,116,16,28,3,landed,1,0,1
delay_blind,130,3,0,4.0,6.0,0.8,landed,24,28,106,26,38,4,landed,1,0,1
delay_blind,130,4,1,10.0,6.0,0.8,landed,26,27,104,28,40,5,landed,1,0,1
delay_blind,130,5,2,7.0,12.0,0.8,landed,28,34,102,30,42,6,landed,1,0,1
delay_blind,130,6,0,4.0,6.0,0.8,landed,38,40,92,40,52,7,landed,1,0,1
delay_blind,130,7,1,10.0,6.0,0.8,landed,40,45,90,42,54,8,landed,1,0,1
delay_blind,131,0,0,4.0,6.0,0.8,landed,10,11,121,12,24,1,landed,1,0,1
delay_blind,131,1,1,10.0,6.0,0.8,landed,12,17,119,14,26,2,landed,1,0,1
delay_blind,131,2,2,7.0,12.0,0.8,landed,14,14,117,16,28,3,landed,1,0,1
delay_blind,131,3,0,4.0,6.0,0.8,landed,24,28,107,26,38,4,landed,1,0,1
delay_blind,131,4,1,10.0,6.0,0.8,landed,26,27,105,28,40,5,landed,1,0,1
delay_blind,131,5,2,7.0,12.0,0.8,landed,28,34,103,30,42,6,landed,1,0,1
delay_blind,131,6,0,4.0,6.0,0.8,landed,38,40,93,40,52,7,landed,1,0,1
delay_blind,131,7,1,10.0,6.0,0.8,landed,40,45,91,42,54,8,landed,1,0,1
delay_blind,132,0,0,4.0,6.0,0.8,landed,10,11,122,12,24,1,landed,1,0,1
delay_blind,132,1,1,10.0,6.0,0.8,landed,12,17,120,14,26,2,landed,1,0,1
delay_blind,132,2,2,7.0,12.0,0.8,landed,14,14,118,16,28,3,landed,1,0,1
delay_blind,132,3,0,4.0,6.0,0.8,landed,24,28,108,26,38,4,landed,1,0,1
delay_blind,132,4,1,10.0,6.0,0.8,landed,26,27,106,28,40,5,landed,1,0,1
delay_blind,132,5,2,7.0,12.0,0.8,landed,28,34,104,30,42,6,landed,1,0,1
delay_blind,132,6,0,4.0,6.0,0.8,landed,38,40,94,40,52,7,landed,1,0,1
delay_blind,132,7,1,10.0,6.0,0.8,landed,40,45,92,42,54,8,landed,1,0,1
delay_blind,133,0,0,4.0,6.0,0.8,landed,10,11,123,12,24,1,landed,1,0,1
delay_blind,133,1,1,10.0,6.0,0.8,landed,12,17,121,14,26,2,landed,1,0,1
delay_blind,133,2,2,7.0,12.0,0.8,landed,14,14,119,16,28,3,landed,1,0,1
delay_blind,133,3,0,4.0,6.0,0.8,landed,24,28,109,26,38,4,landed,1,0,1
delay_blind,133,4,1,10.0,6.0,0.8,landed,26,27,107,28,40,5,landed,1,0,1
delay_blind,133,5,2,7.0,12.0,0.8,landed,28,34,105,30,42,6,landed,1,0,1
delay_blind,133,6,0,4.0,6.0,0.8,landed,38,40,95,40,52,7,landed,1,0,1
delay_blind,133,7,1,10.0,6.0,0.8,landed,40,45,93,42,54,8,landed,1,0,1
delay_blind,134,0,0,4.0,6.0,0.8,landed,10,11,124,12,24,1,landed,1,0,1
delay_blind,134,1,1,10.0,6.0,0.8,landed,12,17,122,14,26,2,landed,1,0,1
delay_blind,134,2,2,7.0,12.0,0.8,landed,14,14,120,16,28,3,landed,1,0,1
delay_blind,134,3,0,4.0,6.0,0.8,landed,24,28,110,26,38,4,landed,1,0,1
delay_blind,134,4,1,10.0,6.0,0.8,landed,26,27,108,28,40,5,landed,1,0,1
delay_blind,134,5,2,7.0,12.0,0.8,landed,28,34,106,30,42,6,landed,1,0,1
delay_blind,134,6,0,4.0,6.0,0.8,landed,38,40,96,40,52,7,landed,1,0,1
delay_blind,134,7,1,10.0,6.0,0.8,landed,40,45,94,42,54,8,landed,1,0,1
delay_blind,135,0,0,4.0,6.0,0.8,landed,10,11,125,12,24,1,landed,1,0,1
delay_blind,135,1,1,10.0,6.0,0.8,landed,12,17,123,14,26,2,landed,1,0,1
delay_blind,135,2,2,7.0,12.0,0.8,landed,14,14,121,16,28,3,landed,1,0,1
delay_blind,135,3,0,4.0,6.0,0.8,landed,24,28,111,26,38,4,landed,1,0,1
delay_blind,135,4,1,10.0,6.0,0.8,landed,26,27,109,28,40,5,landed,1,0,1
delay_blind,135,5,2,7.0,12.0,0.8,landed,28,34,107,30,42,6,landed,1,0,1
delay_blind,135,6,0,4.0,6.0,0.8,landed,38,40,97,40,52,7,landed,1,0,1
delay_blind,135,7,1,10.0,6.0,0.8,landed,40,45,95,42,54,8,landed,1,0,1
delay_blind,136,0,0,4.0,6.0,0.8,landed,10,11,126,12,24,1,landed,1,0,1
delay_blind,136,1,1,10.0,6.0,0.8,landed,12,17,124,14,26,2,landed,1,0,1
delay_blind,136,2,2,7.0,12.0,0.8,landed,14,14,122,16,28,3,landed,1,0,1
delay_blind,136,3,0,4.0,6.0,0.8,landed,24,28,112,26,38,4,landed,1,0,1
delay_blind,136,4,1,10.0,6.0,0.8,landed,26,27,110,28,40,5,landed,1,0,1
delay_blind,136,5,2,7.0,12.0,0.8,landed,28,34,108,30,42,6,landed,1,0,1
delay_blind,136,6,0,4.0,6.0,0.8,landed,38,40,98,40,52,7,landed,1,0,1
delay_blind,136,7,1,10.0,6.0,0.8,landed,40,45,96,42,54,8,landed,1,0,1
delay_blind,137,0,0,4.0,6.0,0.8,landed,10,11,127,12,24,1,landed,1,0,1
delay_blind,137,1,1,10.0,6.0,0.8,landed,12,17,125,14,26,2,landed,1,0,1
delay_blind,137,2,2,7.0,12.0,0.8,landed,14,14,123,16,28,3,landed,1,0,1
delay_blind,137,3,0,4.0,6.0,0.8,landed,24,28,113,26,38,4,landed,1,0,1
delay_blind,137,4,1,10.0,6.0,0.8,landed,26,27,111,28,40,5,landed,1,0,1
delay_blind,137,5,2,7.0,12.0,0.8,landed,28,34,109,30,42,6,landed,1,0,1
delay_blind,137,6,0,4.0,6.0,0.8,landed,38,40,99,40,52,7,landed,1,0,1
delay_blind,137,7,1,10.0,6.0,0.8,landed,40,45,97,42,54,8,landed,1,0,1
delay_blind,138,0,0,4.0,6.0,0.8,landed,10,11,128,12,24,1,landed,1,0,1
delay_blind,138,1,1,10.0,6.0,0.8,landed,12,17,126,14,26,2,landed,1,0,1
delay_blind,138,2,2,7.0,12.0,0.8,landed,14,14,124,16,28,3,landed,1,0,1
delay_blind,138,3,0,4.0,6.0,0.8,landed,24,28,114,26,38,4,landed,1,0,1
delay_blind,138,4,1,10.0,6.0,0.8,landed,26,27,112,28,40,5,landed,1,0,1
delay_blind,138,5,2,7.0,12.0,0.8,landed,28,34,110,30,42,6,landed,1,0,1
delay_blind,138,6,0,4.0,6.0,0.8,landed,38,40,100,40,52,7,landed,1,0,1
delay_blind,138,7,1,10.0,6.0,0.8,landed,40,45,98,42,54,8,landed,1,0,1
delay_blind,139,0,0,4.0,6.0,0.8,landed,10,11,129,12,24,1,landed,1,0,1
delay_blind,139,1,1,10.0,6.0,0.8,landed,12,17,127,14,26,2,landed,1,0,1
delay_blind,139,2,2,7.0,12.0,0.8,landed,14,14,125,16,28,3,landed,1,0,1
delay_blind,139,3,0,4.0,6.0,0.8,landed,24,28,115,26,38,4,landed,1,0,1
delay_blind,139,4,1,10.0,6.0,0.8,landed,26,27,113,28,40,5,landed,1,0,1
delay_blind,139,5,2,7.0,12.0,0.8,landed,28,34,111,30,42,6,landed,1,0,1
delay_blind,139,6,0,4.0,6.0,0.8,landed,38,40,101,40,52,7,landed,1,0,1
delay_blind,139,7,1,10.0,6.0,0.8,landed,40,45,99,42,54,8,landed,1,0,1
delay_blind,140,0,0,4.0,6.0,0.8,landed,10,11,130,12,24,1,landed,1,0,1
delay_blind,140,1,1,10.0,6.0,0.8,landed,12,17,128,14,26,2,landed,1,0,1
delay_blind,140,2,2,7.0,12.0,0.8,landed,14,14,126,16,28,3,landed,1,0,1
delay_blind,140,3,0,4.0,6.0,0.8,landed,24,28,116,26,38,4,landed,1,0,1
delay_blind,140,4,1,10.0,6.0,0.8,landed,26,27,114,28,40,5,landed,1,0,1
delay_blind,140,5,2,7.0,12.0,0.8,landed,28,34,112,30,42,6,landed,1,0,1
delay_blind,140,6,0,4.0,6.0,0.8,landed,38,40,102,40,52,7,landed,1,0,1
delay_blind,140,7,1,10.0,6.0,0.8,landed,40,45,100,42,54,8,landed,1,0,1
delay_blind,141,0,0,4.0,6.0,0.8,landed,10,11,131,12,24,1,landed,1,0,1
delay_blind,141,1,1,10.0,6.0,0.8,landed,12,17,129,14,26,2,landed,1,0,1
delay_blind,141,2,2,7.0,12.0,0.8,landed,14,14,127,16,28,3,landed,1,0,1
delay_blind,141,3,0,4.0,6.0,0.8,landed,24,28,117,26,38,4,landed,1,0,1
delay_blind,141,4,1,10.0,6.0,0.8,landed,26,27,115,28,40,5,landed,1,0,1
delay_blind,141,5,2,7.0,12.0,0.8,landed,28,34,113,30,42,6,landed,1,0,1
delay_blind,141,6,0,4.0,6.0,0.8,landed,38,40,103,40,52,7,landed,1,0,1
delay_blind,141,7,1,10.0,6.0,0.8,landed,40,45,101,42,54,8,landed,1,0,1
delay_blind,142,0,0,4.0,6.0,0.8,landed,10,11,132,12,24,1,landed,1,0,1
delay_blind,142,1,1,10.0,6.0,0.8,landed,12,17,130,14,26,2,landed,1,0,1
delay_blind,142,2,2,7.0,12.0,0.8,landed,14,14,128,16,28,3,landed,1,0,1
delay_blind,142,3,0,4.0,6.0,0.8,landed,24,28,118,26,38,4,landed,1,0,1
delay_blind,142,4,1,10.0,6.0,0.8,landed,26,27,116,28,40,5,landed,1,0,1
delay_blind,142,5,2,7.0,12.0,0.8,landed,28,34,114,30,42,6,landed,1,0,1
delay_blind,142,6,0,4.0,6.0,0.8,landed,38,40,104,40,52,7,landed,1,0,1
delay_blind,142,7,1,10.0,6.0,0.8,landed,40,45,102,42,54,8,landed,1,0,1
delay_blind,143,0,0,4.0,6.0,0.8,landed,10,11,133,12,24,1,landed,1,0,1
delay_blind,143,1,1,10.0,6.0,0.8,landed,12,17,131,14,26,2,landed,1,0,1
delay_blind,143,2,2,7.0,12.0,0.8,landed,14,14,129,16,28,3,landed,1,0,1
delay_blind,143,3,0,4.0,6.0,0.8,landed,24,28,119,26,38,4,landed,1,0,1
delay_blind,143,4,1,10.0,6.0,0.8,landed,26,27,117,28,40,5,landed,1,0,1
delay_blind,143,5,2,7.0,12.0,0.8,landed,28,34,115,30,42,6,landed,1,0,1
delay_blind,143,6,0,4.0,6.0,0.8,landed,38,40,105,40,52,7,landed,1,0,1
delay_blind,143,7,1,10.0,6.0,0.8,landed,40,45,103,42,54,8,landed,1,0,1
delay_blind,144,0,0,4.0,6.0,0.8,landed,10,11,134,12,24,1,landed,1,0,1
delay_blind,144,1,1,10.0,6.0,0.8,landed,12,17,132,14,26,2,landed,1,0,1
delay_blind,144,2,2,7.0,12.0,0.8,landed,14,14,130,16,28,3,landed,1,0,1
delay_blind,144,3,0,4.0,6.0,0.8,landed,24,28,120,26,38,4,landed,1,0,1
delay_blind,144,4,1,10.0,6.0,0.8,landed,26,27,118,28,40,5,landed,1,0,1
delay_blind,144,5,2,7.0,12.0,0.8,landed,28,34,116,30,42,6,landed,1,0,1
delay_blind,144,6,0,4.0,6.0,0.8,landed,38,40,106,40,52,7,landed,1,0,1
delay_blind,144,7,1,10.0,6.0,0.8,landed,40,45,104,42,54,8,landed,1,0,1
delay_blind,145,0,0,4.0,6.0,0.8,landed,10,11,135,12,24,1,landed,1,0,1
delay_blind,145,1,1,10.0,6.0,0.8,landed,12,17,133,14,26,2,landed,1,0,1
delay_blind,145,2,2,7.0,12.0,0.8,landed,14,14,131,16,28,3,landed,1,0,1
delay_blind,145,3,0,4.0,6.0,0.8,landed,24,28,121,26,38,4,landed,1,0,1
delay_blind,145,4,1,10.0,6.0,0.8,landed,26,27,119,28,40,5,landed,1,0,1
delay_blind,145,5,2,7.0,12.0,0.8,landed,28,34,117,30,42,6,landed,1,0,1
delay_blind,145,6,0,4.0,6.0,0.8,landed,38,40,107,40,52,7,landed,1,0,1
delay_blind,145,7,1,10.0,6.0,0.8,landed,40,45,105,42,54,8,landed,1,0,1
delay_blind,146,0,0,4.0,6.0,0.8,landed,10,11,136,12,24,1,landed,1,0,1
delay_blind,146,1,1,10.0,6.0,0.8,landed,12,17,134,14,26,2,landed,1,0,1
delay_blind,146,2,2,7.0,12.0,0.8,landed,14,14,132,16,28,3,landed,1,0,1
delay_blind,146,3,0,4.0,6.0,0.8,landed,24,28,122,26,38,4,landed,1,0,1
delay_blind,146,4,1,10.0,6.0,0.8,landed,26,27,120,28,40,5,landed,1,0,1
delay_blind,146,5,2,7.0,12.0,0.8,landed,28,34,118,30,42,6,landed,1,0,1
delay_blind,146,6,0,4.0,6.0,0.8,landed,38,40,108,40,52,7,landed,1,0,1
delay_blind,146,7,1,10.0,6.0,0.8,landed,40,45,106,42,54,8,landed,1,0,1
delay_blind,147,0,0,4.0,6.0,0.8,landed,10,11,137,12,24,1,landed,1,0,1
delay_blind,147,1,1,10.0,6.0,0.8,landed,12,17,135,14,26,2,landed,1,0,1
delay_blind,147,2,2,7.0,12.0,0.8,landed,14,14,133,16,28,3,landed,1,0,1
delay_blind,147,3,0,4.0,6.0,0.8,landed,24,28,123,26,38,4,landed,1,0,1
delay_blind,147,4,1,10.0,6.0,0.8,landed,26,27,121,28,40,5,landed,1,0,1
delay_blind,147,5,2,7.0,12.0,0.8,landed,28,34,119,30,42,6,landed,1,0,1
delay_blind,147,6,0,4.0,6.0,0.8,landed,38,40,109,40,52,7,landed,1,0,1
delay_blind,147,7,1,10.0,6.0,0.8,landed,40,45,107,42,54,8,landed,1,0,1
delay_blind,148,0,0,4.0,6.0,0.8,landed,10,11,138,12,24,1,landed,1,0,1
delay_blind,148,1,1,10.0,6.0,0.8,landed,12,17,136,14,26,2,landed,1,0,1
delay_blind,148,2,2,7.0,12.0,0.8,landed,14,14,134,16,28,3,landed,1,0,1
delay_blind,148,3,0,4.0,6.0,0.8,landed,24,28,124,26,38,4,landed,1,0,1
delay_blind,148,4,1,10.0,6.0,0.8,landed,26,27,122,28,40,5,landed,1,0,1
delay_blind,148,5,2,7.0,12.0,0.8,landed,28,34,120,30,42,6,landed,1,0,1
delay_blind,148,6,0,4.0,6.0,0.8,landed,38,40,110,40,52,7,landed,1,0,1
delay_blind,148,7,1,10.0,6.0,0.8,landed,40,45,108,42,54,8,landed,1,0,1
delay_blind,149,0,0,4.0,6.0,0.8,landed,10,11,139,12,24,1,landed,1,0,1
delay_blind,149,1,1,10.0,6.0,0.8,landed,12,17,137,14,26,2,landed,1,0,1
delay_blind,149,2,2,7.0,12.0,0.8,landed,14,14,135,16,28,3,landed,1,0,1
delay_blind,149,3,0,4.0,6.0,0.8,landed,24,28,125,26,38,4,landed,1,0,1
delay_blind,149,4,1,10.0,6.0,0.8,landed,26,27,123,28,40,5,landed,1,0,1
delay_blind,149,5,2,7.0,12.0,0.8,landed,28,34,121,30,42,6,landed,1,0,1
delay_blind,149,6,0,4.0,6.0,0.8,landed,38,40,111,40,52,7,landed,1,0,1
delay_blind,149,7,1,10.0,6.0,0.8,landed,40,45,109,42,54,8,landed,1,0,1
delay_blind,150,0,0,4.0,6.0,0.8,landed,10,11,140,12,24,1,landed,1,0,1
delay_blind,150,1,1,10.0,6.0,0.8,landed,12,17,138,14,26,2,landed,1,0,1
delay_blind,150,2,2,7.0,12.0,0.8,landed,14,14,136,16,28,3,landed,1,0,1
delay_blind,150,3,0,4.0,6.0,0.8,landed,24,28,126,26,38,4,landed,1,0,1
delay_blind,150,4,1,10.0,6.0,0.8,landed,26,27,124,28,40,5,landed,1,0,1
delay_blind,150,5,2,7.0,12.0,0.8,landed,28,34,122,30,42,6,landed,1,0,1
delay_blind,150,6,0,4.0,6.0,0.8,landed,38,40,112,40,52,7,landed,1,0,1
delay_blind,150,7,1,10.0,6.0,0.8,landed,40,45,110,42,54,8,landed,1,0,1
delay_blind,151,0,0,4.0,6.0,0.8,landed,10,11,141,12,24,1,landed,1,0,1
delay_blind,151,1,1,10.0,6.0,0.8,landed,12,17,139,14,26,2,landed,1,0,1
delay_blind,151,2,2,7.0,12.0,0.8,landed,14,14,137,16,28,3,landed,1,0,1
delay_blind,151,3,0,4.0,6.0,0.8,landed,24,28,127,26,38,4,landed,1,0,1
delay_blind,151,4,1,10.0,6.0,0.8,landed,26,27,125,28,40,5,landed,1,0,1
delay_blind,151,5,2,7.0,12.0,0.8,landed,28,34,123,30,42,6,landed,1,0,1
delay_blind,151,6,0,4.0,6.0,0.8,landed,38,40,113,40,52,7,landed,1,0,1
delay_blind,151,7,1,10.0,6.0,0.8,landed,40,45,111,42,54,8,landed,1,0,1
delay_blind,152,0,0,4.0,6.0,0.8,landed,10,11,142,12,24,1,landed,1,0,1
delay_blind,152,1,1,10.0,6.0,0.8,landed,12,17,140,14,26,2,landed,1,0,1
delay_blind,152,2,2,7.0,12.0,0.8,landed,14,14,138,16,28,3,landed,1,0,1
delay_blind,152,3,0,4.0,6.0,0.8,landed,24,28,128,26,38,4,landed,1,0,1
delay_blind,152,4,1,10.0,6.0,0.8,landed,26,27,126,28,40,5,landed,1,0,1
delay_blind,152,5,2,7.0,12.0,0.8,landed,28,34,124,30,42,6,landed,1,0,1
delay_blind,152,6,0,4.0,6.0,0.8,landed,38,40,114,40,52,7,landed,1,0,1
delay_blind,152,7,1,10.0,6.0,0.8,landed,40,45,112,42,54,8,landed,1,0,1
delay_blind,153,0,0,4.0,6.0,0.8,landed,10,11,143,12,24,1,landed,1,0,1
delay_blind,153,1,1,10.0,6.0,0.8,landed,12,17,141,14,26,2,landed,1,0,1
delay_blind,153,2,2,7.0,12.0,0.8,landed,14,14,139,16,28,3,landed,1,0,1
delay_blind,153,3,0,4.0,6.0,0.8,landed,24,28,129,26,38,4,landed,1,0,1
delay_blind,153,4,1,10.0,6.0,0.8,landed,26,27,127,28,40,5,landed,1,0,1
delay_blind,153,5,2,7.0,12.0,0.8,landed,28,34,125,30,42,6,landed,1,0,1
delay_blind,153,6,0,4.0,6.0,0.8,landed,38,40,115,40,52,7,landed,1,0,1
delay_blind,153,7,1,10.0,6.0,0.8,landed,40,45,113,42,54,8,landed,1,0,1
delay_blind,154,0,0,4.0,6.0,0.8,landed,10,11,144,12,24,1,landed,1,0,1
delay_blind,154,1,1,10.0,6.0,0.8,landed,12,17,142,14,26,2,landed,1,0,1
delay_blind,154,2,2,7.0,12.0,0.8,landed,14,14,140,16,28,3,landed,1,0,1
delay_blind,154,3,0,4.0,6.0,0.8,landed,24,28,130,26,38,4,landed,1,0,1
delay_blind,154,4,1,10.0,6.0,0.8,landed,26,27,128,28,40,5,landed,1,0,1
delay_blind,154,5,2,7.0,12.0,0.8,landed,28,34,126,30,42,6,landed,1,0,1
delay_blind,154,6,0,4.0,6.0,0.8,landed,38,40,116,40,52,7,landed,1,0,1
delay_blind,154,7,1,10.0,6.0,0.8,landed,40,45,114,42,54,8,landed,1,0,1
delay_blind,155,0,0,4.0,6.0,0.8,landed,10,11,145,12,24,1,landed,1,0,1
delay_blind,155,1,1,10.0,6.0,0.8,landed,12,17,143,14,26,2,landed,1,0,1
delay_blind,155,2,2,7.0,12.0,0.8,landed,14,14,141,16,28,3,landed,1,0,1
delay_blind,155,3,0,4.0,6.0,0.8,landed,24,28,131,26,38,4,landed,1,0,1
delay_blind,155,4,1,10.0,6.0,0.8,landed,26,27,129,28,40,5,landed,1,0,1
delay_blind,155,5,2,7.0,12.0,0.8,landed,28,34,127,30,42,6,landed,1,0,1
delay_blind,155,6,0,4.0,6.0,0.8,landed,38,40,117,40,52,7,landed,1,0,1
delay_blind,155,7,1,10.0,6.0,0.8,landed,40,45,115,42,54,8,landed,1,0,1
delay_blind,156,0,0,4.0,6.0,0.8,landed,10,11,146,12,24,1,landed,1,0,1
delay_blind,156,1,1,10.0,6.0,0.8,landed,12,17,144,14,26,2,landed,1,0,1
delay_blind,156,2,2,7.0,12.0,0.8,landed,14,14,142,16,28,3,landed,1,0,1
delay_blind,156,3,0,4.0,6.0,0.8,landed,24,28,132,26,38,4,landed,1,0,1
delay_blind,156,4,1,10.0,6.0,0.8,landed,26,27,130,28,40,5,landed,1,0,1
delay_blind,156,5,2,7.0,12.0,0.8,landed,28,34,128,30,42,6,landed,1,0,1
delay_blind,156,6,0,4.0,6.0,0.8,landed,38,40,118,40,52,7,landed,1,0,1
delay_blind,156,7,1,10.0,6.0,0.8,landed,40,45,116,42,54,8,landed,1,0,1
delay_blind,157,0,0,4.0,6.0,0.8,landed,10,11,147,12,24,1,landed,1,0,1
delay_blind,157,1,1,10.0,6.0,0.8,landed,12,17,145,14,26,2,landed,1,0,1
delay_blind,157,2,2,7.0,12.0,0.8,landed,14,14,143,16,28,3,landed,1,0,1
delay_blind,157,3,0,4.0,6.0,0.8,landed,24,28,133,26,38,4,landed,1,0,1
delay_blind,157,4,1,10.0,6.0,0.8,landed,26,27,131,28,40,5,landed,1,0,1
delay_blind,157,5,2,7.0,12.0,0.8,landed,28,34,129,30,42,6,landed,1,0,1
delay_blind,157,6,0,4.0,6.0,0.8,landed,38,40,119,40,52,7,landed,1,0,1
delay_blind,157,7,1,10.0,6.0,0.8,landed,40,45,117,42,54,8,landed,1,0,1
delay_blind,158,0,0,4.0,6.0,0.8,landed,10,11,148,12,24,1,landed,1,0,1
delay_blind,158,1,1,10.0,6.0,0.8,landed,12,17,146,14,26,2,landed,1,0,1
delay_blind,158,2,2,7.0,12.0,0.8,landed,14,14,144,16,28,3,landed,1,0,1
delay_blind,158,3,0,4.0,6.0,0.8,landed,24,28,134,26,38,4,landed,1,0,1
delay_blind,158,4,1,10.0,6.0,0.8,landed,26,27,132,28,40,5,landed,1,0,1
delay_blind,158,5,2,7.0,12.0,0.8,landed,28,34,130,30,42,6,landed,1,0,1
delay_blind,158,6,0,4.0,6.0,0.8,landed,38,40,120,40,52,7,landed,1,0,1
delay_blind,158,7,1,10.0,6.0,0.8,landed,40,45,118,42,54,8,landed,1,0,1
delay_blind,159,0,0,4.0,6.0,0.8,landed,10,11,149,12,24,1,landed,1,0,1
delay_blind,159,1,1,10.0,6.0,0.8,landed,12,17,147,14,26,2,landed,1,0,1
delay_blind,159,2,2,7.0,12.0,0.8,landed,14,14,145,16,28,3,landed,1,0,1
delay_blind,159,3,0,4.0,6.0,0.8,landed,24,28,135,26,38,4,landed,1,0,1
delay_blind,159,4,1,10.0,6.0,0.8,landed,26,27,133,28,40,5,landed,1,0,1
delay_blind,159,5,2,7.0,12.0,0.8,landed,28,34,131,30,42,6,landed,1,0,1
delay_blind,159,6,0,4.0,6.0,0.8,landed,38,40,121,40,52,7,landed,1,0,1
delay_blind,159,7,1,10.0,6.0,0.8,landed,40,45,119,42,54,8,landed,1,0,1
delay_blind,160,0,0,4.0,6.0,0.8,landed,10,11,150,12,24,1,landed,1,0,1
delay_blind,160,1,1,10.0,6.0,0.8,landed,12,17,148,14,26,2,landed,1,0,1
delay_blind,160,2,2,7.0,12.0,0.8,landed,14,14,146,16,28,3,landed,1,0,1
delay_blind,160,3,0,4.0,6.0,0.8,landed,24,28,136,26,38,4,landed,1,0,1
delay_blind,160,4,1,10.0,6.0,0.8,landed,26,27,134,28,40,5,landed,1,0,1
delay_blind,160,5,2,7.0,12.0,0.8,landed,28,34,132,30,42,6,landed,1,0,1
delay_blind,160,6,0,4.0,6.0,0.8,landed,38,40,122,40,52,7,landed,1,0,1
delay_blind,160,7,1,10.0,6.0,0.8,landed,40,45,120,42,54,8,landed,1,0,1
delay_blind,161,0,0,4.0,6.0,0.8,landed,10,11,151,12,24,1,landed,1,0,1
delay_blind,161,1,1,10.0,6.0,0.8,landed,12,17,149,14,26,2,landed,1,0,1
delay_blind,161,2,2,7.0,12.0,0.8,landed,14,14,147,16,28,3,landed,1,0,1
delay_blind,161,3,0,4.0,6.0,0.8,landed,24,28,137,26,38,4,landed,1,0,1
delay_blind,161,4,1,10.0,6.0,0.8,landed,26,27,135,28,40,5,landed,1,0,1
delay_blind,161,5,2,7.0,12.0,0.8,landed,28,34,133,30,42,6,landed,1,0,1
delay_blind,161,6,0,4.0,6.0,0.8,landed,38,40,123,40,52,7,landed,1,0,1
delay_blind,161,7,1,10.0,6.0,0.8,landed,40,45,121,42,54,8,landed,1,0,1
delay_blind,162,0,0,4.0,6.0,0.8,landed,10,11,152,12,24,1,landed,1,0,1
delay_blind,162,1,1,10.0,6.0,0.8,landed,12,17,150,14,26,2,landed,1,0,1
delay_blind,162,2,2,7.0,12.0,0.8,landed,14,14,148,16,28,3,landed,1,0,1
delay_blind,162,3,0,4.0,6.0,0.8,landed,24,28,138,26,38,4,landed,1,0,1
delay_blind,162,4,1,10.0,6.0,0.8,landed,26,27,136,28,40,5,landed,1,0,1
delay_blind,162,5,2,7.0,12.0,0.8,landed,28,34,134,30,42,6,landed,1,0,1
delay_blind,162,6,0,4.0,6.0,0.8,landed,38,40,124,40,52,7,landed,1,0,1
delay_blind,162,7,1,10.0,6.0,0.8,landed,40,45,122,42,54,8,landed,1,0,1
delay_blind,163,0,0,4.0,6.0,0.8,landed,10,11,153,12,24,1,landed,1,0,1
delay_blind,163,1,1,10.0,6.0,0.8,landed,12,17,151,14,26,2,landed,1,0,1
delay_blind,163,2,2,7.0,12.0,0.8,landed,14,14,149,16,28,3,landed,1,0,1
delay_blind,163,3,0,4.0,6.0,0.8,landed,24,28,139,26,38,4,landed,1,0,1
delay_blind,163,4,1,10.0,6.0,0.8,landed,26,27,137,28,40,5,landed,1,0,1
delay_blind,163,5,2,7.0,12.0,0.8,landed,28,34,135,30,42,6,landed,1,0,1
delay_blind,163,6,0,4.0,6.0,0.8,landed,38,40,125,40,52,7,landed,1,0,1
delay_blind,163,7,1,10.0,6.0,0.8,landed,40,45,123,42,54,8,landed,1,0,1
delay_blind,164,0,0,4.0,6.0,0.8,landed,10,11,154,12,24,1,landed,1,0,1
delay_blind,164,1,1,10.0,6.0,0.8,landed,12,17,152,14,26,2,landed,1,0,1
delay_blind,164,2,2,7.0,12.0,0.8,landed,14,14,150,16,28,3,landed,1,0,1
delay_blind,164,3,0,4.0,6.0,0.8,landed,24,28,140,26,38,4,landed,1,0,1
delay_blind,164,4,1,10.0,6.0,0.8,landed,26,27,138,28,40,5,landed,1,0,1
delay_blind,164,5,2,7.0,12.0,0.8,landed,28,34,136,30,42,6,landed,1,0,1
delay_blind,164,6,0,4.0,6.0,0.8,landed,38,40,126,40,52,7,landed,1,0,1
delay_blind,164,7,1,10.0,6.0,0.8,landed,40,45,124,42,54,8,landed,1,0,1
delay_blind,165,0,0,4.0,6.0,0.8,landed,10,11,155,12,24,1,landed,1,0,1
delay_blind,165,1,1,10.0,6.0,0.8,landed,12,17,153,14,26,2,landed,1,0,1
delay_blind,165,2,2,7.0,12.0,0.8,landed,14,14,151,16,28,3,landed,1,0,1
delay_blind,165,3,0,4.0,6.0,0.8,landed,24,28,141,26,38,4,landed,1,0,1
delay_blind,165,4,1,10.0,6.0,0.8,landed,26,27,139,28,40,5,landed,1,0,1
delay_blind,165,5,2,7.0,12.0,0.8,landed,28,34,137,30,42,6,landed,1,0,1
delay_blind,165,6,0,4.0,6.0,0.8,landed,38,40,127,40,52,7,landed,1,0,1
delay_blind,165,7,1,10.0,6.0,0.8,landed,40,45,125,42,54,8,landed,1,0,1
delay_blind,166,0,0,4.0,6.0,0.8,landed,10,11,156,12,24,1,landed,1,0,1
delay_blind,166,1,1,10.0,6.0,0.8,landed,12,17,154,14,26,2,landed,1,0,1
delay_blind,166,2,2,7.0,12.0,0.8,landed,14,14,152,16,28,3,landed,1,0,1
delay_blind,166,3,0,4.0,6.0,0.8,landed,24,28,142,26,38,4,landed,1,0,1
delay_blind,166,4,1,10.0,6.0,0.8,landed,26,27,140,28,40,5,landed,1,0,1
delay_blind,166,5,2,7.0,12.0,0.8,landed,28,34,138,30,42,6,landed,1,0,1
delay_blind,166,6,0,4.0,6.0,0.8,landed,38,40,128,40,52,7,landed,1,0,1
delay_blind,166,7,1,10.0,6.0,0.8,landed,40,45,126,42,54,8,landed,1,0,1
delay_blind,167,0,0,4.0,6.0,0.8,landed,10,11,157,12,24,1,landed,1,0,1
delay_blind,167,1,1,10.0,6.0,0.8,landed,12,17,155,14,26,2,landed,1,0,1
delay_blind,167,2,2,7.0,12.0,0.8,landed,14,14,153,16,28,3,landed,1,0,1
delay_blind,167,3,0,4.0,6.0,0.8,landed,24,28,143,26,38,4,landed,1,0,1
delay_blind,167,4,1,10.0,6.0,0.8,landed,26,27,141,28,40,5,landed,1,0,1
delay_blind,167,5,2,7.0,12.0,0.8,landed,28,34,139,30,42,6,landed,1,0,1
delay_blind,167,6,0,4.0,6.0,0.8,landed,38,40,129,40,52,7,landed,1,0,1
delay_blind,167,7,1,10.0,6.0,0.8,landed,40,45,127,42,54,8,landed,1,0,1
delay_blind,168,0,0,4.0,6.0,0.8,landed,10,11,158,12,24,1,landed,1,0,1
delay_blind,168,1,1,10.0,6.0,0.8,landed,12,17,156,14,26,2,landed,1,0,1
delay_blind,168,2,2,7.0,12.0,0.8,landed,14,14,154,16,28,3,landed,1,0,1
delay_blind,168,3,0,4.0,6.0,0.8,landed,24,28,144,26,38,4,landed,1,0,1
delay_blind,168,4,1,10.0,6.0,0.8,landed,26,27,142,28,40,5,landed,1,0,1
delay_blind,168,5,2,7.0,12.0,0.8,landed,28,34,140,30,42,6,landed,1,0,1
delay_blind,168,6,0,4.0,6.0,0.8,landed,38,40,130,40,52,7,landed,1,0,1
delay_blind,168,7,1,10.0,6.0,0.8,landed,40,45,128,42,54,8,landed,1,0,1
delay_blind,169,0,0,4.0,6.0,0.8,landed,10,11,159,12,24,1,landed,1,0,1
delay_blind,169,1,1,10.0,6.0,0.8,landed,12,17,157,14,26,2,landed,1,0,1
delay_blind,169,2,2,7.0,12.0,0.8,landed,14,14,155,16,28,3,landed,1,0,1
delay_blind,169,3,0,4.0,6.0,0.8,landed,24,28,145,26,38,4,landed,1,0,1
delay_blind,169,4,1,10.0,6.0,0.8,landed,26,27,143,28,40,5,landed,1,0,1
delay_blind,169,5,2,7.0,12.0,0.8,landed,28,34,141,30,42,6,landed,1,0,1
delay_blind,169,6,0,4.0,6.0,0.8,landed,38,40,131,40,52,7,landed,1,0,1
delay_blind,169,7,1,10.0,6.0,0.8,landed,40,45,129,42,54,8,landed,1,0,1
delay_blind,170,0,0,4.0,6.0,0.8,landed,10,11,160,12,24,1,landed,1,0,1
delay_blind,170,1,1,10.0,6.0,0.8,landed,12,17,158,14,26,2,landed,1,0,1
delay_blind,170,2,2,7.0,12.0,0.8,landed,14,14,156,16,28,3,landed,1,0,1
delay_blind,170,3,0,4.0,6.0,0.8,landed,24,28,146,26,38,4,landed,1,0,1
delay_blind,170,4,1,10.0,6.0,0.8,landed,26,27,144,28,40,5,landed,1,0,1
delay_blind,170,5,2,7.0,12.0,0.8,landed,28,34,142,30,42,6,landed,1,0,1
delay_blind,170,6,0,4.0,6.0,0.8,landed,38,40,132,40,52,7,landed,1,0,1
delay_blind,170,7,1,10.0,6.0,0.8,landed,40,45,130,42,54,8,landed,1,0,1
delay_blind,171,0,0,4.0,6.0,0.8,landed,10,11,161,12,24,1,landed,1,0,1
delay_blind,171,1,1,10.0,6.0,0.8,landed,12,17,159,14,26,2,landed,1,0,1
delay_blind,171,2,2,7.0,12.0,0.8,landed,14,14,157,16,28,3,landed,1,0,1
delay_blind,171,3,0,4.0,6.0,0.8,landed,24,28,147,26,38,4,landed,1,0,1
delay_blind,171,4,1,10.0,6.0,0.8,landed,26,27,145,28,40,5,landed,1,0,1
delay_blind,171,5,2,7.0,12.0,0.8,landed,28,34,143,30,42,6,landed,1,0,1
delay_blind,171,6,0,4.0,6.0,0.8,landed,38,40,133,40,52,7,landed,1,0,1
delay_blind,171,7,1,10.0,6.0,0.8,landed,40,45,131,42,54,8,landed,1,0,1
delay_blind,172,0,0,4.0,6.0,0.8,landed,10,11,162,12,24,1,landed,1,0,1
delay_blind,172,1,1,10.0,6.0,0.8,landed,12,17,160,14,26,2,landed,1,0,1
delay_blind,172,2,2,7.0,12.0,0.8,landed,14,14,158,16,28,3,landed,1,0,1
delay_blind,172,3,0,4.0,6.0,0.8,landed,24,28,148,26,38,4,landed,1,0,1
delay_blind,172,4,1,10.0,6.0,0.8,landed,26,27,146,28,40,5,landed,1,0,1
delay_blind,172,5,2,7.0,12.0,0.8,landed,28,34,144,30,42,6,landed,1,0,1
delay_blind,172,6,0,4.0,6.0,0.8,landed,38,40,134,40,52,7,landed,1,0,1
delay_blind,172,7,1,10.0,6.0,0.8,landed,40,45,132,42,54,8,landed,1,0,1
delay_blind,173,0,0,4.0,6.0,0.8,landed,10,11,163,12,24,1,landed,1,0,1
delay_blind,173,1,1,10.0,6.0,0.8,landed,12,17,161,14,26,2,landed,1,0,1
delay_blind,173,2,2,7.0,12.0,0.8,landed,14,14,159,16,28,3,landed,1,0,1
delay_blind,173,3,0,4.0,6.0,0.8,landed,24,28,149,26,38,4,landed,1,0,1
delay_blind,173,4,1,10.0,6.0,0.8,landed,26,27,147,28,40,5,landed,1,0,1
delay_blind,173,5,2,7.0,12.0,0.8,landed,28,34,145,30,42,6,landed,1,0,1
delay_blind,173,6,0,4.0,6.0,0.8,landed,38,40,135,40,52,7,landed,1,0,1
delay_blind,173,7,1,10.0,6.0,0.8,landed,40,45,133,42,54,8,landed,1,0,1
delay_blind,174,0,0,4.0,6.0,0.8,landed,10,11,164,12,24,1,landed,1,0,1
delay_blind,174,1,1,10.0,6.0,0.8,landed,12,17,162,14,26,2,landed,1,0,1
delay_blind,174,2,2,7.0,12.0,0.8,landed,14,14,160,16,28,3,landed,1,0,1
delay_blind,174,3,0,4.0,6.0,0.8,landed,24,28,150,26,38,4,landed,1,0,1
delay_blind,174,4,1,10.0,6.0,0.8,landed,26,27,148,28,40,5,landed,1,0,1
delay_blind,174,5,2,7.0,12.0,0.8,landed,28,34,146,30,42,6,landed,1,0,1
delay_blind,174,6,0,4.0,6.0,0.8,landed,38,40,136,40,52,7,landed,1,0,1
delay_blind,174,7,1,10.0,6.0,0.8,landed,40,45,134,42,54,8,landed,1,0,1
delay_blind,175,0,0,4.0,6.0,0.8,landed,10,11,165,12,24,1,landed,1,0,1
delay_blind,175,1,1,10.0,6.0,0.8,landed,12,17,163,14,26,2,landed,1,0,1
delay_blind,175,2,2,7.0,12.0,0.8,landed,14,14,161,16,28,3,landed,1,0,1
delay_blind,175,3,0,4.0,6.0,0.8,landed,24,28,151,26,38,4,landed,1,0,1
delay_blind,175,4,1,10.0,6.0,0.8,landed,26,27,149,28,40,5,landed,1,0,1
delay_blind,175,5,2,7.0,12.0,0.8,landed,28,34,147,30,42,6,landed,1,0,1
delay_blind,175,6,0,4.0,6.0,0.8,landed,38,40,137,40,52,7,landed,1,0,1
delay_blind,175,7,1,10.0,6.0,0.8,landed,40,45,135,42,54,8,landed,1,0,1
delay_blind,176,0,0,4.0,6.0,0.8,landed,10,11,166,12,24,1,landed,1,0,1
delay_blind,176,1,1,10.0,6.0,0.8,landed,12,17,164,14,26,2,landed,1,0,1
delay_blind,176,2,2,7.0,12.0,0.8,landed,14,14,162,16,28,3,landed,1,0,1
delay_blind,176,3,0,4.0,6.0,0.8,landed,24,28,152,26,38,4,landed,1,0,1
delay_blind,176,4,1,10.0,6.0,0.8,landed,26,27,150,28,40,5,landed,1,0,1
delay_blind,176,5,2,7.0,12.0,0.8,landed,28,34,148,30,42,6,landed,1,0,1
delay_blind,176,6,0,4.0,6.0,0.8,landed,38,40,138,40,52,7,landed,1,0,1
delay_blind,176,7,1,10.0,6.0,0.8,landed,40,45,136,42,54,8,landed,1,0,1
delay_blind,177,0,0,4.0,6.0,0.8,landed,10,11,167,12,24,1,landed,1,0,1
delay_blind,177,1,1,10.0,6.0,0.8,landed,12,17,165,14,26,2,landed,1,0,1
delay_blind,177,2,2,7.0,12.0,0.8,landed,14,14,163,16,28,3,landed,1,0,1
delay_blind,177,3,0,4.0,6.0,0.8,landed,24,28,153,26,38,4,landed,1,0,1
delay_blind,177,4,1,10.0,6.0,0.8,landed,26,27,151,28,40,5,landed,1,0,1
delay_blind,177,5,2,7.0,12.0,0.8,landed,28,34,149,30,42,6,landed,1,0,1
delay_blind,177,6,0,4.0,6.0,0.8,landed,38,40,139,40,52,7,landed,1,0,1
delay_blind,177,7,1,10.0,6.0,0.8,landed,40,45,137,42,54,8,landed,1,0,1
delay_blind,178,0,0,4.0,6.0,0.8,landed,10,11,168,12,24,1,landed,1,0,1
delay_blind,178,1,1,10.0,6.0,0.8,landed,12,17,166,14,26,2,landed,1,0,1
delay_blind,178,2,2,7.0,12.0,0.8,landed,14,14,164,16,28,3,landed,1,0,1
delay_blind,178,3,0,4.0,6.0,0.8,landed,24,28,154,26,38,4,landed,1,0,1
delay_blind,178,4,1,10.0,6.0,0.8,landed,26,27,152,28,40,5,landed,1,0,1
delay_blind,178,5,2,7.0,12.0,0.8,landed,28,34,150,30,42,6,landed,1,0,1
delay_blind,178,6,0,4.0,6.0,0.8,landed,38,40,140,40,52,7,landed,1,0,1
delay_blind,178,7,1,10.0,6.0,0.8,landed,40,45,138,42,54,8,landed,1,0,1
delay_blind,179,0,0,4.0,6.0,0.8,landed,10,11,169,12,24,1,landed,1,0,1
delay_blind,179,1,1,10.0,6.0,0.8,landed,12,17,167,14,26,2,landed,1,0,1
delay_blind,179,2,2,7.0,12.0,0.8,landed,14,14,165,16,28,3,landed,1,0,1
delay_blind,179,3,0,4.0,6.0,0.8,landed,24,28,155,26,38,4,landed,1,0,1
delay_blind,179,4,1,10.0,6.0,0.8,landed,26,27,153,28,40,5,landed,1,0,1
delay_blind,179,5,2,7.0,12.0,0.8,landed,28,34,151,30,42,6,landed,1,0,1
delay_blind,179,6,0,4.0,6.0,0.8,landed,38,40,141,40,52,7,landed,1,0,1
delay_blind,179,7,1,10.0,6.0,0.8,landed,40,45,139,42,54,8,landed,1,0,1
queue_aware,0,0,0,8.900332889206208,6.993346653975306,8.0,hold,10,11,0,12,24,1,waiting,0,0,0
queue_aware,0,1,1,12.76265646093427,10.167460771124082,8.0,hold,12,17,0,14,26,2,waiting,0,0,0
queue_aware,0,2,2,6.006653346024694,16.900332889206208,8.0,hold,14,14,0,16,28,3,waiting,0,0,0
queue_aware,0,3,0,-0.1674607711240821,8.76265646093427,8.0,hold,24,28,0,26,38,4,waiting,0,0,0
queue_aware,0,4,1,5.099667110793792,5.006653346024693,8.0,hold,26,27,0,28,40,5,waiting,0,0,0
queue_aware,0,5,2,4.23734353906573,7.832539228875918,8.0,hold,28,34,0,30,42,6,waiting,0,0,0
queue_aware,0,6,0,4.993346653975306,1.099667110793792,8.0,hold,38,40,0,40,52,7,waiting,0,0,0
queue_aware,0,7,1,14.167460771124082,3.237343539065729,8.0,hold,40,45,0,42,54,8,waiting,0,0,0
queue_aware,1,0,0,8.900332889206208,6.993346653975306,8.0,hold,10,11,0,12,24,1,waiting,0,0,0
queue_aware,1,1,1,12.76265646093427,10.167460771124082,8.0,hold,12,17,0,14,26,2,waiting,0,0,0
queue_aware,1,2,2,6.006653346024694,16.900332889206208,8.0,hold,14,14,0,16,28,3,waiting,0,0,0
queue_aware,1,3,0,-0.1674607711240821,8.76265646093427,8.0,hold,24,28,0,26,38,4,waiting,0,0,0
queue_aware,1,4,1,5.099667110793792,5.006653346024693,8.0,hold,26,27,0,28,40,5,waiting,0,0,0
queue_aware,1,5,2,4.23734353906573,7.832539228875918,8.0,hold,28,34,0,30,42,6,waiting,0,0,0
queue_aware,1,6,0,4.993346653975306,1.099667110793792,8.0,hold,38,40,0,40,52,7,waiting,0,0,0
queue_aware,1,7,1,14.167460771124082,3.237343539065729,8.0,hold,40,45,0,42,54,8,waiting,0,0,0
queue_aware,2,0,0,8.900332889206208,6.993346653975306,8.0,hold,10,11,0,12,24,1,waiting,0,0,0
queue_aware,2,1,1,12.76265646093427,10.167460771124082,8.0,hold,12,17,0,14,26,2,waiting,0,0,0
queue_aware,2,2,2,6.006653346024694,16.900332889206208,8.0,hold,14,14,0,16,28,3,waiting,0,0,0
queue_aware,2,3,0,-0.1674607711240821,8.76265646093427,8.0,hold,24,28,0,26,38,4,waiting,0,0,0
queue_aware,2,4,1,5.099667110793792,5.006653346024693,8.0,hold,26,27,0,28,40,5,waiting,0,0,0
queue_aware,2,5,2,4.23734353906573,7.832539228875918,8.0,hold,28,34,0,30,42,6,waiting,0,0,0
queue_aware,2,6,0,4.993346653975306,1.099667110793792,8.0,hold,38,40,0,40,52,7,waiting,0,0,0
queue_aware,2,7,1,14.167460771124082,3.237343539065729,8.0,hold,40,45,0,42,54,8,waiting,0,0,0
queue_aware,3,0,0,8.900332889206208,6.993346653975306,8.0,hold,10,11,0,12,24,1,waiting,0,0,0
queue_aware,3,1,1,12.76265646093427,10.167460771124082,8.0,hold,12,17,0,14,26,2,waiting,0,0,0
queue_aware,3,2,2,6.006653346024694,16.900332889206208,8.0,hold,14,14,0,16,28,3,waiting,0,0,0
queue_aware,3,3,0,-0.1674607711240821,8.76265646093427,8.0,hold,24,28,0,26,38,4,waiting,0,0,0
queue_aware,3,4,1,5.099667110793792,5.006653346024693,8.0,hold,26,27,0,28,40,5,waiting,0,0,0
queue_aware,3,5,2,4.23734353906573,7.832539228875918,8.0,hold,28,34,0,30,42,6,waiting,0,0,0
queue_aware,3,6,0,4.993346653975306,1.099667110793792,8.0,hold,38,40,0,40,52,7,waiting,0,0,0
queue_aware,3,7,1,14.167460771124082,3.237343539065729,8.0,hold,40,45,0,42,54,8,waiting,0,0,0
queue_aware,4,0,0,8.900332889206208,6.993346653975306,8.0,hold,10,11,0,12,24,1,waiting,0,0,0
queue_aware,4,1,1,12.76265646093427,10.167460771124082,8.0,hold,12,17,0,14,26,2,waiting,0,0,0
queue_aware,4,2,2,6.006653346024694,16.900332889206208,8.0,hold,14,14,0,16,28,3,waiting,0,0,0
queue_aware,4,3,0,-0.1674607711240821,8.76265646093427,8.0,hold,24,28,0,26,38,4,waiting,0,0,0
queue_aware,4,4,1,5.099667110793792,5.006653346024693,8.0,hold,26,27,0,28,40,5,waiting,0,0,0
queue_aware,4,5,2,4.23734353906573,7.832539228875918,8.0,hold,28,34,0,30,42,6,waiting,0,0,0
queue_aware,4,6,0,4.993346653975306,1.099667110793792,8.0,hold,38,40,0,40,52,7,waiting,0,0,0
queue_aware,4,7,1,14.167460771124082,3.237343539065729,8.0,hold,40,45,0,42,54,8,waiting,0,0,0
queue_aware,5,0,0,8.900332889206208,6.993346653975306,8.0,hold,10,11,0,12,24,1,waiting,0,0,0
queue_aware,5,1,1,12.76265646093427,10.167460771124082,8.0,hold,12,17,0,14,26,2,waiting,0,0,0
queue_aware,5,2,2,6.006653346024694,16.900332889206208,8.0,hold,14,14,0,16,28,3,waiting,0,0,0
queue_aware,5,3,0,-0.1674607711240821,8.76265646093427,8.0,hold,24,28,0,26,38,4,waiting,0,0,0
queue_aware,5,4,1,5.099667110793792,5.006653346024693,8.0,hold,26,27,0,28,40,5,waiting,0,0,0
queue_aware,5,5,2,4.23734353906573,7.832539228875918,8.0,hold,28,34,0,30,42,6,waiting,0,0,0
queue_aware,5,6,0,4.993346653975306,1.099667110793792,8.0,hold,38,40,0,40,52,7,waiting,0,0,0
queue_aware,5,7,1,14.167460771124082,3.237343539065729,8.0,hold,40,45,0,42,54,8,waiting,0,0,0
queue_aware,6,0,0,8.900332889206208,6.993346653975306,8.0,hold,10,11,0,12,24,1,waiting,0,0,0
queue_aware,6,1,1,12.76265646093427,10.167460771124082,8.0,hold,12,17,0,14,26,2,waiting,0,0,0
queue_aware,6,2,2,6.006653346024694,16.900332889206208,8.0,hold,14,14,0,16,28,3,waiting,0,0,0
queue_aware,6,3,0,-0.1674607711240821,8.76265646093427,8.0,hold,24,28,0,26,38,4,waiting,0,0,0
queue_aware,6,4,1,5.099667110793792,5.006653346024693,8.0,hold,26,27,0,28,40,5,waiting,0,0,0
queue_aware,6,5,2,4.23734353906573,7.832539228875918,8.0,hold,28,34,0,30,42,6,waiting,0,0,0
queue_aware,6,6,0,4.993346653975306,1.099667110793792,8.0,hold,38,40,0,40,52,7,waiting,0,0,0
queue_aware,6,7,1,14.167460771124082,3.237343539065729,8.0,hold,40,45,0,42,54,8,waiting,0,0,0
queue_aware,7,0,0,8.900332889206208,6.993346653975306,8.0,hold,10,11,0,12,24,1,waiting,0,0,0
queue_aware,7,1,1,12.76265646093427,10.167460771124082,8.0,hold,12,17,0,14,26,2,waiting,0,0,0
queue_aware,7,2,2,6.006653346024694,16.900332889206208,8.0,hold,14,14,0,16,28,3,waiting,0,0,0
queue_aware,7,3,0,-0.1674607711240821,8.76265646093427,8.0,hold,24,28,0,26,38,4,waiting,0,0,0
queue_aware,7,4,1,5.099667110793792,5.006653346024693,8.0,hold,26,27,0,28,40,5,waiting,0,0,0
queue_aware,7,5,2,4.23734353906573,7.832539228875918,8.0,hold,28,34,0,30,42,6,waiting,0,0,0
queue_aware,7,6,0,4.993346653975306,1.099667110793792,8.0,hold,38,40,0,40,52,7,waiting,0,0,0
queue_aware,7,7,1,14.167460771124082,3.237343539065729,8.0,hold,40,45,0,42,54,8,waiting,0,0,0
queue_aware,8,0,0,8.900332889206208,6.993346653975306,8.0,hold,10,11,0,12,24,1,waiting,0,0,0
queue_aware,8,1,1,12.76265646093427,10.167460771124082,8.0,hold,12,17,0,14,26,2,waiting,0,0,0
queue_aware,8,2,2,6.006653346024694,16.900332889206208,8.0,hold,14,14,0,16,28,3,waiting,0,0,0
queue_aware,8,3,0,-0.1674607711240821,8.76265646093427,8.0,hold,24,28,0,26,38,4,waiting,0,0,0
queue_aware,8,4,1,5.099667110793792,5.006653346024693,8.0,hold,26,27,0,28,40,5,waiting,0,0,0
queue_aware,8,5,2,4.23734353906573,7.832539228875918,8.0,hold,28,34,0,30,42,6,waiting,0,0,0
queue_aware,8,6,0,4.993346653975306,1.099667110793792,8.0,hold,38,40,0,40,52,7,waiting,0,0,0
queue_aware,8,7,1,14.167460771124082,3.237343539065729,8.0,hold,40,45,0,42,54,8,waiting,0,0,0
queue_aware,9,0,0,8.900332889206208,6.993346653975306,8.0,hold,10,11,0,12,24,1,waiting,0,0,0
queue_aware,9,1,1,12.76265646093427,10.167460771124082,8.0,hold,12,17,0,14,26,2,waiting,0,0,0
queue_aware,9,2,2,6.006653346024694,16.900332889206208,8.0,hold,14,14,0,16,28,3,waiting,0,0,0
queue_aware,9,3,0,-0.1674607711240821,8.76265646093427,8.0,hold,24,28,0,26,38,4,waiting,0,0,0
queue_aware,9,4,1,5.099667110793792,5.006653346024693,8.0,hold,26,27,0,28,40,5,waiting,0,0,0
queue_aware,9,5,2,4.23734353906573,7.832539228875918,8.0,hold,28,34,0,30,42,6,waiting,0,0,0
queue_aware,9,6,0,4.993346653975306,1.099667110793792,8.0,hold,38,40,0,40,52,7,waiting,0,0,0
queue_aware,9,7,1,14.167460771124082,3.237343539065729,8.0,hold,40,45,0,42,54,8,waiting,0,0,0
queue_aware,10,0,0,8.900332889206208,6.993346653975306,8.0,hold,10,11,0,12,24,1,waiting,0,0,0
queue_aware,10,1,1,12.76265646093427,10.167460771124082,8.0,hold,12,17,0,14,26,2,waiting,0,0,0
queue_aware,10,2,2,6.006653346024694,16.900332889206208,8.0,hold,14,14,0,16,28,3,waiting,0,0,0
queue_aware,10,3,0,-0.1674607711240821,8.76265646093427,8.0,hold,24,28,0,26,38,4,waiting,0,0,0
queue_aware,10,4,1,5.099667110793792,5.006653346024693,8.0,hold,26,27,0,28,40,5,waiting,0,0,0
queue_aware,10,5,2,4.23734353906573,7.832539228875918,8.0,hold,28,34,0,30,42,6,waiting,0,0,0
queue_aware,10,6,0,4.993346653975306,1.099667110793792,8.0,hold,38,40,0,40,52,7,waiting,0,0,0
queue_aware,10,7,1,14.167460771124082,3.237343539065729,8.0,hold,40,45,0,42,54,8,waiting,0,0,0
queue_aware,11,0,0,8.766166680639706,6.9661498170727265,7.802871208238409,approach,10,11,1,12,24,1,accept_clearance,1,0,0
queue_aware,11,1,1,12.76265646093427,10.167460771124082,8.0,hold,12,17,0,14,26,2,waiting,0,0,0
queue_aware,11,2,2,6.006653346024694,16.900332889206208,8.0,hold,14,14,0,16,28,3,waiting,0,0,0
queue_aware,11,3,0,-0.1674607711240821,8.76265646093427,8.0,hold,24,28,0,26,38,4,waiting,0,0,0
queue_aware,11,4,1,5.099667110793792,5.006653346024693,8.0,hold,26,27,0,28,40,5,waiting,0,0,0
queue_aware,11,5,2,4.23734353906573,7.832539228875918,8.0,hold,28,34,0,30,42,6,waiting,0,0,0
queue_aware,11,6,0,4.993346653975306,1.099667110793792,8.0,hold,38,40,0,40,52,7,waiting,0,0,0
queue_aware,11,7,1,14.167460771124082,3.237343539065729,8.0,hold,40,45,0,42,54,8,waiting,0,0,0
queue_aware,12,0,0,8.632000472073205,6.938952980170147,7.605742416476819,approach,10,11,2,12,24,1,accept_clearance,1,0,0
queue_aware,12,1,1,12.76265646093427,10.167460771124082,8.0,hold,12,17,0,14,26,2,waiting,0,0,0
queue_aware,12,2,2,6.006653346024694,16.900332889206208,8.0,hold,14,14,0,16,28,3,waiting,0,0,0
queue_aware,12,3,0,-0.1674607711240821,8.76265646093427,8.0,hold,24,28,0,26,38,4,waiting,0,0,0
queue_aware,12,4,1,5.099667110793792,5.006653346024693,8.0,hold,26,27,0,28,40,5,waiting,0,0,0
queue_aware,12,5,2,4.23734353906573,7.832539228875918,8.0,hold,28,34,0,30,42,6,waiting,0,0,0
queue_aware,12,6,0,4.993346653975306,1.099667110793792,8.0,hold,38,40,0,40,52,7,waiting,0,0,0
queue_aware,12,7,1,14.167460771124082,3.237343539065729,8.0,hold,40,45,0,42,54,8,waiting,0,0,0
queue_aware,13,0,0,8.497834263506704,6.911756143267568,7.408613624715228,approach,10,11,3,12,24,1,accept_clearance,1,0,0
queue_aware,13,1,1,12.76265646093427,10.167460771124082,8.0,hold,12,17,1,14,26,2,waiting,0,0,0
queue_aware,13,2,2,6.006653346024694,16.900332889206208,8.0,hold,14,14,0,16,28,3,waiting,0,0,0
queue_aware,13,3,0,-0.1674607711240821,8.76265646093427,8.0,hold,24,28,0,26,38,4,waiting,0,0,0
queue_aware,13,4,1,5.099667110793792,5.006653346024693,8.0,hold,26,27,0,28,40,5,waiting,0,0,0
queue_aware,13,5,2,4.23734353906573,7.832539228875918,8.0,hold,28,34,0,30,42,6,waiting,0,0,0
queue_aware,13,6,0,4.993346653975306,1.099667110793792,8.0,hold,38,40,0,40,52,7,waiting,0,0,0
queue_aware,13,7,1,14.167460771124082,3.237343539065729,8.0,hold,40,45,0,42,54,8,waiting,0,0,0
queue_aware,14,0,0,8.363668054940202,6.884559306364989,7.211484832953637,approach,10,11,4,12,24,1,accept_clearance,1,0,0
queue_aware,14,1,1,12.76265646093427,10.167460771124082,8.0,hold,12,17,2,14,26,2,waiting,0,0,0
queue_aware,14,2,2,6.0338501829272735,16.766166680639706,7.802871208238409,approach,14,14,0,16,28,3,accept_clearance,1,0,0
queue_aware,14,3,0,-0.1674607711240821,8.76265646093427,8.0,hold,24,28,0,26,38,4,waiting,0,0,0
queue_aware,14,4,1,5.099667110793792,5.006653346024693,8.0,hold,26,27,0,28,40,5,waiting,0,0,0
queue_aware,14,5,2,4.23734353906573,7.832539228875918,8.0,hold,28,34,0,30,42,6,waiting,0,0,0
queue_aware,14,6,0,4.993346653975306,1.099667110793792,8.0,hold,38,40,0,40,52,7,waiting,0,0,0
queue_aware,14,7,1,14.167460771124082,3.237343539065729,8.0,hold,40,45,0,42,54,8,waiting,0,0,0
queue_aware,15,0,0,8.2295018463737,6.85736246946241,7.0143560411920465,approach,10,11,5,12,24,1,accept_clearance,1,0,0
queue_aware,15,1,1,12.76265646093427,10.167460771124082,8.0,hold,12,17,3,14,26,2,waiting,0,0,0
queue_aware,15,2,2,6.061047019829853,16.632000472073205,7.605742416476819,approach,14,14,1,16,28,3,accept_clearance,1,0,0
queue_aware,15,3,0,-0.1674607711240821,8.76265646093427,8.0,hold,24,28,0,26,38,4,waiting,0,0,0
queue_aware,15,4,1,5.099667110793792,5.006653346024693,8.0,hold,26,27,0,28,40,5,waiting,0,0,0
queue_aware,15,5,2,4.23734353906573,7.832539228875918,8.0,hold,28,34,0,30,42,6,waiting,0,0,0
queue_aware,15,6,0,4.993346653975306,1.099667110793792,8.0,hold,38,40,0,40,52,7,waiting,0,0,0
queue_aware,15,7,1,14.167460771124082,3.237343539065729,8.0,hold,40,45,0,42,54,8,waiting,0,0,0
queue_aware,16,0,0,8.0953356378072,6.83016563255983,6.817227249430456,approach,10,11,6,12,24,1,accept_clearance,1,0,0
queue_aware,16,1,1,12.76265646093427,10.167460771124082,8.0,hold,12,17,4,14,26,2,waiting,0,0,0
queue_aware,16,2,2,6.088243856732432,16.497834263506704,7.408613624715228,approach,14,14,2,16,28,3,accept_clearance,1,0,0
queue_aware,16,3,0,-0.1674607711240821,8.76265646093427,8.0,hold,24,28,0,26,38,4,waiting,0,0,0
queue_aware,16,4,1,5.099667110793792,5.006653346024693,8.0,hold,26,27,0,28,40,5,waiting,0,0,0
queue_aware,16,5,2,4.23734353906573,7.832539228875918,8.0,hold,28,34,0,30,42,6,waiting,0,0,0
queue_aware,16,6,0,4.993346653975306,1.099667110793792,8.0,hold,38,40,0,40,52,7,waiting,0,0,0
queue_aware,16,7,1,14.167460771124082,3.237343539065729,8.0,hold,40,45,0,42,54,8,waiting,0,0,0
queue_aware,17,0,0,7.961169429240699,6.802968795657251,6.620098457668865,approach,10,11,7,12,24,1,accept_clearance,1,0,0
queue_aware,17,1,1,12.76265646093427,10.167460771124082,8.0,hold,12,17,5,14,26,2,reject_stale,0,1,0
queue_aware,17,2,2,6.115440693635011,16.363668054940202,7.211484832953637,approach,14,14,3,16,28,3,accept_clearance,1,0,0
queue_aware,17,3,0,-0.1674607711240821,8.76265646093427,8.0,hold,24,28,0,26,38,4,waiting,0,0,0
queue_aware,17,4,1,5.099667110793792,5.006653346024693,8.0,hold,26,27,0,28,40,5,waiting,0,0,0
queue_aware,17,5,2,4.23734353906573,7.832539228875918,8.0,hold,28,34,0,30,42,6,waiting,0,0,0
queue_aware,17,6,0,4.993346653975306,1.099667110793792,8.0,hold,38,40,0,40,52,7,waiting,0,0,0
queue_aware,17,7,1,14.167460771124082,3.237343539065729,8.0,hold,40,45,0,42,54,8,waiting,0,0,0
queue_aware,18,0,0,7.827003220674198,6.775771958754672,6.422969665907274,approach,10,11,8,12,24,1,accept_clearance,1,0,0
queue_aware,18,1,1,12.76265646093427,10.167460771124082,8.0,hold,12,17,6,14,26,2,reject_stale,0,1,0
queue_aware,18,2,2,6.14263753053759,16.2295018463737,7.0143560411920465,approach,14,14,4,16,28,3,accept_clearance,1,0,0
queue_aware,18,3,0,-0.1674607711240821,8.76265646093427,8.0,hold,24,28,0,26,38,4,waiting,0,0,0
queue_aware,18,4,1,5.099667110793792,5.006653346024693,8.0,hold,26,27,0,28,40,5,waiting,0,0,0
queue_aware,18,5,2,4.23734353906573,7.832539228875918,8.0,hold,28,34,0,30,42,6,waiting,0,0,0
queue_aware,18,6,0,4.993346653975306,1.099667110793792,8.0,hold,38,40,0,40,52,7,waiting,0,0,0
queue_aware,18,7,1,14.167460771124082,3.237343539065729,8.0,hold,40,45,0,42,54,8,waiting,0,0,0
queue_aware,19,0,0,7.692837012107698,6.748575121852093,6.225840874145684,approach,10,11,9,12,24,1,accept_clearance,1,0,0
queue_aware,19,1,1,12.76265646093427,10.167460771124082,8.0,hold,12,17,7,14,26,2,reject_stale,0,1,0
queue_aware,19,2,2,6.16983436744017,16.0953356378072,6.817227249430456,approach,14,14,5,16,28,3,accept_clearance,1,0,0
queue_aware,19,3,0,-0.1674607711240821,8.76265646093427,8.0,hold,24,28,0,26,38,4,waiting,0,0,0
queue_aware,19,4,1,5.099667110793792,5.006653346024693,8.0,hold,26,27,0,28,40,5,waiting,0,0,0
queue_aware,19,5,2,4.23734353906573,7.832539228875918,8.0,hold,28,34,0,30,42,6,waiting,0,0,0
queue_aware,19,6,0,4.993346653975306,1.099667110793792,8.0,hold,38,40,0,40,52,7,waiting,0,0,0
queue_aware,19,7,1,14.167460771124082,3.237343539065729,8.0,hold,40,45,0,42,54,8,waiting,0,0,0
queue_aware,20,0,0,7.558670803541197,6.721378284949513,6.028712082384093,approach,10,11,10,12,24,1,accept_clearance,1,0,0
queue_aware,20,1,1,12.76265646093427,10.167460771124082,8.0,hold,12,17,8,14,26,2,reject_stale,0,1,0
queue_aware,20,2,2,6.197031204342749,15.961169429240698,6.620098457668865,approach,14,14,6,16,28,3,accept_clearance,1,0,0
queue_aware,20,3,0,-0.1674607711240821,8.76265646093427,8.0,hold,24,28,0,26,38,4,waiting,0,0,0
queue_aware,20,4,1,5.099667110793792,5.006653346024693,8.0,hold,26,27,0,28,40,5,waiting,0,0,0
queue_aware,20,5,2,4.23734353906573,7.832539228875918,8.0,hold,28,34,0,30,42,6,waiting,0,0,0
queue_aware,20,6,0,4.993346653975306,1.099667110793792,8.0,hold,38,40,0,40,52,7,waiting,0,0,0
queue_aware,20,7,1,14.167460771124082,3.237343539065729,8.0,hold,40,45,0,42,54,8,waiting,0,0,0
queue_aware,21,0,0,7.424504594974697,6.694181448046934,5.831583290622502,approach,10,11,11,12,24,1,accept_clearance,1,0,0
queue_aware,21,1,1,12.76265646093427,10.167460771124082,8.0,hold,12,17,9,14,26,2,reject_stale,0,1,0
queue_aware,21,2,2,6.224228041245328,15.827003220674197,6.422969665907274,approach,14,14,7,16,28,3,accept_clearance,1,0,0
queue_aware,21,3,0,-0.1674607711240821,8.76265646093427,8.0,hold,24,28,0,26,38,4,waiting,0,0,0
queue_aware,21,4,1,5.099667110793792,5.006653346024693,8.0,hold,26,27,0,28,40,5,waiting,0,0,0
queue_aware,21,5,2,4.23734353906573,7.832539228875918,8.0,hold,28,34,0,30,42,6,waiting,0,0,0
queue_aware,21,6,0,4.993346653975306,1.099667110793792,8.0,hold,38,40,0,40,52,7,waiting,0,0,0
queue_aware,21,7,1,14.167460771124082,3.237343539065729,8.0,hold,40,45,0,42,54,8,waiting,0,0,0
queue_aware,22,0,0,7.290338386408196,6.666984611144355,5.6344544988609115,approach,10,11,12,12,24,1,accept_clearance,1,0,0
queue_aware,22,1,1,12.76265646093427,10.167460771124082,8.0,hold,12,17,10,14,26,2,reject_stale,0,1,0
queue_aware,22,2,2,6.251424878147907,15.692837012107695,6.225840874145684,approach,14,14,8,16,28,3,accept_clearance,1,0,0
queue_aware,22,3,0,-0.1674607711240821,8.76265646093427,8.0,hold,24,28,0,26,38,4,waiting,0,0,0
queue_aware,22,4,1,5.099667110793792,5.006653346024693,8.0,hold,26,27,0,28,40,5,waiting,0,0,0
queue_aware,22,5,2,4.23734353906573,7.832539228875918,8.0,hold,28,34,0,30,42,6,waiting,0,0,0
queue_aware,22,6,0,4.993346653975306,1.099667110793792,8.0,hold,38,40,0,40,52,7,waiting,0,0,0
queue_aware,22,7,1,14.167460771124082,3.237343539065729,8.0,hold,40,45,0,42,54,8,waiting,0,0,0
queue_aware,23,0,0,7.156172177841696,6.639787774241776,5.437325707099321,approach,10,11,13,12,24,1,accept_clearance,1,0,0
queue_aware,23,1,1,12.76265646093427,10.167460771124082,8.0,hold,12,17,11,14,26,2,reject_stale,0,1,0
queue_aware,23,2,2,6.278621715050487,15.558670803541194,6.028712082384093,approach,14,14,9,16,28,3,accept_clearance,1,0,0
queue_aware,23,3,0,-0.1674607711240821,8.76265646093427,8.0,hold,24,28,0,26,38,4,waiting,0,0,0
queue_aware,23,4,1,5.099667110793792,5.006653346024693,8.0,hold,26,27,0,28,40,5,waiting,0,0,0
queue_aware,23,5,2,4.23734353906573,7.832539228875918,8.0,hold,28,34,0,30,42,6,waiting,0,0,0
queue_aware,23,6,0,4.993346653975306,1.099667110793792,8.0,hold,38,40,0,40,52,7,waiting,0,0,0
queue_aware,23,7,1,14.167460771124082,3.237343539065729,8.0,hold,40,45,0,42,54,8,waiting,0,0,0
queue_aware,24,0,0,7.022005969275195,6.6125909373391965,5.24019691533773,approach,10,11,14,12,24,1,accept_clearance,1,0,0
queue_aware,24,1,1,12.76265646093427,10.167460771124082,8.0,hold,12,17,12,14,26,2,reject_stale,0,1,0
queue_aware,24,2,2,6.305818551953066,15.424504594974692,5.831583290622502,approach,14,14,10,16,28,3,accept_clearance,1,0,0
queue_aware,24,3,0,-0.1674607711240821,8.76265646093427,8.0,hold,24,28,0,26,38,4,waiting,0,0,0
queue_aware,24,4,1,5.099667110793792,5.006653346024693,8.0,hold,26,27,0,28,40,5,waiting,0,0,0
queue_aware,24,5,2,4.23734353906573,7.832539228875918,8.0,hold,28,34,0,30,42,6,waiting,0,0,0
queue_aware,24,6,0,4.993346653975306,1.099667110793792,8.0,hold,38,40,0,40,52,7,waiting,0,0,0
queue_aware,24,7,1,14.167460771124082,3.237343539065729,8.0,hold,40,45,0,42,54,8,waiting,0,0,0
queue_aware,25,0,0,6.887839760708695,6.585394100436617,5.043068123576139,approach,10,11,15,12,24,1,accept_clearance,1,0,0
queue_aware,25,1,1,12.76265646093427,10.167460771124082,8.0,hold,12,17,13,14,26,2,reject_stale,0,1,0
queue_aware,25,2,2,6.333015388855645,15.290338386408191,5.6344544988609115,approach,14,14,11,16,28,3,accept_clearance,1,0,0
queue_aware,25,3,0,-0.1674607711240821,8.76265646093427,8.0,hold,24,28,1,26,38,4,waiting,0,0,0
queue_aware,25,4,1,5.099667110793792,5.006653346024693,8.0,hold,26,27,0,28,40,5,waiting,0,0,0
queue_aware,25,5,2,4.23734353906573,7.832539228875918,8.0,hold,28,34,0,30,42,6,waiting,0,0,0
queue_aware,25,6,0,4.993346653975306,1.099667110793792,8.0,hold,38,40,0,40,52,7,waiting,0,0,0
queue_aware,25,7,1,14.167460771124082,3.237343539065729,8.0,hold,40,45,0,42,54,8,waiting,0,0,0
queue_aware,26,0,0,6.753673552142194,6.558197263534038,4.845939331814549,approach,10,11,16,12,24,1,accept_clearance,1,0,0
queue_aware,26,1,1,12.76265646093427,10.167460771124082,8.0,hold,12,17,14,14,26,2,reject_stale,0,1,0
queue_aware,26,2,2,6.360212225758224,15.15617217784169,5.437325707099321,approach,14,14,12,16,28,3,accept_clearance,1,0,0
queue_aware,26,3,0,-0.1674607711240821,8.76265646093427,8.0,hold,24,28,2,26,38,4,waiting,0,0,0
queue_aware,26,4,1,5.099667110793792,5.006653346024693,8.0,hold,26,27,0,28,40,5,waiting,0,0,0
queue_aware,26,5,2,4.23734353906573,7.832539228875918,8.0,hold,28,34,0,30,42,6,waiting,0,0,0
queue_aware,26,6,0,4.993346653975306,1.099667110793792,8.0,hold,38,40,0,40,52,7,waiting,0,0,0
queue_aware,26,7,1,14.167460771124082,3.237343539065729,8.0,hold,40,45,0,42,54,8,waiting,0,0,0
queue_aware,27,0,0,6.619507343575694,6.531000426631459,4.648810540052958,approach,10,11,17,12,24,1,accept_clearance,1,0,0
queue_aware,27,1,1,12.76265646093427,10.167460771124082,8.0,hold,12,17,15,14,26,2,reject_stale,0,1,0
queue_aware,27,2,2,6.3874090626608035,15.022005969275188,5.240196915337729,approach,14,14,13,16,28,3,accept_clearance,1,0,0
queue_aware,27,3,0,-0.1674607711240821,8.76265646093427,8.0,hold,24,28,3,26,38,4,waiting,0,0,0
queue_aware,27,4,1,5.233833319360293,5.033850182927273,7.802871208238409,approach,26,27,1,28,40,5,accept_clearance,1,0,0
queue_aware,27,5,2,4.23734353906573,7.832539228875918,8.0,hold,28,34,0,30,42,6,waiting,0,0,0
queue_aware,27,6,0,4.993346653975306,1.099667110793792,8.0,hold,38,40,0,40,52,7,waiting,0,0,0
queue_aware,27,7,1,14.167460771124082,3.237343539065729,8.0,hold,40,45,0,42,54,8,waiting,0,0,0
queue_aware,28,0,0,6.485341135009193,6.5038035897288795,4.451681748291367,approach,10,11,18,12,24,1,accept_clearance,1,0,0
queue_aware,28,1,1,12.76265646093427,10.167460771124082,8.0,hold,12,17,16,14,26,2,reject_stale,0,1,0
queue_aware,28,2,2,6.414605899563383,14.887839760708687,5.043068123576138,approach,14,14,14,16,28,3,accept_clearance,1,0,0
queue_aware,28,3,0,-0.1674607711240821,8.76265646093427,8.0,hold,24,28,4,26,38,4,reject_stale,0,1,0
queue_aware,28,4,1,5.367999527926793,5.061047019829852,7.605742416476819,approach,26,27,2,28,40,5,accept_clearance,1,0,0
queue_aware,28,5,2,4.23734353906573,7.832539228875918,8.0,hold,28,34,0,30,42,6,waiting,0,0,0
queue_aware,28,6,0,4.993346653975306,1.099667110793792,8.0,hold,38,40,0,40,52,7,waiting,0,0,0
queue_aware,28,7,1,14.167460771124082,3.237343539065729,8.0,hold,40,45,0,42,54,8,waiting,0,0,0
queue_aware,29,0,0,6.351174926442693,6.4766067528263,4.254552956529777,approach,10,11,19,12,24,1,accept_clearance,1,0,0
queue_aware,29,1,1,12.76265646093427,10.167460771124082,8.0,hold,12,17,17,14,26,2,reject_stale,0,1,0
queue_aware,29,2,2,6.441802736465962,14.753673552142187,4.845939331814546,approach,14,14,15,16,28,3,accept_clearance,1,0,0
queue_aware,29,3,0,-0.1674607711240821,8.76265646093427,8.0,hold,24,28,5,26,38,4,reject_stale,0,1,0
queue_aware,29,4,1,5.502165736493294,5.088243856732431,7.408613624715228,approach,26,27,3,28,40,5,accept_clearance,1,0,0
queue_aware,29,5,2,4.23734353906573,7.832539228875918,8.0,hold,28,34,1,30,42,6,waiting,0,0,0
queue_aware,29,6,0,4.993346653975306,1.099667110793792,8.0,hold,38,40,0,40,52,7,waiting,0,0,0
queue_aware,29,7,1,14.167460771124082,3.237343539065729,8.0,hold,40,45,0,42,54,8,waiting,0,0,0
queue_aware,30,0,0,6.217008717876192,6.449409915923721,4.057424164768186,approach,10,11,20,12,24,1,accept_clearance,1,0,0
queue_aware,30,1,1,12.76265646093427,10.167460771124082,8.0,hold,12,17,18,14,26,2,reject_stale,0,1,0
queue_aware,30,2,2,6.468999573368541,14.619507343575687,4.648810540052955,approach,14,14,16,16,28,3,accept_clearance,1,0,0
queue_aware,30,3,0,-0.1674607711240821,8.76265646093427,8.0,hold,24,28,6,26,38,4,reject_stale,0,1,0
queue_aware,30,4,1,5.636331945059794,5.11544069363501,7.211484832953637,approach,26,27,4,28,40,5,accept_clearance,1,0,0
queue_aware,30,5,2,4.23734353906573,7.832539228875918,8.0,hold,28,34,2,30,42,6,waiting,0,0,0
queue_aware,30,6,0,4.993346653975306,1.099667110793792,8.0,hold,38,40,0,40,52,7,waiting,0,0,0
queue_aware,30,7,1,14.167460771124082,3.237343539065729,8.0,hold,40,45,0,42,54,8,waiting,0,0,0
queue_aware,31,0,0,6.082842509309692,6.422213079021142,3.8602953730065948,approach,10,11,21,12,24,1,accept_clearance,1,0,0
queue_aware,31,1,1,12.76265646093427,10.167460771124082,8.0,hold,12,17,19,14,26,2,reject_stale,0,1,0
queue_aware,31,2,2,6.4961964102711205,14.485341135009186,4.451681748291365,approach,14,14,17,16,28,3,accept_clearance,1,0,0
queue_aware,31,3,0,-0.1674607711240821,8.76265646093427,8.0,hold,24,28,7,26,38,4,reject_stale,0,1,0
queue_aware,31,4,1,5.770498153626295,5.1426375305375895,7.0143560411920465,approach,26,27,5,28,40,5,accept_clearance,1,0,0
queue_aware,31,5,2,4.23734353906573,7.832539228875918,8.0,hold,28,34,3,30,42,6,waiting,0,0,0
queue_aware,31,6,0,4.993346653975306,1.099667110793792,8.0,hold,38,40,0,40,52,7,waiting,0,0,0
queue_aware,31,7,1,14.167460771124082,3.237343539065729,8.0,hold,40,45,0,42,54,8,waiting,0,0,0
queue_aware,32,0,0,5.948676300743191,6.395016242118563,3.6631665812450036,approach,10,11,22,12,24,1,accept_clearance,1,0,0
queue_aware,32,1,1,12.76265646093427,10.167460771124082,8.0,hold,12,17,20,14,26,2,reject_stale,0,1,0
queue_aware,32,2,2,6.5233932471737,14.351174926442685,4.254552956529773,approach,14,14,18,16,28,3,accept_clearance,1,0,0
queue_aware,32,3,0,-0.1674607711240821,8.76265646093427,8.0,hold,24,28,8,26,38,4,reject_stale,0,1,0
queue_aware,32,4,1,5.904664362192795,5.169834367440169,6.817227249430456,approach,26,27,6,28,40,5,accept_clearance,1,0,0
queue_aware,32,5,2,4.23734353906573,7.832539228875918,8.0,hold,28,34,4,30,42,6,waiting,0,0,0
queue_aware,32,6,0,4.993346653975306,1.099667110793792,8.0,hold,38,40,0,40,52,7,waiting,0,0,0
queue_aware,32,7,1,14.167460771124082,3.237343539065729,8.0,hold,40,45,0,42,54,8,waiting,0,0,0
queue_aware,33,0,0,5.814510092176691,6.367819405215983,3.4660377894834125,approach,10,11,23,12,24,1,accept_clearance,1,0,0
queue_aware,33,1,1,12.76265646093427,10.167460771124082,8.0,hold,12,17,21,14,26,2,reject_stale,0,1,0
queue_aware,33,2,2,6.550590084076279,14.217008717876185,4.0574241647681815,approach,14,14,19,16,28,3,accept_clearance,1,0,0
queue_aware,33,3,0,-0.1674607711240821,8.76265646093427,8.0,hold,24,28,9,26,38,4,reject_stale,0,1,0
queue_aware,33,4,1,6.038830570759296,5.197031204342748,6.620098457668865,approach,26,27,7,28,40,5,accept_clearance,1,0,0
queue_aware,33,5,2,4.23734353906573,7.832539228875918,8.0,hold,28,34,5,30,42,6,waiting,0,0,0
queue_aware,33,6,0,4.993346653975306,1.099667110793792,8.0,hold,38,40,0,40,52,7,waiting,0,0,0
queue_aware,33,7,1,14.167460771124082,3.237343539065729,8.0,hold,40,45,0,42,54,8,waiting,0,0,0
queue_aware,34,0,0,5.68034388361019,6.340622568313404,3.2689089977218213,approach,10,11,24,12,24,1,accept_clearance,1,0,0
queue_aware,34,1,1,12.76265646093427,10.167460771124082,8.0,hold,12,17,22,14,26,2,reject_stale,0,1,0
queue_aware,34,2,2,6.577786920978858,14.082842509309685,3.8602953730065903,approach,14,14,20,16,28,3,accept_clearance,1,0,0
queue_aware,34,3,0,-0.1674607711240821,8.76265646093427,8.0,hold,24,28,10,26,38,4,reject_stale,0,1,0
queue_aware,34,4,1,6.172996779325796,5.224228041245327,6.422969665907274,approach,26,27,8,28,40,5,accept_clearance,1,0,0
queue_aware,34,5,2,4.23734353906573,7.832539228875918,8.0,hold,28,34,6,30,42,6,reject_stale,0,1,0
queue_aware,34,6,0,4.993346653975306,1.099667110793792,8.0,hold,38,40,0,40,52,7,waiting,0,0,0
queue_aware,34,7,1,14.167460771124082,3.237343539065729,8.0,hold,40,45,0,42,54,8,waiting,0,0,0
queue_aware,35,0,0,5.5461776750436895,6.313425731410825,3.07178020596023,approach,10,11,25,12,24,1,accept_clearance,1,0,0
queue_aware,35,1,1,12.76265646093427,10.167460771124082,8.0,hold,12,17,23,14,26,2,reject_stale,0,1,0
queue_aware,35,2,2,6.604983757881437,13.948676300743184,3.663166581244999,approach,14,14,21,16,28,3,accept_clearance,1,0,0
queue_aware,35,3,0,-0.1674607711240821,8.76265646093427,8.0,hold,24,28,11,26,38,4,reject_stale,0,1,0
queue_aware,35,4,1,6.307162987892297,5.2514248781479065,6.225840874145684,approach,26,27,9,28,40,5,accept_clearance,1,0,0
queue_aware,35,5,2,4.23734353906573,7.832539228875918,8.0,hold,28,34,7,30,42,6,reject_stale,0,1,0
queue_aware,35,6,0,4.993346653975306,1.099667110793792,8.0,hold,38,40,0,40,52,7,waiting,0,0,0
queue_aware,35,7,1,14.167460771124082,3.237343539065729,8.0,hold,40,45,0,42,54,8,waiting,0,0,0
queue_aware,36,0,0,5.412011466477189,6.286228894508246,2.874651414198639,approach,10,11,26,12,24,1,accept_clearance,1,0,0
queue_aware,36,1,1,12.76265646093427,10.167460771124082,8.0,hold,12,17,24,14,26,2,reject_stale,0,1,0
queue_aware,36,2,2,6.632180594784017,13.814510092176683,3.466037789483408,approach,14,14,22,16,28,3,accept_clearance,1,0,0
queue_aware,36,3,0,-0.1674607711240821,8.76265646093427,8.0,hold,24,28,12,26,38,4,reject_stale,0,1,0
queue_aware,36,4,1,6.441329196458797,5.278621715050486,6.028712082384093,approach,26,27,10,28,40,5,accept_clearance,1,0,0
queue_aware,36,5,2,4.23734353906573,7.832539228875918,8.0,hold,28,34,8,30,42,6,reject_stale,0,1,0
queue_aware,36,6,0,4.993346653975306,1.099667110793792,8.0,hold,38,40,0,40,52,7,waiting,0,0,0
queue_aware,36,7,1,14.167460771124082,3.237343539065729,8.0,hold,40,45,0,42,54,8,waiting,0,0,0
queue_aware,37,0,0,5.2778452579106885,6.259032057605666,2.677522622437048,approach,10,11,27,12,24,1,accept_clearance,1,0,0
queue_aware,37,1,1,12.76265646093427,10.167460771124082,8.0,hold,12,17,25,14,26,2,reject_stale,0,1,0
queue_aware,37,2,2,6.659377431686596,13.680343883610183,3.268908997721817,approach,14,14,23,16,28,3,accept_clearance,1,0,0
queue_aware,37,3,0,-0.1674607711240821,8.76265646093427,8.0,hold,24,28,13,26,38,4,reject_stale,0,1,0
queue_aware,37,4,1,6.575495405025298,5.305818551953065,5.831583290622502,approach,26,27,11,28,40,5,accept_clearance,1,0,0
queue_aware,37,5,2,4.23734353906573,7.832539228875918,8.0,hold,28,34,9,30,42,6,reject_stale,0,1,0
queue_aware,37,6,0,4.993346653975306,1.099667110793792,8.0,hold,38,40,0,40,52,7,waiting,0,0,0
queue_aware,37,7,1,14.167460771124082,3.237343539065729,8.0,hold,40,45,0,42,54,8,waiting,0,0,0
queue_aware,38,0,0,5.143679049344188,6.231835220703087,2.4803938306754567,approach,10,11,28,12,24,1,accept_clearance,1,0,0
queue_aware,38,1,1,12.76265646093427,10.167460771124082,8.0,hold,12,17,26,14,26,2,reject_stale,0,1,0
queue_aware,38,2,2,6.686574268589175,13.546177675043683,3.0717802059602257,approach,14,14,24,16,28,3,accept_clearance,1,0,0
queue_aware,38,3,0,-0.1674607711240821,8.76265646093427,8.0,hold,24,28,14,26,38,4,reject_stale,0,1,0
queue_aware,38,4,1,6.709661613591798,5.333015388855644,5.6344544988609115,approach,26,27,12,28,40,5,accept_clearance,1,0,0
queue_aware,38,5,2,4.23734353906573,7.832539228875918,8.0,hold,28,34,10,30,42,6,reject_stale,0,1,0
queue_aware,38,6,0,4.993346653975306,1.099667110793792,8.0,hold,38,40,0,40,52,7,waiting,0,0,0
queue_aware,38,7,1,14.167460771124082,3.237343539065729,8.0,hold,40,45,0,42,54,8,waiting,0,0,0
queue_aware,39,0,0,5.009512840777687,6.204638383800508,2.283265038913866,approach,10,11,29,12,24,1,accept_clearance,1,0,0
queue_aware,39,1,1,12.76265646093427,10.167460771124082,8.0,hold,12,17,27,14,26,2,reject_stale,0,1,0
queue_aware,39,2,2,6.713771105491754,13.412011466477182,2.8746514141986346,approach,14,14,25,16,28,3,accept_clearance,1,0,0
queue_aware,39,3,0,-0.1674607711240821,8.76265646093427,8.0,hold,24,28,15,26,38,4,reject_stale,0,1,0
queue_aware,39,4,1,6.843827822158299,5.360212225758223,5.437325707099321,approach,26,27,13,28,40,5,accept_clearance,1,0,0
queue_aware,39,5,2,4.23734353906573,7.832539228875918,8.0,hold,28,34,11,30,42,6,reject_stale,0,1,0
queue_aware,39,6,0,4.993346653975306,1.099667110793792,8.0,hold,38,40,1,40,52,7,waiting,0,0,0
queue_aware,39,7,1,14.167460771124082,3.237343539065729,8.0,hold,40,45,0,42,54,8,waiting,0,0,0
queue_aware,40,0,0,4.875346632211187,6.177441546897929,2.0861362471522753,approach,10,11,30,12,24,1,accept_clearance,1,0,0
queue_aware,40,1,1,12.76265646093427,10.167460771124082,8.0,hold,12,17,28,14,26,2,reject_stale,0,1,0
queue_aware,40,2,2,6.740967942394334,13.27784525791068,2.6775226224370434,approach,14,14,26,16,28,3,accept_clearance,1,0,0
queue_aware,40,3,0,-0.1674607711240821,8.76265646093427,8.0,hold,24,28,16,26,38,4,reject_stale,0,1,0
queue_aware,40,4,1,6.977994030724799,5.387409062660803,5.24019691533773,approach,26,27,14,28,40,5,accept_clearance,1,0,0
queue_aware,40,5,2,4.23734353906573,7.832539228875918,8.0,hold,28,34,12,30,42,6,reject_stale,0,1,0
queue_aware,40,6,0,4.9661498170727265,1.2338333193602928,7.802871208238409,approach,38,40,2,40,52,7,accept_clearance,1,0,0
queue_aware,40,7,1,14.167460771124082,3.237343539065729,8.0,hold,40,45,0,42,54,8,waiting,0,0,0
queue_aware,41,0,0,4.741180423644686,6.150244709995349,1.8890074553906844,approach,10,11,31,12,24,1,accept_clearance,1,0,0
queue_aware,41,1,1,12.76265646093427,10.167460771124082,8.0,hold,12,17,29,14,26,2,reject_stale,0,1,0
queue_aware,41,2,2,6.768164779296913,13.14367904934418,2.4803938306754523,approach,14,14,27,16,28,3,accept_clearance,1,0,0
queue_aware,41,3,0,-0.1674607711240821,8.76265646093427,8.0,hold,24,28,17,26,38,4,reject_stale,0,1,0
queue_aware,41,4,1,7.1121602392913,5.414605899563382,5.043068123576139,approach,26,27,15,28,40,5,accept_clearance,1,0,0
queue_aware,41,5,2,4.23734353906573,7.832539228875918,8.0,hold,28,34,13,30,42,6,reject_stale,0,1,0
queue_aware,41,6,0,4.938952980170147,1.3679995279267936,7.605742416476819,approach,38,40,3,40,52,7,accept_clearance,1,0,0
queue_aware,41,7,1,14.167460771124082,3.237343539065729,8.0,hold,40,45,1,42,54,8,waiting,0,0,0
queue_aware,42,0,0,4.607767947388643,6.123200662196186,1.6929861134203612,approach,10,11,32,12,24,1,accept_clearance,1,0,0
queue_aware,42,1,1,12.76265646093427,10.167460771124082,8.0,hold,12,17,30,14,26,2,reject_stale,0,1,0
queue_aware,42,2,2,6.795361616199493,13.009512840777681,2.283265038913861,approach,14,14,28,16,28,3,accept_clearance,1,0,0
queue_aware,42,3,0,-0.1674607711240821,8.76265646093427,8.0,hold,24,28,18,26,38,4,reject_stale,0,1,0
queue_aware,42,4,1,7.2463264478578004,5.441802736465961,4.845939331814549,approach,26,27,16,28,40,5,accept_clearance,1,0,0
queue_aware,42,5,2,4.23734353906573,7.832539228875918,8.0,hold,28,34,14,30,42,6,reject_stale,0,1,0
queue_aware,42,6,0,4.911756143267568,1.5021657364932943,7.408613624715228,approach,38,40,4,40,52,7,accept_clearance,1,0,0
queue_aware,42,7,1,14.167460771124082,3.237343539065729,8.0,hold,40,45,2,42,54,8,waiting,0,0,0
queue_aware,43,0,0,4.498369716858687,6.1010245430008725,1.5322486130046962,approach,10,11,33,12,24,1,accept_clearance,1,0,0
queue_aware,43,1,1,12.76265646093427,10.167460771124082,8.0,hold,12,17,31,14,26,2,reject_stale,0,1,0
queue_aware,43,2,2,6.822558453102072,12.87534663221118,2.08613624715227,approach,14,14,29,16,28,3,accept_clearance,1,0,0
queue_aware,43,3,0,-0.1674607711240821,8.76265646093427,8.0,hold,24,28,19,26,38,4,reject_stale,0,1,0
queue_aware,43,4,1,7.380492656424301,5.46899957336854,4.648810540052958,approach,26,27,17,28,40,5,accept_clearance,1,0,0
queue_aware,43,5,2,4.23734353906573,7.832539228875918,8.0,hold,28,34,15,30,42,6,reject_stale,0,1,0
queue_aware,43,6,0,4.884559306364989,1.636331945059795,7.211484832953637,approach,38,40,5,40,52,7,accept_clearance,1,0,0
queue_aware,43,7,1,14.167460771124082,3.237343539065729,8.0,hold,40,45,3,42,54,8,waiting,0,0,0
queue_aware,44,0,0,4.408663167824123,6.082840125260716,1.400443862663851,approach,10,11,34,12,24,1,accept_clearance,1,0,0
queue_aware,44,1,1,12.76265646093427,10.167460771124082,8.0,hold,12,17,32,14,26,2,reject_stale,0,1,0
queue_aware,44,2,2,6.849755290004652,12.741180423644678,1.8890074553906788,approach,14,14,30,16,28,3,accept_clearance,1,0,0
queue_aware,44,3,0,-0.1674607711240821,8.76265646093427,8.0,hold,24,28,20,26,38,4,reject_stale,0,1,0
queue_aware,44,4,1,7.5146588649908015,5.49619641027112,4.451681748291367,approach,26,27,18,28,40,5,accept_clearance,1,0,0
queue_aware,44,5,2,4.23734353906573,7.832539228875918,8.0,hold,28,34,16,30,42,6,reject_stale,0,1,0
queue_aware,44,6,0,4.85736246946241,1.7704981536262958,7.0143560411920465,approach,38,40,6,40,52,7,accept_clearance,1,0,0
queue_aware,44,7,1,14.167460771124082,3.237343539065729,8.0,hold,40,45,4,42,54,8,waiting,0,0,0
queue_aware,45,0,0,4.335103797615781,6.067928902713787,1.2923639673843577,approach,10,11,35,12,24,1,accept_clearance,1,0,0
queue_aware,45,1,1,12.76265646093427,10.167460771124082,8.0,hold,12,17,33,14,26,2,reject_stale,0,1,0
queue_aware,45,2,2,6.876799337803815,12.607767947388636,1.6929861134203565,approach,14,14,31,16,28,3,accept_clearance,1,0,0
queue_aware,45,3,0,-0.1674607711240821,8.76265646093427,8.0,hold,24,28,21,26,38,4,reject_stale,0,1,0
queue_aware,45,4,1,7.648825073557302,5.523393247173699,4.254552956529777,approach,26,27,19,28,40,5,accept_clearance,1,0,0
queue_aware,45,5,2,4.23734353906573,7.832539228875918,8.0,hold,28,34,17,30,42,6,reject_stale,0,1,0
queue_aware,45,6,0,4.83016563255983,1.9046643621927966,6.817227249430456,approach,38,40,7,40,52,7,accept_clearance,1,0,0
queue_aware,45,7,1,14.167460771124082,3.237343539065729,8.0,hold,40,45,5,42,54,8,reject_stale,0,1,0
queue_aware,46,0,0,4.27478511404494,6.055701700225305,1.2037384532551734,approach,10,11,36,12,24,1,accept_clearance,1,0,0
queue_aware,46,1,1,12.76265646093427,10.167460771124082,8.0,hold,12,17,34,14,26,2,reject_stale,0,1,0
queue_aware,46,2,2,6.898975456999128,12.498369716858681,1.5322486130046924,approach,14,14,32,16,28,3,accept_clearance,1,0,0
queue_aware,46,3,0,-0.1674607711240821,8.76265646093427,8.0,hold,24,28,22,26,38,4,reject_stale,0,1,0
queue_aware,46,4,1,7.7829912821238025,5.550590084076278,4.057424164768186,approach,26,27,20,28,40,5,accept_clearance,1,0,0
queue_aware,46,5,2,4.23734353906573,7.832539228875918,8.0,hold,28,34,18,30,42,6,reject_stale,0,1,0
queue_aware,46,6,0,4.802968795657251,2.0388305707592975,6.620098457668865,approach,38,40,8,40,52,7,accept_clearance,1,0,0
queue_aware,46,7,1,14.167460771124082,3.237343539065729,8.0,hold,40,45,6,42,54,8,reject_stale,0,1,0
queue_aware,47,0,0,4.225323793516851,6.045675394184751,1.1310655316692422,approach,10,11,37,12,24,1,accept_clearance,1,0,0
queue_aware,47,1,1,12.76265646093427,10.167460771124082,8.0,hold,12,17,35,14,26,2,reject_stale,0,1,0
queue_aware,47,2,2,6.917159874739285,12.408663167824118,1.4004438626638478,approach,14,14,33,16,28,3,accept_clearance,1,0,0
queue_aware,47,3,0,-0.1674607711240821,8.76265646093427,8.0,hold,24,28,23,26,38,4,reject_stale,0,1,0
queue_aware,47,4,1,7.917157490690303,5.577786920978857,3.860295373006595,approach,26,27,21,28,40,5,accept_clearance,1,0,0
queue_aware,47,5,2,4.23734353906573,7.832539228875918,8.0,hold,28,34,19,30,42,6,reject_stale,0,1,0
queue_aware,47,6,0,4.775771958754672,2.1729967793257985,6.422969665907274,approach,38,40,9,40,52,7,accept_clearance,1,0,0
queue_aware,47,7,1,14.167460771124082,3.237343539065729,8.0,hold,40,45,7,42,54,8,reject_stale,0,1,0
queue_aware,48,0,0,4.1847655106838175,6.037453823231496,1.0714737359687785,approach,10,11,38,12,24,1,accept_clearance,1,0,0
queue_aware,48,1,1,12.76265646093427,10.167460771124082,8.0,hold,12,17,36,14,26,2,reject_stale,0,1,0
queue_aware,48,2,2,6.932071097286214,12.335103797615776,1.2923639673843552,approach,14,14,34,16,28,3,accept_clearance,1,0,0
queue_aware,48,3,0,-0.1674607711240821,8.76265646093427,8.0,hold,24,28,24,26,38,4,reject_stale,0,1,0
queue_aware,48,4,1,8.051323699256804,5.6049837578814365,3.6631665812450045,approach,26,27,22,28,40,5,accept_clearance,1,0,0
queue_aware,48,5,2,4.23734353906573,7.832539228875918,8.0,hold,28,34,20,30,42,6,reject_stale,0,1,0
queue_aware,48,6,0,4.748575121852093,2.3071629878922995,6.225840874145684,approach,38,40,10,40,52,7,accept_clearance,1,0,0
queue_aware,48,7,1,14.167460771124082,3.237343539065729,8.0,hold,40,45,8,42,54,8,reject_stale,0,1,0
queue_aware,49,0,0,4.1515077187607305,6.030712135049827,1.0226084634943984,approach,10,11,39,12,24,1,accept_clearance,1,0,0
queue_aware,49,1,1,12.76265646093427,10.167460771124082,8.0,hold,12,17,37,14,26,2,reject_stale,0,1,0
queue_aware,49,2,2,6.944298299774696,12.274785114044937,1.2037384532551714,approach,14,14,35,16,28,3,accept_clearance,1,0,0
queue_aware,49,3,0,-0.1674607711240821,8.76265646093427,8.0,hold,24,28,25,26,38,4,reject_stale,0,1,0
queue_aware,49,4,1,8.185489907823305,5.632180594784016,3.466037789483414,approach,26,27,23,28,40,5,accept_clearance,1,0,0
queue_aware,49,5,2,4.23734353906573,7.832539228875918,8.0,hold,28,34,21,30,42,6,reject_stale,0,1,0
queue_aware,49,6,0,4.721378284949513,2.4413291964588004,6.028712082384093,approach,38,40,11,40,52,7,accept_clearance,1,0,0
queue_aware,49,7,1,14.167460771124082,3.237343539065729,8.0,hold,40,45,9,42,54,8,reject_stale,0,1,0
queue_aware,50,0,0,4.124236329383799,6.025183950740858,0.9825389400654067,approach,10,11,40,12,24,1,accept_clearance,1,0,0
queue_aware,50,1,1,12.76265646093427,10.167460771124082,8.0,hold,12,17,38,14,26,2,reject_stale,0,1,0
queue_aware,50,2,2,6.95432460581525,12.225323793516848,1.1310655316692406,approach,14,14,36,16,28,3,accept_clearance,1,0,0
queue_aware,50,3,0,-0.1674607711240821,8.76265646093427,8.0,hold,24,28,26,26,38,4,reject_stale,0,1,0
queue_aware,50,4,1,8.319656116389806,5.659377431686595,3.268908997721823,approach,26,27,24,28,40,5,accept_clearance,1,0,0
queue_aware,50,5,2,4.23734353906573,7.832539228875918,8.0,hold,28,34,22,30,42,6,reject_stale,0,1,0
queue_aware,50,6,0,4.694181448046934,2.5754954050253014,5.831583290622502,approach,38,40,12,40,52,7,accept_clearance,1,0,0
queue_aware,50,7,1,14.167460771124082,3.237343539065729,8.0,hold,40,45,10,42,54,8,reject_stale,0,1,0
queue_aware,51,0,0,4.0,6.0,0.8,landed,10,11,41,12,24,1,landed,1,0,0
queue_aware,51,1,1,12.76265646093427,10.167460771124082,8.0,hold,12,17,39,14,26,2,reject_stale,0,1,0
queue_aware,51,2,2,6.962546176768505,12.184765510683816,1.0714737359687774,approach,14,14,37,16,28,3,accept_clearance,1,0,0
queue_aware,51,3,0,-0.1674607711240821,8.76265646093427,8.0,hold,24,28,27,26,38,4,reject_stale,0,1,0
queue_aware,51,4,1,8.453822324956308,5.686574268589174,3.0717802059602324,approach,26,27,25,28,40,5,accept_clearance,1,0,0
queue_aware,51,5,2,4.23734353906573,7.832539228875918,8.0,hold,28,34,23,30,42,6,reject_stale,0,1,0
queue_aware,51,6,0,4.666984611144355,2.7096616135918024,5.6344544988609115,approach,38,40,13,40,52,7,accept_clearance,1,0,0
queue_aware,51,7,1,14.167460771124082,3.237343539065729,8.0,hold,40,45,11,42,54,8,reject_stale,0,1,0
queue_aware,52,0,0,4.0,6.0,0.8,landed,10,11,42,12,24,1,landed,1,0,0
queue_aware,52,1,1,12.76265646093427,10.167460771124082,8.0,hold,12,17,40,14,26,2,reject_stale,0,1,0
queue_aware,52,2,2,6.969287864950174,12.15150771876073,1.0226084634943975,approach,14,14,38,16,28,3,accept_clearance,1,0,0
queue_aware,52,3,0,-0.1674607711240821,8.76265646093427,8.0,hold,24,28,28,26,38,4,reject_stale,0,1,0
queue_aware,52,4,1,8.58798853352281,5.7137711054917535,2.8746514141986417,approach,26,27,26,28,40,5,accept_clearance,1,0,0
queue_aware,52,5,2,4.23734353906573,7.832539228875918,8.0,hold,28,34,24,30,42,6,reject_stale,0,1,0
queue_aware,52,6,0,4.639787774241776,2.8438278221583033,5.437325707099321,approach,38,40,14,40,52,7,accept_clearance,1,0,0
queue_aware,52,7,1,14.167460771124082,3.237343539065729,8.0,hold,40,45,12,42,54,8,reject_stale,0,1,0
queue_aware,53,0,0,4.0,6.0,0.8,landed,10,11,43,12,24,1,landed,1,0,0
queue_aware,53,1,1,12.76265646093427,10.167460771124082,8.0,hold,12,17,41,14,26,2,reject_stale,0,1,0
queue_aware,53,2,2,6.974816049259143,12.124236329383798,0.982538940065406,approach,14,14,39,16,28,3,accept_clearance,1,0,0
queue_aware,53,3,0,-0.1674607711240821,8.76265646093427,8.0,hold,24,28,29,26,38,4,reject_stale,0,1,0
queue_aware,53,4,1,8.72215474208931,5.740967942394333,2.6775226224370505,approach,26,27,27,28,40,5,accept_clearance,1,0,0
queue_aware,53,5,2,4.23734353906573,7.832539228875918,8.0,hold,28,34,25,30,42,6,reject_stale,0,1,0
queue_aware,53,6,0,4.6125909373391965,2.977994030724804,5.24019691533773,approach,38,40,15,40,52,7,accept_clearance,1,0,0
queue_aware,53,7,1,14.167460771124082,3.237343539065729,8.0,hold,40,45,13,42,54,8,reject_stale,0,1,0
queue_aware,54,0,0,4.0,6.0,0.8,landed,10,11,44,12,24,1,landed,1,0,0
queue_aware,54,1,1,12.76265646093427,10.167460771124082,8.0,hold,12,17,42,14,26,2,reject_stale,0,1,0
queue_aware,54,2,2,7.0,12.0,0.8,landed,14,14,40,16,28,3,landed,1,0,0
queue_aware,54,3,0,-0.1674607711240821,8.76265646093427,8.0,hold,24,28,30,26,38,4,reject_stale,0,1,0
queue_aware,54,4,1,8.856320950655812,5.768164779296912,2.4803938306754594,approach,26,27,28,28,40,5,accept_clearance,1,0,0
queue_aware,54,5,2,4.23734353906573,7.832539228875918,8.0,hold,28,34,26,30,42,6,reject_stale,0,1,0
queue_aware,54,6,0,4.585394100436617,3.1121602392913044,5.043068123576139,approach,38,40,16,40,52,7,accept_clearance,1,0,0
queue_aware,54,7,1,14.167460771124082,3.237343539065729,8.0,hold,40,45,14,42,54,8,reject_stale,0,1,0
queue_aware,55,0,0,4.0,6.0,0.8,landed,10,11,45,12,24,1,landed,1,0,0
queue_aware,55,1,1,12.76265646093427,10.167460771124082,8.0,hold,12,17,43,14,26,2,reject_stale,0,1,0
queue_aware,55,2,2,7.0,12.0,0.8,landed,14,14,41,16,28,3,landed,1,0,0
queue_aware,55,3,0,-0.1674607711240821,8.76265646093427,8.0,hold,24,28,31,26,38,4,reject_stale,0,1,0
queue_aware,55,4,1,8.990487159222313,5.795361616199491,2.2832650389138682,approach,26,27,29,28,40,5,accept_clearance,1,0,0
queue_aware,55,5,2,4.23734353906573,7.832539228875918,8.0,hold,28,34,27,30,42,6,reject_stale,0,1,0
queue_aware,55,6,0,4.558197263534038,3.246326447857805,4.845939331814549,approach,38,40,17,40,52,7,accept_clearance,1,0,0
queue_aware,55,7,1,14.167460771124082,3.237343539065729,8.0,hold,40,45,15,42,54,8,reject_stale,0,1,0
queue_aware,56,0,0,4.0,6.0,0.8,landed,10,11,46,12,24,1,landed,1,0,0
queue_aware,56,1,1,12.76265646093427,10.167460771124082,8.0,hold,12,17,44,14,26,2,reject_stale,0,1,0
queue_aware,56,2,2,7.0,12.0,0.8,landed,14,14,42,16,28,3,landed,1,0,0
queue_aware,56,3,0,-0.1674607711240821,8.76265646093427,8.0,hold,24,28,32,26,38,4,reject_stale,0,1,0
queue_aware,56,4,1,9.124653367788815,5.822558453102071,2.086136247152277,approach,26,27,30,28,40,5,accept_clearance,1,0,0
queue_aware,56,5,2,4.23734353906573,7.832539228875918,8.0,hold,28,34,28,30,42,6,reject_stale,0,1,0
queue_aware,56,6,0,4.531000426631459,3.3804926564243054,4.648810540052958,approach,38,40,18,40,52,7,accept_clearance,1,0,0
queue_aware,56,7,1,14.167460771124082,3.237343539065729,8.0,hold,40,45,16,42,54,8,reject_stale,0,1,0
queue_aware,57,0,0,4.0,6.0,0.8,landed,10,11,47,12,24,1,landed,1,0,0
queue_aware,57,1,1,12.76265646093427,10.167460771124082,8.0,hold,12,17,45,14,26,2,reject_stale,0,1,0
queue_aware,57,2,2,7.0,12.0,0.8,landed,14,14,43,16,28,3,landed,1,0,0
queue_aware,57,3,0,-0.1674607711240821,8.76265646093427,8.0,hold,24,28,33,26,38,4,reject_stale,0,1,0
queue_aware,57,4,1,9.258819576355316,5.8497552900046506,1.889007455390686,approach,26,27,31,28,40,5,accept_clearance,1,0,0
queue_aware,57,5,2,4.23734353906573,7.832539228875918,8.0,hold,28,34,29,30,42,6,reject_stale,0,1,0
queue_aware,57,6,0,4.5038035897288795,3.514658864990806,4.451681748291367,approach,38,40,19,40,52,7,accept_clearance,1,0,0
queue_aware,57,7,1,14.167460771124082,3.237343539065729,8.0,hold,40,45,17,42,54,8,reject_stale,0,1,0
queue_aware,58,0,0,4.0,6.0,0.8,landed,10,11,48,12,24,1,landed,1,0,0
queue_aware,58,1,1,12.76265646093427,10.167460771124082,8.0,hold,12,17,46,14,26,2,reject_stale,0,1,0
queue_aware,58,2,2,7.0,12.0,0.8,landed,14,14,44,16,28,3,landed,1,0,0
queue_aware,58,3,0,-0.1674607711240821,8.76265646093427,8.0,hold,24,28,34,26,38,4,reject_stale,0,1,0
queue_aware,58,4,1,9.392232052611359,5.8767993378038135,1.6929861134203625,approach,26,27,32,28,40,5,accept_clearance,1,0,0
queue_aware,58,5,2,4.23734353906573,7.832539228875918,8.0,hold,28,34,30,30,42,6,reject_stale,0,1,0
queue_aware,58,6,0,4.4766067528263,3.648825073557307,4.254552956529777,approach,38,40,20,40,52,7,accept_clearance,1,0,0
queue_aware,58,7,1,14.167460771124082,3.237343539065729,8.0,hold,40,45,18,42,54,8,reject_stale,0,1,0
queue_aware,59,0,0,4.0,6.0,0.8,landed,10,11,49,12,24,1,landed,1,0,0
queue_aware,59,1,1,12.76265646093427,10.167460771124082,8.0,hold,12,17,47,14,26,2,reject_stale,0,1,0
queue_aware,59,2,2,7.0,12.0,0.8,landed,14,14,45,16,28,3,landed,1,0,0
queue_aware,59,3,0,-0.1674607711240821,8.76265646093427,8.0,hold,24,28,35,26,38,4,reject_stale,0,1,0
queue_aware,59,4,1,9.501630283141314,5.898975456999127,1.5322486130046973,approach,26,27,33,28,40,5,accept_clearance,1,0,0
queue_aware,59,5,2,4.23734353906573,7.832539228875918,8.0,hold,28,34,31,30,42,6,reject_stale,0,1,0
queue_aware,59,6,0,4.449409915923721,3.782991282123808,4.057424164768186,approach,38,40,21,40,52,7,accept_clearance,1,0,0
queue_aware,59,7,1,14.167460771124082,3.237343539065729,8.0,hold,40,45,19,42,54,8,reject_stale,0,1,0
queue_aware,60,0,0,4.0,6.0,0.8,landed,10,11,50,12,24,1,landed,1,0,0
queue_aware,60,1,1,12.76265646093427,10.167460771124082,8.0,hold,12,17,48,14,26,2,reject_stale,0,1,0
queue_aware,60,2,2,7.0,12.0,0.8,landed,14,14,46,16,28,3,landed,1,0,0
queue_aware,60,3,0,-0.1674607711240821,8.76265646093427,8.0,hold,24,28,36,26,38,4,reject_stale,0,1,0
queue_aware,60,4,1,9.591336832175877,5.9171598747392835,1.4004438626638518,approach,26,27,34,28,40,5,accept_clearance,1,0,0
queue_aware,60,5,2,4.23734353906573,7.832539228875918,8.0,hold,28,34,32,30,42,6,reject_stale,0,1,0
queue_aware,60,6,0,4.422213079021142,3.9171574906903084,3.8602953730065948,approach,38,40,22,40,52,7,accept_clearance,1,0,0
queue_aware,60,7,1,14.167460771124082,3.237343539065729,8.0,hold,40,45,20,42,54,8,reject_stale,0,1,0
queue_aware,61,0,0,4.0,6.0,0.8,landed,10,11,51,12,24,1,landed,1,0,0
queue_aware,61,1,1,12.76265646093427,10.167460771124082,8.0,hold,12,17,49,14,26,2,reject_stale,0,1,0
queue_aware,61,2,2,7.0,12.0,0.8,landed,14,14,47,16,28,3,landed,1,0,0
queue_aware,61,3,0,-0.1674607711240821,8.76265646093427,8.0,hold,24,28,37,26,38,4,reject_stale,0,1,0
queue_aware,61,4,1,9.664896202384218,5.9320710972862125,1.2923639673843585,approach,26,27,35,28,40,5,accept_clearance,1,0,0
queue_aware,61,5,2,4.23734353906573,7.832539228875918,8.0,hold,28,34,33,30,42,6,reject_stale,0,1,0
queue_aware,61,6,0,4.395016242118563,4.051323699256809,3.6631665812450036,approach,38,40,23,40,52,7,accept_clearance,1,0,0
queue_aware,61,7,1,14.167460771124082,3.237343539065729,8.0,hold,40,45,21,42,54,8,reject_stale,0,1,0
queue_aware,62,0,0,4.0,6.0,0.8,landed,10,11,52,12,24,1,landed,1,0,0
queue_aware,62,1,1,12.76265646093427,10.167460771124082,8.0,hold,12,17,50,14,26,2,reject_stale,0,1,0
queue_aware,62,2,2,7.0,12.0,0.8,landed,14,14,48,16,28,3,landed,1,0,0
queue_aware,62,3,0,-0.1674607711240821,8.76265646093427,8.0,hold,24,28,38,26,38,4,reject_stale,0,1,0
queue_aware,62,4,1,9.72521488595506,5.944298299774694,1.203738453255174,approach,26,27,36,28,40,5,accept_clearance,1,0,0
queue_aware,62,5,2,4.23734353906573,7.832539228875918,8.0,hold,28,34,34,30,42,6,reject_stale,0,1,0
queue_aware,62,6,0,4.367819405215983,4.185489907823309,3.4660377894834125,approach,38,40,24,40,52,7,accept_clearance,1,0,0
queue_aware,62,7,1,14.167460771124082,3.237343539065729,8.0,hold,40,45,22,42,54,8,reject_stale,0,1,0
queue_aware,63,0,0,4.0,6.0,0.8,landed,10,11,53,12,24,1,landed,1,0,0
queue_aware,63,1,1,12.76265646093427,10.167460771124082,8.0,hold,12,17,51,14,26,2,reject_stale,0,1,0
queue_aware,63,2,2,7.0,12.0,0.8,landed,14,14,49,16,28,3,landed,1,0,0
queue_aware,63,3,0,-0.1674607711240821,8.76265646093427,8.0,hold,24,28,39,26,38,4,reject_stale,0,1,0
queue_aware,63,4,1,9.774676206483148,5.954324605815249,1.1310655316692426,approach,26,27,37,28,40,5,accept_clearance,1,0,0
queue_aware,63,5,2,4.23734353906573,7.832539228875918,8.0,hold,28,34,35,30,42,6,reject_stale,0,1,0
queue_aware,63,6,0,4.340622568313404,4.31965611638981,3.2689089977218213,approach,38,40,25,40,52,7,accept_clearance,1,0,0
queue_aware,63,7,1,14.167460771124082,3.237343539065729,8.0,hold,40,45,23,42,54,8,reject_stale,0,1,0
queue_aware,64,0,0,4.0,6.0,0.8,landed,10,11,54,12,24,1,landed,1,0,0
queue_aware,64,1,1,12.76265646093427,10.167460771124082,8.0,hold,12,17,52,14,26,2,reject_stale,0,1,0
queue_aware,64,2,2,7.0,12.0,0.8,landed,14,14,50,16,28,3,landed,1,0,0
queue_aware,64,3,0,-0.1674607711240821,8.76265646093427,8.0,hold,24,28,40,26,38,4,reject_stale,0,1,0
queue_aware,64,4,1,9.815234489316182,5.962546176768504,1.071473735968779,approach,26,27,38,28,40,5,accept_clearance,1,0,0
queue_aware,64,5,2,4.23734353906573,7.832539228875918,8.0,hold,28,34,36,30,42,6,reject_stale,0,1,0
queue_aware,64,6,0,4.313425731410825,4.4538223249563105,3.07178020596023,approach,38,40,26,40,52,7,accept_clearance,1,0,0
queue_aware,64,7,1,14.167460771124082,3.237343539065729,8.0,hold,40,45,24,42,54,8,reject_stale,0,1,0
queue_aware,65,0,0,4.0,6.0,0.8,landed,10,11,55,12,24,1,landed,1,0,0
queue_aware,65,1,1,12.76265646093427,10.167460771124082,8.0,hold,12,17,53,14,26,2,reject_stale,0,1,0
queue_aware,65,2,2,7.0,12.0,0.8,landed,14,14,51,16,28,3,landed,1,0,0
queue_aware,65,3,0,-0.1674607711240821,8.76265646093427,8.0,hold,24,28,41,26,38,4,reject_stale,0,1,0
queue_aware,65,4,1,9.84849228123927,5.969287864950173,1.0226084634943988,approach,26,27,39,28,40,5,accept_clearance,1,0,0
queue_aware,65,5,2,4.23734353906573,7.832539228875918,8.0,hold,28,34,37,30,42,6,reject_stale,0,1,0
queue_aware,65,6,0,4.286228894508246,4.587988533522811,2.874651414198639,approach,38,40,27,40,52,7,accept_clearance,1,0,0
queue_aware,65,7,1,14.167460771124082,3.237343539065729,8.0,hold,40,45,25,42,54,8,reject_stale,0,1,0
queue_aware,66,0,0,4.0,6.0,0.8,landed,10,11,56,12,24,1,landed,1,0,0
queue_aware,66,1,1,12.76265646093427,10.167460771124082,8.0,hold,12,17,54,14,26,2,reject_stale,0,1,0
queue_aware,66,2,2,7.0,12.0,0.8,landed,14,14,52,16,28,3,landed,1,0,0
queue_aware,66,3,0,-0.1674607711240821,8.76265646093427,8.0,hold,24,28,42,26,38,4,reject_stale,0,1,0
queue_aware,66,4,1,9.875763670616202,5.974816049259142,0.9825389400654071,approach,26,27,40,28,40,5,accept_clearance,1,0,0
queue_aware,66,5,2,4.23734353906573,7.832539228875918,8.0,hold,28,34,38,30,42,6,reject_stale,0,1,0
queue_aware,66,6,0,4.259032057605666,4.7221547420893115,2.677522622437048,approach,38,40,28,40,52,7,accept_clearance,1,0,0
queue_aware,66,7,1,14.167460771124082,3.237343539065729,8.0,hold,40,45,26,42,54,8,reject_stale,0,1,0
queue_aware,67,0,0,4.0,6.0,0.8,landed,10,11,57,12,24,1,landed,1,0,0
queue_aware,67,1,1,12.76265646093427,10.167460771124082,8.0,hold,12,17,55,14,26,2,reject_stale,0,1,0
queue_aware,67,2,2,7.0,12.0,0.8,landed,14,14,53,16,28,3,landed,1,0,0
queue_aware,67,3,0,-0.1674607711240821,8.76265646093427,8.0,hold,24,28,43,26,38,4,reject_stale,0,1,0
queue_aware,67,4,1,10.0,6.0,0.8,landed,26,27,41,28,40,5,landed,1,0,0
queue_aware,67,5,2,4.23734353906573,7.832539228875918,8.0,hold,28,34,39,30,42,6,reject_stale,0,1,0
queue_aware,67,6,0,4.231835220703087,4.856320950655812,2.4803938306754567,approach,38,40,29,40,52,7,accept_clearance,1,0,0
queue_aware,67,7,1,14.167460771124082,3.237343539065729,8.0,hold,40,45,27,42,54,8,reject_stale,0,1,0
queue_aware,68,0,0,4.0,6.0,0.8,landed,10,11,58,12,24,1,landed,1,0,1
queue_aware,68,1,1,12.76265646093427,10.167460771124082,8.0,hold,12,17,56,14,26,2,reject_stale,0,1,1
queue_aware,68,2,2,7.0,12.0,0.8,landed,14,14,54,16,28,3,landed,1,0,1
queue_aware,68,3,0,-0.1674607711240821,8.76265646093427,8.0,hold,24,28,44,26,38,4,reject_stale,0,1,1
queue_aware,68,4,1,10.0,6.0,0.8,landed,26,27,42,28,40,5,landed,1,0,1
queue_aware,68,5,2,4.23734353906573,7.832539228875918,8.0,hold,28,34,40,30,42,6,reject_stale,0,1,1
queue_aware,68,6,0,4.204638383800508,4.990487159222313,2.283265038913866,approach,38,40,30,40,52,7,accept_clearance,1,0,1
queue_aware,68,7,1,14.167460771124082,3.237343539065729,8.0,hold,40,45,28,42,54,8,reject_stale,0,1,1
queue_aware,69,0,0,4.0,6.0,0.8,landed,10,11,59,12,24,1,landed,1,0,1
queue_aware,69,1,1,12.76265646093427,10.167460771124082,8.0,hold,12,17,57,14,26,2,reject_stale,0,1,1
queue_aware,69,2,2,7.0,12.0,0.8,landed,14,14,55,16,28,3,landed,1,0,1
queue_aware,69,3,0,-0.1674607711240821,8.76265646093427,8.0,hold,24,28,45,26,38,4,reject_stale,0,1,1
queue_aware,69,4,1,10.0,6.0,0.8,landed,26,27,43,28,40,5,landed,1,0,1
queue_aware,69,5,2,4.23734353906573,7.832539228875918,8.0,hold,28,34,41,30,42,6,reject_stale,0,1,1
queue_aware,69,6,0,4.177441546897929,5.124653367788813,2.0861362471522753,approach,38,40,31,40,52,7,accept_clearance,1,0,1
queue_aware,69,7,1,14.167460771124082,3.237343539065729,8.0,hold,40,45,29,42,54,8,reject_stale,0,1,1
queue_aware,70,0,0,4.0,6.0,0.8,landed,10,11,60,12,24,1,landed,1,0,1
queue_aware,70,1,1,12.76265646093427,10.167460771124082,8.0,hold,12,17,58,14,26,2,reject_stale,0,1,1
queue_aware,70,2,2,7.0,12.0,0.8,landed,14,14,56,16,28,3,landed,1,0,1
queue_aware,70,3,0,-0.1674607711240821,8.76265646093427,8.0,hold,24,28,46,26,38,4,reject_stale,0,1,1
queue_aware,70,4,1,10.0,6.0,0.8,landed,26,27,44,28,40,5,landed,1,0,1
queue_aware,70,5,2,4.23734353906573,7.832539228875918,8.0,hold,28,34,42,30,42,6,reject_stale,0,1,1
queue_aware,70,6,0,4.150244709995349,5.258819576355314,1.8890074553906844,approach,38,40,32,40,52,7,accept_clearance,1,0,1
queue_aware,70,7,1,14.167460771124082,3.237343539065729,8.0,hold,40,45,30,42,54,8,reject_stale,0,1,1
queue_aware,71,0,0,4.0,6.0,0.8,landed,10,11,61,12,24,1,landed,1,0,1
queue_aware,71,1,1,12.76265646093427,10.167460771124082,8.0,hold,12,17,59,14,26,2,reject_stale,0,1,1
queue_aware,71,2,2,7.0,12.0,0.8,landed,14,14,57,16,28,3,landed,1,0,1
queue_aware,71,3,0,-0.1674607711240821,8.76265646093427,8.0,hold,24,28,47,26,38,4,reject_stale,0,1,1
queue_aware,71,4,1,10.0,6.0,0.8,landed,26,27,45,28,40,5,landed,1,0,1
queue_aware,71,5,2,4.23734353906573,7.832539228875918,8.0,hold,28,34,43,30,42,6,reject_stale,0,1,1
queue_aware,71,6,0,4.123200662196186,5.392232052611357,1.6929861134203612,approach,38,40,33,40,52,7,accept_clearance,1,0,1
queue_aware,71,7,1,14.167460771124082,3.237343539065729,8.0,hold,40,45,31,42,54,8,reject_stale,0,1,1
queue_aware,72,0,0,4.0,6.0,0.8,landed,10,11,62,12,24,1,landed,1,0,1
queue_aware,72,1,1,12.76265646093427,10.167460771124082,8.0,hold,12,17,60,14,26,2,reject_stale,0,1,1
queue_aware,72,2,2,7.0,12.0,0.8,landed,14,14,58,16,28,3,landed,1,0,1
queue_aware,72,3,0,-0.1674607711240821,8.76265646093427,8.0,hold,24,28,48,26,38,4,reject_stale,0,1,1
queue_aware,72,4,1,10.0,6.0,0.8,landed,26,27,46,28,40,5,landed,1,0,1
queue_aware,72,5,2,4.23734353906573,7.832539228875918,8.0,hold,28,34,44,30,42,6,reject_stale,0,1,1
queue_aware,72,6,0,4.1010245430008725,5.501630283141313,1.5322486130046962,approach,38,40,34,40,52,7,accept_clearance,1,0,1
queue_aware,72,7,1,14.167460771124082,3.237343539065729,8.0,hold,40,45,32,42,54,8,reject_stale,0,1,1
queue_aware,73,0,0,4.0,6.0,0.8,landed,10,11,63,12,24,1,landed,1,0,1
queue_aware,73,1,1,12.76265646093427,10.167460771124082,8.0,hold,12,17,61,14,26,2,reject_stale,0,1,1
queue_aware,73,2,2,7.0,12.0,0.8,landed,14,14,59,16,28,3,landed,1,0,1
queue_aware,73,3,0,-0.1674607711240821,8.76265646093427,8.0,hold,24,28,49,26,38,4,reject_stale,0,1,1
queue_aware,73,4,1,10.0,6.0,0.8,landed,26,27,47,28,40,5,landed,1,0,1
queue_aware,73,5,2,4.23734353906573,7.832539228875918,8.0,hold,28,34,45,30,42,6,reject_stale,0,1,1
queue_aware,73,6,0,4.082840125260716,5.591336832175877,1.400443862663851,approach,38,40,35,40,52,7,accept_clearance,1,0,1
queue_aware,73,7,1,14.167460771124082,3.237343539065729,8.0,hold,40,45,33,42,54,8,reject_stale,0,1,1
queue_aware,74,0,0,4.0,6.0,0.8,landed,10,11,64,12,24,1,landed,1,0,1
queue_aware,74,1,1,12.76265646093427,10.167460771124082,8.0,hold,12,17,62,14,26,2,reject_stale,0,1,1
queue_aware,74,2,2,7.0,12.0,0.8,landed,14,14,60,16,28,3,landed,1,0,1
queue_aware,74,3,0,-0.1674607711240821,8.76265646093427,8.0,hold,24,28,50,26,38,4,reject_stale,0,1,1
queue_aware,74,4,1,10.0,6.0,0.8,landed,26,27,48,28,40,5,landed,1,0,1
queue_aware,74,5,2,4.23734353906573,7.832539228875918,8.0,hold,28,34,46,30,42,6,reject_stale,0,1,1
queue_aware,74,6,0,4.067928902713787,5.664896202384219,1.2923639673843577,approach,38,40,36,40,52,7,accept_clearance,1,0,1
queue_aware,74,7,1,14.167460771124082,3.237343539065729,8.0,hold,40,45,34,42,54,8,reject_stale,0,1,1
queue_aware,75,0,0,4.0,6.0,0.8,landed,10,11,65,12,24,1,landed,1,0,1
queue_aware,75,1,1,12.76265646093427,10.167460771124082,8.0,hold,12,17,63,14,26,2,reject_stale,0,1,1
queue_aware,75,2,2,7.0,12.0,0.8,landed,14,14,61,16,28,3,landed,1,0,1
queue_aware,75,3,0,-0.1674607711240821,8.76265646093427,8.0,hold,24,28,51,26,38,4,reject_stale,0,1,1
queue_aware,75,4,1,10.0,6.0,0.8,landed,26,27,49,28,40,5,landed,1,0,1
queue_aware,75,5,2,4.23734353906573,7.832539228875918,8.0,hold,28,34,47,30,42,6,reject_stale,0,1,1
queue_aware,75,6,0,4.055701700225305,5.72521488595506,1.2037384532551734,approach,38,40,37,40,52,7,accept_clearance,1,0,1
queue_aware,75,7,1,14.167460771124082,3.237343539065729,8.0,hold,40,45,35,42,54,8,reject_stale,0,1,1
queue_aware,76,0,0,4.0,6.0,0.8,landed,10,11,66,12,24,1,landed,1,0,1
queue_aware,76,1,1,12.76265646093427,10.167460771124082,8.0,hold,12,17,64,14,26,2,reject_stale,0,1,1
queue_aware,76,2,2,7.0,12.0,0.8,landed,14,14,62,16,28,3,landed,1,0,1
queue_aware,76,3,0,-0.1674607711240821,8.76265646093427,8.0,hold,24,28,52,26,38,4,reject_stale,0,1,1
queue_aware,76,4,1,10.0,6.0,0.8,landed,26,27,50,28,40,5,landed,1,0,1
queue_aware,76,5,2,4.23734353906573,7.832539228875918,8.0,hold,28,34,48,30,42,6,reject_stale,0,1,1
queue_aware,76,6,0,4.045675394184751,5.774676206483149,1.1310655316692422,approach,38,40,38,40,52,7,accept_clearance,1,0,1
queue_aware,76,7,1,14.167460771124082,3.237343539065729,8.0,hold,40,45,36,42,54,8,reject_stale,0,1,1
queue_aware,77,0,0,4.0,6.0,0.8,landed,10,11,67,12,24,1,landed,1,0,1
queue_aware,77,1,1,12.76265646093427,10.167460771124082,8.0,hold,12,17,65,14,26,2,reject_stale,0,1,1
queue_aware,77,2,2,7.0,12.0,0.8,landed,14,14,63,16,28,3,landed,1,0,1
queue_aware,77,3,0,-0.1674607711240821,8.76265646093427,8.0,hold,24,28,53,26,38,4,reject_stale,0,1,1
queue_aware,77,4,1,10.0,6.0,0.8,landed,26,27,51,28,40,5,landed,1,0,1
queue_aware,77,5,2,4.23734353906573,7.832539228875918,8.0,hold,28,34,49,30,42,6,reject_stale,0,1,1
queue_aware,77,6,0,4.037453823231496,5.8152344893161825,1.0714737359687785,approach,38,40,39,40,52,7,accept_clearance,1,0,1
queue_aware,77,7,1,14.167460771124082,3.237343539065729,8.0,hold,40,45,37,42,54,8,reject_stale,0,1,1
queue_aware,78,0,0,4.0,6.0,0.8,landed,10,11,68,12,24,1,landed,1,0,1
queue_aware,78,1,1,12.76265646093427,10.167460771124082,8.0,hold,12,17,66,14,26,2,reject_stale,0,1,1
queue_aware,78,2,2,7.0,12.0,0.8,landed,14,14,64,16,28,3,landed,1,0,1
queue_aware,78,3,0,-0.1674607711240821,8.76265646093427,8.0,hold,24,28,54,26,38,4,reject_stale,0,1,1
queue_aware,78,4,1,10.0,6.0,0.8,landed,26,27,52,28,40,5,landed,1,0,1
queue_aware,78,5,2,4.23734353906573,7.832539228875918,8.0,hold,28,34,50,30,42,6,reject_stale,0,1,1
queue_aware,78,6,0,4.030712135049827,5.8484922812392695,1.0226084634943984,approach,38,40,40,40,52,7,accept_clearance,1,0,1
queue_aware,78,7,1,14.167460771124082,3.237343539065729,8.0,hold,40,45,38,42,54,8,reject_stale,0,1,1
queue_aware,79,0,0,4.0,6.0,0.8,landed,10,11,69,12,24,1,landed,1,0,1
queue_aware,79,1,1,12.76265646093427,10.167460771124082,8.0,hold,12,17,67,14,26,2,reject_stale,0,1,1
queue_aware,79,2,2,7.0,12.0,0.8,landed,14,14,65,16,28,3,landed,1,0,1
queue_aware,79,3,0,-0.1674607711240821,8.76265646093427,8.0,hold,24,28,55,26,38,4,reject_stale,0,1,1
queue_aware,79,4,1,10.0,6.0,0.8,landed,26,27,53,28,40,5,landed,1,0,1
queue_aware,79,5,2,4.23734353906573,7.832539228875918,8.0,hold,28,34,51,30,42,6,reject_stale,0,1,1
queue_aware,79,6,0,4.025183950740858,5.875763670616201,0.9825389400654067,approach,38,40,41,40,52,7,accept_clearance,1,0,1
queue_aware,79,7,1,14.167460771124082,3.237343539065729,8.0,hold,40,45,39,42,54,8,reject_stale,0,1,1
queue_aware,80,0,0,4.0,6.0,0.8,landed,10,11,70,12,24,1,landed,1,0,1
queue_aware,80,1,1,12.76265646093427,10.167460771124082,8.0,hold,12,17,68,14,26,2,reject_stale,0,1,1
queue_aware,80,2,2,7.0,12.0,0.8,landed,14,14,66,16,28,3,landed,1,0,1
queue_aware,80,3,0,-0.1674607711240821,8.76265646093427,8.0,hold,24,28,56,26,38,4,reject_stale,0,1,1
queue_aware,80,4,1,10.0,6.0,0.8,landed,26,27,54,28,40,5,landed,1,0,1
queue_aware,80,5,2,4.23734353906573,7.832539228875918,8.0,hold,28,34,52,30,42,6,reject_stale,0,1,1
queue_aware,80,6,0,4.0,6.0,0.8,landed,38,40,42,40,52,7,landed,1,0,1
queue_aware,80,7,1,14.167460771124082,3.237343539065729,8.0,hold,40,45,40,42,54,8,reject_stale,0,1,1
queue_aware,81,0,0,4.0,6.0,0.8,landed,10,11,71,12,24,1,landed,1,0,1
queue_aware,81,1,1,12.76265646093427,10.167460771124082,8.0,hold,12,17,69,14,26,2,reject_stale,0,1,1
queue_aware,81,2,2,7.0,12.0,0.8,landed,14,14,67,16,28,3,landed,1,0,1
queue_aware,81,3,0,-0.1674607711240821,8.76265646093427,8.0,hold,24,28,57,26,38,4,reject_stale,0,1,1
queue_aware,81,4,1,10.0,6.0,0.8,landed,26,27,55,28,40,5,landed,1,0,1
queue_aware,81,5,2,4.23734353906573,7.832539228875918,8.0,hold,28,34,53,30,42,6,reject_stale,0,1,1
queue_aware,81,6,0,4.0,6.0,0.8,landed,38,40,43,40,52,7,landed,1,0,1
queue_aware,81,7,1,14.167460771124082,3.237343539065729,8.0,hold,40,45,41,42,54,8,reject_stale,0,1,1
queue_aware,82,0,0,4.0,6.0,0.8,landed,10,11,72,12,24,1,landed,1,0,1
queue_aware,82,1,1,12.76265646093427,10.167460771124082,8.0,hold,12,17,70,14,26,2,reject_stale,0,1,1
queue_aware,82,2,2,7.0,12.0,0.8,landed,14,14,68,16,28,3,landed,1,0,1
queue_aware,82,3,0,-0.1674607711240821,8.76265646093427,8.0,hold,24,28,58,26,38,4,reject_stale,0,1,1
queue_aware,82,4,1,10.0,6.0,0.8,landed,26,27,56,28,40,5,landed,1,0,1
queue_aware,82,5,2,4.23734353906573,7.832539228875918,8.0,hold,28,34,54,30,42,6,reject_stale,0,1,1
queue_aware,82,6,0,4.0,6.0,0.8,landed,38,40,44,40,52,7,landed,1,0,1
queue_aware,82,7,1,14.167460771124082,3.237343539065729,8.0,hold,40,45,42,42,54,8,reject_stale,0,1,1
queue_aware,83,0,0,4.0,6.0,0.8,landed,10,11,73,12,24,1,landed,1,0,1
queue_aware,83,1,1,12.76265646093427,10.167460771124082,8.0,hold,12,17,71,14,26,2,reject_stale,0,1,1
queue_aware,83,2,2,7.0,12.0,0.8,landed,14,14,69,16,28,3,landed,1,0,1
queue_aware,83,3,0,-0.1674607711240821,8.76265646093427,8.0,hold,24,28,59,26,38,4,reject_stale,0,1,1
queue_aware,83,4,1,10.0,6.0,0.8,landed,26,27,57,28,40,5,landed,1,0,1
queue_aware,83,5,2,4.23734353906573,7.832539228875918,8.0,hold,28,34,55,30,42,6,reject_stale,0,1,1
queue_aware,83,6,0,4.0,6.0,0.8,landed,38,40,45,40,52,7,landed,1,0,1
queue_aware,83,7,1,14.167460771124082,3.237343539065729,8.0,hold,40,45,43,42,54,8,reject_stale,0,1,1
queue_aware,84,0,0,4.0,6.0,0.8,landed,10,11,74,12,24,1,landed,1,0,1
queue_aware,84,1,1,12.76265646093427,10.167460771124082,8.0,hold,12,17,72,14,26,2,reject_stale,0,1,1
queue_aware,84,2,2,7.0,12.0,0.8,landed,14,14,70,16,28,3,landed,1,0,1
queue_aware,84,3,0,-0.1674607711240821,8.76265646093427,8.0,hold,24,28,60,26,38,4,reject_stale,0,1,1
queue_aware,84,4,1,10.0,6.0,0.8,landed,26,27,58,28,40,5,landed,1,0,1
queue_aware,84,5,2,4.23734353906573,7.832539228875918,8.0,hold,28,34,56,30,42,6,reject_stale,0,1,1
queue_aware,84,6,0,4.0,6.0,0.8,landed,38,40,46,40,52,7,landed,1,0,1
queue_aware,84,7,1,14.167460771124082,3.237343539065729,8.0,hold,40,45,44,42,54,8,reject_stale,0,1,1
queue_aware,85,0,0,4.0,6.0,0.8,landed,10,11,75,12,24,1,landed,1,0,1
queue_aware,85,1,1,12.76265646093427,10.167460771124082,8.0,hold,12,17,73,14,26,2,reject_stale,0,1,1
queue_aware,85,2,2,7.0,12.0,0.8,landed,14,14,71,16,28,3,landed,1,0,1
queue_aware,85,3,0,-0.1674607711240821,8.76265646093427,8.0,hold,24,28,61,26,38,4,reject_stale,0,1,1
queue_aware,85,4,1,10.0,6.0,0.8,landed,26,27,59,28,40,5,landed,1,0,1
queue_aware,85,5,2,4.23734353906573,7.832539228875918,8.0,hold,28,34,57,30,42,6,reject_stale,0,1,1
queue_aware,85,6,0,4.0,6.0,0.8,landed,38,40,47,40,52,7,landed,1,0,1
queue_aware,85,7,1,14.167460771124082,3.237343539065729,8.0,hold,40,45,45,42,54,8,reject_stale,0,1,1
queue_aware,86,0,0,4.0,6.0,0.8,landed,10,11,76,12,24,1,landed,1,0,1
queue_aware,86,1,1,12.76265646093427,10.167460771124082,8.0,hold,12,17,74,14,26,2,reject_stale,0,1,1
queue_aware,86,2,2,7.0,12.0,0.8,landed,14,14,72,16,28,3,landed,1,0,1
queue_aware,86,3,0,-0.1674607711240821,8.76265646093427,8.0,hold,24,28,62,26,38,4,reject_stale,0,1,1
queue_aware,86,4,1,10.0,6.0,0.8,landed,26,27,60,28,40,5,landed,1,0,1
queue_aware,86,5,2,4.23734353906573,7.832539228875918,8.0,hold,28,34,58,30,42,6,reject_stale,0,1,1
queue_aware,86,6,0,4.0,6.0,0.8,landed,38,40,48,40,52,7,landed,1,0,1
queue_aware,86,7,1,14.167460771124082,3.237343539065729,8.0,hold,40,45,46,42,54,8,reject_stale,0,1,1
queue_aware,87,0,0,4.0,6.0,0.8,landed,10,11,77,12,24,1,landed,1,0,1
queue_aware,87,1,1,12.76265646093427,10.167460771124082,8.0,hold,12,17,75,14,26,2,reject_stale,0,1,1
queue_aware,87,2,2,7.0,12.0,0.8,landed,14,14,73,16,28,3,landed,1,0,1
queue_aware,87,3,0,-0.1674607711240821,8.76265646093427,8.0,hold,24,28,63,26,38,4,reject_stale,0,1,1
queue_aware,87,4,1,10.0,6.0,0.8,landed,26,27,61,28,40,5,landed,1,0,1
queue_aware,87,5,2,4.23734353906573,7.832539228875918,8.0,hold,28,34,59,30,42,6,reject_stale,0,1,1
queue_aware,87,6,0,4.0,6.0,0.8,landed,38,40,49,40,52,7,landed,1,0,1
queue_aware,87,7,1,14.167460771124082,3.237343539065729,8.0,hold,40,45,47,42,54,8,reject_stale,0,1,1
queue_aware,88,0,0,4.0,6.0,0.8,landed,10,11,78,12,24,1,landed,1,0,1
queue_aware,88,1,1,12.76265646093427,10.167460771124082,8.0,hold,12,17,76,14,26,2,reject_stale,0,1,1
queue_aware,88,2,2,7.0,12.0,0.8,landed,14,14,74,16,28,3,landed,1,0,1
queue_aware,88,3,0,-0.1674607711240821,8.76265646093427,8.0,hold,24,28,64,26,38,4,reject_stale,0,1,1
queue_aware,88,4,1,10.0,6.0,0.8,landed,26,27,62,28,40,5,landed,1,0,1
queue_aware,88,5,2,4.23734353906573,7.832539228875918,8.0,hold,28,34,60,30,42,6,reject_stale,0,1,1
queue_aware,88,6,0,4.0,6.0,0.8,landed,38,40,50,40,52,7,landed,1,0,1
queue_aware,88,7,1,14.167460771124082,3.237343539065729,8.0,hold,40,45,48,42,54,8,reject_stale,0,1,1
queue_aware,89,0,0,4.0,6.0,0.8,landed,10,11,79,12,24,1,landed,1,0,1
queue_aware,89,1,1,12.76265646093427,10.167460771124082,8.0,hold,12,17,77,14,26,2,reject_stale,0,1,1
queue_aware,89,2,2,7.0,12.0,0.8,landed,14,14,75,16,28,3,landed,1,0,1
queue_aware,89,3,0,-0.1674607711240821,8.76265646093427,8.0,hold,24,28,65,26,38,4,reject_stale,0,1,1
queue_aware,89,4,1,10.0,6.0,0.8,landed,26,27,63,28,40,5,landed,1,0,1
queue_aware,89,5,2,4.23734353906573,7.832539228875918,8.0,hold,28,34,61,30,42,6,reject_stale,0,1,1
queue_aware,89,6,0,4.0,6.0,0.8,landed,38,40,51,40,52,7,landed,1,0,1
queue_aware,89,7,1,14.167460771124082,3.237343539065729,8.0,hold,40,45,49,42,54,8,reject_stale,0,1,1
queue_aware,90,0,0,4.0,6.0,0.8,landed,10,11,80,12,24,1,landed,1,0,1
queue_aware,90,1,1,12.76265646093427,10.167460771124082,8.0,hold,12,17,78,14,26,2,reject_stale,0,1,1
queue_aware,90,2,2,7.0,12.0,0.8,landed,14,14,76,16,28,3,landed,1,0,1
queue_aware,90,3,0,-0.1674607711240821,8.76265646093427,8.0,hold,24,28,66,26,38,4,reject_stale,0,1,1
queue_aware,90,4,1,10.0,6.0,0.8,landed,26,27,64,28,40,5,landed,1,0,1
queue_aware,90,5,2,4.23734353906573,7.832539228875918,8.0,hold,28,34,62,30,42,6,reject_stale,0,1,1
queue_aware,90,6,0,4.0,6.0,0.8,landed,38,40,52,40,52,7,landed,1,0,1
queue_aware,90,7,1,14.167460771124082,3.237343539065729,8.0,hold,40,45,50,42,54,8,reject_stale,0,1,1
queue_aware,91,0,0,4.0,6.0,0.8,landed,10,11,81,12,24,1,landed,1,0,1
queue_aware,91,1,1,12.76265646093427,10.167460771124082,8.0,hold,12,17,79,14,26,2,reject_stale,0,1,1
queue_aware,91,2,2,7.0,12.0,0.8,landed,14,14,77,16,28,3,landed,1,0,1
queue_aware,91,3,0,-0.1674607711240821,8.76265646093427,8.0,hold,24,28,67,26,38,4,reject_stale,0,1,1
queue_aware,91,4,1,10.0,6.0,0.8,landed,26,27,65,28,40,5,landed,1,0,1
queue_aware,91,5,2,4.23734353906573,7.832539228875918,8.0,hold,28,34,63,30,42,6,reject_stale,0,1,1
queue_aware,91,6,0,4.0,6.0,0.8,landed,38,40,53,40,52,7,landed,1,0,1
queue_aware,91,7,1,14.167460771124082,3.237343539065729,8.0,hold,40,45,51,42,54,8,reject_stale,0,1,1
queue_aware,92,0,0,4.0,6.0,0.8,landed,10,11,82,12,24,1,landed,1,0,1
queue_aware,92,1,1,12.76265646093427,10.167460771124082,8.0,hold,12,17,80,14,26,2,reject_stale,0,1,1
queue_aware,92,2,2,7.0,12.0,0.8,landed,14,14,78,16,28,3,landed,1,0,1
queue_aware,92,3,0,-0.1674607711240821,8.76265646093427,8.0,hold,24,28,68,26,38,4,reject_stale,0,1,1
queue_aware,92,4,1,10.0,6.0,0.8,landed,26,27,66,28,40,5,landed,1,0,1
queue_aware,92,5,2,4.23734353906573,7.832539228875918,8.0,hold,28,34,64,30,42,6,reject_stale,0,1,1
queue_aware,92,6,0,4.0,6.0,0.8,landed,38,40,54,40,52,7,landed,1,0,1
queue_aware,92,7,1,14.167460771124082,3.237343539065729,8.0,hold,40,45,52,42,54,8,reject_stale,0,1,1
queue_aware,93,0,0,4.0,6.0,0.8,landed,10,11,83,12,24,1,landed,1,0,1
queue_aware,93,1,1,12.76265646093427,10.167460771124082,8.0,hold,12,17,81,14,26,2,reject_stale,0,1,1
queue_aware,93,2,2,7.0,12.0,0.8,landed,14,14,79,16,28,3,landed,1,0,1
queue_aware,93,3,0,-0.1674607711240821,8.76265646093427,8.0,hold,24,28,69,26,38,4,reject_stale,0,1,1
queue_aware,93,4,1,10.0,6.0,0.8,landed,26,27,67,28,40,5,landed,1,0,1
queue_aware,93,5,2,4.23734353906573,7.832539228875918,8.0,hold,28,34,65,30,42,6,reject_stale,0,1,1
queue_aware,93,6,0,4.0,6.0,0.8,landed,38,40,55,40,52,7,landed,1,0,1
queue_aware,93,7,1,14.167460771124082,3.237343539065729,8.0,hold,40,45,53,42,54,8,reject_stale,0,1,1
queue_aware,94,0,0,4.0,6.0,0.8,landed,10,11,84,12,24,1,landed,1,0,1
queue_aware,94,1,1,12.76265646093427,10.167460771124082,8.0,hold,12,17,82,14,26,2,reject_stale,0,1,1
queue_aware,94,2,2,7.0,12.0,0.8,landed,14,14,80,16,28,3,landed,1,0,1
queue_aware,94,3,0,-0.1674607711240821,8.76265646093427,8.0,hold,24,28,70,26,38,4,reject_stale,0,1,1
queue_aware,94,4,1,10.0,6.0,0.8,landed,26,27,68,28,40,5,landed,1,0,1
queue_aware,94,5,2,4.23734353906573,7.832539228875918,8.0,hold,28,34,66,30,42,6,reject_stale,0,1,1
queue_aware,94,6,0,4.0,6.0,0.8,landed,38,40,56,40,52,7,landed,1,0,1
queue_aware,94,7,1,14.167460771124082,3.237343539065729,8.0,hold,40,45,54,42,54,8,reject_stale,0,1,1
queue_aware,95,0,0,4.0,6.0,0.8,landed,10,11,85,12,24,1,landed,1,0,1
queue_aware,95,1,1,12.76265646093427,10.167460771124082,8.0,hold,12,17,83,14,26,2,reject_stale,0,1,1
queue_aware,95,2,2,7.0,12.0,0.8,landed,14,14,81,16,28,3,landed,1,0,1
queue_aware,95,3,0,-0.1674607711240821,8.76265646093427,8.0,hold,24,28,71,26,38,4,reject_stale,0,1,1
queue_aware,95,4,1,10.0,6.0,0.8,landed,26,27,69,28,40,5,landed,1,0,1
queue_aware,95,5,2,4.23734353906573,7.832539228875918,8.0,hold,28,34,67,30,42,6,reject_stale,0,1,1
queue_aware,95,6,0,4.0,6.0,0.8,landed,38,40,57,40,52,7,landed,1,0,1
queue_aware,95,7,1,14.167460771124082,3.237343539065729,8.0,hold,40,45,55,42,54,8,reject_stale,0,1,1
queue_aware,96,0,0,4.0,6.0,0.8,landed,10,11,86,12,24,1,landed,1,0,1
queue_aware,96,1,1,12.76265646093427,10.167460771124082,8.0,hold,12,17,84,14,26,2,reject_stale,0,1,1
queue_aware,96,2,2,7.0,12.0,0.8,landed,14,14,82,16,28,3,landed,1,0,1
queue_aware,96,3,0,-0.1674607711240821,8.76265646093427,8.0,hold,24,28,72,26,38,4,reject_stale,0,1,1
queue_aware,96,4,1,10.0,6.0,0.8,landed,26,27,70,28,40,5,landed,1,0,1
queue_aware,96,5,2,4.23734353906573,7.832539228875918,8.0,hold,28,34,68,30,42,6,reject_stale,0,1,1
queue_aware,96,6,0,4.0,6.0,0.8,landed,38,40,58,40,52,7,landed,1,0,1
queue_aware,96,7,1,14.167460771124082,3.237343539065729,8.0,hold,40,45,56,42,54,8,reject_stale,0,1,1
queue_aware,97,0,0,4.0,6.0,0.8,landed,10,11,87,12,24,1,landed,1,0,1
queue_aware,97,1,1,12.76265646093427,10.167460771124082,8.0,hold,12,17,85,14,26,2,reject_stale,0,1,1
queue_aware,97,2,2,7.0,12.0,0.8,landed,14,14,83,16,28,3,landed,1,0,1
queue_aware,97,3,0,-0.1674607711240821,8.76265646093427,8.0,hold,24,28,73,26,38,4,reject_stale,0,1,1
queue_aware,97,4,1,10.0,6.0,0.8,landed,26,27,71,28,40,5,landed,1,0,1
queue_aware,97,5,2,4.23734353906573,7.832539228875918,8.0,hold,28,34,69,30,42,6,reject_stale,0,1,1
queue_aware,97,6,0,4.0,6.0,0.8,landed,38,40,59,40,52,7,landed,1,0,1
queue_aware,97,7,1,14.167460771124082,3.237343539065729,8.0,hold,40,45,57,42,54,8,reject_stale,0,1,1
queue_aware,98,0,0,4.0,6.0,0.8,landed,10,11,88,12,24,1,landed,1,0,1
queue_aware,98,1,1,12.76265646093427,10.167460771124082,8.0,hold,12,17,86,14,26,2,reject_stale,0,1,1
queue_aware,98,2,2,7.0,12.0,0.8,landed,14,14,84,16,28,3,landed,1,0,1
queue_aware,98,3,0,-0.1674607711240821,8.76265646093427,8.0,hold,24,28,74,26,38,4,reject_stale,0,1,1
queue_aware,98,4,1,10.0,6.0,0.8,landed,26,27,72,28,40,5,landed,1,0,1
queue_aware,98,5,2,4.23734353906573,7.832539228875918,8.0,hold,28,34,70,30,42,6,reject_stale,0,1,1
queue_aware,98,6,0,4.0,6.0,0.8,landed,38,40,60,40,52,7,landed,1,0,1
queue_aware,98,7,1,14.167460771124082,3.237343539065729,8.0,hold,40,45,58,42,54,8,reject_stale,0,1,1
queue_aware,99,0,0,4.0,6.0,0.8,landed,10,11,89,12,24,1,landed,1,0,1
queue_aware,99,1,1,12.76265646093427,10.167460771124082,8.0,hold,12,17,87,14,26,2,reject_stale,0,1,1
queue_aware,99,2,2,7.0,12.0,0.8,landed,14,14,85,16,28,3,landed,1,0,1
queue_aware,99,3,0,-0.1674607711240821,8.76265646093427,8.0,hold,24,28,75,26,38,4,reject_stale,0,1,1
queue_aware,99,4,1,10.0,6.0,0.8,landed,26,27,73,28,40,5,landed,1,0,1
queue_aware,99,5,2,4.23734353906573,7.832539228875918,8.0,hold,28,34,71,30,42,6,reject_stale,0,1,1
queue_aware,99,6,0,4.0,6.0,0.8,landed,38,40,61,40,52,7,landed,1,0,1
queue_aware,99,7,1,14.167460771124082,3.237343539065729,8.0,hold,40,45,59,42,54,8,reject_stale,0,1,1
queue_aware,100,0,0,4.0,6.0,0.8,landed,10,11,90,12,24,1,landed,1,0,1
queue_aware,100,1,1,12.76265646093427,10.167460771124082,8.0,hold,12,17,88,14,26,2,reject_stale,0,1,1
queue_aware,100,2,2,7.0,12.0,0.8,landed,14,14,86,16,28,3,landed,1,0,1
queue_aware,100,3,0,-0.1674607711240821,8.76265646093427,8.0,hold,24,28,76,26,38,4,reject_stale,0,1,1
queue_aware,100,4,1,10.0,6.0,0.8,landed,26,27,74,28,40,5,landed,1,0,1
queue_aware,100,5,2,4.23734353906573,7.832539228875918,8.0,hold,28,34,72,30,42,6,reject_stale,0,1,1
queue_aware,100,6,0,4.0,6.0,0.8,landed,38,40,62,40,52,7,landed,1,0,1
queue_aware,100,7,1,14.167460771124082,3.237343539065729,8.0,hold,40,45,60,42,54,8,reject_stale,0,1,1
queue_aware,101,0,0,4.0,6.0,0.8,landed,10,11,91,12,24,1,landed,1,0,1
queue_aware,101,1,1,12.76265646093427,10.167460771124082,8.0,hold,12,17,89,14,26,2,reject_stale,0,1,1
queue_aware,101,2,2,7.0,12.0,0.8,landed,14,14,87,16,28,3,landed,1,0,1
queue_aware,101,3,0,-0.1674607711240821,8.76265646093427,8.0,hold,24,28,77,26,38,4,reject_stale,0,1,1
queue_aware,101,4,1,10.0,6.0,0.8,landed,26,27,75,28,40,5,landed,1,0,1
queue_aware,101,5,2,4.23734353906573,7.832539228875918,8.0,hold,28,34,73,30,42,6,reject_stale,0,1,1
queue_aware,101,6,0,4.0,6.0,0.8,landed,38,40,63,40,52,7,landed,1,0,1
queue_aware,101,7,1,14.167460771124082,3.237343539065729,8.0,hold,40,45,61,42,54,8,reject_stale,0,1,1
queue_aware,102,0,0,4.0,6.0,0.8,landed,10,11,92,12,24,1,landed,1,0,1
queue_aware,102,1,1,12.76265646093427,10.167460771124082,8.0,hold,12,17,90,14,26,2,reject_stale,0,1,1
queue_aware,102,2,2,7.0,12.0,0.8,landed,14,14,88,16,28,3,landed,1,0,1
queue_aware,102,3,0,-0.1674607711240821,8.76265646093427,8.0,hold,24,28,78,26,38,4,reject_stale,0,1,1
queue_aware,102,4,1,10.0,6.0,0.8,landed,26,27,76,28,40,5,landed,1,0,1
queue_aware,102,5,2,4.23734353906573,7.832539228875918,8.0,hold,28,34,74,30,42,6,reject_stale,0,1,1
queue_aware,102,6,0,4.0,6.0,0.8,landed,38,40,64,40,52,7,landed,1,0,1
queue_aware,102,7,1,14.167460771124082,3.237343539065729,8.0,hold,40,45,62,42,54,8,reject_stale,0,1,1
queue_aware,103,0,0,4.0,6.0,0.8,landed,10,11,93,12,24,1,landed,1,0,1
queue_aware,103,1,1,12.76265646093427,10.167460771124082,8.0,hold,12,17,91,14,26,2,reject_stale,0,1,1
queue_aware,103,2,2,7.0,12.0,0.8,landed,14,14,89,16,28,3,landed,1,0,1
queue_aware,103,3,0,-0.1674607711240821,8.76265646093427,8.0,hold,24,28,79,26,38,4,reject_stale,0,1,1
queue_aware,103,4,1,10.0,6.0,0.8,landed,26,27,77,28,40,5,landed,1,0,1
queue_aware,103,5,2,4.23734353906573,7.832539228875918,8.0,hold,28,34,75,30,42,6,reject_stale,0,1,1
queue_aware,103,6,0,4.0,6.0,0.8,landed,38,40,65,40,52,7,landed,1,0,1
queue_aware,103,7,1,14.167460771124082,3.237343539065729,8.0,hold,40,45,63,42,54,8,reject_stale,0,1,1
queue_aware,104,0,0,4.0,6.0,0.8,landed,10,11,94,12,24,1,landed,1,0,1
queue_aware,104,1,1,12.76265646093427,10.167460771124082,8.0,hold,12,17,92,14,26,2,reject_stale,0,1,1
queue_aware,104,2,2,7.0,12.0,0.8,landed,14,14,90,16,28,3,landed,1,0,1
queue_aware,104,3,0,-0.1674607711240821,8.76265646093427,8.0,hold,24,28,80,26,38,4,reject_stale,0,1,1
queue_aware,104,4,1,10.0,6.0,0.8,landed,26,27,78,28,40,5,landed,1,0,1
queue_aware,104,5,2,4.23734353906573,7.832539228875918,8.0,hold,28,34,76,30,42,6,reject_stale,0,1,1
queue_aware,104,6,0,4.0,6.0,0.8,landed,38,40,66,40,52,7,landed,1,0,1
queue_aware,104,7,1,14.167460771124082,3.237343539065729,8.0,hold,40,45,64,42,54,8,reject_stale,0,1,1
queue_aware,105,0,0,4.0,6.0,0.8,landed,10,11,95,12,24,1,landed,1,0,1
queue_aware,105,1,1,12.76265646093427,10.167460771124082,8.0,hold,12,17,93,14,26,2,reject_stale,0,1,1
queue_aware,105,2,2,7.0,12.0,0.8,landed,14,14,91,16,28,3,landed,1,0,1
queue_aware,105,3,0,-0.1674607711240821,8.76265646093427,8.0,hold,24,28,81,26,38,4,reject_stale,0,1,1
queue_aware,105,4,1,10.0,6.0,0.8,landed,26,27,79,28,40,5,landed,1,0,1
queue_aware,105,5,2,4.23734353906573,7.832539228875918,8.0,hold,28,34,77,30,42,6,reject_stale,0,1,1
queue_aware,105,6,0,4.0,6.0,0.8,landed,38,40,67,40,52,7,landed,1,0,1
queue_aware,105,7,1,14.167460771124082,3.237343539065729,8.0,hold,40,45,65,42,54,8,reject_stale,0,1,1
queue_aware,106,0,0,4.0,6.0,0.8,landed,10,11,96,12,24,1,landed,1,0,1
queue_aware,106,1,1,12.76265646093427,10.167460771124082,8.0,hold,12,17,94,14,26,2,reject_stale,0,1,1
queue_aware,106,2,2,7.0,12.0,0.8,landed,14,14,92,16,28,3,landed,1,0,1
queue_aware,106,3,0,-0.1674607711240821,8.76265646093427,8.0,hold,24,28,82,26,38,4,reject_stale,0,1,1
queue_aware,106,4,1,10.0,6.0,0.8,landed,26,27,80,28,40,5,landed,1,0,1
queue_aware,106,5,2,4.23734353906573,7.832539228875918,8.0,hold,28,34,78,30,42,6,reject_stale,0,1,1
queue_aware,106,6,0,4.0,6.0,0.8,landed,38,40,68,40,52,7,landed,1,0,1
queue_aware,106,7,1,14.167460771124082,3.237343539065729,8.0,hold,40,45,66,42,54,8,reject_stale,0,1,1
queue_aware,107,0,0,4.0,6.0,0.8,landed,10,11,97,12,24,1,landed,1,0,1
queue_aware,107,1,1,12.76265646093427,10.167460771124082,8.0,hold,12,17,95,14,26,2,reject_stale,0,1,1
queue_aware,107,2,2,7.0,12.0,0.8,landed,14,14,93,16,28,3,landed,1,0,1
queue_aware,107,3,0,-0.1674607711240821,8.76265646093427,8.0,hold,24,28,83,26,38,4,reject_stale,0,1,1
queue_aware,107,4,1,10.0,6.0,0.8,landed,26,27,81,28,40,5,landed,1,0,1
queue_aware,107,5,2,4.23734353906573,7.832539228875918,8.0,hold,28,34,79,30,42,6,reject_stale,0,1,1
queue_aware,107,6,0,4.0,6.0,0.8,landed,38,40,69,40,52,7,landed,1,0,1
queue_aware,107,7,1,14.167460771124082,3.237343539065729,8.0,hold,40,45,67,42,54,8,reject_stale,0,1,1
queue_aware,108,0,0,4.0,6.0,0.8,landed,10,11,98,12,24,1,landed,1,0,1
queue_aware,108,1,1,12.76265646093427,10.167460771124082,8.0,hold,12,17,96,14,26,2,reject_stale,0,1,1
queue_aware,108,2,2,7.0,12.0,0.8,landed,14,14,94,16,28,3,landed,1,0,1
queue_aware,108,3,0,-0.1674607711240821,8.76265646093427,8.0,hold,24,28,84,26,38,4,reject_stale,0,1,1
queue_aware,108,4,1,10.0,6.0,0.8,landed,26,27,82,28,40,5,landed,1,0,1
queue_aware,108,5,2,4.23734353906573,7.832539228875918,8.0,hold,28,34,80,30,42,6,reject_stale,0,1,1
queue_aware,108,6,0,4.0,6.0,0.8,landed,38,40,70,40,52,7,landed,1,0,1
queue_aware,108,7,1,14.167460771124082,3.237343539065729,8.0,hold,40,45,68,42,54,8,reject_stale,0,1,1
queue_aware,109,0,0,4.0,6.0,0.8,landed,10,11,99,12,24,1,landed,1,0,1
queue_aware,109,1,1,12.76265646093427,10.167460771124082,8.0,hold,12,17,97,14,26,2,reject_stale,0,1,1
queue_aware,109,2,2,7.0,12.0,0.8,landed,14,14,95,16,28,3,landed,1,0,1
queue_aware,109,3,0,-0.1674607711240821,8.76265646093427,8.0,hold,24,28,85,26,38,4,reject_stale,0,1,1
queue_aware,109,4,1,10.0,6.0,0.8,landed,26,27,83,28,40,5,landed,1,0,1
queue_aware,109,5,2,4.23734353906573,7.832539228875918,8.0,hold,28,34,81,30,42,6,reject_stale,0,1,1
queue_aware,109,6,0,4.0,6.0,0.8,landed,38,40,71,40,52,7,landed,1,0,1
queue_aware,109,7,1,14.167460771124082,3.237343539065729,8.0,hold,40,45,69,42,54,8,reject_stale,0,1,1
queue_aware,110,0,0,4.0,6.0,0.8,landed,10,11,100,12,24,1,landed,1,0,1
queue_aware,110,1,1,12.76265646093427,10.167460771124082,8.0,hold,12,17,98,14,26,2,reject_stale,0,1,1
queue_aware,110,2,2,7.0,12.0,0.8,landed,14,14,96,16,28,3,landed,1,0,1
queue_aware,110,3,0,-0.1674607711240821,8.76265646093427,8.0,hold,24,28,86,26,38,4,reject_stale,0,1,1
queue_aware,110,4,1,10.0,6.0,0.8,landed,26,27,84,28,40,5,landed,1,0,1
queue_aware,110,5,2,4.23734353906573,7.832539228875918,8.0,hold,28,34,82,30,42,6,reject_stale,0,1,1
queue_aware,110,6,0,4.0,6.0,0.8,landed,38,40,72,40,52,7,landed,1,0,1
queue_aware,110,7,1,14.167460771124082,3.237343539065729,8.0,hold,40,45,70,42,54,8,reject_stale,0,1,1
queue_aware,111,0,0,4.0,6.0,0.8,landed,10,11,101,12,24,1,landed,1,0,1
queue_aware,111,1,1,12.76265646093427,10.167460771124082,8.0,hold,12,17,99,14,26,2,reject_stale,0,1,1
queue_aware,111,2,2,7.0,12.0,0.8,landed,14,14,97,16,28,3,landed,1,0,1
queue_aware,111,3,0,-0.1674607711240821,8.76265646093427,8.0,hold,24,28,87,26,38,4,reject_stale,0,1,1
queue_aware,111,4,1,10.0,6.0,0.8,landed,26,27,85,28,40,5,landed,1,0,1
queue_aware,111,5,2,4.23734353906573,7.832539228875918,8.0,hold,28,34,83,30,42,6,reject_stale,0,1,1
queue_aware,111,6,0,4.0,6.0,0.8,landed,38,40,73,40,52,7,landed,1,0,1
queue_aware,111,7,1,14.167460771124082,3.237343539065729,8.0,hold,40,45,71,42,54,8,reject_stale,0,1,1
queue_aware,112,0,0,4.0,6.0,0.8,landed,10,11,102,12,24,1,landed,1,0,1
queue_aware,112,1,1,12.76265646093427,10.167460771124082,8.0,hold,12,17,100,14,26,2,reject_stale,0,1,1
queue_aware,112,2,2,7.0,12.0,0.8,landed,14,14,98,16,28,3,landed,1,0,1
queue_aware,112,3,0,-0.1674607711240821,8.76265646093427,8.0,hold,24,28,88,26,38,4,reject_stale,0,1,1
queue_aware,112,4,1,10.0,6.0,0.8,landed,26,27,86,28,40,5,landed,1,0,1
queue_aware,112,5,2,4.23734353906573,7.832539228875918,8.0,hold,28,34,84,30,42,6,reject_stale,0,1,1
queue_aware,112,6,0,4.0,6.0,0.8,landed,38,40,74,40,52,7,landed,1,0,1
queue_aware,112,7,1,14.167460771124082,3.237343539065729,8.0,hold,40,45,72,42,54,8,reject_stale,0,1,1
queue_aware,113,0,0,4.0,6.0,0.8,landed,10,11,103,12,24,1,landed,1,0,1
queue_aware,113,1,1,12.76265646093427,10.167460771124082,8.0,hold,12,17,101,14,26,2,reject_stale,0,1,1
queue_aware,113,2,2,7.0,12.0,0.8,landed,14,14,99,16,28,3,landed,1,0,1
queue_aware,113,3,0,-0.1674607711240821,8.76265646093427,8.0,hold,24,28,89,26,38,4,reject_stale,0,1,1
queue_aware,113,4,1,10.0,6.0,0.8,landed,26,27,87,28,40,5,landed,1,0,1
queue_aware,113,5,2,4.23734353906573,7.832539228875918,8.0,hold,28,34,85,30,42,6,reject_stale,0,1,1
queue_aware,113,6,0,4.0,6.0,0.8,landed,38,40,75,40,52,7,landed,1,0,1
queue_aware,113,7,1,14.167460771124082,3.237343539065729,8.0,hold,40,45,73,42,54,8,reject_stale,0,1,1
queue_aware,114,0,0,4.0,6.0,0.8,landed,10,11,104,12,24,1,landed,1,0,1
queue_aware,114,1,1,12.76265646093427,10.167460771124082,8.0,hold,12,17,102,14,26,2,reject_stale,0,1,1
queue_aware,114,2,2,7.0,12.0,0.8,landed,14,14,100,16,28,3,landed,1,0,1
queue_aware,114,3,0,-0.1674607711240821,8.76265646093427,8.0,hold,24,28,90,26,38,4,reject_stale,0,1,1
queue_aware,114,4,1,10.0,6.0,0.8,landed,26,27,88,28,40,5,landed,1,0,1
queue_aware,114,5,2,4.23734353906573,7.832539228875918,8.0,hold,28,34,86,30,42,6,reject_stale,0,1,1
queue_aware,114,6,0,4.0,6.0,0.8,landed,38,40,76,40,52,7,landed,1,0,1
queue_aware,114,7,1,14.167460771124082,3.237343539065729,8.0,hold,40,45,74,42,54,8,reject_stale,0,1,1
queue_aware,115,0,0,4.0,6.0,0.8,landed,10,11,105,12,24,1,landed,1,0,1
queue_aware,115,1,1,12.76265646093427,10.167460771124082,8.0,hold,12,17,103,14,26,2,reject_stale,0,1,1
queue_aware,115,2,2,7.0,12.0,0.8,landed,14,14,101,16,28,3,landed,1,0,1
queue_aware,115,3,0,-0.1674607711240821,8.76265646093427,8.0,hold,24,28,91,26,38,4,reject_stale,0,1,1
queue_aware,115,4,1,10.0,6.0,0.8,landed,26,27,89,28,40,5,landed,1,0,1
queue_aware,115,5,2,4.23734353906573,7.832539228875918,8.0,hold,28,34,87,30,42,6,reject_stale,0,1,1
queue_aware,115,6,0,4.0,6.0,0.8,landed,38,40,77,40,52,7,landed,1,0,1
queue_aware,115,7,1,14.167460771124082,3.237343539065729,8.0,hold,40,45,75,42,54,8,reject_stale,0,1,1
queue_aware,116,0,0,4.0,6.0,0.8,landed,10,11,106,12,24,1,landed,1,0,1
queue_aware,116,1,1,12.76265646093427,10.167460771124082,8.0,hold,12,17,104,14,26,2,reject_stale,0,1,1
queue_aware,116,2,2,7.0,12.0,0.8,landed,14,14,102,16,28,3,landed,1,0,1
queue_aware,116,3,0,-0.1674607711240821,8.76265646093427,8.0,hold,24,28,92,26,38,4,reject_stale,0,1,1
queue_aware,116,4,1,10.0,6.0,0.8,landed,26,27,90,28,40,5,landed,1,0,1
queue_aware,116,5,2,4.23734353906573,7.832539228875918,8.0,hold,28,34,88,30,42,6,reject_stale,0,1,1
queue_aware,116,6,0,4.0,6.0,0.8,landed,38,40,78,40,52,7,landed,1,0,1
queue_aware,116,7,1,14.167460771124082,3.237343539065729,8.0,hold,40,45,76,42,54,8,reject_stale,0,1,1
queue_aware,117,0,0,4.0,6.0,0.8,landed,10,11,107,12,24,1,landed,1,0,1
queue_aware,117,1,1,12.76265646093427,10.167460771124082,8.0,hold,12,17,105,14,26,2,reject_stale,0,1,1
queue_aware,117,2,2,7.0,12.0,0.8,landed,14,14,103,16,28,3,landed,1,0,1
queue_aware,117,3,0,-0.1674607711240821,8.76265646093427,8.0,hold,24,28,93,26,38,4,reject_stale,0,1,1
queue_aware,117,4,1,10.0,6.0,0.8,landed,26,27,91,28,40,5,landed,1,0,1
queue_aware,117,5,2,4.23734353906573,7.832539228875918,8.0,hold,28,34,89,30,42,6,reject_stale,0,1,1
queue_aware,117,6,0,4.0,6.0,0.8,landed,38,40,79,40,52,7,landed,1,0,1
queue_aware,117,7,1,14.167460771124082,3.237343539065729,8.0,hold,40,45,77,42,54,8,reject_stale,0,1,1
queue_aware,118,0,0,4.0,6.0,0.8,landed,10,11,108,12,24,1,landed,1,0,1
queue_aware,118,1,1,12.76265646093427,10.167460771124082,8.0,hold,12,17,106,14,26,2,reject_stale,0,1,1
queue_aware,118,2,2,7.0,12.0,0.8,landed,14,14,104,16,28,3,landed,1,0,1
queue_aware,118,3,0,-0.1674607711240821,8.76265646093427,8.0,hold,24,28,94,26,38,4,reject_stale,0,1,1
queue_aware,118,4,1,10.0,6.0,0.8,landed,26,27,92,28,40,5,landed,1,0,1
queue_aware,118,5,2,4.23734353906573,7.832539228875918,8.0,hold,28,34,90,30,42,6,reject_stale,0,1,1
queue_aware,118,6,0,4.0,6.0,0.8,landed,38,40,80,40,52,7,landed,1,0,1
queue_aware,118,7,1,14.167460771124082,3.237343539065729,8.0,hold,40,45,78,42,54,8,reject_stale,0,1,1
queue_aware,119,0,0,4.0,6.0,0.8,landed,10,11,109,12,24,1,landed,1,0,1
queue_aware,119,1,1,12.76265646093427,10.167460771124082,8.0,hold,12,17,107,14,26,2,reject_stale,0,1,1
queue_aware,119,2,2,7.0,12.0,0.8,landed,14,14,105,16,28,3,landed,1,0,1
queue_aware,119,3,0,-0.1674607711240821,8.76265646093427,8.0,hold,24,28,95,26,38,4,reject_stale,0,1,1
queue_aware,119,4,1,10.0,6.0,0.8,landed,26,27,93,28,40,5,landed,1,0,1
queue_aware,119,5,2,4.23734353906573,7.832539228875918,8.0,hold,28,34,91,30,42,6,reject_stale,0,1,1
queue_aware,119,6,0,4.0,6.0,0.8,landed,38,40,81,40,52,7,landed,1,0,1
queue_aware,119,7,1,14.167460771124082,3.237343539065729,8.0,hold,40,45,79,42,54,8,reject_stale,0,1,1
queue_aware,120,0,0,4.0,6.0,0.8,landed,10,11,110,12,24,1,landed,1,0,1
queue_aware,120,1,1,12.76265646093427,10.167460771124082,8.0,hold,12,17,108,14,26,2,reject_stale,0,1,1
queue_aware,120,2,2,7.0,12.0,0.8,landed,14,14,106,16,28,3,landed,1,0,1
queue_aware,120,3,0,-0.1674607711240821,8.76265646093427,8.0,hold,24,28,96,26,38,4,reject_stale,0,1,1
queue_aware,120,4,1,10.0,6.0,0.8,landed,26,27,94,28,40,5,landed,1,0,1
queue_aware,120,5,2,4.23734353906573,7.832539228875918,8.0,hold,28,34,92,30,42,6,reject_stale,0,1,1
queue_aware,120,6,0,4.0,6.0,0.8,landed,38,40,82,40,52,7,landed,1,0,1
queue_aware,120,7,1,14.167460771124082,3.237343539065729,8.0,hold,40,45,80,42,54,8,reject_stale,0,1,1
queue_aware,121,0,0,4.0,6.0,0.8,landed,10,11,111,12,24,1,landed,1,0,1
queue_aware,121,1,1,12.76265646093427,10.167460771124082,8.0,hold,12,17,109,14,26,2,reject_stale,0,1,1
queue_aware,121,2,2,7.0,12.0,0.8,landed,14,14,107,16,28,3,landed,1,0,1
queue_aware,121,3,0,-0.1674607711240821,8.76265646093427,8.0,hold,24,28,97,26,38,4,reject_stale,0,1,1
queue_aware,121,4,1,10.0,6.0,0.8,landed,26,27,95,28,40,5,landed,1,0,1
queue_aware,121,5,2,4.23734353906573,7.832539228875918,8.0,hold,28,34,93,30,42,6,reject_stale,0,1,1
queue_aware,121,6,0,4.0,6.0,0.8,landed,38,40,83,40,52,7,landed,1,0,1
queue_aware,121,7,1,14.167460771124082,3.237343539065729,8.0,hold,40,45,81,42,54,8,reject_stale,0,1,1
queue_aware,122,0,0,4.0,6.0,0.8,landed,10,11,112,12,24,1,landed,1,0,1
queue_aware,122,1,1,12.76265646093427,10.167460771124082,8.0,hold,12,17,110,14,26,2,reject_stale,0,1,1
queue_aware,122,2,2,7.0,12.0,0.8,landed,14,14,108,16,28,3,landed,1,0,1
queue_aware,122,3,0,-0.1674607711240821,8.76265646093427,8.0,hold,24,28,98,26,38,4,reject_stale,0,1,1
queue_aware,122,4,1,10.0,6.0,0.8,landed,26,27,96,28,40,5,landed,1,0,1
queue_aware,122,5,2,4.23734353906573,7.832539228875918,8.0,hold,28,34,94,30,42,6,reject_stale,0,1,1
queue_aware,122,6,0,4.0,6.0,0.8,landed,38,40,84,40,52,7,landed,1,0,1
queue_aware,122,7,1,14.167460771124082,3.237343539065729,8.0,hold,40,45,82,42,54,8,reject_stale,0,1,1
queue_aware,123,0,0,4.0,6.0,0.8,landed,10,11,113,12,24,1,landed,1,0,1
queue_aware,123,1,1,12.76265646093427,10.167460771124082,8.0,hold,12,17,111,14,26,2,reject_stale,0,1,1
queue_aware,123,2,2,7.0,12.0,0.8,landed,14,14,109,16,28,3,landed,1,0,1
queue_aware,123,3,0,-0.1674607711240821,8.76265646093427,8.0,hold,24,28,99,26,38,4,reject_stale,0,1,1
queue_aware,123,4,1,10.0,6.0,0.8,landed,26,27,97,28,40,5,landed,1,0,1
queue_aware,123,5,2,4.23734353906573,7.832539228875918,8.0,hold,28,34,95,30,42,6,reject_stale,0,1,1
queue_aware,123,6,0,4.0,6.0,0.8,landed,38,40,85,40,52,7,landed,1,0,1
queue_aware,123,7,1,14.167460771124082,3.237343539065729,8.0,hold,40,45,83,42,54,8,reject_stale,0,1,1
queue_aware,124,0,0,4.0,6.0,0.8,landed,10,11,114,12,24,1,landed,1,0,1
queue_aware,124,1,1,12.76265646093427,10.167460771124082,8.0,hold,12,17,112,14,26,2,reject_stale,0,1,1
queue_aware,124,2,2,7.0,12.0,0.8,landed,14,14,110,16,28,3,landed,1,0,1
queue_aware,124,3,0,-0.1674607711240821,8.76265646093427,8.0,hold,24,28,100,26,38,4,reject_stale,0,1,1
queue_aware,124,4,1,10.0,6.0,0.8,landed,26,27,98,28,40,5,landed,1,0,1
queue_aware,124,5,2,4.23734353906573,7.832539228875918,8.0,hold,28,34,96,30,42,6,reject_stale,0,1,1
queue_aware,124,6,0,4.0,6.0,0.8,landed,38,40,86,40,52,7,landed,1,0,1
queue_aware,124,7,1,14.167460771124082,3.237343539065729,8.0,hold,40,45,84,42,54,8,reject_stale,0,1,1
queue_aware,125,0,0,4.0,6.0,0.8,landed,10,11,115,12,24,1,landed,1,0,1
queue_aware,125,1,1,12.76265646093427,10.167460771124082,8.0,hold,12,17,113,14,26,2,reject_stale,0,1,1
queue_aware,125,2,2,7.0,12.0,0.8,landed,14,14,111,16,28,3,landed,1,0,1
queue_aware,125,3,0,-0.1674607711240821,8.76265646093427,8.0,hold,24,28,101,26,38,4,reject_stale,0,1,1
queue_aware,125,4,1,10.0,6.0,0.8,landed,26,27,99,28,40,5,landed,1,0,1
queue_aware,125,5,2,4.23734353906573,7.832539228875918,8.0,hold,28,34,97,30,42,6,reject_stale,0,1,1
queue_aware,125,6,0,4.0,6.0,0.8,landed,38,40,87,40,52,7,landed,1,0,1
queue_aware,125,7,1,14.167460771124082,3.237343539065729,8.0,hold,40,45,85,42,54,8,reject_stale,0,1,1
queue_aware,126,0,0,4.0,6.0,0.8,landed,10,11,116,12,24,1,landed,1,0,1
queue_aware,126,1,1,12.76265646093427,10.167460771124082,8.0,hold,12,17,114,14,26,2,reject_stale,0,1,1
queue_aware,126,2,2,7.0,12.0,0.8,landed,14,14,112,16,28,3,landed,1,0,1
queue_aware,126,3,0,-0.1674607711240821,8.76265646093427,8.0,hold,24,28,102,26,38,4,reject_stale,0,1,1
queue_aware,126,4,1,10.0,6.0,0.8,landed,26,27,100,28,40,5,landed,1,0,1
queue_aware,126,5,2,4.23734353906573,7.832539228875918,8.0,hold,28,34,98,30,42,6,reject_stale,0,1,1
queue_aware,126,6,0,4.0,6.0,0.8,landed,38,40,88,40,52,7,landed,1,0,1
queue_aware,126,7,1,14.167460771124082,3.237343539065729,8.0,hold,40,45,86,42,54,8,reject_stale,0,1,1
queue_aware,127,0,0,4.0,6.0,0.8,landed,10,11,117,12,24,1,landed,1,0,1
queue_aware,127,1,1,12.76265646093427,10.167460771124082,8.0,hold,12,17,115,14,26,2,reject_stale,0,1,1
queue_aware,127,2,2,7.0,12.0,0.8,landed,14,14,113,16,28,3,landed,1,0,1
queue_aware,127,3,0,-0.1674607711240821,8.76265646093427,8.0,hold,24,28,103,26,38,4,reject_stale,0,1,1
queue_aware,127,4,1,10.0,6.0,0.8,landed,26,27,101,28,40,5,landed,1,0,1
queue_aware,127,5,2,4.23734353906573,7.832539228875918,8.0,hold,28,34,99,30,42,6,reject_stale,0,1,1
queue_aware,127,6,0,4.0,6.0,0.8,landed,38,40,89,40,52,7,landed,1,0,1
queue_aware,127,7,1,14.167460771124082,3.237343539065729,8.0,hold,40,45,87,42,54,8,reject_stale,0,1,1
queue_aware,128,0,0,4.0,6.0,0.8,landed,10,11,118,12,24,1,landed,1,0,1
queue_aware,128,1,1,12.76265646093427,10.167460771124082,8.0,hold,12,17,116,14,26,2,reject_stale,0,1,1
queue_aware,128,2,2,7.0,12.0,0.8,landed,14,14,114,16,28,3,landed,1,0,1
queue_aware,128,3,0,-0.1674607711240821,8.76265646093427,8.0,hold,24,28,104,26,38,4,reject_stale,0,1,1
queue_aware,128,4,1,10.0,6.0,0.8,landed,26,27,102,28,40,5,landed,1,0,1
queue_aware,128,5,2,4.23734353906573,7.832539228875918,8.0,hold,28,34,100,30,42,6,reject_stale,0,1,1
queue_aware,128,6,0,4.0,6.0,0.8,landed,38,40,90,40,52,7,landed,1,0,1
queue_aware,128,7,1,14.167460771124082,3.237343539065729,8.0,hold,40,45,88,42,54,8,reject_stale,0,1,1
queue_aware,129,0,0,4.0,6.0,0.8,landed,10,11,119,12,24,1,landed,1,0,1
queue_aware,129,1,1,12.76265646093427,10.167460771124082,8.0,hold,12,17,117,14,26,2,reject_stale,0,1,1
queue_aware,129,2,2,7.0,12.0,0.8,landed,14,14,115,16,28,3,landed,1,0,1
queue_aware,129,3,0,-0.1674607711240821,8.76265646093427,8.0,hold,24,28,105,26,38,4,reject_stale,0,1,1
queue_aware,129,4,1,10.0,6.0,0.8,landed,26,27,103,28,40,5,landed,1,0,1
queue_aware,129,5,2,4.23734353906573,7.832539228875918,8.0,hold,28,34,101,30,42,6,reject_stale,0,1,1
queue_aware,129,6,0,4.0,6.0,0.8,landed,38,40,91,40,52,7,landed,1,0,1
queue_aware,129,7,1,14.167460771124082,3.237343539065729,8.0,hold,40,45,89,42,54,8,reject_stale,0,1,1
queue_aware,130,0,0,4.0,6.0,0.8,landed,10,11,120,12,24,1,landed,1,0,1
queue_aware,130,1,1,12.76265646093427,10.167460771124082,8.0,hold,12,17,118,14,26,2,reject_stale,0,1,1
queue_aware,130,2,2,7.0,12.0,0.8,landed,14,14,116,16,28,3,landed,1,0,1
queue_aware,130,3,0,-0.1674607711240821,8.76265646093427,8.0,hold,24,28,106,26,38,4,reject_stale,0,1,1
queue_aware,130,4,1,10.0,6.0,0.8,landed,26,27,104,28,40,5,landed,1,0,1
queue_aware,130,5,2,4.23734353906573,7.832539228875918,8.0,hold,28,34,102,30,42,6,reject_stale,0,1,1
queue_aware,130,6,0,4.0,6.0,0.8,landed,38,40,92,40,52,7,landed,1,0,1
queue_aware,130,7,1,14.167460771124082,3.237343539065729,8.0,hold,40,45,90,42,54,8,reject_stale,0,1,1
queue_aware,131,0,0,4.0,6.0,0.8,landed,10,11,121,12,24,1,landed,1,0,1
queue_aware,131,1,1,12.76265646093427,10.167460771124082,8.0,hold,12,17,119,14,26,2,reject_stale,0,1,1
queue_aware,131,2,2,7.0,12.0,0.8,landed,14,14,117,16,28,3,landed,1,0,1
queue_aware,131,3,0,-0.1674607711240821,8.76265646093427,8.0,hold,24,28,107,26,38,4,reject_stale,0,1,1
queue_aware,131,4,1,10.0,6.0,0.8,landed,26,27,105,28,40,5,landed,1,0,1
queue_aware,131,5,2,4.23734353906573,7.832539228875918,8.0,hold,28,34,103,30,42,6,reject_stale,0,1,1
queue_aware,131,6,0,4.0,6.0,0.8,landed,38,40,93,40,52,7,landed,1,0,1
queue_aware,131,7,1,14.167460771124082,3.237343539065729,8.0,hold,40,45,91,42,54,8,reject_stale,0,1,1
queue_aware,132,0,0,4.0,6.0,0.8,landed,10,11,122,12,24,1,landed,1,0,1
queue_aware,132,1,1,12.76265646093427,10.167460771124082,8.0,hold,12,17,120,14,26,2,reject_stale,0,1,1
queue_aware,132,2,2,7.0,12.0,0.8,landed,14,14,118,16,28,3,landed,1,0,1
queue_aware,132,3,0,-0.1674607711240821,8.76265646093427,8.0,hold,24,28,108,26,38,4,reject_stale,0,1,1
queue_aware,132,4,1,10.0,6.0,0.8,landed,26,27,106,28,40,5,landed,1,0,1
queue_aware,132,5,2,4.23734353906573,7.832539228875918,8.0,hold,28,34,104,30,42,6,reject_stale,0,1,1
queue_aware,132,6,0,4.0,6.0,0.8,landed,38,40,94,40,52,7,landed,1,0,1
queue_aware,132,7,1,14.167460771124082,3.237343539065729,8.0,hold,40,45,92,42,54,8,reject_stale,0,1,1
queue_aware,133,0,0,4.0,6.0,0.8,landed,10,11,123,12,24,1,landed,1,0,1
queue_aware,133,1,1,12.76265646093427,10.167460771124082,8.0,hold,12,17,121,14,26,2,reject_stale,0,1,1
queue_aware,133,2,2,7.0,12.0,0.8,landed,14,14,119,16,28,3,landed,1,0,1
queue_aware,133,3,0,-0.1674607711240821,8.76265646093427,8.0,hold,24,28,109,26,38,4,reject_stale,0,1,1
queue_aware,133,4,1,10.0,6.0,0.8,landed,26,27,107,28,40,5,landed,1,0,1
queue_aware,133,5,2,4.23734353906573,7.832539228875918,8.0,hold,28,34,105,30,42,6,reject_stale,0,1,1
queue_aware,133,6,0,4.0,6.0,0.8,landed,38,40,95,40,52,7,landed,1,0,1
queue_aware,133,7,1,14.167460771124082,3.237343539065729,8.0,hold,40,45,93,42,54,8,reject_stale,0,1,1
queue_aware,134,0,0,4.0,6.0,0.8,landed,10,11,124,12,24,1,landed,1,0,1
queue_aware,134,1,1,12.76265646093427,10.167460771124082,8.0,hold,12,17,122,14,26,2,reject_stale,0,1,1
queue_aware,134,2,2,7.0,12.0,0.8,landed,14,14,120,16,28,3,landed,1,0,1
queue_aware,134,3,0,-0.1674607711240821,8.76265646093427,8.0,hold,24,28,110,26,38,4,reject_stale,0,1,1
queue_aware,134,4,1,10.0,6.0,0.8,landed,26,27,108,28,40,5,landed,1,0,1
queue_aware,134,5,2,4.23734353906573,7.832539228875918,8.0,hold,28,34,106,30,42,6,reject_stale,0,1,1
queue_aware,134,6,0,4.0,6.0,0.8,landed,38,40,96,40,52,7,landed,1,0,1
queue_aware,134,7,1,14.167460771124082,3.237343539065729,8.0,hold,40,45,94,42,54,8,reject_stale,0,1,1
queue_aware,135,0,0,4.0,6.0,0.8,landed,10,11,125,12,24,1,landed,1,0,1
queue_aware,135,1,1,12.76265646093427,10.167460771124082,8.0,hold,12,17,123,14,26,2,reject_stale,0,1,1
queue_aware,135,2,2,7.0,12.0,0.8,landed,14,14,121,16,28,3,landed,1,0,1
queue_aware,135,3,0,-0.1674607711240821,8.76265646093427,8.0,hold,24,28,111,26,38,4,reject_stale,0,1,1
queue_aware,135,4,1,10.0,6.0,0.8,landed,26,27,109,28,40,5,landed,1,0,1
queue_aware,135,5,2,4.23734353906573,7.832539228875918,8.0,hold,28,34,107,30,42,6,reject_stale,0,1,1
queue_aware,135,6,0,4.0,6.0,0.8,landed,38,40,97,40,52,7,landed,1,0,1
queue_aware,135,7,1,14.167460771124082,3.237343539065729,8.0,hold,40,45,95,42,54,8,reject_stale,0,1,1
queue_aware,136,0,0,4.0,6.0,0.8,landed,10,11,126,12,24,1,landed,1,0,1
queue_aware,136,1,1,12.76265646093427,10.167460771124082,8.0,hold,12,17,124,14,26,2,reject_stale,0,1,1
queue_aware,136,2,2,7.0,12.0,0.8,landed,14,14,122,16,28,3,landed,1,0,1
queue_aware,136,3,0,-0.1674607711240821,8.76265646093427,8.0,hold,24,28,112,26,38,4,reject_stale,0,1,1
queue_aware,136,4,1,10.0,6.0,0.8,landed,26,27,110,28,40,5,landed,1,0,1
queue_aware,136,5,2,4.23734353906573,7.832539228875918,8.0,hold,28,34,108,30,42,6,reject_stale,0,1,1
queue_aware,136,6,0,4.0,6.0,0.8,landed,38,40,98,40,52,7,landed,1,0,1
queue_aware,136,7,1,14.167460771124082,3.237343539065729,8.0,hold,40,45,96,42,54,8,reject_stale,0,1,1
queue_aware,137,0,0,4.0,6.0,0.8,landed,10,11,127,12,24,1,landed,1,0,1
queue_aware,137,1,1,12.76265646093427,10.167460771124082,8.0,hold,12,17,125,14,26,2,reject_stale,0,1,1
queue_aware,137,2,2,7.0,12.0,0.8,landed,14,14,123,16,28,3,landed,1,0,1
queue_aware,137,3,0,-0.1674607711240821,8.76265646093427,8.0,hold,24,28,113,26,38,4,reject_stale,0,1,1
queue_aware,137,4,1,10.0,6.0,0.8,landed,26,27,111,28,40,5,landed,1,0,1
queue_aware,137,5,2,4.23734353906573,7.832539228875918,8.0,hold,28,34,109,30,42,6,reject_stale,0,1,1
queue_aware,137,6,0,4.0,6.0,0.8,landed,38,40,99,40,52,7,landed,1,0,1
queue_aware,137,7,1,14.167460771124082,3.237343539065729,8.0,hold,40,45,97,42,54,8,reject_stale,0,1,1
queue_aware,138,0,0,4.0,6.0,0.8,landed,10,11,128,12,24,1,landed,1,0,1
queue_aware,138,1,1,12.76265646093427,10.167460771124082,8.0,hold,12,17,126,14,26,2,reject_stale,0,1,1
queue_aware,138,2,2,7.0,12.0,0.8,landed,14,14,124,16,28,3,landed,1,0,1
queue_aware,138,3,0,-0.1674607711240821,8.76265646093427,8.0,hold,24,28,114,26,38,4,reject_stale,0,1,1
queue_aware,138,4,1,10.0,6.0,0.8,landed,26,27,112,28,40,5,landed,1,0,1
queue_aware,138,5,2,4.23734353906573,7.832539228875918,8.0,hold,28,34,110,30,42,6,reject_stale,0,1,1
queue_aware,138,6,0,4.0,6.0,0.8,landed,38,40,100,40,52,7,landed,1,0,1
queue_aware,138,7,1,14.167460771124082,3.237343539065729,8.0,hold,40,45,98,42,54,8,reject_stale,0,1,1
queue_aware,139,0,0,4.0,6.0,0.8,landed,10,11,129,12,24,1,landed,1,0,1
queue_aware,139,1,1,12.76265646093427,10.167460771124082,8.0,hold,12,17,127,14,26,2,reject_stale,0,1,1
queue_aware,139,2,2,7.0,12.0,0.8,landed,14,14,125,16,28,3,landed,1,0,1
queue_aware,139,3,0,-0.1674607711240821,8.76265646093427,8.0,hold,24,28,115,26,38,4,reject_stale,0,1,1
queue_aware,139,4,1,10.0,6.0,0.8,landed,26,27,113,28,40,5,landed,1,0,1
queue_aware,139,5,2,4.23734353906573,7.832539228875918,8.0,hold,28,34,111,30,42,6,reject_stale,0,1,1
queue_aware,139,6,0,4.0,6.0,0.8,landed,38,40,101,40,52,7,landed,1,0,1
queue_aware,139,7,1,14.167460771124082,3.237343539065729,8.0,hold,40,45,99,42,54,8,reject_stale,0,1,1
queue_aware,140,0,0,4.0,6.0,0.8,landed,10,11,130,12,24,1,landed,1,0,1
queue_aware,140,1,1,12.76265646093427,10.167460771124082,8.0,hold,12,17,128,14,26,2,reject_stale,0,1,1
queue_aware,140,2,2,7.0,12.0,0.8,landed,14,14,126,16,28,3,landed,1,0,1
queue_aware,140,3,0,-0.1674607711240821,8.76265646093427,8.0,hold,24,28,116,26,38,4,reject_stale,0,1,1
queue_aware,140,4,1,10.0,6.0,0.8,landed,26,27,114,28,40,5,landed,1,0,1
queue_aware,140,5,2,4.23734353906573,7.832539228875918,8.0,hold,28,34,112,30,42,6,reject_stale,0,1,1
queue_aware,140,6,0,4.0,6.0,0.8,landed,38,40,102,40,52,7,landed,1,0,1
queue_aware,140,7,1,14.167460771124082,3.237343539065729,8.0,hold,40,45,100,42,54,8,reject_stale,0,1,1
queue_aware,141,0,0,4.0,6.0,0.8,landed,10,11,131,12,24,1,landed,1,0,1
queue_aware,141,1,1,12.76265646093427,10.167460771124082,8.0,hold,12,17,129,14,26,2,reject_stale,0,1,1
queue_aware,141,2,2,7.0,12.0,0.8,landed,14,14,127,16,28,3,landed,1,0,1
queue_aware,141,3,0,-0.1674607711240821,8.76265646093427,8.0,hold,24,28,117,26,38,4,reject_stale,0,1,1
queue_aware,141,4,1,10.0,6.0,0.8,landed,26,27,115,28,40,5,landed,1,0,1
queue_aware,141,5,2,4.23734353906573,7.832539228875918,8.0,hold,28,34,113,30,42,6,reject_stale,0,1,1
queue_aware,141,6,0,4.0,6.0,0.8,landed,38,40,103,40,52,7,landed,1,0,1
queue_aware,141,7,1,14.167460771124082,3.237343539065729,8.0,hold,40,45,101,42,54,8,reject_stale,0,1,1
queue_aware,142,0,0,4.0,6.0,0.8,landed,10,11,132,12,24,1,landed,1,0,1
queue_aware,142,1,1,12.76265646093427,10.167460771124082,8.0,hold,12,17,130,14,26,2,reject_stale,0,1,1
queue_aware,142,2,2,7.0,12.0,0.8,landed,14,14,128,16,28,3,landed,1,0,1
queue_aware,142,3,0,-0.1674607711240821,8.76265646093427,8.0,hold,24,28,118,26,38,4,reject_stale,0,1,1
queue_aware,142,4,1,10.0,6.0,0.8,landed,26,27,116,28,40,5,landed,1,0,1
queue_aware,142,5,2,4.23734353906573,7.832539228875918,8.0,hold,28,34,114,30,42,6,reject_stale,0,1,1
queue_aware,142,6,0,4.0,6.0,0.8,landed,38,40,104,40,52,7,landed,1,0,1
queue_aware,142,7,1,14.167460771124082,3.237343539065729,8.0,hold,40,45,102,42,54,8,reject_stale,0,1,1
queue_aware,143,0,0,4.0,6.0,0.8,landed,10,11,133,12,24,1,landed,1,0,1
queue_aware,143,1,1,12.76265646093427,10.167460771124082,8.0,hold,12,17,131,14,26,2,reject_stale,0,1,1
queue_aware,143,2,2,7.0,12.0,0.8,landed,14,14,129,16,28,3,landed,1,0,1
queue_aware,143,3,0,-0.1674607711240821,8.76265646093427,8.0,hold,24,28,119,26,38,4,reject_stale,0,1,1
queue_aware,143,4,1,10.0,6.0,0.8,landed,26,27,117,28,40,5,landed,1,0,1
queue_aware,143,5,2,4.23734353906573,7.832539228875918,8.0,hold,28,34,115,30,42,6,reject_stale,0,1,1
queue_aware,143,6,0,4.0,6.0,0.8,landed,38,40,105,40,52,7,landed,1,0,1
queue_aware,143,7,1,14.167460771124082,3.237343539065729,8.0,hold,40,45,103,42,54,8,reject_stale,0,1,1
queue_aware,144,0,0,4.0,6.0,0.8,landed,10,11,134,12,24,1,landed,1,0,1
queue_aware,144,1,1,12.76265646093427,10.167460771124082,8.0,hold,12,17,132,14,26,2,reject_stale,0,1,1
queue_aware,144,2,2,7.0,12.0,0.8,landed,14,14,130,16,28,3,landed,1,0,1
queue_aware,144,3,0,-0.1674607711240821,8.76265646093427,8.0,hold,24,28,120,26,38,4,reject_stale,0,1,1
queue_aware,144,4,1,10.0,6.0,0.8,landed,26,27,118,28,40,5,landed,1,0,1
queue_aware,144,5,2,4.23734353906573,7.832539228875918,8.0,hold,28,34,116,30,42,6,reject_stale,0,1,1
queue_aware,144,6,0,4.0,6.0,0.8,landed,38,40,106,40,52,7,landed,1,0,1
queue_aware,144,7,1,14.167460771124082,3.237343539065729,8.0,hold,40,45,104,42,54,8,reject_stale,0,1,1
queue_aware,145,0,0,4.0,6.0,0.8,landed,10,11,135,12,24,1,landed,1,0,1
queue_aware,145,1,1,12.76265646093427,10.167460771124082,8.0,hold,12,17,133,14,26,2,reject_stale,0,1,1
queue_aware,145,2,2,7.0,12.0,0.8,landed,14,14,131,16,28,3,landed,1,0,1
queue_aware,145,3,0,-0.1674607711240821,8.76265646093427,8.0,hold,24,28,121,26,38,4,reject_stale,0,1,1
queue_aware,145,4,1,10.0,6.0,0.8,landed,26,27,119,28,40,5,landed,1,0,1
queue_aware,145,5,2,4.23734353906573,7.832539228875918,8.0,hold,28,34,117,30,42,6,reject_stale,0,1,1
queue_aware,145,6,0,4.0,6.0,0.8,landed,38,40,107,40,52,7,landed,1,0,1
queue_aware,145,7,1,14.167460771124082,3.237343539065729,8.0,hold,40,45,105,42,54,8,reject_stale,0,1,1
queue_aware,146,0,0,4.0,6.0,0.8,landed,10,11,136,12,24,1,landed,1,0,1
queue_aware,146,1,1,12.76265646093427,10.167460771124082,8.0,hold,12,17,134,14,26,2,reject_stale,0,1,1
queue_aware,146,2,2,7.0,12.0,0.8,landed,14,14,132,16,28,3,landed,1,0,1
queue_aware,146,3,0,-0.1674607711240821,8.76265646093427,8.0,hold,24,28,122,26,38,4,reject_stale,0,1,1
queue_aware,146,4,1,10.0,6.0,0.8,landed,26,27,120,28,40,5,landed,1,0,1
queue_aware,146,5,2,4.23734353906573,7.832539228875918,8.0,hold,28,34,118,30,42,6,reject_stale,0,1,1
queue_aware,146,6,0,4.0,6.0,0.8,landed,38,40,108,40,52,7,landed,1,0,1
queue_aware,146,7,1,14.167460771124082,3.237343539065729,8.0,hold,40,45,106,42,54,8,reject_stale,0,1,1
queue_aware,147,0,0,4.0,6.0,0.8,landed,10,11,137,12,24,1,landed,1,0,1
queue_aware,147,1,1,12.76265646093427,10.167460771124082,8.0,hold,12,17,135,14,26,2,reject_stale,0,1,1
queue_aware,147,2,2,7.0,12.0,0.8,landed,14,14,133,16,28,3,landed,1,0,1
queue_aware,147,3,0,-0.1674607711240821,8.76265646093427,8.0,hold,24,28,123,26,38,4,reject_stale,0,1,1
queue_aware,147,4,1,10.0,6.0,0.8,landed,26,27,121,28,40,5,landed,1,0,1
queue_aware,147,5,2,4.23734353906573,7.832539228875918,8.0,hold,28,34,119,30,42,6,reject_stale,0,1,1
queue_aware,147,6,0,4.0,6.0,0.8,landed,38,40,109,40,52,7,landed,1,0,1
queue_aware,147,7,1,14.167460771124082,3.237343539065729,8.0,hold,40,45,107,42,54,8,reject_stale,0,1,1
queue_aware,148,0,0,4.0,6.0,0.8,landed,10,11,138,12,24,1,landed,1,0,1
queue_aware,148,1,1,12.76265646093427,10.167460771124082,8.0,hold,12,17,136,14,26,2,reject_stale,0,1,1
queue_aware,148,2,2,7.0,12.0,0.8,landed,14,14,134,16,28,3,landed,1,0,1
queue_aware,148,3,0,-0.1674607711240821,8.76265646093427,8.0,hold,24,28,124,26,38,4,reject_stale,0,1,1
queue_aware,148,4,1,10.0,6.0,0.8,landed,26,27,122,28,40,5,landed,1,0,1
queue_aware,148,5,2,4.23734353906573,7.832539228875918,8.0,hold,28,34,120,30,42,6,reject_stale,0,1,1
queue_aware,148,6,0,4.0,6.0,0.8,landed,38,40,110,40,52,7,landed,1,0,1
queue_aware,148,7,1,14.167460771124082,3.237343539065729,8.0,hold,40,45,108,42,54,8,reject_stale,0,1,1
queue_aware,149,0,0,4.0,6.0,0.8,landed,10,11,139,12,24,1,landed,1,0,1
queue_aware,149,1,1,12.76265646093427,10.167460771124082,8.0,hold,12,17,137,14,26,2,reject_stale,0,1,1
queue_aware,149,2,2,7.0,12.0,0.8,landed,14,14,135,16,28,3,landed,1,0,1
queue_aware,149,3,0,-0.1674607711240821,8.76265646093427,8.0,hold,24,28,125,26,38,4,reject_stale,0,1,1
queue_aware,149,4,1,10.0,6.0,0.8,landed,26,27,123,28,40,5,landed,1,0,1
queue_aware,149,5,2,4.23734353906573,7.832539228875918,8.0,hold,28,34,121,30,42,6,reject_stale,0,1,1
queue_aware,149,6,0,4.0,6.0,0.8,landed,38,40,111,40,52,7,landed,1,0,1
queue_aware,149,7,1,14.167460771124082,3.237343539065729,8.0,hold,40,45,109,42,54,8,reject_stale,0,1,1
queue_aware,150,0,0,4.0,6.0,0.8,landed,10,11,140,12,24,1,landed,1,0,1
queue_aware,150,1,1,12.76265646093427,10.167460771124082,8.0,hold,12,17,138,14,26,2,reject_stale,0,1,1
queue_aware,150,2,2,7.0,12.0,0.8,landed,14,14,136,16,28,3,landed,1,0,1
queue_aware,150,3,0,-0.1674607711240821,8.76265646093427,8.0,hold,24,28,126,26,38,4,reject_stale,0,1,1
queue_aware,150,4,1,10.0,6.0,0.8,landed,26,27,124,28,40,5,landed,1,0,1
queue_aware,150,5,2,4.23734353906573,7.832539228875918,8.0,hold,28,34,122,30,42,6,reject_stale,0,1,1
queue_aware,150,6,0,4.0,6.0,0.8,landed,38,40,112,40,52,7,landed,1,0,1
queue_aware,150,7,1,14.167460771124082,3.237343539065729,8.0,hold,40,45,110,42,54,8,reject_stale,0,1,1
queue_aware,151,0,0,4.0,6.0,0.8,landed,10,11,141,12,24,1,landed,1,0,1
queue_aware,151,1,1,12.76265646093427,10.167460771124082,8.0,hold,12,17,139,14,26,2,reject_stale,0,1,1
queue_aware,151,2,2,7.0,12.0,0.8,landed,14,14,137,16,28,3,landed,1,0,1
queue_aware,151,3,0,-0.1674607711240821,8.76265646093427,8.0,hold,24,28,127,26,38,4,reject_stale,0,1,1
queue_aware,151,4,1,10.0,6.0,0.8,landed,26,27,125,28,40,5,landed,1,0,1
queue_aware,151,5,2,4.23734353906573,7.832539228875918,8.0,hold,28,34,123,30,42,6,reject_stale,0,1,1
queue_aware,151,6,0,4.0,6.0,0.8,landed,38,40,113,40,52,7,landed,1,0,1
queue_aware,151,7,1,14.167460771124082,3.237343539065729,8.0,hold,40,45,111,42,54,8,reject_stale,0,1,1
queue_aware,152,0,0,4.0,6.0,0.8,landed,10,11,142,12,24,1,landed,1,0,1
queue_aware,152,1,1,12.76265646093427,10.167460771124082,8.0,hold,12,17,140,14,26,2,reject_stale,0,1,1
queue_aware,152,2,2,7.0,12.0,0.8,landed,14,14,138,16,28,3,landed,1,0,1
queue_aware,152,3,0,-0.1674607711240821,8.76265646093427,8.0,hold,24,28,128,26,38,4,reject_stale,0,1,1
queue_aware,152,4,1,10.0,6.0,0.8,landed,26,27,126,28,40,5,landed,1,0,1
queue_aware,152,5,2,4.23734353906573,7.832539228875918,8.0,hold,28,34,124,30,42,6,reject_stale,0,1,1
queue_aware,152,6,0,4.0,6.0,0.8,landed,38,40,114,40,52,7,landed,1,0,1
queue_aware,152,7,1,14.167460771124082,3.237343539065729,8.0,hold,40,45,112,42,54,8,reject_stale,0,1,1
queue_aware,153,0,0,4.0,6.0,0.8,landed,10,11,143,12,24,1,landed,1,0,1
queue_aware,153,1,1,12.76265646093427,10.167460771124082,8.0,hold,12,17,141,14,26,2,reject_stale,0,1,1
queue_aware,153,2,2,7.0,12.0,0.8,landed,14,14,139,16,28,3,landed,1,0,1
queue_aware,153,3,0,-0.1674607711240821,8.76265646093427,8.0,hold,24,28,129,26,38,4,reject_stale,0,1,1
queue_aware,153,4,1,10.0,6.0,0.8,landed,26,27,127,28,40,5,landed,1,0,1
queue_aware,153,5,2,4.23734353906573,7.832539228875918,8.0,hold,28,34,125,30,42,6,reject_stale,0,1,1
queue_aware,153,6,0,4.0,6.0,0.8,landed,38,40,115,40,52,7,landed,1,0,1
queue_aware,153,7,1,14.167460771124082,3.237343539065729,8.0,hold,40,45,113,42,54,8,reject_stale,0,1,1
queue_aware,154,0,0,4.0,6.0,0.8,landed,10,11,144,12,24,1,landed,1,0,1
queue_aware,154,1,1,12.76265646093427,10.167460771124082,8.0,hold,12,17,142,14,26,2,reject_stale,0,1,1
queue_aware,154,2,2,7.0,12.0,0.8,landed,14,14,140,16,28,3,landed,1,0,1
queue_aware,154,3,0,-0.1674607711240821,8.76265646093427,8.0,hold,24,28,130,26,38,4,reject_stale,0,1,1
queue_aware,154,4,1,10.0,6.0,0.8,landed,26,27,128,28,40,5,landed,1,0,1
queue_aware,154,5,2,4.23734353906573,7.832539228875918,8.0,hold,28,34,126,30,42,6,reject_stale,0,1,1
queue_aware,154,6,0,4.0,6.0,0.8,landed,38,40,116,40,52,7,landed,1,0,1
queue_aware,154,7,1,14.167460771124082,3.237343539065729,8.0,hold,40,45,114,42,54,8,reject_stale,0,1,1
queue_aware,155,0,0,4.0,6.0,0.8,landed,10,11,145,12,24,1,landed,1,0,1
queue_aware,155,1,1,12.76265646093427,10.167460771124082,8.0,hold,12,17,143,14,26,2,reject_stale,0,1,1
queue_aware,155,2,2,7.0,12.0,0.8,landed,14,14,141,16,28,3,landed,1,0,1
queue_aware,155,3,0,-0.1674607711240821,8.76265646093427,8.0,hold,24,28,131,26,38,4,reject_stale,0,1,1
queue_aware,155,4,1,10.0,6.0,0.8,landed,26,27,129,28,40,5,landed,1,0,1
queue_aware,155,5,2,4.23734353906573,7.832539228875918,8.0,hold,28,34,127,30,42,6,reject_stale,0,1,1
queue_aware,155,6,0,4.0,6.0,0.8,landed,38,40,117,40,52,7,landed,1,0,1
queue_aware,155,7,1,14.167460771124082,3.237343539065729,8.0,hold,40,45,115,42,54,8,reject_stale,0,1,1
queue_aware,156,0,0,4.0,6.0,0.8,landed,10,11,146,12,24,1,landed,1,0,1
queue_aware,156,1,1,12.76265646093427,10.167460771124082,8.0,hold,12,17,144,14,26,2,reject_stale,0,1,1
queue_aware,156,2,2,7.0,12.0,0.8,landed,14,14,142,16,28,3,landed,1,0,1
queue_aware,156,3,0,-0.1674607711240821,8.76265646093427,8.0,hold,24,28,132,26,38,4,reject_stale,0,1,1
queue_aware,156,4,1,10.0,6.0,0.8,landed,26,27,130,28,40,5,landed,1,0,1
queue_aware,156,5,2,4.23734353906573,7.832539228875918,8.0,hold,28,34,128,30,42,6,reject_stale,0,1,1
queue_aware,156,6,0,4.0,6.0,0.8,landed,38,40,118,40,52,7,landed,1,0,1
queue_aware,156,7,1,14.167460771124082,3.237343539065729,8.0,hold,40,45,116,42,54,8,reject_stale,0,1,1
queue_aware,157,0,0,4.0,6.0,0.8,landed,10,11,147,12,24,1,landed,1,0,1
queue_aware,157,1,1,12.76265646093427,10.167460771124082,8.0,hold,12,17,145,14,26,2,reject_stale,0,1,1
queue_aware,157,2,2,7.0,12.0,0.8,landed,14,14,143,16,28,3,landed,1,0,1
queue_aware,157,3,0,-0.1674607711240821,8.76265646093427,8.0,hold,24,28,133,26,38,4,reject_stale,0,1,1
queue_aware,157,4,1,10.0,6.0,0.8,landed,26,27,131,28,40,5,landed,1,0,1
queue_aware,157,5,2,4.23734353906573,7.832539228875918,8.0,hold,28,34,129,30,42,6,reject_stale,0,1,1
queue_aware,157,6,0,4.0,6.0,0.8,landed,38,40,119,40,52,7,landed,1,0,1
queue_aware,157,7,1,14.167460771124082,3.237343539065729,8.0,hold,40,45,117,42,54,8,reject_stale,0,1,1
queue_aware,158,0,0,4.0,6.0,0.8,landed,10,11,148,12,24,1,landed,1,0,1
queue_aware,158,1,1,12.76265646093427,10.167460771124082,8.0,hold,12,17,146,14,26,2,reject_stale,0,1,1
queue_aware,158,2,2,7.0,12.0,0.8,landed,14,14,144,16,28,3,landed,1,0,1
queue_aware,158,3,0,-0.1674607711240821,8.76265646093427,8.0,hold,24,28,134,26,38,4,reject_stale,0,1,1
queue_aware,158,4,1,10.0,6.0,0.8,landed,26,27,132,28,40,5,landed,1,0,1
queue_aware,158,5,2,4.23734353906573,7.832539228875918,8.0,hold,28,34,130,30,42,6,reject_stale,0,1,1
queue_aware,158,6,0,4.0,6.0,0.8,landed,38,40,120,40,52,7,landed,1,0,1
queue_aware,158,7,1,14.167460771124082,3.237343539065729,8.0,hold,40,45,118,42,54,8,reject_stale,0,1,1
queue_aware,159,0,0,4.0,6.0,0.8,landed,10,11,149,12,24,1,landed,1,0,1
queue_aware,159,1,1,12.76265646093427,10.167460771124082,8.0,hold,12,17,147,14,26,2,reject_stale,0,1,1
queue_aware,159,2,2,7.0,12.0,0.8,landed,14,14,145,16,28,3,landed,1,0,1
queue_aware,159,3,0,-0.1674607711240821,8.76265646093427,8.0,hold,24,28,135,26,38,4,reject_stale,0,1,1
queue_aware,159,4,1,10.0,6.0,0.8,landed,26,27,133,28,40,5,landed,1,0,1
queue_aware,159,5,2,4.23734353906573,7.832539228875918,8.0,hold,28,34,131,30,42,6,reject_stale,0,1,1
queue_aware,159,6,0,4.0,6.0,0.8,landed,38,40,121,40,52,7,landed,1,0,1
queue_aware,159,7,1,14.167460771124082,3.237343539065729,8.0,hold,40,45,119,42,54,8,reject_stale,0,1,1
queue_aware,160,0,0,4.0,6.0,0.8,landed,10,11,150,12,24,1,landed,1,0,1
queue_aware,160,1,1,12.76265646093427,10.167460771124082,8.0,hold,12,17,148,14,26,2,reject_stale,0,1,1
queue_aware,160,2,2,7.0,12.0,0.8,landed,14,14,146,16,28,3,landed,1,0,1
queue_aware,160,3,0,-0.1674607711240821,8.76265646093427,8.0,hold,24,28,136,26,38,4,reject_stale,0,1,1
queue_aware,160,4,1,10.0,6.0,0.8,landed,26,27,134,28,40,5,landed,1,0,1
queue_aware,160,5,2,4.23734353906573,7.832539228875918,8.0,hold,28,34,132,30,42,6,reject_stale,0,1,1
queue_aware,160,6,0,4.0,6.0,0.8,landed,38,40,122,40,52,7,landed,1,0,1
queue_aware,160,7,1,14.167460771124082,3.237343539065729,8.0,hold,40,45,120,42,54,8,reject_stale,0,1,1
queue_aware,161,0,0,4.0,6.0,0.8,landed,10,11,151,12,24,1,landed,1,0,1
queue_aware,161,1,1,12.76265646093427,10.167460771124082,8.0,hold,12,17,149,14,26,2,reject_stale,0,1,1
queue_aware,161,2,2,7.0,12.0,0.8,landed,14,14,147,16,28,3,landed,1,0,1
queue_aware,161,3,0,-0.1674607711240821,8.76265646093427,8.0,hold,24,28,137,26,38,4,reject_stale,0,1,1
queue_aware,161,4,1,10.0,6.0,0.8,landed,26,27,135,28,40,5,landed,1,0,1
queue_aware,161,5,2,4.23734353906573,7.832539228875918,8.0,hold,28,34,133,30,42,6,reject_stale,0,1,1
queue_aware,161,6,0,4.0,6.0,0.8,landed,38,40,123,40,52,7,landed,1,0,1
queue_aware,161,7,1,14.167460771124082,3.237343539065729,8.0,hold,40,45,121,42,54,8,reject_stale,0,1,1
queue_aware,162,0,0,4.0,6.0,0.8,landed,10,11,152,12,24,1,landed,1,0,1
queue_aware,162,1,1,12.76265646093427,10.167460771124082,8.0,hold,12,17,150,14,26,2,reject_stale,0,1,1
queue_aware,162,2,2,7.0,12.0,0.8,landed,14,14,148,16,28,3,landed,1,0,1
queue_aware,162,3,0,-0.1674607711240821,8.76265646093427,8.0,hold,24,28,138,26,38,4,reject_stale,0,1,1
queue_aware,162,4,1,10.0,6.0,0.8,landed,26,27,136,28,40,5,landed,1,0,1
queue_aware,162,5,2,4.23734353906573,7.832539228875918,8.0,hold,28,34,134,30,42,6,reject_stale,0,1,1
queue_aware,162,6,0,4.0,6.0,0.8,landed,38,40,124,40,52,7,landed,1,0,1
queue_aware,162,7,1,14.167460771124082,3.237343539065729,8.0,hold,40,45,122,42,54,8,reject_stale,0,1,1
queue_aware,163,0,0,4.0,6.0,0.8,landed,10,11,153,12,24,1,landed,1,0,1
queue_aware,163,1,1,12.76265646093427,10.167460771124082,8.0,hold,12,17,151,14,26,2,reject_stale,0,1,1
queue_aware,163,2,2,7.0,12.0,0.8,landed,14,14,149,16,28,3,landed,1,0,1
queue_aware,163,3,0,-0.1674607711240821,8.76265646093427,8.0,hold,24,28,139,26,38,4,reject_stale,0,1,1
queue_aware,163,4,1,10.0,6.0,0.8,landed,26,27,137,28,40,5,landed,1,0,1
queue_aware,163,5,2,4.23734353906573,7.832539228875918,8.0,hold,28,34,135,30,42,6,reject_stale,0,1,1
queue_aware,163,6,0,4.0,6.0,0.8,landed,38,40,125,40,52,7,landed,1,0,1
queue_aware,163,7,1,14.167460771124082,3.237343539065729,8.0,hold,40,45,123,42,54,8,reject_stale,0,1,1
queue_aware,164,0,0,4.0,6.0,0.8,landed,10,11,154,12,24,1,landed,1,0,1
queue_aware,164,1,1,12.76265646093427,10.167460771124082,8.0,hold,12,17,152,14,26,2,reject_stale,0,1,1
queue_aware,164,2,2,7.0,12.0,0.8,landed,14,14,150,16,28,3,landed,1,0,1
queue_aware,164,3,0,-0.1674607711240821,8.76265646093427,8.0,hold,24,28,140,26,38,4,reject_stale,0,1,1
queue_aware,164,4,1,10.0,6.0,0.8,landed,26,27,138,28,40,5,landed,1,0,1
queue_aware,164,5,2,4.23734353906573,7.832539228875918,8.0,hold,28,34,136,30,42,6,reject_stale,0,1,1
queue_aware,164,6,0,4.0,6.0,0.8,landed,38,40,126,40,52,7,landed,1,0,1
queue_aware,164,7,1,14.167460771124082,3.237343539065729,8.0,hold,40,45,124,42,54,8,reject_stale,0,1,1
queue_aware,165,0,0,4.0,6.0,0.8,landed,10,11,155,12,24,1,landed,1,0,1
queue_aware,165,1,1,12.76265646093427,10.167460771124082,8.0,hold,12,17,153,14,26,2,reject_stale,0,1,1
queue_aware,165,2,2,7.0,12.0,0.8,landed,14,14,151,16,28,3,landed,1,0,1
queue_aware,165,3,0,-0.1674607711240821,8.76265646093427,8.0,hold,24,28,141,26,38,4,reject_stale,0,1,1
queue_aware,165,4,1,10.0,6.0,0.8,landed,26,27,139,28,40,5,landed,1,0,1
queue_aware,165,5,2,4.23734353906573,7.832539228875918,8.0,hold,28,34,137,30,42,6,reject_stale,0,1,1
queue_aware,165,6,0,4.0,6.0,0.8,landed,38,40,127,40,52,7,landed,1,0,1
queue_aware,165,7,1,14.167460771124082,3.237343539065729,8.0,hold,40,45,125,42,54,8,reject_stale,0,1,1
queue_aware,166,0,0,4.0,6.0,0.8,landed,10,11,156,12,24,1,landed,1,0,1
queue_aware,166,1,1,12.76265646093427,10.167460771124082,8.0,hold,12,17,154,14,26,2,reject_stale,0,1,1
queue_aware,166,2,2,7.0,12.0,0.8,landed,14,14,152,16,28,3,landed,1,0,1
queue_aware,166,3,0,-0.1674607711240821,8.76265646093427,8.0,hold,24,28,142,26,38,4,reject_stale,0,1,1
queue_aware,166,4,1,10.0,6.0,0.8,landed,26,27,140,28,40,5,landed,1,0,1
queue_aware,166,5,2,4.23734353906573,7.832539228875918,8.0,hold,28,34,138,30,42,6,reject_stale,0,1,1
queue_aware,166,6,0,4.0,6.0,0.8,landed,38,40,128,40,52,7,landed,1,0,1
queue_aware,166,7,1,14.167460771124082,3.237343539065729,8.0,hold,40,45,126,42,54,8,reject_stale,0,1,1
queue_aware,167,0,0,4.0,6.0,0.8,landed,10,11,157,12,24,1,landed,1,0,1
queue_aware,167,1,1,12.76265646093427,10.167460771124082,8.0,hold,12,17,155,14,26,2,reject_stale,0,1,1
queue_aware,167,2,2,7.0,12.0,0.8,landed,14,14,153,16,28,3,landed,1,0,1
queue_aware,167,3,0,-0.1674607711240821,8.76265646093427,8.0,hold,24,28,143,26,38,4,reject_stale,0,1,1
queue_aware,167,4,1,10.0,6.0,0.8,landed,26,27,141,28,40,5,landed,1,0,1
queue_aware,167,5,2,4.23734353906573,7.832539228875918,8.0,hold,28,34,139,30,42,6,reject_stale,0,1,1
queue_aware,167,6,0,4.0,6.0,0.8,landed,38,40,129,40,52,7,landed,1,0,1
queue_aware,167,7,1,14.167460771124082,3.237343539065729,8.0,hold,40,45,127,42,54,8,reject_stale,0,1,1
queue_aware,168,0,0,4.0,6.0,0.8,landed,10,11,158,12,24,1,landed,1,0,1
queue_aware,168,1,1,12.76265646093427,10.167460771124082,8.0,hold,12,17,156,14,26,2,reject_stale,0,1,1
queue_aware,168,2,2,7.0,12.0,0.8,landed,14,14,154,16,28,3,landed,1,0,1
queue_aware,168,3,0,-0.1674607711240821,8.76265646093427,8.0,hold,24,28,144,26,38,4,reject_stale,0,1,1
queue_aware,168,4,1,10.0,6.0,0.8,landed,26,27,142,28,40,5,landed,1,0,1
queue_aware,168,5,2,4.23734353906573,7.832539228875918,8.0,hold,28,34,140,30,42,6,reject_stale,0,1,1
queue_aware,168,6,0,4.0,6.0,0.8,landed,38,40,130,40,52,7,landed,1,0,1
queue_aware,168,7,1,14.167460771124082,3.237343539065729,8.0,hold,40,45,128,42,54,8,reject_stale,0,1,1
queue_aware,169,0,0,4.0,6.0,0.8,landed,10,11,159,12,24,1,landed,1,0,1
queue_aware,169,1,1,12.76265646093427,10.167460771124082,8.0,hold,12,17,157,14,26,2,reject_stale,0,1,1
queue_aware,169,2,2,7.0,12.0,0.8,landed,14,14,155,16,28,3,landed,1,0,1
queue_aware,169,3,0,-0.1674607711240821,8.76265646093427,8.0,hold,24,28,145,26,38,4,reject_stale,0,1,1
queue_aware,169,4,1,10.0,6.0,0.8,landed,26,27,143,28,40,5,landed,1,0,1
queue_aware,169,5,2,4.23734353906573,7.832539228875918,8.0,hold,28,34,141,30,42,6,reject_stale,0,1,1
queue_aware,169,6,0,4.0,6.0,0.8,landed,38,40,131,40,52,7,landed,1,0,1
queue_aware,169,7,1,14.167460771124082,3.237343539065729,8.0,hold,40,45,129,42,54,8,reject_stale,0,1,1
queue_aware,170,0,0,4.0,6.0,0.8,landed,10,11,160,12,24,1,landed,1,0,1
queue_aware,170,1,1,12.76265646093427,10.167460771124082,8.0,hold,12,17,158,14,26,2,reject_stale,0,1,1
queue_aware,170,2,2,7.0,12.0,0.8,landed,14,14,156,16,28,3,landed,1,0,1
queue_aware,170,3,0,-0.1674607711240821,8.76265646093427,8.0,hold,24,28,146,26,38,4,reject_stale,0,1,1
queue_aware,170,4,1,10.0,6.0,0.8,landed,26,27,144,28,40,5,landed,1,0,1
queue_aware,170,5,2,4.23734353906573,7.832539228875918,8.0,hold,28,34,142,30,42,6,reject_stale,0,1,1
queue_aware,170,6,0,4.0,6.0,0.8,landed,38,40,132,40,52,7,landed,1,0,1
queue_aware,170,7,1,14.167460771124082,3.237343539065729,8.0,hold,40,45,130,42,54,8,reject_stale,0,1,1
queue_aware,171,0,0,4.0,6.0,0.8,landed,10,11,161,12,24,1,landed,1,0,1
queue_aware,171,1,1,12.76265646093427,10.167460771124082,8.0,hold,12,17,159,14,26,2,reject_stale,0,1,1
queue_aware,171,2,2,7.0,12.0,0.8,landed,14,14,157,16,28,3,landed,1,0,1
queue_aware,171,3,0,-0.1674607711240821,8.76265646093427,8.0,hold,24,28,147,26,38,4,reject_stale,0,1,1
queue_aware,171,4,1,10.0,6.0,0.8,landed,26,27,145,28,40,5,landed,1,0,1
queue_aware,171,5,2,4.23734353906573,7.832539228875918,8.0,hold,28,34,143,30,42,6,reject_stale,0,1,1
queue_aware,171,6,0,4.0,6.0,0.8,landed,38,40,133,40,52,7,landed,1,0,1
queue_aware,171,7,1,14.167460771124082,3.237343539065729,8.0,hold,40,45,131,42,54,8,reject_stale,0,1,1
queue_aware,172,0,0,4.0,6.0,0.8,landed,10,11,162,12,24,1,landed,1,0,1
queue_aware,172,1,1,12.76265646093427,10.167460771124082,8.0,hold,12,17,160,14,26,2,reject_stale,0,1,1
queue_aware,172,2,2,7.0,12.0,0.8,landed,14,14,158,16,28,3,landed,1,0,1
queue_aware,172,3,0,-0.1674607711240821,8.76265646093427,8.0,hold,24,28,148,26,38,4,reject_stale,0,1,1
queue_aware,172,4,1,10.0,6.0,0.8,landed,26,27,146,28,40,5,landed,1,0,1
queue_aware,172,5,2,4.23734353906573,7.832539228875918,8.0,hold,28,34,144,30,42,6,reject_stale,0,1,1
queue_aware,172,6,0,4.0,6.0,0.8,landed,38,40,134,40,52,7,landed,1,0,1
queue_aware,172,7,1,14.167460771124082,3.237343539065729,8.0,hold,40,45,132,42,54,8,reject_stale,0,1,1
queue_aware,173,0,0,4.0,6.0,0.8,landed,10,11,163,12,24,1,landed,1,0,1
queue_aware,173,1,1,12.76265646093427,10.167460771124082,8.0,hold,12,17,161,14,26,2,reject_stale,0,1,1
queue_aware,173,2,2,7.0,12.0,0.8,landed,14,14,159,16,28,3,landed,1,0,1
queue_aware,173,3,0,-0.1674607711240821,8.76265646093427,8.0,hold,24,28,149,26,38,4,reject_stale,0,1,1
queue_aware,173,4,1,10.0,6.0,0.8,landed,26,27,147,28,40,5,landed,1,0,1
queue_aware,173,5,2,4.23734353906573,7.832539228875918,8.0,hold,28,34,145,30,42,6,reject_stale,0,1,1
queue_aware,173,6,0,4.0,6.0,0.8,landed,38,40,135,40,52,7,landed,1,0,1
queue_aware,173,7,1,14.167460771124082,3.237343539065729,8.0,hold,40,45,133,42,54,8,reject_stale,0,1,1
queue_aware,174,0,0,4.0,6.0,0.8,landed,10,11,164,12,24,1,landed,1,0,1
queue_aware,174,1,1,12.76265646093427,10.167460771124082,8.0,hold,12,17,162,14,26,2,reject_stale,0,1,1
queue_aware,174,2,2,7.0,12.0,0.8,landed,14,14,160,16,28,3,landed,1,0,1
queue_aware,174,3,0,-0.1674607711240821,8.76265646093427,8.0,hold,24,28,150,26,38,4,reject_stale,0,1,1
queue_aware,174,4,1,10.0,6.0,0.8,landed,26,27,148,28,40,5,landed,1,0,1
queue_aware,174,5,2,4.23734353906573,7.832539228875918,8.0,hold,28,34,146,30,42,6,reject_stale,0,1,1
queue_aware,174,6,0,4.0,6.0,0.8,landed,38,40,136,40,52,7,landed,1,0,1
queue_aware,174,7,1,14.167460771124082,3.237343539065729,8.0,hold,40,45,134,42,54,8,reject_stale,0,1,1
queue_aware,175,0,0,4.0,6.0,0.8,landed,10,11,165,12,24,1,landed,1,0,1
queue_aware,175,1,1,12.76265646093427,10.167460771124082,8.0,hold,12,17,163,14,26,2,reject_stale,0,1,1
queue_aware,175,2,2,7.0,12.0,0.8,landed,14,14,161,16,28,3,landed,1,0,1
queue_aware,175,3,0,-0.1674607711240821,8.76265646093427,8.0,hold,24,28,151,26,38,4,reject_stale,0,1,1
queue_aware,175,4,1,10.0,6.0,0.8,landed,26,27,149,28,40,5,landed,1,0,1
queue_aware,175,5,2,4.23734353906573,7.832539228875918,8.0,hold,28,34,147,30,42,6,reject_stale,0,1,1
queue_aware,175,6,0,4.0,6.0,0.8,landed,38,40,137,40,52,7,landed,1,0,1
queue_aware,175,7,1,14.167460771124082,3.237343539065729,8.0,hold,40,45,135,42,54,8,reject_stale,0,1,1
queue_aware,176,0,0,4.0,6.0,0.8,landed,10,11,166,12,24,1,landed,1,0,1
queue_aware,176,1,1,12.76265646093427,10.167460771124082,8.0,hold,12,17,164,14,26,2,reject_stale,0,1,1
queue_aware,176,2,2,7.0,12.0,0.8,landed,14,14,162,16,28,3,landed,1,0,1
queue_aware,176,3,0,-0.1674607711240821,8.76265646093427,8.0,hold,24,28,152,26,38,4,reject_stale,0,1,1
queue_aware,176,4,1,10.0,6.0,0.8,landed,26,27,150,28,40,5,landed,1,0,1
queue_aware,176,5,2,4.23734353906573,7.832539228875918,8.0,hold,28,34,148,30,42,6,reject_stale,0,1,1
queue_aware,176,6,0,4.0,6.0,0.8,landed,38,40,138,40,52,7,landed,1,0,1
queue_aware,176,7,1,14.167460771124082,3.237343539065729,8.0,hold,40,45,136,42,54,8,reject_stale,0,1,1
queue_aware,177,0,0,4.0,6.0,0.8,landed,10,11,167,12,24,1,landed,1,0,1
queue_aware,177,1,1,12.76265646093427,10.167460771124082,8.0,hold,12,17,165,14,26,2,reject_stale,0,1,1
queue_aware,177,2,2,7.0,12.0,0.8,landed,14,14,163,16,28,3,landed,1,0,1
queue_aware,177,3,0,-0.1674607711240821,8.76265646093427,8.0,hold,24,28,153,26,38,4,reject_stale,0,1,1
queue_aware,177,4,1,10.0,6.0,0.8,landed,26,27,151,28,40,5,landed,1,0,1
queue_aware,177,5,2,4.23734353906573,7.832539228875918,8.0,hold,28,34,149,30,42,6,reject_stale,0,1,1
queue_aware,177,6,0,4.0,6.0,0.8,landed,38,40,139,40,52,7,landed,1,0,1
queue_aware,177,7,1,14.167460771124082,3.237343539065729,8.0,hold,40,45,137,42,54,8,reject_stale,0,1,1
queue_aware,178,0,0,4.0,6.0,0.8,landed,10,11,168,12,24,1,landed,1,0,1
queue_aware,178,1,1,12.76265646093427,10.167460771124082,8.0,hold,12,17,166,14,26,2,reject_stale,0,1,1
queue_aware,178,2,2,7.0,12.0,0.8,landed,14,14,164,16,28,3,landed,1,0,1
queue_aware,178,3,0,-0.1674607711240821,8.76265646093427,8.0,hold,24,28,154,26,38,4,reject_stale,0,1,1
queue_aware,178,4,1,10.0,6.0,0.8,landed,26,27,152,28,40,5,landed,1,0,1
queue_aware,178,5,2,4.23734353906573,7.832539228875918,8.0,hold,28,34,150,30,42,6,reject_stale,0,1,1
queue_aware,178,6,0,4.0,6.0,0.8,landed,38,40,140,40,52,7,landed,1,0,1
queue_aware,178,7,1,14.167460771124082,3.237343539065729,8.0,hold,40,45,138,42,54,8,reject_stale,0,1,1
queue_aware,179,0,0,4.0,6.0,0.8,landed,10,11,169,12,24,1,landed,1,0,1
queue_aware,179,1,1,12.76265646093427,10.167460771124082,8.0,hold,12,17,167,14,26,2,reject_stale,0,1,1
queue_aware,179,2,2,7.0,12.0,0.8,landed,14,14,165,16,28,3,landed,1,0,1
queue_aware,179,3,0,-0.1674607711240821,8.76265646093427,8.0,hold,24,28,155,26,38,4,reject_stale,0,1,1
queue_aware,179,4,1,10.0,6.0,0.8,landed,26,27,153,28,40,5,landed,1,0,1
queue_aware,179,5,2,4.23734353906573,7.832539228875918,8.0,hold,28,34,151,30,42,6,reject_stale,0,1,1
queue_aware,179,6,0,4.0,6.0,0.8,landed,38,40,141,40,52,7,landed,1,0,1
queue_aware,179,7,1,14.167460771124082,3.237343539065729,8.0,hold,40,45,139,42,54,8,reject_stale,0,1,1
