policy,step,agent,x,y,z,target_x,target_y,target_z,max_message_age,formation_error,minimum_separation,monitor_risk,fallback,unsafe_overlap
blind,0,0,0.0,0.0,4.800000190734863,0.0,0.0,4.800000190734863,1,0.34637510776519775,1.403167486190796,0,0,0
blind,0,1,2.7838387489318848,0.19808846712112427,5.74570369720459,2.5,0.0,5.550000190734863,1,0.34637510776519775,1.403167486190796,0,0,0
blind,0,2,1.2841682434082031,2.231339931488037,5.619119644165039,1.2499998807907104,2.1650636196136475,5.550000190734863,1,0.34637510776519775,1.403167486190796,0,0,0
blind,0,3,-1.3591701984405518,2.1897330284118652,5.295764923095703,-1.2500001192092896,2.1650633811950684,5.550000190734863,1,0.34637510776519775,1.403167486190796,0,0,0
blind,0,4,-2.629690408706665,0.018598442897200584,5.560069561004639,-2.5,-2.18556948539117e-07,5.550000190734863,1,0.34637510776519775,1.403167486190796,0,0,0
blind,0,5,-1.4358865022659302,-1.8403503894805908,5.063752174377441,-1.249999761581421,-2.1650636196136475,5.550000190734863,1,0.34637510776519775,1.403167486190796,0,0,0
blind,0,6,1.4688255786895752,-2.231827974319458,5.432725429534912,1.249999761581421,-2.1650636196136475,5.550000190734863,1,0.34637510776519775,1.403167486190796,0,0,0
blind,0,7,2.3838157653808594,1.0386730432510376,4.5193915367126465,2.1650633811950684,1.25,4.050000190734863,1,0.34637510776519775,1.403167486190796,0,0,0
blind,0,8,-0.4279603660106659,2.502108097076416,3.8410403728485107,-1.092784742695585e-07,2.5,4.050000190734863,1,0.34637510776519775,1.403167486190796,0,0,0
blind,0,9,-2.554191827774048,1.320029854774475,4.245491027832031,-2.1650633811950684,1.2500001192092896,4.050000190734863,1,0.34637510776519775,1.403167486190796,0,0,0
blind,0,10,-2.5323853492736816,-1.5757778882980347,4.229144096374512,-2.1650633811950684,-1.2500004768371582,4.050000190734863,1,0.34637510776519775,1.403167486190796,0,0,0
blind,0,11,-0.020922565832734108,-2.8710598945617676,4.119601726531982,2.981220248443606e-08,-2.5,4.050000190734863,1,0.34637510776519775,1.403167486190796,0,0,0
blind,1,0,0.005097599700093269,0.006260947324335575,4.80127477645874,0.036000002175569534,0.04421573132276535,4.809000015258789,2,0.2735392451286316,1.4996730089187622,0,0,0
blind,1,1,2.7090117931365967,0.14460766315460205,5.6866536140441895,2.548746347427368,0.04421573132276535,5.515120029449463,2,0.2735392451286316,1.4996730089187622,0,0,0
blind,1,2,1.263268232345581,2.1872470378875732,5.57002067565918,1.2989379167556763,2.2092792987823486,5.5370025634765625,2,0.2735392451286316,1.4996730089187622,0,0,0
blind,1,3,-1.321413516998291,2.181627035140991,5.382382392883301,-1.2006789445877075,2.2092790603637695,5.580767631530762,2,0.2735392451286316,1.4996730089187622,0,0,0
blind,1,4,-2.557079553604126,0.008459886536002159,5.560760498046875,-2.4504873752593994,0.04421551153063774,5.602650165557861,2,0.2735392451286316,1.4996730089187622,0,0,0
blind,1,5,-1.3926979303359985,-1.9124987125396729,5.174874305725098,-1.2006785869598389,-2.1208479404449463,5.580767631530762,2,0.2735392451286316,1.4996730089187622,0,0,0
blind,1,6,1.3953334093093872,-2.2088463306427,5.4699788093566895,1.2989377975463867,-2.1208479404449463,5.5370025634765625,2,0.2735392451286316,1.4996730089187622,0,0,0
blind,1,7,2.3314385414123535,1.0874309539794922,4.4057416915893555,2.1876020431518555,1.2942156791687012,4.021213054656982,2,0.2735392451286316,1.4996730089187622,0,0,0
blind,1,8,-0.32387301325798035,2.5015861988067627,3.892786979675293,0.022870320826768875,2.544215679168701,4.059114933013916,2,0.2735392451286316,1.4996730089187622,0,0,0
blind,1,9,-2.456151008605957,1.3020597696304321,4.200709819793701,-2.1418609619140625,1.2942157983779907,4.09701681137085,2,0.2735392451286316,1.4996730089187622,0,0,0
blind,1,10,-2.4469587802886963,-1.4984060525894165,4.191980361938477,-2.1418609619140625,-1.205784797668457,4.09701681137085,2,0.2735392451286316,1.4996730089187622,0,0,0
blind,1,11,-0.016986310482025146,-2.7682790756225586,4.100338935852051,0.022870458662509918,-2.455784320831299,4.059114933013916,2,0.2735392451286316,1.4996730089187622,0,0,0
blind,2,0,0.014570980332791805,0.017892666161060333,4.803642749786377,0.07200000435113907,0.08840585500001907,4.81799840927124,3,0.24476569890975952,1.5949565172195435,0,0,0
blind,2,1,2.6508147716522217,0.10139574110507965,5.630746841430664,2.5967187881469727,0.08840585500001907,5.480036735534668,3,0.24476569890975952,1.5949565172195435,0,0,0
blind,2,2,1.2495256662368774,2.152022361755371,5.5256500244140625,1.3474845886230469,2.253469467163086,5.523787975311279,3,0.24476569890975952,1.5949565172195435,0,0,0
blind,2,3,-1.2885764837265015,2.1751551628112793,5.455816268920898,-1.1509835720062256,2.253469228744507,5.611289978027344,3,0.24476569890975952,1.5949565172195435,0,0,0
blind,2,4,-2.495821237564087,0.0003440100699663162,5.571053504943848,-2.4002175331115723,0.08840563893318176,5.655040740966797,3,0.24476569890975952,1.5949565172195435,0,0,0
blind,2,5,-1.355411171913147,-1.9708250761032104,5.268463134765625,-1.150983214378357,-2.076657772064209,5.611289978027344,3,0.24476569890975952,1.5949565172195435,0,0,0
blind,2,6,1.3370399475097656,-2.1898281574249268,5.496391296386719,1.3474844694137573,-2.076657772064209,5.523787975311279,3,0.24476569890975952,1.5949565172195435,0,0,0
blind,2,7,2.2868709564208984,1.1266181468963623,4.307758331298828,2.209486246109009,1.3384058475494385,3.9926791191101074,3,0.24476569890975952,1.5949565172195435,0,0,0
blind,2,8,-0.24116772413253784,2.50115966796875,3.935133218765259,0.04574930667877197,2.5884058475494385,4.068458080291748,3,0.24476569890975952,1.5949565172195435,0,0,0
blind,2,9,-2.3776280879974365,1.2872573137283325,4.1707763671875,-2.1179873943328857,1.338405966758728,4.144237041473389,3,0.24476569890975952,1.5949565172195435,0,0,0
blind,2,10,-2.3763232231140137,-1.4322125911712646,4.167771816253662,-2.1179873943328857,-1.1615946292877197,4.144237041473389,3,0.24476569890975952,1.5949565172195435,0,0,0
blind,2,11,-0.01624191366136074,-2.6846468448638916,4.084719181060791,0.045749448239803314,-2.4115941524505615,4.068458080291748,3,0.24476569890975952,1.5949565172195435,0,0,0
blind,3,0,0.027800530195236206,0.034127410501241684,4.806949138641357,0.1080000102519989,0.13254481554031372,4.8269944190979,4,0.24856898188591003,1.6910462379455566,0,0,0
blind,3,1,2.606128454208374,0.06659761071205139,5.577327251434326,2.6439104080200195,0.13254481554031372,5.444779396057129,4,0.24856898188591003,1.6910462379455566,0,0,0
blind,3,2,1.241795539855957,2.1238157749176025,5.484248638153076,1.395632266998291,2.2976083755493164,5.510370254516602,4,0.24856898188591003,1.6910462379455566,0,0,0
blind,3,3,-1.2596700191497803,2.170016288757324,5.51848030090332,-1.1009235382080078,2.2976081371307373,5.641551971435547,4,0.24856898188591003,1.6910462379455566,0,0,0
blind,3,4,-2.4439361095428467,-0.006079192738980055,5.589288234710693,-2.349201202392578,0.1325445920228958,5.7071428298950195,4,0.24856898188591003,1.6910462379455566,0,0,0
blind,3,5,-1.3183279037475586,-2.02187442779541,5.356853008270264,-1.1009230613708496,-2.0325188636779785,5.641551971435547,4,0.24856898188591003,1.6910462379455566,0,0,0
blind,3,6,1.2910226583480835,-2.173999547958374,5.513842582702637,1.395632266998291,-2.0325188636779785,5.510370254516602,4,0.24856898188591003,1.6910462379455566,0,0,0
blind,3,7,2.246952772140503,1.1592161655426025,4.218916893005371,2.2307262420654297,1.382544755935669,3.964421033859253,4,0.24856898188591003,1.6910462379455566,0,0,0
blind,3,8,-0.17586499452590942,2.500810384750366,3.969888925552368,0.0686454027891159,2.632544755935669,4.078027725219727,4,0.24856898188591003,1.6910462379455566,0,0,0
blind,3,9,-2.3148484230041504,1.2750167846679688,4.15310001373291,-2.093435287475586,1.382544994354248,4.191634178161621,4,0.24856898188591003,1.6910462379455566,0,0,0
blind,3,10,-2.3157904148101807,-1.372681975364685,4.1554975509643555,-2.093435287475586,-1.1174557209014893,4.191634178161621,4,0.24856898188591003,1.6910462379455566,0,0,0
blind,3,11,-0.01813841052353382,-2.616593837738037,4.0721025466918945,0.06864553689956665,-2.367455244064331,4.078027725219727,4,0.24856898188591003,1.6910462379455566,0,0,0
blind,4,0,0.044254377484321594,0.05430252477526665,4.811060905456543,0.14400000870227814,0.17660704255104065,4.835986137390137,5,0.27425551414489746,1.7793123722076416,0,0,0
blind,4,1,2.572411060333252,0.03870721161365509,5.525886058807373,2.6903159618377686,0.17660704255104065,5.409375190734863,5,0.27425551414489746,1.7793123722076416,0,0,0
blind,4,2,1.2409812211990356,2.1019203662872314,5.442401885986328,1.4433742761611938,2.3416707515716553,5.496763229370117,5,0.27425551414489746,1.7793123722076416,0,0,0
blind,4,3,-1.2338911294937134,2.165964365005493,5.572336673736572,-1.0505088567733765,2.341670513153076,5.671539306640625,5,0.27425551414489746,1.7793123722076416,0,0,0
blind,4,4,-2.399052619934082,-0.011134479194879532,5.615218162536621,-2.297450304031372,0.17660681903362274,5.758927345275879,5,0.27425551414489746,1.7793123722076416,0,0,0
blind,4,5,-1.281961441040039,-2.0627028942108154,5.436805725097656,-1.0505084991455078,-1.9884566068649292,5.671539306640625,5,0.27425551414489746,1.7793123722076416,0,0,0
blind,4,6,1.254903793334961,-2.160729169845581,5.523848056793213,1.4433741569519043,-1.9884566068649292,5.496763229370117,5,0.27425551414489746,1.7793123722076416,0,0,0
blind,4,7,2.2107057571411133,1.1875710487365723,4.135973930358887,2.251333475112915,1.4266070127487183,3.9364607334136963,5,0.27425551414489746,1.7793123722076416,0,0,0
blind,4,8,-0.12472793459892273,2.5005240440368652,3.998527765274048,0.09156709909439087,2.676607131958008,4.087821006774902,5,0.27425551414489746,1.7793123722076416,0,0,0
blind,4,9,-2.2614645957946777,1.2641682624816895,4.14519739151001,-2.0681989192962646,1.4266071319580078,4.2391815185546875,5,0.27425551414489746,1.7793123722076416,0,0,0
blind,4,10,-2.2680811882019043,-1.3234463930130005,4.153442859649658,-2.0681989192962646,-1.07339346408844,4.2391815185546875,5,0.27425551414489746,1.7793123722076416,0,0,0
blind,4,11,-0.02222677506506443,-2.561218023300171,4.061971187591553,0.09156723320484161,-2.323392868041992,4.087821006774902,5,0.27425551414489746,1.7793123722076416,0,0,0
blind,5,0,0.06347595900297165,0.07784559577703476,4.815862655639648,0.18000000715255737,0.22056716680526733,4.844973087310791,5,0.3098946213722229,1.8541021347045898,0,0,0
blind,5,1,2.546414852142334,0.01538855955004692,5.473388195037842,2.735931873321533,0.22056716680526733,5.373852729797363,5,0.3098946213722229,1.8541021347045898,0,0,0
blind,5,2,1.244820475578308,2.0858850479125977,5.403278350830078,1.4907042980194092,2.3856308460235596,5.482981204986572,5,0.3098946213722229,1.8541021347045898,0,0,0
blind,5,3,-1.2105884552001953,2.1627988815307617,5.618978500366211,-0.9997504353523254,2.3856306076049805,5.701237678527832,5,0.3098946213722229,1.8541021347045898,0,0,0
blind,5,4,-2.3584065437316895,-0.014076845720410347,5.651686668395996,-2.2449774742126465,0.22056694328784943,5.810366153717041,5,0.3098946213722229,1.8541021347045898,0,0,0
blind,5,5,-1.2449138164520264,-2.093289375305176,5.509840965270996,-0.9997500777244568,-1.9444963932037354,5.701237678527832,5,0.3098946213722229,1.8541021347045898,0,0,0
blind,5,6,1.2249222993850708,-2.148752212524414,5.527829647064209,1.49070405960083,-1.9444963932037354,5.482981204986572,5,0.3098946213722229,1.8541021347045898,0,0,0
blind,5,7,2.178471803665161,1.2128630876541138,4.058730125427246,2.27131986618042,1.470567226409912,3.908820867538452,5,0.3098946213722229,1.8541021347045898,0,0,0
blind,5,8,-0.085123710334301,2.500288486480713,4.022250175476074,0.11452285945415497,2.720567226409912,4.097836494445801,5,0.3098946213722229,1.8541021347045898,0,0,0
blind,5,9,-2.218815803527832,1.2550822496414185,4.146176815032959,-2.042273998260498,1.470567226409912,4.286852836608887,5,0.3098946213722229,1.8541021347045898,0,0,0
blind,5,10,-2.2222442626953125,-1.2716668844223022,4.165424346923828,-2.042273998260498,-1.029433250427246,4.286852836608887,5,0.3098946213722229,1.8541021347045898,0,0,0
blind,5,11,-0.028515784069895744,-2.5134034156799316,4.05340051651001,0.11452300101518631,-2.279432773590088,4.097836494445801,5,0.3098946213722229,1.8541021347045898,0,0,0
blind,6,0,0.08507336676120758,0.10426166653633118,4.821256160736084,0.2160000205039978,0.26439976692199707,4.8539533615112305,6,0.34874606132507324,1.8415495157241821,0,0,0
blind,6,1,2.5280277729034424,-0.0029378607869148254,5.422543525695801,2.780754804611206,0.26439976692199707,5.338240146636963,6,0.34874606132507324,1.8415495157241821,0,0,0
blind,6,2,1.2613210678100586,2.0807416439056396,5.360705375671387,1.5376167297363281,2.4294633865356445,5.469038009643555,6,0.34874606132507324,1.8415495157241821,0,0,0
blind,6,3,-1.1882805824279785,2.160254716873169,5.661528587341309,-0.9486592411994934,2.4294631481170654,5.7306342124938965,6,0.34874606132507324,1.8415495157241821,0,0,0
blind,6,4,-2.323136329650879,-0.013768809847533703,5.697851657867432,-2.1917970180511475,0.26439955830574036,5.861432075500488,6,0.34874606132507324,1.8415495157241821,0,0,0
blind,6,5,-1.2060657739639282,-2.1132805347442627,5.576859474182129,-0.9486588835716248,-1.9006638526916504,5.7306342124938965,6,0.34874606132507324,1.8415495157241821,0,0,0
blind,6,6,1.1985032558441162,-2.1357760429382324,5.525907039642334,1.537616491317749,-1.9006638526916504,5.469038009643555,6,0.34874606132507324,1.8415495157241821,0,0,0
blind,6,7,2.1505088806152344,1.236432433128357,3.9867360591888428,2.2906992435455322,1.514399766921997,3.881521701812744,6,0.34874606132507324,1.8415495157241821,0,0,0
blind,6,8,-0.05491103604435921,2.500094175338745,4.0420331954956055,0.13752108812332153,2.764399766921997,4.108070373535156,6,0.34874606132507324,1.8415495157241821,0,0,0
blind,6,9,-2.1733922958374023,1.2477431297302246,4.158738136291504,-2.0156567096710205,1.5143998861312866,4.334619522094727,6,0.34874606132507324,1.8415495157241821,0,0,0
blind,6,10,-2.18410587310791,-1.2233998775482178,4.191988468170166,-2.0156567096710205,-0.9856007099151611,4.334619522094727,6,0.34874606132507324,1.8415495157241821,0,0,0
blind,6,11,-0.03674985095858574,-2.46903395652771,4.046024322509766,0.13752123713493347,-2.235600233078003,4.108070373535156,6,0.34874606132507324,1.8415495157241821,0,0,0
blind,7,0,0.10871017724275589,0.1331222951412201,4.8271565437316895,0.25200000405311584,0.30807965993881226,4.862926006317139,5,0.3871014714241028,1.828555941581726,0,0,0
blind,7,1,2.51676869392395,-0.01669343374669552,5.363824367523193,2.8247838020324707,0.30807965993881226,5.302566051483154,5,0.3871014714241028,1.828555941581726,0,0,0
blind,7,2,1.2893472909927368,2.0881502628326416,5.319565296173096,1.584106683731079,2.4731433391571045,5.454949378967285,5,0.3871014714241028,1.828555941581726,0,0,0
blind,7,3,-1.1648322343826294,2.1590609550476074,5.702764987945557,-0.897247314453125,2.4731431007385254,5.7597150802612305,5,0.3871014714241028,1.828555941581726,0,0,0
blind,7,4,-2.2939741611480713,-0.009194498881697655,5.751432418823242,-2.1379241943359375,0.30807945132255554,5.912098407745361,5,0.3871014714241028,1.828555941581726,0,0,0
blind,7,5,-1.1645584106445312,-2.1221842765808105,5.638308048248291,-0.8972469568252563,-1.8569839000701904,5.7597150802612305,5,0.3871014714241028,1.828555941581726,0,0,0
blind,7,6,1.176374912261963,-2.1205697059631348,5.5166497230529785,1.5841065645217896,-1.8569839000701904,5.454949378967285,5,0.3871014714241028,1.828555941581726,0,0,0
blind,7,7,2.1258115768432617,1.2555652856826782,3.9228739738464355,2.309485912322998,1.558079719543457,3.8545846939086914,5,0.3871014714241028,1.828555941581726,0,0,0
blind,7,8,-0.024246450513601303,2.500772476196289,4.0636186599731445,0.16057008504867554,2.808079719543457,4.1185197830200195,5,0.3871014714241028,1.828555941581726,0,0,0
blind,7,9,-2.1323189735412598,1.2439069747924805,4.184348106384277,-1.9883452653884888,1.558079719543457,4.382454872131348,5,0.3871014714241028,1.828555941581726,0,0,0
blind,7,10,-2.154062032699585,-1.1794177293777466,4.23250675201416,-1.9883452653884888,-0.941920816898346,4.382454872131348,5,0.3871014714241028,1.828555941581726,0,0,0
blind,7,11,-0.04653983563184738,-2.427668333053589,4.040139198303223,0.16057021915912628,-2.191920280456543,4.1185197830200195,5,0.3871014714241028,1.828555941581726,0,0,0
blind,8,0,0.134097620844841,0.16405616700649261,4.83349084854126,0.2880000174045563,0.351581871509552,4.871889591217041,5,0.42225903272628784,1.8244705200195312,0,0,0
blind,8,1,2.5140655040740967,-0.024034010246396065,5.303636074066162,2.8680195808410645,0.351581871509552,5.266859531402588,5,0.42225903272628784,1.8244705200195312,0,0,0
blind,8,2,1.329162836074829,2.1112518310546875,5.284893989562988,1.630170464515686,2.5166454315185547,5.440729141235352,5,0.42225903272628784,1.8244705200195312,0,0,0
blind,8,3,-1.139753818511963,2.1600277423858643,5.742320537567139,-0.845526933670044,2.5166451930999756,5.788468360900879,5,0.42225903272628784,1.8244705200195312,0,0,0
blind,8,4,-2.2704153060913086,0.00031825341284275055,5.80930757522583,-2.0833754539489746,0.3515816628932953,5.962338447570801,5,0.42225903272628784,1.8244705200195312,0,0,0
blind,8,5,-1.119974970817566,-2.1195294857025146,5.694064617156982,-0.8455266952514648,-1.8134818077087402,5.788468360900879,5,0.42225903272628784,1.8244705200195312,0,0,0
blind,8,6,1.159885048866272,-2.1062185764312744,5.501535415649414,1.6301703453063965,-1.8134818077087402,5.440729141235352,5,0.42225903272628784,1.8244705200195312,0,0,0
blind,8,7,2.1062467098236084,1.279065728187561,3.859306573867798,2.327694892883301,1.6015818119049072,3.828029155731201,5,0.42225903272628784,1.8244705200195312,0,0,0
blind,8,8,0.003178020939230919,2.503131151199341,4.0849761962890625,0.1836780607700348,2.8515818119049072,4.129180431365967,5,0.42225903272628784,1.8244705200195312,0,0,0
blind,8,9,-2.0971877574920654,1.245353102684021,4.224296569824219,-1.9603387117385864,1.6015820503234863,4.430331707000732,5,0.42225903272628784,1.8244705200195312,0,0,0
blind,8,10,-2.1324751377105713,-1.141139268875122,4.284219264984131,-1.9603387117385864,-0.8984186053276062,4.430331707000732,5,0.42225903272628784,1.8244705200195312,0,0,0
blind,8,11,-0.05742478370666504,-2.388911724090576,4.036079406738281,0.18367820978164673,-2.1484181880950928,4.129180431365967,5,0.42225903272628784,1.8244705200195312,0,0,0
blind,9,0,0.16098779439926147,0.1967410445213318,4.840195655822754,0.3240000307559967,0.3948815166950226,4.880842685699463,5,0.454071581363678,1.8116511106491089,0,0,0
blind,9,1,2.5199813842773438,-0.024342091754078865,5.243106365203857,2.9104621410369873,0.3948815166950226,5.231147766113281,5,0.454071581363678,1.8116511106491089,0,0,0
blind,9,2,1.375854730606079,2.1477742195129395,5.261360168457031,1.6758043766021729,2.5599451065063477,5.426392555236816,5,0.454071581363678,1.8116511106491089,0,0,0
blind,9,3,-1.1125833988189697,2.163900375366211,5.779905319213867,-0.793510913848877,2.5599448680877686,5.816882133483887,5,0.454071581363678,1.8116511106491089,0,0,0
blind,9,4,-2.2507247924804688,0.014940822497010231,5.868733882904053,-2.0281684398651123,0.39488130807876587,6.012126922607422,5,0.454071581363678,1.8116511106491089,0,0,0
blind,9,5,-1.0795156955718994,-2.113250732421875,5.741224765777588,-0.7935105562210083,-1.7701821327209473,5.816882133483887,5,0.454071581363678,1.8116511106491089,0,0,0
blind,9,6,1.1517058610916138,-2.082984447479248,5.471240520477295,1.6758042573928833,-1.7701821327209473,5.426392555236816,5,0.454071581363678,1.8116511106491089,0,0,0
blind,9,7,2.0913679599761963,1.304067850112915,3.7998318672180176,2.3453431129455566,1.6448814868927002,3.8018743991851807,5,0.454071581363678,1.8116511106491089,0,0,0
blind,9,8,0.027441933751106262,2.508004665374756,4.106328964233398,0.20685312151908875,2.8948814868927,4.140048027038574,5,0.454071581363678,1.8116511106491089,0,0,0
blind,9,9,-2.0707762241363525,1.2538456916809082,4.2766523361206055,-1.9316364526748657,1.6448816061019897,4.478221893310547,5,0.454071581363678,1.8116511106491089,0,0,0
blind,9,10,-2.1183156967163086,-1.1089675426483154,4.342909812927246,-1.9316364526748657,-0.855118989944458,4.478221893310547,5,0.454071581363678,1.8116511106491089,0,0,0
blind,9,11,-0.06872352957725525,-2.352363109588623,4.034220218658447,0.20685327053070068,-2.1051185131073,4.140048027038574,5,0.454071581363678,1.8116511106491089,0,0,0
blind,10,0,0.18916791677474976,0.23089677095413208,4.847217559814453,0.36000001430511475,0.4379538297653198,4.889784336090088,5,0.4814886450767517,1.804533839225769,0,0,0
blind,10,1,2.534303665161133,-0.01720726490020752,5.18337869644165,2.952115058898926,0.4379538297653198,5.195460796356201,5,0.4814886450767517,1.804533839225769,0,0,0
blind,10,2,1.4241453409194946,2.1931955814361572,5.250267028808594,1.7210057973861694,2.6030173301696777,5.4119553565979,5,0.4814886450767517,1.804533839225769,0,0,0
blind,10,3,-1.0829198360443115,2.1713836193084717,5.815247058868408,-0.7412127256393433,2.6030173301696777,5.844944477081299,5,0.4814886450767517,1.804533839225769,0,0,0
blind,10,4,-2.234307289123535,0.028963670134544373,5.923817157745361,-1.97232186794281,0.4379536211490631,6.061439037322998,5,0.4814886450767517,1.804533839225769,0,0,0
blind,10,5,-1.0304375886917114,-2.0922107696533203,5.786594867706299,-0.7412122488021851,-1.7271097898483276,5.844944477081299,5,0.4814886450767517,1.804533839225769,0,0,0
blind,10,6,1.158799648284912,-2.055260419845581,5.428008079528809,1.7210057973861694,-1.7271097898483276,5.4119553565979,5,0.4814886450767517,1.804533839225769,0,0,0
blind,10,7,2.08211088180542,1.33224356174469,3.7445297241210938,2.3624472618103027,1.6879538297653198,3.776139259338379,5,0.4814886450767517,1.804533839225769,0,0,0
blind,10,8,0.04860951006412506,2.516388177871704,4.12786340713501,0.23010320961475372,2.9379539489746094,4.151118755340576,5,0.4814886450767517,1.804533839225769,0,0,0
blind,10,9,-2.0550360679626465,1.2698966264724731,4.337667942047119,-1.9022403955459595,1.6879539489746094,4.526098251342773,5,0.4814886450767517,1.804533839225769,0,0,0
blind,10,10,-2.1091678142547607,-1.0817606449127197,4.404563903808594,-1.9022403955459595,-0.8120466470718384,4.526098251342773,5,0.4814886450767517,1.804533839225769,0,0,0
blind,10,11,-0.08066398650407791,-2.3227059841156006,4.033929347991943,0.23010334372520447,-2.0620460510253906,4.151118755340576,5,0.4814886450767517,1.804533839225769,0,0,0
blind,11,0,0.21845534443855286,0.2662794589996338,4.854509353637695,0.3960000276565552,0.48077458143234253,4.898713111877441,6,0.5043074488639832,1.8060706853866577,0,0,0
blind,11,1,2.5563571453094482,-0.0025801481679081917,5.12595272064209,2.992982864379883,0.48077458143234253,5.159826278686523,6,0.5043074488639832,1.8060706853866577,0,0,0
blind,11,2,1.4705731868743896,2.242757558822632,5.249060153961182,1.7657731771469116,2.6458382606506348,5.397432804107666,6,0.5043074488639832,1.8060706853866577,0,0,0
blind,11,3,-1.0551918745040894,2.178956985473633,5.845887660980225,-0.6886459589004517,2.6458380222320557,5.872644901275635,6,0.5043074488639832,1.8060706853866577,0,0,0
blind,11,4,-2.2152912616729736,0.053051743656396866,5.982275009155273,-1.9158552885055542,0.4807743728160858,6.110251426696777,6,0.5043074488639832,1.8060706853866577,0,0,0
blind,11,5,-0.9797036051750183,-2.0594003200531006,5.823416709899902,-0.688645601272583,-1.6842889785766602,5.872644901275635,6,0.5043074488639832,1.8060706853866577,0,0,0
blind,11,6,1.1863653659820557,-2.026935577392578,5.377316474914551,1.765773057937622,-1.6842889785766602,5.397432804107666,6,0.5043074488639832,1.8060706853866577,0,0,0
blind,11,7,2.0780341625213623,1.3637338876724243,3.6932244300842285,2.379025459289551,1.7307746410369873,3.7508413791656494,6,0.5043074488639832,1.8060706853866577,0,0,0
blind,11,8,0.0667000561952591,2.529445171356201,4.1495866775512695,0.25343620777130127,2.9807746410369873,4.162387371063232,6,0.5043074488639832,1.8060706853866577,0,0,0
blind,11,9,-2.0492653846740723,1.2928417921066284,4.401768684387207,-1.8721529245376587,1.7307746410369873,4.5739336013793945,6,0.5043074488639832,1.8060706853866577,0,0,0
blind,11,10,-2.1045002937316895,-1.0614838600158691,4.461607456207275,-1.8721529245376587,-0.7692258954048157,4.5739336013793945,6,0.5043074488639832,1.8060706853866577,0,0,0
blind,11,11,-0.09087993949651718,-2.288072347640991,4.037433624267578,0.2534363269805908,-2.0192253589630127,4.162387371063232,6,0.5043074488639832,1.8060706853866577,0,0,0
blind,12,0,0.24869327247142792,0.30267632007598877,4.862030982971191,0.4320000410079956,0.5233194828033447,4.907627105712891,5,0.5234736800193787,1.8079768419265747,0,0,0
blind,12,1,2.5851504802703857,0.01915525272488594,5.071847915649414,3.0330700874328613,0.5233194828033447,5.124271869659424,5,0.5234736800193787,1.8079768419265747,0,0,0
blind,12,2,1.5089842081069946,2.2852251529693604,5.249265670776367,1.8101050853729248,2.688383102416992,5.382839202880859,5,0.5234736800193787,1.8079768419265747,0,0,0
blind,12,3,-1.0194224119186401,2.195338249206543,5.8766560554504395,-0.6358246803283691,2.688382863998413,5.899972915649414,5,0.5234736800193787,1.8079768419265747,0,0,0
blind,12,4,-2.193727970123291,0.08146022260189056,6.038361072540283,-1.8587895631790161,0.5233192443847656,6.15854024887085,5,0.5234736800193787,1.8079768419265747,0,0,0
blind,12,5,-0.9289584755897522,-2.0181031227111816,5.852148532867432,-0.6358243227005005,-1.6417441368103027,5.899972915649414,5,0.5234736800193787,1.8079768419265747,0,0,0
blind,12,6,1.2316675186157227,-2.001791477203369,5.328233242034912,1.8101049661636353,-1.6417441368103027,5.382839202880859,5,0.5234736800193787,1.8079768419265747,0,0,0
blind,12,7,2.079296112060547,1.3990201950073242,3.646270513534546,2.395097017288208,1.7733194828033447,3.725996971130371,5,0.5234736800193787,1.8079768419265747,0,0,0
blind,12,8,0.08166609704494476,2.548325300216675,4.1711554527282715,0.27685970067977905,3.0233194828033447,4.1738481521606445,5,0.5234736800193787,1.8079768419265747,0,0,0
blind,12,9,-2.0504863262176514,1.3145341873168945,4.461097717285156,-1.8413773775100708,1.7733196020126343,4.621699333190918,5,0.5234736800193787,1.8079768419265747,0,0,0
blind,12,10,-2.097686290740967,-1.0383625030517578,4.523886203765869,-1.8413773775100708,-0.7266809940338135,4.621699333190918,5,0.5234736800193787,1.8079768419265747,0,0,0
blind,12,11,-0.09893502295017242,-2.2540557384490967,4.044479846954346,0.2768598198890686,-1.9766805171966553,4.1738481521606445,5,0.5234736800193787,1.8079768419265747,0,0,0
blind,13,0,0.2797470986843109,0.33990129828453064,4.869747638702393,0.46799999475479126,0.5655646920204163,4.9165263175964355,6,0.5388078093528748,1.823193073272705,0,0,0
blind,13,1,2.6124167442321777,0.04008956253528595,5.022530555725098,3.072383403778076,0.5655646920204163,5.088826656341553,6,0.5388078093528748,1.823193073272705,0,0,0
blind,13,2,1.551138162612915,2.336466073989868,5.255904674530029,1.8540008068084717,2.730628252029419,5.368191242218018,6,0.5388078093528748,1.823193073272705,0,0,0
blind,13,3,-0.9808053970336914,2.2168025970458984,5.904198169708252,-0.5827638506889343,2.73062801361084,5.926919937133789,6,0.5388078093528748,1.823193073272705,0,0,0
blind,13,4,-2.1680543422698975,0.11360591650009155,6.091677188873291,-1.8011460304260254,0.5655644536018372,6.206284523010254,6,0.5388078093528748,1.823193073272705,0,0,0
blind,13,5,-0.8792080283164978,-1.9718575477600098,5.8743743896484375,-0.5827633738517761,-1.599498987197876,5.926919937133789,6,0.5388078093528748,1.823193073272705,0,0,0
blind,13,6,1.2873343229293823,-1.9801135063171387,5.286342144012451,1.8540008068084717,-1.599498987197876,5.368191242218018,6,0.5388078093528748,1.823193073272705,0,0,0
blind,13,7,2.085585355758667,1.4379528760910034,3.6040661334991455,2.4106812477111816,1.8155646324157715,3.7016234397888184,6,0.5388078093528748,1.823193073272705,0,0,0
blind,13,8,0.09027595072984695,2.567497730255127,4.189818859100342,0.3003811836242676,3.0655646324157715,4.185496807098389,6,0.5388078093528748,1.823193073272705,0,0,0
blind,13,9,-2.0551958084106445,1.347309947013855,4.522497653961182,-1.8099188804626465,1.8155648708343506,4.669370174407959,6,0.5388078093528748,1.823193073272705,0,0,0
blind,13,10,-2.0870707035064697,-1.0129693746566772,4.583261966705322,-1.8099188804626465,-0.6844357848167419,4.669370174407959,6,0.5388078093528748,1.823193073272705,0,0,0
blind,13,11,-0.10366262495517731,-2.220200538635254,4.055521011352539,0.3003813326358795,-1.9344353675842285,4.185496807098389,6,0.5388078093528748,1.823193073272705,0,0,0
blind,14,0,0.31150132417678833,0.3777914047241211,4.877629280090332,0.5040000081062317,0.6074867844581604,4.925408363342285,5,0.5502115488052368,1.8387845754623413,0,0,0
blind,14,1,2.650428533554077,0.07341912388801575,4.976688861846924,3.1109306812286377,0.6074867844581604,5.0535173416137695,5,0.5502115488052368,1.8387845754623413,0,0,0
blind,14,2,1.5912691354751587,2.386568307876587,5.262363433837891,1.897461175918579,2.772550344467163,5.353503704071045,5,0.5502115488052368,1.8387845754623413,0,0,0
blind,14,3,-0.9397265315055847,2.2432613372802734,5.928254127502441,-0.5294776558876038,2.772550106048584,5.953476428985596,5,0.5502115488052368,1.8387845754623413,0,0,0
blind,14,4,-2.137471914291382,0.1493360698223114,6.1414361000061035,-1.7429468631744385,0.6074865460395813,6.253462791442871,5,0.5502115488052368,1.8387845754623413,0,0,0
blind,14,5,-0.8304860591888428,-1.9234955310821533,5.892394065856934,-0.5294772982597351,-1.5575768947601318,5.953476428985596,5,0.5502115488052368,1.8387845754623413,0,0,0
blind,14,6,1.3481955528259277,-1.9609702825546265,5.252379417419434,1.8974609375,-1.5575768947601318,5.353503704071045,5,0.5502115488052368,1.8387845754623413,0,0,0
blind,14,7,2.090090036392212,1.4717415571212769,3.566608428955078,2.4257988929748535,1.8574867248535156,3.677734851837158,5,0.5502115488052368,1.8387845754623413,0,0,0
blind,14,8,0.09827715903520584,2.601332902908325,4.210707664489746,0.324008047580719,3.1074867248535156,4.19732666015625,5,0.5502115488052368,1.8387845754623413,0,0,0
blind,14,9,-2.060530185699463,1.383603572845459,4.580446243286133,-1.777782678604126,1.8574869632720947,4.716918468475342,5,0.5502115488052368,1.8387845754623413,0,0,0
blind,14,10,-2.071145534515381,-0.9838641881942749,4.639533996582031,-1.777782678604126,-0.6425136923789978,4.716918468475342,5,0.5502115488052368,1.8387845754623413,0,0,0
blind,14,11,-0.10373970121145248,-2.1863248348236084,4.070889949798584,0.32400816679000854,-1.8925132751464844,4.19732666015625,5,0.5502115488052368,1.8387845754623413,0,0,0
blind,15,0,0.3438567519187927,0.4162033796310425,4.885650157928467,0.5400000214576721,0.6490623950958252,4.934272289276123,5,0.5586294531822205,1.8600152730941772,0,0,0
blind,15,1,2.6907899379730225,0.11092132329940796,4.9355902671813965,3.14872145652771,0.6490623950958252,5.018371105194092,5,0.5586294531822205,1.8600152730941772,0,0,0
blind,15,2,1.6296343803405762,2.435214042663574,5.267757892608643,1.9404869079589844,2.8141260147094727,5.338791847229004,5,0.5586294531822205,1.8600152730941772,0,0,0
blind,15,3,-0.8968102335929871,2.2742419242858887,5.948742866516113,-0.47598201036453247,2.8141257762908936,5.979633808135986,5,0.5586294531822205,1.8600152730941772,0,0,0
blind,15,4,-2.101483106613159,0.18734772503376007,6.188063621520996,-1.6842162609100342,0.6490621566772461,6.300054550170898,5,0.5586294531822205,1.8600152730941772,0,0,0
blind,15,5,-0.7822632193565369,-1.8749524354934692,5.908509731292725,-0.4759816527366638,-1.5160012245178223,5.979633808135986,5,0.5586294531822205,1.8600152730941772,0,0,0
blind,15,6,1.4028751850128174,-1.9468103647232056,5.224027633666992,1.9404866695404053,-1.5160012245178223,5.338791847229004,5,0.5586294531822205,1.8600152730941772,0,0,0
blind,15,7,2.103346109390259,1.5161553621292114,3.5327041149139404,2.4404709339141846,1.8990623950958252,3.654346466064453,5,0.5586294531822205,1.8600152730941772,0,0,0
blind,15,8,0.1011231392621994,2.6427602767944336,4.228414535522461,0.3477473556995392,3.149062395095825,4.209331512451172,5,0.5586294531822205,1.8600152730941772,0,0,0
blind,15,9,-2.0639021396636963,1.422723412513733,4.635216236114502,-1.7449760437011719,1.8990625143051147,4.764317035675049,5,0.5586294531822205,1.8600152730941772,0,0,0
blind,15,10,-2.049363851547241,-0.9506691694259644,4.692051410675049,-1.7449760437011719,-0.600938081741333,4.764317035675049,5,0.5586294531822205,1.8600152730941772,0,0,0
blind,15,11,-0.09715193510055542,-2.152745008468628,4.0904436111450195,0.3477475047111511,-1.8509376049041748,4.209331512451172,5,0.5586294531822205,1.8600152730941772,0,0,0
blind,16,0,0.37672823667526245,0.4550110399723053,4.893787384033203,0.5760000348091125,0.6902687549591064,4.943117141723633,5,0.5645434856414795,1.8777797222137451,0,0,0
blind,16,1,2.732205867767334,0.15145720541477203,4.898725509643555,3.185765504837036,0.6902687549591064,4.983415603637695,5,0.5645434856414795,1.8777797222137451,0,0,0
blind,16,2,1.6676554679870605,2.4827332496643066,5.269861221313477,1.9830796718597412,2.855332374572754,5.324072360992432,5,0.5645434856414795,1.8777797222137451,0,0,0
blind,16,3,-0.8527409434318542,2.3089709281921387,5.965888500213623,-0.42229199409484863,2.855332136154175,6.005385398864746,5,0.5645434856414795,1.8777797222137451,0,0,0
blind,16,4,-2.060239791870117,0.22677011787891388,6.231598377227783,-1.6249778270721436,0.6902685165405273,6.346041679382324,5,0.5645434856414795,1.8777797222137451,0,0,0
blind,16,5,-0.7405434846878052,-1.8352183103561401,5.923351287841797,-0.42229163646698,-1.474794864654541,6.005385398864746,5,0.5645434856414795,1.8777797222137451,0,0,0
blind,16,6,1.4668506383895874,-1.9280019998550415,5.202674865722656,1.983079433441162,-1.474794864654541,5.324072360992432,5,0.5645434856414795,1.8777797222137451,0,0,0
blind,16,7,2.119286060333252,1.5624173879623413,3.5036139488220215,2.454719066619873,1.9402687549591064,3.6314711570739746,5,0.5645434856414795,1.8777797222137451,0,0,0
blind,16,8,0.09898366034030914,2.6897385120391846,4.241306304931641,0.3716059923171997,3.1902687549591064,4.221505641937256,5,0.5645434856414795,1.8777797222137451,0,0,0
blind,16,9,-2.063272476196289,1.4646949768066406,4.686635494232178,-1.7115068435668945,1.940268874168396,4.811540126800537,5,0.5645434856414795,1.8777797222137451,0,0,0
blind,16,10,-2.0220909118652344,-0.9138259291648865,4.740410327911377,-1.7115068435668945,-0.5597317218780518,4.811540126800537,5,0.5645434856414795,1.8777797222137451,0,0,0
blind,16,11,-0.08345003426074982,-2.120067596435547,4.1137471199035645,0.37160614132881165,-1.8097312450408936,4.221505641937256,5,0.5645434856414795,1.8777797222137451,0,0,0
blind,17,0,0.4100427031517029,0.4941028952598572,4.902021884918213,0.6119999885559082,0.7310833930969238,4.951941013336182,5,0.5690363645553589,1.8691850900650024,0,0,0
blind,17,1,2.7737183570861816,0.19409437477588654,4.865293979644775,3.222074508666992,0.7310833930969238,4.948676586151123,5,0.5690363645553589,1.8691850900650024,0,0,0
blind,17,2,1.7058262825012207,2.5291242599487305,5.267884731292725,2.0252418518066406,2.8961470127105713,5.309358596801758,5,0.5690363645553589,1.8691850900650024,0,0,0
blind,17,3,-0.8083372116088867,2.346560478210449,5.979973793029785,-0.3684235215187073,2.896146774291992,6.030722618103027,5,0.5690363645553589,1.8691850900650024,0,0,0
blind,17,4,-2.021501064300537,0.25939124822616577,6.270582675933838,-1.565256118774414,0.7310831546783447,6.391404628753662,5,0.5690363645553589,1.8691850900650024,0,0,0
blind,17,5,-0.689831018447876,-1.7887135744094849,5.941971302032471,-0.3684231638908386,-1.4339802265167236,6.030722618103027,5,0.5690363645553589,1.8691850900650024,0,0,0
blind,17,6,1.529801607131958,-1.907626986503601,5.186189651489258,2.0252416133880615,-1.4339802265167236,5.309358596801758,5,0.5690363645553589,1.8691850900650024,0,0,0
blind,17,7,2.1386845111846924,1.6104685068130493,3.4810802936553955,2.4685657024383545,1.9810833930969238,3.609121799468994,5,0.5690363645553589,1.8691850900650024,0,0,0
blind,17,8,0.09310320019721985,2.739532947540283,4.248743534088135,0.3955906331539154,3.231083393096924,4.233841419219971,5,0.5690363645553589,1.8691850900650024,0,0,0
blind,17,9,-2.05747389793396,1.5085290670394897,4.735843658447266,-1.6773841381072998,1.9810835123062134,4.858561038970947,5,0.5690363645553589,1.8691850900650024,0,0,0
blind,17,10,-1.990374207496643,-0.8742932677268982,4.784768581390381,-1.6773841381072998,-0.5189170837402344,4.858561038970947,5,0.5690363645553589,1.8691850900650024,0,0,0
blind,17,11,-0.06950556486845016,-2.094595432281494,4.135836601257324,0.39559078216552734,-1.7689166069030762,4.233841419219971,5,0.5690363645553589,1.8691850900650024,0,0,0
blind,18,0,0.4437374472618103,0.5333800911903381,4.910336971282959,0.6480000615119934,0.7714841365814209,4.960743427276611,6,0.572106122970581,1.8736580610275269,0,0,0
blind,18,1,2.8147623538970947,0.23828721046447754,4.835290431976318,3.2576613426208496,0.7714841365814209,4.914180278778076,6,0.572106122970581,1.8736580610275269,0,0,0
blind,18,2,1.7444921731948853,2.574215888977051,5.26109504699707,2.066976547241211,2.9365477561950684,5.2946672439575195,6,0.572106122970581,1.8736580610275269,0,0,0
blind,18,3,-0.7695765495300293,2.3786909580230713,5.991746425628662,-0.3143925070762634,2.9365475177764893,6.055641174316406,6,0.572106122970581,1.8736580610275269,0,0,0
blind,18,4,-1.9707717895507812,0.30012038350105286,6.310375690460205,-1.5050768852233887,0.7714838981628418,6.436127662658691,6,0.572106122970581,1.8736580610275269,0,0,0
blind,18,5,-0.6389456987380981,-1.7444381713867188,5.961853504180908,-0.3143921494483948,-1.3935794830322266,6.055641174316406,6,0.572106122970581,1.8736580610275269,0,0,0
blind,18,6,1.5909172296524048,-1.8848299980163574,5.173300743103027,2.066976547241211,-1.3935794830322266,5.2946672439575195,6,0.572106122970581,1.8736580610275269,0,0,0
blind,18,7,2.1595070362091064,1.6591163873672485,3.4631807804107666,2.482034206390381,2.021484136581421,3.5873100757598877,6,0.572106122970581,1.8736580610275269,0,0,0
blind,18,8,0.08528231084346771,2.789830446243286,4.251205921173096,0.4197078347206116,3.271484136581421,4.24633264541626,6,0.572106122970581,1.8736580610275269,0,0,0
blind,18,9,-2.0456883907318115,1.5536247491836548,4.783166408538818,-1.6426184177398682,2.021484375,4.905355453491211,6,0.572106122970581,1.8736580610275269,0,0,0
blind,18,10,-1.9630504846572876,-0.8411777019500732,4.824450492858887,-1.6426184177398682,-0.4785163402557373,4.905355453491211,6,0.572106122970581,1.8736580610275269,0,0,0
blind,18,11,-0.041855305433273315,-2.0651774406433105,4.163339614868164,0.4197079539299011,-1.728515863418579,4.24633264541626,6,0.572106122970581,1.8736580610275269,0,0,0
blind,19,0,0.47775861620903015,0.5727546811103821,4.918717861175537,0.6840000152587891,0.811449408531189,4.969522476196289,5,0.574215292930603,1.8687081336975098,0,0,0
blind,19,1,2.854856491088867,0.2833096981048584,4.806931018829346,3.292539358139038,0.811449408531189,4.879952430725098,5,0.574215292930603,1.8687081336975098,0,0,0
blind,19,2,1.7770462036132812,2.610558271408081,5.2502031326293945,2.108287811279297,2.976512908935547,5.280013084411621,5,0.574215292930603,1.8687081336975098,0,0,0
blind,19,3,-0.7234849333763123,2.42048978805542,6.003068923950195,-0.2602154016494751,2.976512908935547,6.08013391494751,5,0.574215292930603,1.8687081336975098,0,0,0
blind,19,4,-1.9169317483901978,0.3402659296989441,6.348259449005127,-1.4444668292999268,0.8114491701126099,6.480194091796875,5,0.574215292930603,1.8687081336975098,0,0,0
blind,19,5,-0.5873239636421204,-1.7020263671875,5.98341703414917,-0.26021504402160645,-1.3536142110824585,6.080133438110352,5,0.574215292930603,1.8687081336975098,0,0,0
blind,19,6,1.6497104167938232,-1.8590078353881836,5.162927627563477,2.1082875728607178,-1.3536142110824585,5.280013084411621,5,0.574215292930603,1.8687081336975098,0,0,0
blind,19,7,2.181060791015625,1.707776665687561,3.4493932723999023,2.495147466659546,2.0614495277404785,3.566046714782715,5,0.574215292930603,1.8687081336975098,0,0,0
blind,19,8,0.07788525521755219,2.8389556407928467,4.249783515930176,0.4439636468887329,3.3114495277404785,4.258971691131592,5,0.574215292930603,1.8687081336975098,0,0,0
blind,19,9,-2.0339906215667725,1.5911221504211426,4.826233863830566,-1.607219934463501,2.0614495277404785,4.951896667480469,5,0.574215292930603,1.8687081336975098,0,0,0
blind,19,10,-1.9274487495422363,-0.8000044822692871,4.8678059577941895,-1.607219934463501,-0.43855106830596924,4.951896667480469,5,0.574215292930603,1.8687081336975098,0,0,0
blind,19,11,-0.008276697248220444,-2.038930892944336,4.190061092376709,0.44396379590034485,-1.688550591468811,4.258971691131592,5,0.574215292930603,1.8687081336975098,0,0,0
blind,20,0,0.5120599865913391,0.6121482849121094,4.927151679992676,0.7200000286102295,0.8509581685066223,4.978277206420898,6,0.5754193663597107,1.8643176555633545,0,0,0
blind,20,1,2.887230634689331,0.3207147717475891,4.778781414031982,3.326723575592041,0.8509581685066223,4.846017837524414,6,0.5754193663597107,1.8643176555633545,0,0,0
blind,20,2,1.8177293539047241,2.6538922786712646,5.233644008636475,2.149179458618164,3.016021728515625,5.265410423278809,6,0.5754193663597107,1.8643176555633545,0,0,0
blind,20,3,-0.6774248480796814,2.4629080295562744,6.013728618621826,-0.2059081792831421,3.016021490097046,6.104196548461914,6,0.5754193663597107,1.8643176555633545,0,0,0
blind,20,4,-1.8607622385025024,0.37966790795326233,6.384922027587891,-1.3834519386291504,0.8509579300880432,6.523589134216309,6,0.5754193663597107,1.8643176555633545,0,0,0
blind,20,5,-0.5350502133369446,-1.6613515615463257,6.006515026092529,-0.20590782165527344,-1.31410551071167,6.104196548461914,6,0.5754193663597107,1.8643176555633545,0,0,0
blind,20,6,1.7056132555007935,-1.8297374248504639,5.154808044433594,2.149179458618164,-1.31410551071167,5.265410423278809,6,0.5754193663597107,1.8643176555633545,0,0,0
blind,20,7,2.2022080421447754,1.7559814453125,3.438159465789795,2.507929801940918,2.1009581089019775,3.5453410148620605,6,0.5754193663597107,1.8643176555633545,0,0,0
blind,20,8,0.06899041682481766,2.8795504570007324,4.246464252471924,0.4683641791343689,3.3509581089019775,4.2717509269714355,6,0.5754193663597107,1.8643176555633545,0,0,0
blind,20,9,-2.0100886821746826,1.6373780965805054,4.871882915496826,-1.5712013244628906,2.1009583473205566,4.9981608390808105,6,0.5754193663597107,1.8643176555633545,0,0,0
blind,20,10,-1.890097975730896,-0.7580996155738831,4.908336639404297,-1.5712013244628906,-0.3990423083305359,4.9981608390808105,6,0.5754193663597107,1.8643176555633545,0,0,0
blind,20,11,0.029311344027519226,-2.0153720378875732,4.214693069458008,0.46836429834365845,-1.6490418910980225,4.2717509269714355,6,0.5754193663597107,1.8643176555633545,0,0,0
blind,21,0,0.5466018915176392,0.6514905691146851,4.935626983642578,0.7560000419616699,0.8899893164634705,4.987006187438965,5,0.5756134986877441,1.8594210147857666,0,0,0
blind,21,1,2.925851345062256,0.36740732192993164,4.750729084014893,3.360229730606079,0.8899893164634705,4.812399864196777,5,0.5756134986877441,1.8594210147857666,0,0,0
blind,21,2,1.8583040237426758,2.6951513290405273,5.213185787200928,2.189657211303711,3.0550529956817627,5.250874996185303,5,0.5756134986877441,1.8594210147857666,0,0,0
blind,21,3,-0.6312365531921387,2.5055315494537354,6.024441242218018,-0.1514875888824463,3.0550527572631836,6.127824783325195,5,0.5756134986877441,1.8594210147857666,0,0,0
blind,21,4,-1.8031331300735474,0.4185718297958374,6.4201507568359375,-1.3220598697662354,0.8899890780448914,6.5662994384765625,5,0.5756134986877441,1.8594210147857666,0,0,0
blind,21,5,-0.48224765062332153,-1.6220932006835938,6.030764579772949,-0.15148723125457764,-1.2750742435455322,6.127824306488037,5,0.5756134986877441,1.8594210147857666,0,0,0
blind,21,6,1.7588043212890625,-1.7970046997070312,5.14752197265625,2.189657211303711,-1.2750742435455322,5.250874996185303,5,0.5756134986877441,1.8594210147857666,0,0,0
blind,21,7,2.2162749767303467,1.7955262660980225,3.426290512084961,2.5204060077667236,2.1399893760681152,3.5252020359039307,5,0.5756134986877441,1.8594210147857666,0,0,0
blind,21,8,0.06486394256353378,2.9274425506591797,4.240776062011719,0.4929150640964508,3.3899893760681152,4.28466272354126,5,0.5756134986877441,1.8594210147857666,0,0,0
blind,21,9,-1.9806365966796875,1.6826924085617065,4.916125774383545,-1.5345757007598877,2.1399893760681152,5.04412317276001,5,0.5756134986877441,1.8594210147857666,0,0,0
blind,21,10,-1.8517050743103027,-0.7158538103103638,4.947681427001953,-1.5345757007598877,-0.36001116037368774,5.04412317276001,5,0.5756134986877441,1.8594210147857666,0,0,0
blind,21,11,0.06926644593477249,-1.9935559034347534,4.23647928237915,0.49291518330574036,-1.6100106239318848,4.28466272354126,5,0.5756134986877441,1.8594210147857666,0,0,0
blind,22,0,0.5813502669334412,0.6907183527946472,4.944134712219238,0.7920000553131104,0.928523063659668,4.995708465576172,5,0.5757337808609009,1.8545081615447998,0,0,0
blind,22,1,2.962982654571533,0.41389337182044983,4.72261381149292,3.3930752277374268,0.928523063659668,4.779123306274414,5,0.5757337808609009,1.8545081615447998,0,0,0
blind,22,2,1.8984183073043823,2.7345244884490967,5.190988063812256,2.229726552963257,3.0935866832733154,5.236420631408691,5,0.5757337808609009,1.8545081615447998,0,0,0
blind,22,3,-0.5847315192222595,2.5480666160583496,6.035770893096924,-0.0969703197479248,3.0935864448547363,6.15101432800293,5,0.5757337808609009,1.8545081615447998,0,0,0
blind,22,4,-1.7442388534545898,0.4569771885871887,6.4552321434021,-1.2603185176849365,0.9285228252410889,6.608311653137207,5,0.5757337808609009,1.8545081615447998,0,0,0
blind,22,5,-0.4290465712547302,-1.5838327407836914,6.055666923522949,-0.09696996212005615,-1.2365405559539795,6.15101432800293,5,0.5757337808609009,1.8545081615447998,0,0,0
blind,22,6,1.8020983934402466,-1.768802285194397,5.138988018035889,2.2297263145446777,-1.2365405559539795,5.236420631408691,5,0.5757337808609009,1.8545081615447998,0,0,0
blind,22,7,2.2345221042633057,1.8441160917282104,3.414846658706665,2.5326004028320312,2.178523063659668,3.5056378841400146,5,0.5757337808609009,1.8545081615447998,0,0,0
blind,22,8,0.06403491646051407,2.9741015434265137,4.234309196472168,0.5176217555999756,3.428523063659668,4.297699451446533,5,0.5757337808609009,1.8545081615447998,0,0,0
blind,22,9,-1.9465584754943848,1.7266308069229126,4.959199905395508,-1.497356653213501,2.178523063659668,5.089761257171631,5,0.5757337808609009,1.8545081615447998,0,0,0
blind,22,10,-1.8129931688308716,-0.6738055944442749,4.986966609954834,-1.497356653213501,-0.32147741317749023,5.089761257171631,5,0.5757337808609009,1.8545081615447998,0,0,0
blind,22,11,0.1100829690694809,-1.9724305868148804,4.254664897918701,0.5176218748092651,-1.571476936340332,4.297699451446533,5,0.5757337808609009,1.8545081615447998,0,0,0
blind,23,0,0.6162758469581604,0.7297745943069458,4.95266580581665,0.828000009059906,0.9665393829345703,5.004382133483887,5,0.5756158828735352,1.8494893312454224,0,0,0
blind,23,1,2.9986352920532227,0.4599617123603821,4.693934917449951,3.4252769947052,0.9665393829345703,4.746210098266602,5,0.5756158828735352,1.8494893312454224,0,0,0
blind,23,2,1.9383578300476074,2.772692918777466,5.1674580574035645,2.2693936824798584,3.1316030025482178,5.2220611572265625,5,0.5756158828735352,1.8494893312454224,0,0,0
blind,23,3,-0.5377358794212341,2.5902750492095947,6.048147678375244,-0.04237276315689087,3.1316027641296387,6.173763275146484,5,0.5756158828735352,1.8494893312454224,0,0,0
blind,23,4,-1.6844885349273682,0.49502032995224,6.490468978881836,-1.1982557773590088,0.9665391445159912,6.649613857269287,5,0.5756158828735352,1.8494893312454224,0,0,0
blind,23,5,-0.38297802209854126,-1.5530900955200195,6.078170299530029,-0.04237240552902222,-1.1985242366790771,6.173762798309326,5,0.5756158828735352,1.8494893312454224,0,0,0
blind,23,6,1.8512071371078491,-1.7288645505905151,5.1313652992248535,2.2693934440612793,-1.1985242366790771,5.2220611572265625,5,0.5756158828735352,1.8494893312454224,0,0,0
blind,23,7,2.250269889831543,1.8919084072113037,3.4021124839782715,2.5445377826690674,2.2165393829345703,3.486654281616211,5,0.5756158828735352,1.8494893312454224,0,0,0
blind,23,8,0.06728072464466095,3.0198686122894287,4.228011608123779,0.5424893498420715,3.4665393829345703,4.31085205078125,5,0.5756158828735352,1.8494893312454224,0,0,0
blind,23,9,-1.9085394144058228,1.7691534757614136,5.000339508056641,-1.4595587253570557,2.2165393829345703,5.135050296783447,5,0.5756158828735352,1.8494893312454224,0,0,0
blind,23,10,-1.7743933200836182,-0.632296621799469,5.027019500732422,-1.4595587253570557,-0.2834610939025879,5.135050296783447,5,0.5756158828735352,1.8494893312454224,0,0,0
blind,23,11,0.15107214450836182,-1.950748324394226,4.269844055175781,0.5424894690513611,-1.5334606170654297,4.31085205078125,5,0.5756158828735352,1.8494893312454224,0,0,0
blind,24,0,0.6513535976409912,0.7686076164245605,4.961213111877441,0.8640000820159912,1.0040192604064941,5.013026714324951,5,0.5759943723678589,1.8376060724258423,0,0,0
blind,24,1,3.032893657684326,0.505501925945282,4.664463520050049,3.4568543434143066,1.0040192604064941,4.713683128356934,5,0.5759943723678589,1.8376060724258423,0,0,0
blind,24,2,1.978131890296936,2.8101727962493896,5.143772125244141,2.3086655139923096,3.1690828800201416,5.20781135559082,5,0.5759943723678589,1.8376060724258423,0,0,0
blind,24,3,-0.49053674936294556,2.6318981647491455,6.061564922332764,0.012288391590118408,3.1690826416015625,6.196068286895752,5,0.5759943723678589,1.8376060724258423,0,0,0
blind,24,4,-1.6319057941436768,0.5257306098937988,6.523502349853516,-1.1359000205993652,1.004019021987915,6.690196990966797,5,0.5759943723678589,1.8376060724258423,0,0,0
blind,24,5,-0.32749131321907043,-1.5155537128448486,6.104423999786377,0.01228863000869751,-1.1610443592071533,6.196068286895752,5,0.5759943723678589,1.8376060724258423,0,0,0
blind,24,6,1.8971976041793823,-1.6863371133804321,5.12321138381958,2.3086655139923096,-1.1610443592071533,5.20781135559082,5,0.5759943723678589,1.8376060724258423,0,0,0
blind,24,7,2.264601707458496,1.9384853839874268,3.3891751766204834,2.556243896484375,2.254019260406494,3.4682581424713135,5,0.5759943723678589,1.8376060724258423,0,0,0
blind,24,8,0.07522416114807129,3.064995527267456,4.222721576690674,0.5675230026245117,3.504019260406494,4.324113845825195,5,0.5759943723678589,1.8376060724258423,0,0,0
blind,24,9,-1.8678467273712158,1.8102468252182007,5.040837287902832,-1.4211978912353516,2.254019260406494,5.17996883392334,5,0.5759943723678589,1.8376060724258423,0,0,0
blind,24,10,-1.7361091375350952,-0.5915303826332092,5.068282127380371,-1.4211978912353516,-0.24598121643066406,5.17996883392334,5,0.5759943723678589,1.8376060724258423,0,0,0
blind,24,11,0.18380650877952576,-1.933260202407837,4.281356334686279,0.5675231218338013,-1.4959807395935059,4.324113368988037,5,0.5759943723678589,1.8376060724258423,0,0,0
blind,25,0,0.6865619421005249,0.8071704506874084,4.969769477844238,0.9000000357627869,1.0409438610076904,5.021640300750732,6,0.5758485794067383,1.841385006904602,0,0,0
blind,25,1,3.0658934116363525,0.5504323244094849,4.635051727294922,3.4878268241882324,1.0409438610076904,4.681563377380371,6,0.5758485794067383,1.841385006904602,0,0,0
blind,25,2,2.0177218914031982,2.8473799228668213,5.120673179626465,2.3475496768951416,3.206007480621338,5.193685054779053,6,0.5758485794067383,1.841385006904602,0,0,0
blind,25,3,-0.4494330585002899,2.665607213973999,6.074642181396484,0.06699591875076294,3.206007242202759,6.217927932739258,6,0.5758485794067383,1.841385006904602,0,0,0
blind,25,4,-1.5698003768920898,0.5642188787460327,6.560515880584717,-1.0732808113098145,1.0409436225891113,6.7300496101379395,6,0.5758485794067383,1.841385006904602,0,0,0
blind,25,5,-0.2726610004901886,-1.4777060747146606,6.129251480102539,0.06699627637863159,-1.124119758605957,6.217927932739258,6,0.5758485794067383,1.841385006904602,0,0,0
blind,25,6,1.9402730464935303,-1.641817569732666,5.114164352416992,2.3475496768951416,-1.124119758605957,5.193685054779053,6,0.5758485794067383,1.841385006904602,0,0,0
blind,25,7,2.2769269943237305,1.9843589067459106,3.3744843006134033,2.567744493484497,2.2909438610076904,3.450453519821167,6,0.5758485794067383,1.841385006904602,0,0,0
blind,25,8,0.08820175379514694,3.1095359325408936,4.21919584274292,0.59272700548172,3.5409438610076904,4.337474346160889,6,0.5758485794067383,1.841385006904602,0,0,0
blind,25,9,-1.8253506422042847,1.850062608718872,5.080959796905518,-1.3822903633117676,2.2909440994262695,5.224494457244873,6,0.5758485794067383,1.841385006904602,0,0,0
blind,25,10,-1.7046983242034912,-0.5586798191070557,5.107381343841553,-1.3822903633117676,-0.20905661582946777,5.224494457244873,6,0.5758485794067383,1.841385006904602,0,0,0
blind,25,11,0.22438383102416992,-1.9068430662155151,4.292150020599365,0.5927271246910095,-1.4590561389923096,4.3374738693237305,6,0.5758485794067383,1.841385006904602,0,0,0
blind,26,0,0.7218823432922363,0.8454201221466064,4.978329658508301,0.9359999895095825,1.077295184135437,5.030222415924072,5,0.5750829577445984,1.8355727195739746,0,0,0
blind,26,1,3.0978286266326904,0.594834566116333,4.604736328125,3.518214702606201,1.077295184135437,4.649871826171875,5,0.5750829577445984,1.8355727195739746,0,0,0
blind,26,2,2.0503532886505127,2.8776047229766846,5.098750114440918,2.386054515838623,3.242358684539795,5.179695129394531,5,0.5750829577445984,1.8355727195739746,0,0,0
blind,26,3,-0.3992699980735779,2.7074739933013916,6.091201305389404,0.12173348665237427,3.242358684539795,6.239342212677002,5,0.5750829577445984,1.8355727195739746,0,0,0
blind,26,4,-1.5077502727508545,0.6024566292762756,6.597825050354004,-1.0104268789291382,1.077294945716858,6.769165515899658,5,0.5750829577445984,1.8355727195739746,0,0,0
blind,26,5,-0.21794471144676208,-1.4391591548919678,6.152807712554932,0.12173384428024292,-1.0877684354782104,6.239341735839844,5,0.5750829577445984,1.8355727195739746,0,0,0
blind,26,6,1.9807357788085938,-1.5958830118179321,5.10407829284668,2.386054039001465,-1.0877684354782104,5.179695129394531,5,0.5750829577445984,1.8355727195739746,0,0,0
blind,26,7,2.2876169681549072,2.0294203758239746,3.3581626415252686,2.5790653228759766,2.3272953033447266,3.4332451820373535,5,0.5750829577445984,1.8355727195739746,0,0,0
blind,26,8,0.10680583119392395,3.1529972553253174,4.21814489364624,0.6181058883666992,3.5772953033447266,4.350926399230957,5,0.5750829577445984,1.8355727195739746,0,0,0
blind,26,9,-1.7893774509429932,1.881908655166626,5.118327617645264,-1.3428534269332886,2.3272953033447266,5.268607139587402,5,0.5750829577445984,1.8355727195739746,0,0,0
blind,26,10,-1.6668893098831177,-0.5196263194084167,5.153895854949951,-1.3428534269332886,-0.1727052927017212,5.268607139587402,5,0.5750829577445984,1.8355727195739746,0,0,0
blind,26,11,0.26299551129341125,-1.8773407936096191,4.300715923309326,0.6181060075759888,-1.422704815864563,4.350926399230957,5,0.5750829577445984,1.8355727195739746,0,0,0
blind,27,0,0.75729900598526,0.8833172917366028,4.986888408660889,0.9720000624656677,1.11305570602417,5.038771152496338,6,0.5737433433532715,1.8311256170272827,0,0,0
blind,27,1,3.122594118118286,0.6309612989425659,4.574057102203369,3.548039674758911,1.11305570602417,4.618628025054932,6,0.5737433433532715,1.8311256170272827,0,0,0
blind,27,2,2.0905520915985107,2.9160447120666504,5.076905727386475,2.4241878986358643,3.2781193256378174,5.165855407714844,6,0.5737433433532715,1.8311256170272827,0,0,0
blind,27,3,-0.34861645102500916,2.7484822273254395,6.108992576599121,0.17648452520370483,3.2781190872192383,6.260309219360352,6,0.5737433433532715,1.8311256170272827,0,0,0
blind,27,4,-1.4457687139511108,0.6405460834503174,6.635374069213867,-0.9473670125007629,1.1130554676055908,6.8075361251831055,6,0.5737433433532715,1.8311256170272827,0,0,0
blind,27,5,-0.1633322387933731,-1.4000506401062012,6.175126552581787,0.1764848828315735,-1.0520079135894775,6.260309219360352,6,0.5737433433532715,1.8311256170272827,0,0,0
blind,27,6,2.018596649169922,-1.5492618083953857,5.093487739562988,2.424187660217285,-1.0520079135894775,5.165855407714844,6,0.5737433433532715,1.8311256170272827,0,0,0
blind,27,7,2.296607732772827,2.073500633239746,3.33990478515625,2.5902318954467773,2.36305570602417,3.416635036468506,6,0.5737433433532715,1.8311256170272827,0,0,0
blind,27,8,0.12335443496704102,3.188119649887085,4.2188215255737305,0.643663763999939,3.61305570602417,4.364459991455078,6,0.5737433433532715,1.8311256170272827,0,0,0
blind,27,9,-1.744382381439209,1.9208236932754517,5.159819602966309,-1.3029041290283203,2.36305570602417,5.312285423278809,6,0.5737433433532715,1.8311256170272827,0,0,0
blind,27,10,-1.6289303302764893,-0.4810318350791931,5.199569225311279,-1.3029041290283203,-0.13694477081298828,5.312285423278809,6,0.5737433433532715,1.8311256170272827,0,0,0
blind,27,11,0.2991277873516083,-1.844355583190918,4.307648658752441,0.6436638832092285,-1.38694429397583,4.364459991455078,6,0.5737433433532715,1.8311256170272827,0,0,0
blind,28,0,0.7927982807159424,0.9208258986473083,4.995440483093262,1.0080000162124634,1.1482086181640625,5.047285079956055,5,0.5708576440811157,1.8271102905273438,0,0,0
blind,28,1,3.153500556945801,0.675281286239624,4.541350841522217,3.5773229598999023,1.1482086181640625,4.587850570678711,5,0.5708576440811157,1.8271102905273438,0,0,0
blind,28,2,2.130350112915039,2.9548521041870117,5.0569233894348145,2.4619593620300293,3.31327223777771,5.152176856994629,5,0.5708576440811157,1.8271102905273438,0,0,0
blind,28,3,-0.2974841892719269,2.7886641025543213,6.127848148345947,0.2312321662902832,3.313271999359131,6.280829429626465,5,0.5708576440811157,1.8271102905273438,0,0,0
blind,28,4,-1.384200930595398,0.6787519454956055,6.672449111938477,-0.8841314315795898,1.1482083797454834,6.845155715942383,5,0.5708576440811157,1.8271102905273438,0,0,0
blind,28,5,-0.10876969993114471,-1.3605889081954956,6.196352958679199,0.2312324047088623,-1.016855001449585,6.280829429626465,5,0.5708576440811157,1.8271102905273438,0,0,0
blind,28,6,2.054762601852417,-1.5021640062332153,5.081871032714844,2.46195912361145,-1.016855001449585,5.152176856994629,5,0.5708576440811157,1.8271102905273438,0,0,0
blind,28,7,2.299544334411621,2.1091670989990234,3.320462942123413,2.6012704372406006,2.3982086181640625,3.400625228881836,5,0.5708576440811157,1.8271102905273438,0,0,0
blind,28,8,0.15198057889938354,3.230768918991089,4.223704814910889,0.669404149055481,3.6482086181640625,4.3780670166015625,5,0.5708576440811157,1.8271102905273438,0,0,0
blind,28,9,-1.6995222568511963,1.9589602947235107,5.201478004455566,-1.2624620199203491,2.3982086181640625,5.355508804321289,5,0.5708576440811157,1.8271102905273438,0,0,0
blind,28,10,-1.590320110321045,-0.44251784682273865,5.244653224945068,-1.2624620199203491,-0.1017918586730957,5.355508804321289,5,0.5708576440811157,1.8271102905273438,0,0,0
blind,28,11,0.33236685395240784,-1.807790756225586,4.3134846687316895,0.6694042682647705,-1.3517913818359375,4.3780670166015625,5,0.5708576440811157,1.8271102905273438,0,0,0
blind,29,0,0.8283684253692627,0.9579126238822937,5.0039825439453125,1.0440000295639038,1.1827378273010254,5.055764198303223,5,0.5678532719612122,1.8240245580673218,0,0,0
blind,29,1,3.183481454849243,0.7187525629997253,4.508317470550537,3.6060872077941895,1.1827378273010254,4.557559013366699,5,0.5678532719612122,1.8240245580673218,0,0,0
blind,29,2,2.1697514057159424,2.9943625926971436,5.040406703948975,2.499378204345703,3.347801446914673,5.138674736022949,5,0.5678532719612122,1.8240245580673218,0,0,0
blind,29,3,-0.24590571224689484,2.8280816078186035,6.147550106048584,0.28595995903015137,3.3478012084960938,6.300905227661133,5,0.5678532719612122,1.8240245580673218,0,0,0
blind,29,4,-1.3224972486495972,0.7170115113258362,6.709567546844482,-0.820749044418335,1.1827375888824463,6.882019996643066,5,0.5678532719612122,1.8240245580673218,0,0,0
blind,29,5,-0.054196830838918686,-1.321018934249878,6.216684341430664,0.28596019744873047,-0.9823257923126221,6.300904750823975,5,0.5678532719612122,1.8240245580673218,0,0,0
blind,29,6,2.0836052894592285,-1.4632362127304077,5.068884372711182,2.499378204345703,-0.9823257923126221,5.138674736022949,5,0.5678532719612122,1.8240245580673218,0,0,0
blind,29,7,2.3049046993255615,2.1520111560821533,3.2974929809570312,2.6122074127197266,2.4327378273010254,3.3852176666259766,5,0.5678532719612122,1.8240245580673218,0,0,0
blind,29,8,0.18466278910636902,3.2712385654449463,4.232070446014404,0.695330798625946,3.6827378273010254,4.3917388916015625,5,0.5678532719612122,1.8240245580673218,0,0,0
blind,29,9,-1.6550463438034058,1.9965866804122925,5.2434163093566895,-1.2215455770492554,2.4327378273010254,5.39825963973999,5,0.5678532719612122,1.8240245580673218,0,0,0
blind,29,10,-1.5509698390960693,-0.4041201174259186,5.289029121398926,-1.2215455770492554,-0.06726264953613281,5.39825963973999,5,0.5678532719612122,1.8240245580673218,0,0,0
blind,29,11,0.3621818721294403,-1.7682421207427979,4.318533897399902,0.6953309178352356,-1.3172621726989746,4.3917388916015625,5,0.5678532719612122,1.8240245580673218,0,0,0
blind,30,0,0.8639994859695435,0.9945465922355652,5.012510299682617,1.0800000429153442,1.2166271209716797,5.064205646514893,5,0.5645627975463867,1.8217535018920898,0,0,0
blind,30,1,3.212639093399048,0.761367917060852,4.475039958953857,3.6343564987182617,1.2166271209716797,4.527769565582275,5,0.5645627975463867,1.8217535018920898,0,0,0
blind,30,2,2.2089059352874756,3.034569025039673,5.026314735412598,2.536454677581787,3.381690740585327,5.1253581047058105,5,0.5645627975463867,1.8217535018920898,0,0,0
blind,30,3,-0.19392693042755127,2.866786003112793,6.167871475219727,0.3406514525413513,3.381690502166748,6.320535182952881,5,0.5645627975463867,1.8217535018920898,0,0,0
blind,30,4,-1.2606397867202759,0.7553084492683411,6.7465596199035645,-0.7572499513626099,1.2166268825531006,6.918123722076416,5,0.5645627975463867,1.8217535018920898,0,0,0
blind,30,5,-0.007098015397787094,-1.288748860359192,6.234486103057861,0.34065181016921997,-0.9484364986419678,6.320535182952881,5,0.5645627975463867,1.8217535018920898,0,0,0
blind,30,6,2.1187264919281006,-1.4150426387786865,5.0550713539123535,2.536454677581787,-0.9484364986419678,5.1253581047058105,5,0.5645627975463867,1.8217535018920898,0,0,0
blind,30,7,2.3088881969451904,2.1931378841400146,3.2732231616973877,2.623068332672119,2.4666271209716797,3.370410919189453,5,0.5645627975463867,1.8217535018920898,0,0,0
blind,30,8,0.22034136950969696,3.3092474937438965,4.243779182434082,0.7214468717575073,3.7166271209716797,4.4054646492004395,5,0.5645627975463867,1.8217535018920898,0,0,0
blind,30,9,-1.6110432147979736,2.0340332984924316,5.2847466468811035,-1.1801742315292358,2.4666271209716797,5.440518379211426,5,0.5645627975463867,1.8217535018920898,0,0,0
blind,30,10,-1.510828971862793,-0.3658889830112457,5.3326616287231445,-1.1801742315292358,-0.033373355865478516,5.440518379211426,5,0.5645627975463867,1.8217535018920898,0,0,0
blind,30,11,0.38887250423431396,-1.7258504629135132,4.323507785797119,0.7214469909667969,-1.2833728790283203,4.4054646492004395,5,0.5645627975463867,1.8217535018920898,0,0,0
blind,31,0,0.8996827602386475,1.0306992530822754,5.021020412445068,1.1160000562667847,1.2498619556427002,5.072609901428223,5,0.5617383122444153,1.8124215602874756,0,0,0
blind,31,1,3.2411186695098877,0.8032015562057495,4.4417009353637695,3.662153720855713,1.2498619556427002,4.498499393463135,5,0.5617383122444153,1.8124215602874756,0,0,0
blind,31,2,2.2477495670318604,3.0753490924835205,5.014686584472656,2.5731992721557617,3.4149255752563477,5.112240791320801,5,0.5617383122444153,1.8124215602874756,0,0,0
blind,31,3,-0.14201582968235016,2.9047768115997314,6.188329696655273,0.3952906131744385,3.4149253368377686,6.339724063873291,5,0.5617383122444153,1.8124215602874756,0,0,0
blind,31,4,-1.206403136253357,0.7864764332771301,6.780419826507568,-0.6936637163162231,1.249861717224121,6.953465461730957,5,0.5617383122444153,1.8124215602874756,0,0,0
blind,31,5,0.04955977946519852,-1.2495086193084717,6.254942893981934,0.3952908515930176,-0.9152016639709473,6.339723587036133,5,0.5617383122444153,1.8124215602874756,0,0,0
blind,31,6,2.153085947036743,-1.367705225944519,5.040648937225342,2.5731990337371826,-0.9152016639709473,5.112241268157959,5,0.5617383122444153,1.8124215602874756,0,0,0
blind,31,7,2.3139336109161377,2.233043670654297,3.249819040298462,2.6338791847229004,2.4998619556427,3.356205940246582,5,0.5617383122444153,1.8124215602874756,0,0,0
blind,31,8,0.25790995359420776,3.3447656631469727,4.258470058441162,0.7477550506591797,3.7498619556427,4.41923713684082,5,0.5617383122444153,1.8124215602874756,0,0,0
blind,31,9,-1.5674068927764893,2.0714385509490967,5.326340675354004,-1.1383687257766724,2.4998621940612793,5.482268810272217,5,0.5617383122444153,1.8124215602874756,0,0,0
blind,31,10,-1.4698972702026367,-0.3278947174549103,5.375564098358154,-1.1383687257766724,-0.0001385211944580078,5.482268810272217,5,0.5617383122444153,1.8124215602874756,0,0,0
blind,31,11,0.40750324726104736,-1.6896816492080688,4.3279571533203125,0.7477551698684692,-1.2501380443572998,4.41923713684082,5,0.5617383122444153,1.8124215602874756,0,0,0
blind,32,0,0.9354108572006226,1.0663440227508545,5.029510021209717,1.152000069618225,1.2824277877807617,5.080974102020264,6,0.5584911108016968,1.8203966617584229,0,0,0
blind,32,1,3.269251585006714,0.8443819880485535,4.409424781799316,3.6895031929016113,1.2824277877807617,4.469763278961182,6,0.5584911108016968,1.8203966617584229,0,0,0
blind,32,2,2.2861709594726562,3.116364002227783,5.004886627197266,2.6096224784851074,3.447491407394409,5.099332809448242,6,0.5584911108016968,1.8203966617584229,0,0,0
blind,32,3,-0.0970325767993927,2.935396432876587,6.206689834594727,0.4498611092567444,3.44749116897583,6.358471870422363,6,0.5584911108016968,1.8203966617584229,0,0,0
blind,32,4,-1.1426650285720825,0.825485348701477,6.8177385330200195,-0.6300193071365356,1.2824275493621826,6.988041877746582,6,0.5584911108016968,1.8203966617584229,0,0,0
blind,32,5,0.10546951740980148,-1.210614562034607,6.274353504180908,0.44986146688461304,-0.8826358318328857,6.358471870422363,6,0.5584911108016968,1.8203966617584229,0,0,0
blind,32,6,2.1870880126953125,-1.3214517831802368,5.025717258453369,2.609622001647949,-0.8826358318328857,5.099332809448242,6,0.5584911108016968,1.8203966617584229,0,0,0
blind,32,7,2.319694995880127,2.272167921066284,3.226943016052246,2.6446661949157715,2.5324277877807617,3.342599391937256,6,0.5584911108016968,1.8203966617584229,0,0,0
blind,32,8,0.2962947487831116,3.3780767917633057,4.275640964508057,0.7742582559585571,3.7824277877807617,4.433045864105225,6,0.5584911108016968,1.8203966617584229,0,0,0
blind,32,9,-1.524111270904541,2.108863592147827,5.368068695068359,-1.0961495637893677,2.5324277877807617,5.523492336273193,6,0.5584911108016968,1.8203966617584229,0,0,0
blind,32,10,-1.4353924989700317,-0.29705482721328735,5.414863586425781,-1.0961495637893677,0.032427310943603516,5.523492336273193,6,0.5584911108016968,1.8203966617584229,0,0,0
blind,32,11,0.4294784665107727,-1.642334222793579,4.33437442779541,0.7742583751678467,-1.2175722122192383,4.433045864105225,6,0.5584911108016968,1.8203966617584229,0,0,0
blind,33,0,0.9711774587631226,1.1014561653137207,5.037976264953613,1.1880000829696655,1.3143110275268555,5.089298248291016,5,0.5549113750457764,1.8188130855560303,0,0,0
blind,33,1,3.2970495223999023,0.8850643634796143,4.3773932456970215,3.7164297103881836,1.3143110275268555,4.4415764808654785,5,0.5549113750457764,1.8188130855560303,0,0,0
blind,33,2,2.317401647567749,3.150038480758667,4.994851589202881,2.645735502243042,3.479374647140503,5.086645603179932,5,0.5549113750457764,1.8188130855560303,0,0,0
blind,33,3,-0.04280336946249008,2.973728895187378,6.22794771194458,0.5043473243713379,3.479374408721924,6.376783847808838,5,0.5549113750457764,1.8188130855560303,0,0,0
blind,33,4,-1.078967571258545,0.8641512393951416,6.854419231414795,-0.5663466453552246,1.3143107891082764,7.021852970123291,5,0.5549113750457764,1.8188130855560303,0,0,0
blind,33,5,0.16124020516872406,-1.1719110012054443,6.293116569519043,0.5043476819992065,-0.850752592086792,6.376783847808838,5,0.5549113750457764,1.8188130855560303,0,0,0
blind,33,6,2.221062421798706,-1.276389718055725,5.010449409484863,2.645735263824463,-0.850752592086792,5.086645603179932,5,0.5549113750457764,1.8188130855560303,0,0,0
blind,33,7,2.3272018432617188,2.3109772205352783,3.205587387084961,2.6554551124572754,2.5643110275268555,3.329589366912842,5,0.5549113750457764,1.8188130855560303,0,0,0
blind,33,8,0.33448100090026855,3.4092588424682617,4.294492721557617,0.800958514213562,3.8143110275268555,4.4468817710876465,5,0.5549113750457764,1.8188130855560303,0,0,0
blind,33,9,-1.4880486726760864,2.1393353939056396,5.406660079956055,-1.0535379648208618,2.5643110275268555,5.564174175262451,5,0.5549113750457764,1.8188130855560303,0,0,0
blind,33,10,-1.3930109739303589,-0.260003000497818,5.4595232009887695,-1.0535379648208618,0.06431055068969727,5.564174175262451,5,0.5549113750457764,1.8188130855560303,0,0,0
blind,33,11,0.4489228129386902,-1.594538927078247,4.341920375823975,0.8009586334228516,-1.1856889724731445,4.4468817710876465,5,0.5549113750457764,1.8188130855560303,0,0,0
blind,34,0,1.0069770812988281,1.1360125541687012,5.046416282653809,1.2239999771118164,1.3454983234405518,5.097580909729004,6,0.550878643989563,1.8183661699295044,0,0,0
blind,34,1,3.318298816680908,0.9181386828422546,4.34621524810791,3.7429585456848145,1.3454983234405518,4.413952827453613,6,0.550878643989563,1.8183661699295044,0,0,0
blind,34,2,2.356060743331909,3.1919198036193848,4.985842227935791,2.6815502643585205,3.510561943054199,5.07418966293335,6,0.550878643989563,1.8183661699295044,0,0,0
blind,34,3,0.011486303061246872,3.0115342140197754,6.2489495277404785,0.558733344078064,3.51056170463562,6.394662380218506,6,0.550878643989563,1.8183661699295044,0,0,0
blind,34,4,-1.0152382850646973,0.9024473428726196,6.890414237976074,-0.50267493724823,1.3454980850219727,7.054899215698242,6,0.550878643989563,1.8183661699295044,0,0,0
blind,34,5,0.21691179275512695,-1.1336140632629395,6.311398506164551,0.5587335824966431,-0.8195652961730957,6.394662380218506,6,0.550878643989563,1.8183661699295044,0,0,0
blind,34,6,2.2550907135009766,-1.232814073562622,4.995659828186035,2.6815500259399414,-0.8195652961730957,5.07418966293335,6,0.550878643989563,1.8183661699295044,0,0,0
blind,34,7,2.3366029262542725,2.349639654159546,3.1861705780029297,2.666271209716797,2.5954983234405518,3.3171727657318115,6,0.550878643989563,1.8183661699295044,0,0,0
blind,34,8,0.36495473980903625,3.4335479736328125,4.311927318572998,0.8278579711914062,3.8454983234405518,4.46073579788208,6,0.550878643989563,1.8183661699295044,0,0,0
blind,34,9,-1.4441770315170288,2.1775503158569336,5.449594974517822,-1.0105552673339844,2.595498561859131,5.604299068450928,6,0.550878643989563,1.8183661699295044,0,0,0
blind,34,10,-1.3497774600982666,-0.22301572561264038,5.501935958862305,-1.0105552673339844,0.09549784660339355,5.604299068450928,6,0.550878643989563,1.8183661699295044,0,0,0
blind,34,11,0.46660706400871277,-1.5469636917114258,4.35089635848999,0.8278580904006958,-1.1545016765594482,4.46073579788208,6,0.550878643989563,1.8183661699295044,0,0,0
blind,35,0,1.0428050756454468,1.1699916124343872,5.05482816696167,1.2599999904632568,1.3759777545928955,5.105820655822754,5,0.5456405282020569,1.8179858922958374,0,0,0
blind,35,1,3.3462462425231934,0.9589079022407532,4.31415319442749,3.769115686416626,1.3759777545928955,4.386905670166016,5,0.5456405282020569,1.8179858922958374,0,0,0
blind,35,2,2.394130229949951,3.233090877532959,4.97684907913208,2.71707820892334,3.541041374206543,5.06197452545166,5,0.5456405282020569,1.8179858922958374,0,0,0
blind,35,3,0.06583145260810852,3.048902750015259,6.269565582275391,0.6130039691925049,3.541041135787964,6.412111759185791,5,0.5456405282020569,1.8179858922958374,0,0,0
blind,35,4,-0.9518439769744873,0.9405209422111511,6.9251556396484375,-0.43903326988220215,1.3759775161743164,7.087180137634277,5,0.5456405282020569,1.8179858922958374,0,0,0
blind,35,5,0.27254170179367065,-1.0958818197250366,6.3293328285217285,0.613004207611084,-0.789085865020752,6.412111282348633,5,0.5456405282020569,1.8179858922958374,0,0,0
blind,35,6,2.289602518081665,-1.1903598308563232,4.98087215423584,2.71707820892334,-0.789085865020752,5.06197452545166,5,0.5456405282020569,1.8179858922958374,0,0,0
blind,35,7,2.3418660163879395,2.3813531398773193,3.1683969497680664,2.677140474319458,2.6259777545928955,3.305345058441162,5,0.5456405282020569,1.8179858922958374,0,0,0
blind,35,8,0.4032275378704071,3.464012384414673,4.333832263946533,0.8549586534500122,3.8759777545928955,4.474598407745361,5,0.5456405282020569,1.8179858922958374,0,0,0
blind,35,9,-1.4005951881408691,2.2154624462127686,5.492165565490723,-0.9672229290008545,2.6259779930114746,5.6438517570495605,5,0.5456405282020569,1.8179858922958374,0,0,0
blind,35,10,-1.3055524826049805,-0.18598997592926025,5.542789459228516,-0.9672229290008545,0.1259772777557373,5.6438517570495605,5,0.5456405282020569,1.8179858922958374,0,0,0
blind,35,11,0.48333820700645447,-1.5000908374786377,4.361476421356201,0.8549587726593018,-1.1240222454071045,4.474598407745361,5,0.5456405282020569,1.8179858922958374,0,0,0
blind,36,0,1.0786575078964233,1.2033733129501343,5.063209056854248,1.2960001230239868,1.4057377576828003,5.114016056060791,5,0.5404329299926758,1.81806480884552,0,0,0
blind,36,1,3.373929738998413,0.9990942478179932,4.2829484939575195,3.794926166534424,1.4057377576828003,4.360445499420166,5,0.5404329299926758,1.81806480884552,0,0,0
blind,36,2,2.4315919876098633,3.2732574939727783,4.968760967254639,2.7523322105407715,3.570801258087158,5.050009250640869,5,0.5404329299926758,1.81806480884552,0,0,0
blind,36,3,0.12022212147712708,3.0859036445617676,6.2896952629089355,0.6671441197395325,3.570801258087158,6.429136276245117,5,0.5404329299926758,1.81806480884552,0,0,0
blind,36,4,-0.8882147669792175,0.9782742857933044,6.959211826324463,-0.3754497766494751,1.4057375192642212,7.118699073791504,5,0.5404329299926758,1.81806480884552,0,0,0
blind,36,5,0.3281678855419159,-1.0588290691375732,6.347006320953369,0.6671443581581116,-0.7593258619308472,6.429135799407959,5,0.5404329299926758,1.81806480884552,0,0,0
blind,36,6,2.3178789615631104,-1.1560909748077393,4.965899467468262,2.7523322105407715,-0.7593258619308472,5.050009250640869,5,0.5404329299926758,1.81806480884552,0,0,0
blind,36,7,2.3540198802948,2.4209060668945312,3.1522903442382812,2.6880879402160645,2.65573787689209,3.294100761413574,5,0.5404329299926758,1.81806480884552,0,0,0
blind,36,8,0.440243124961853,3.4940240383148193,4.356301307678223,0.8822619915008545,3.90573787689209,4.488459587097168,5,0.5404329299926758,1.81806480884552,0,0,0
blind,36,9,-1.3571271896362305,2.2530319690704346,5.534302711486816,-0.9235635995864868,2.65573787689209,5.682818412780762,5,0.5404329299926758,1.81806480884552,0,0,0
blind,36,10,-1.2605907917022705,-0.14917300641536713,5.582418918609619,-0.9235635995864868,0.1557372808456421,5.682818412780762,5,0.5404329299926758,1.81806480884552,0,0,0
blind,36,11,0.500084638595581,-1.4547868967056274,4.373528003692627,0.882262110710144,-1.0942622423171997,4.488459587097168,5,0.5404329299926758,1.81806480884552,0,0,0
blind,37,0,1.1145308017730713,1.2361385822296143,5.071557521820068,1.3320000171661377,1.4347668886184692,5.122166633605957,5,0.5349591970443726,1.8184231519699097,0,0,0
blind,37,1,3.4013421535491943,1.0386890172958374,4.252556324005127,3.820416212081909,1.4347668886184692,4.334585189819336,5,0.5349591970443726,1.8184231519699097,0,0,0
blind,37,2,2.4688591957092285,3.3126461505889893,4.960437297821045,2.7873237133026123,3.5998306274414062,5.038303852081299,5,0.5349591970443726,1.8184231519699097,0,0,0
blind,37,3,0.17463690042495728,3.122554302215576,6.309274196624756,0.7211383581161499,3.599830150604248,6.445740699768066,5,0.5349591970443726,1.8184231519699097,0,0,0
blind,37,4,-0.824377179145813,1.0156583786010742,6.9925408363342285,-0.311954140663147,1.4347666501998901,7.149458885192871,5,0.5349591970443726,1.8184231519699097,0,0,0
blind,37,5,0.3760969936847687,-1.0288625955581665,6.362521171569824,0.721138596534729,-0.7302967309951782,6.445740699768066,5,0.5349591970443726,1.8184231519699097,0,0,0
blind,37,6,2.354536771774292,-1.1146632432937622,4.950984477996826,2.787323474884033,-0.7302967309951782,5.038303852081299,5,0.5349591970443726,1.8184231519699097,0,0,0
blind,37,7,2.367720365524292,2.460381269454956,3.1390185356140137,2.6991376876831055,2.6847667694091797,3.283435106277466,5,0.5349591970443726,1.8184231519699097,0,0,0
blind,37,8,0.47589799761772156,3.5240914821624756,4.378957748413086,0.90976881980896,3.9347667694091797,4.5023112297058105,5,0.5349591970443726,1.8184231519699097,0,0,0
blind,37,9,-1.313658595085144,2.2903671264648438,5.575112819671631,-0.8795998096466064,2.684767007827759,5.721187114715576,5,0.5349591970443726,1.8184231519699097,0,0,0
blind,37,10,-1.2150980234146118,-0.11277124285697937,5.621174335479736,-0.8795998096466064,0.18476641178131104,5.721187114715576,5,0.5349591970443726,1.8184231519699097,0,0,0
blind,37,11,0.5174344182014465,-1.4106348752975464,4.38723611831665,0.9097689390182495,-1.0652331113815308,4.5023112297058105,5,0.5349591970443726,1.8184231519699097,0,0,0
blind,38,0,1.1504220962524414,1.2682700157165527,5.07987117767334,1.3680000305175781,1.4630553722381592,5.130270481109619,5,0.5297799110412598,1.8110778331756592,0,0,0
blind,38,1,3.4285383224487305,1.0777404308319092,4.223015785217285,3.8456125259399414,1.4630553722381592,4.309334754943848,5,0.5297799110412598,1.8110778331756592,0,0,0
blind,38,2,2.5060231685638428,3.351160764694214,4.951870441436768,2.822065830230713,3.6281189918518066,5.026866436004639,5,0.5297799110412598,1.8110778331756592,0,0,0
blind,38,3,0.22862784564495087,3.158799409866333,6.328040599822998,0.7749723792076111,3.6281187534332275,6.461930274963379,5,0.5297799110412598,1.8110778331756592,0,0,0
blind,38,4,-0.7684317827224731,1.0460184812545776,7.022542476654053,-0.24857425689697266,1.46305513381958,7.179462432861328,5,0.5297799110412598,1.8110778331756592,0,0,0
blind,38,5,0.43360435962677,-0.9930931329727173,6.3806962966918945,0.7749726176261902,-0.7020082473754883,6.461930274963379,5,0.5297799110412598,1.8110778331756592,0,0,0
blind,38,6,2.391610860824585,-1.074643611907959,4.936604022979736,2.822065830230713,-0.7020082473754883,5.026866912841797,5,0.5297799110412598,1.8110778331756592,0,0,0
blind,38,7,2.384852409362793,2.499497413635254,3.1306886672973633,2.710315704345703,2.713055372238159,3.2733407020568848,5,0.5297799110412598,1.8110778331756592,0,0,0
blind,38,8,0.5101830959320068,3.554610013961792,4.4014763832092285,0.9374808073043823,3.963055372238159,4.51614236831665,5,0.5297799110412598,1.8110778331756592,0,0,0
blind,38,9,-1.2698897123336792,2.3273885250091553,5.615390777587891,-0.8353540897369385,2.7130556106567383,5.758944034576416,5,0.5297799110412598,1.8110778331756592,0,0,0
blind,38,10,-1.1692379713058472,-0.07695239782333374,5.6593499183654785,-0.8353540897369385,0.21305489540100098,5.758944034576416,5,0.5297799110412598,1.8110778331756592,0,0,0
blind,38,11,0.5304434299468994,-1.37494695186615,4.400107383728027,0.9374809265136719,-1.0369446277618408,4.51614236831665,5,0.5297799110412598,1.8110778331756592,0,0,0
blind,39,0,1.1863287687301636,1.2997510433197021,5.088148593902588,1.4040000438690186,1.490593671798706,5.138326644897461,6,0.5240471363067627,1.8206429481506348,0,0,0
blind,39,1,3.455852746963501,1.1163156032562256,4.195328712463379,3.8705413341522217,1.490593671798706,4.284702301025391,6,0.5240471363067627,1.8206429481506348,0,0,0
blind,39,2,2.5430965423583984,3.388674259185791,4.942669868469238,2.856571674346924,3.6556572914123535,5.015705585479736,6,0.5240471363067627,1.8206429481506348,0,0,0
blind,39,3,0.2751467525959015,3.188227415084839,6.344225883483887,0.828632116317749,3.6556570529937744,6.4777116775512695,6,0.5240471363067627,1.8206429481506348,0,0,0
blind,39,4,-0.7027431130409241,1.0832836627960205,7.055276393890381,-0.18533742427825928,1.490593433380127,7.208714485168457,6,0.5240471363067627,1.8206429481506348,0,0,0
blind,39,5,0.49025022983551025,-0.9580703973770142,6.398158073425293,0.8286323547363281,-0.6744699478149414,6.4777116775512695,6,0.5240471363067627,1.8206429481506348,0,0,0
blind,39,6,2.4290406703948975,-1.0359675884246826,4.922760486602783,2.8565714359283447,-0.6744699478149414,5.015705585479736,6,0.5240471363067627,1.8206429481506348,0,0,0
blind,39,7,2.4041924476623535,2.538130521774292,3.126488208770752,2.7216451168060303,2.740593671798706,3.263810396194458,6,0.5240471363067627,1.8206429481506348,0,0,0
blind,39,8,0.5431156158447266,3.5858640670776367,4.423579692840576,0.9653980731964111,3.990593671798706,4.529944896697998,6,0.5240471363067627,1.8206429481506348,0,0,0
blind,39,9,-1.2257364988327026,2.364021062850952,5.6550469398498535,-0.7908487319946289,2.740593910217285,5.796079158782959,6,0.5240471363067627,1.8206429481506348,0,0,0
blind,39,10,-1.1304925680160522,-0.04796574264764786,5.694377422332764,-0.7908487319946289,0.24059319496154785,5.796079158782959,6,0.5240471363067627,1.8206429481506348,0,0,0
blind,39,11,0.551088273525238,-1.332237720489502,4.417252063751221,0.9653981924057007,-1.009406328201294,4.529944896697998,6,0.5240471363067627,1.8206429481506348,0,0,0
blind,40,0,1.2222486734390259,1.3305662870407104,5.09638786315918,1.440000057220459,1.5173730850219727,5.146334648132324,5,0.517720103263855,1.8203142881393433,0,0,0
blind,40,1,3.4831252098083496,1.1545047760009766,4.16853666305542,3.895228862762451,1.5173730850219727,4.260698318481445,5,0.517720103263855,1.8203142881393433,0,0,0
blind,40,2,2.5731887817382812,3.41894793510437,4.932209491729736,2.8908536434173584,3.68243670463562,5.004829406738281,5,0.517720103263855,1.8203142881393433,0,0,0
blind,40,3,0.33087533712387085,3.225048303604126,6.3623948097229,0.8821031451225281,3.682436466217041,6.493090629577637,5,0.517720103263855,1.8203142881393433,0,0,0
blind,40,4,-0.6372200846672058,1.1198182106018066,7.087135314941406,-0.12227201461791992,1.5173728466033936,7.2372212409973145,5,0.517720103263855,1.8203142881393433,0,0,0
blind,40,5,0.5466117858886719,-0.923500657081604,6.415099143981934,0.8821035027503967,-0.6476905345916748,6.493090629577637,5,0.517720103263855,1.8203142881393433,0,0,0
blind,40,6,2.4667749404907227,-0.9985267519950867,4.909511566162109,2.8908534049987793,-0.6476905345916748,5.004829406738281,5,0.517720103263855,1.8203142881393433,0,0,0
blind,40,7,2.4257383346557617,2.575645685195923,3.1268415451049805,2.7331504821777344,2.7673730850219727,3.2548375129699707,5,0.517720103263855,1.8203142881393433,0,0,0
blind,40,8,0.5746151804924011,3.617790937423706,4.444639682769775,0.9935215711593628,4.017373085021973,4.543709754943848,5,0.517720103263855,1.8203142881393433,0,0,0
blind,40,9,-1.1883752346038818,2.393771171569824,5.691157341003418,-0.7461071014404297,2.7673730850219727,5.832581520080566,5,0.517720103263855,1.8203142881393433,0,0,0
blind,40,10,-1.0837862491607666,-0.013687826693058014,5.734623908996582,-0.7461071014404297,0.26737260818481445,5.832581520080566,5,0.517720103263855,1.8203142881393433,0,0,0
blind,40,11,0.5737606883049011,-1.2916208505630493,4.4355926513671875,0.9935216903686523,-0.9826269149780273,4.543709754943848,5,0.517720103263855,1.8203142881393433,0,0,0
blind,41,0,1.2581799030303955,1.3607014417648315,5.104587078094482,1.4760000705718994,1.5433852672576904,5.154292583465576,6,0.510911762714386,1.8206913471221924,0,0,0
blind,41,1,3.5038766860961914,1.185666799545288,4.142626762390137,3.9197018146514893,1.5433852672576904,4.237329006195068,6,0.510911762714386,1.8206913471221924,0,0,0
blind,41,2,2.611095905303955,3.4555046558380127,4.920443534851074,2.9249253273010254,3.708448886871338,4.994243621826172,6,0.510911762714386,1.8206913471221924,0,0,0
blind,41,3,0.3863791823387146,3.261392116546631,6.3798828125,0.9353722929954529,3.708448648452759,6.508073329925537,6,0.510911762714386,1.8206913471221924,0,0,0
blind,41,4,-0.5718446373939514,1.1556236743927002,7.118163108825684,-0.05940413475036621,1.5433850288391113,7.264987945556641,6,0.510911762714386,1.8206913471221924,0,0,0
blind,41,5,0.6026973128318787,-0.8894668221473694,6.431539058685303,0.9353725910186768,-0.621678352355957,6.508072853088379,6,0.510911762714386,1.8206913471221924,0,0,0
blind,41,6,2.504579544067383,-0.9624168872833252,4.897556304931641,2.9249253273010254,-0.621678352355957,4.99424409866333,6,0.510911762714386,1.8206913471221924,0,0,0
blind,41,7,2.448503017425537,2.611623525619507,3.1310064792633057,2.74485445022583,2.7933852672576904,3.2464120388031006,6,0.510911762714386,1.8206913471221924,0,0,0
blind,41,8,0.5987284779548645,3.6442720890045166,4.462551116943359,1.0218511819839478,4.0433855056762695,4.557426929473877,6,0.510911762714386,1.8206913471221924,0,0,0
blind,41,9,-1.1423181295394897,2.4301671981811523,5.730712413787842,-0.7011520862579346,2.7933855056762695,5.868441581726074,6,0.510911762714386,1.8206913471221924,0,0,0
blind,41,10,-1.0369709730148315,0.019992168992757797,5.7732038497924805,-0.7011520862579346,0.2933847904205322,5.868441581726074,6,0.510911762714386,1.8206913471221924,0,0,0
blind,41,11,0.5986279845237732,-1.2531718015670776,4.454841613769531,1.0218513011932373,-0.9566147327423096,4.557426452636719,6,0.510911762714386,1.8206913471221924,0,0,0
blind,42,0,1.2941207885742188,1.3901431560516357,5.1127448081970215,1.5120000839233398,1.5686233043670654,5.162199020385742,5,0.5030831694602966,1.8208272457122803,0,0,0
blind,42,1,3.5316367149353027,1.223950982093811,4.116694927215576,3.9439868927001953,1.5686233043670654,4.214601993560791,5,0.5030831694602966,1.8208272457122803,0,0,0
blind,42,2,2.6486635208129883,3.490678548812866,4.907691955566406,2.9587998390197754,3.733686923980713,4.983956336975098,5,0.5030831694602966,1.8208272457122803,0,0,0
blind,42,3,0.4416707158088684,3.297255039215088,6.396724700927734,0.9884257912635803,3.733686685562134,6.522665977478027,5,0.5030831694602966,1.8208272457122803,0,0,0
blind,42,4,-0.5070489645004272,1.1908447742462158,7.147935390472412,0.0032389163970947266,1.5686230659484863,7.292020797729492,5,0.5030831694602966,1.8208272457122803,0,0,0
blind,42,5,0.6585443615913391,-0.8560409545898438,6.447510242462158,0.9884260892868042,-0.596440315246582,6.522665977478027,5,0.5030831694602966,1.8208272457122803,0,0,0
blind,42,6,2.5426366329193115,-0.9272123575210571,4.886265754699707,2.9587998390197754,-0.596440315246582,4.983956813812256,5,0.5030831694602966,1.8208272457122803,0,0,0
blind,42,7,2.464749813079834,2.64031982421875,3.134692430496216,2.7567811012268066,2.8186233043670654,3.238525390625,5,0.5030831694602966,1.8208272457122803,0,0,0
blind,42,8,0.6294293999671936,3.6792874336242676,4.482746124267578,1.0503871440887451,4.0686235427856445,4.571086883544922,5,0.5030831694602966,1.8208272457122803,0,0,0
blind,42,9,-1.0960111618041992,2.4657204151153564,5.769436836242676,-0.6560065746307373,2.8186235427856445,5.903648376464844,5,0.5030831694602966,1.8208272457122803,0,0,0
blind,42,10,-0.9897276759147644,0.05326540023088455,5.810644626617432,-0.6560065746307373,0.3186228275299072,5.903648376464844,5,0.5030831694602966,1.8208272457122803,0,0,0
blind,42,11,0.6257835030555725,-1.2169300317764282,4.474677085876465,1.0503872632980347,-0.9313766956329346,4.571086883544922,5,0.5030831694602966,1.8208272457122803,0,0,0
blind,43,0,1.3300701379776,1.4188790321350098,5.120859622955322,1.5479999780654907,1.5930805206298828,5.170053958892822,5,0.4952084720134735,1.8212167024612427,0,0,0
blind,43,1,3.5592563152313232,1.261584997177124,4.091859340667725,3.9681100845336914,1.5930805206298828,4.19252347946167,5,0.4952084720134735,1.8212167024612427,0,0,0
blind,43,2,2.685926914215088,3.524362087249756,4.8953728675842285,2.992490291595459,3.7581441402435303,4.973974704742432,5,0.4952084720134735,1.8212167024612427,0,0,0
blind,43,3,0.49675706028938293,3.332624673843384,6.412960529327393,1.0412509441375732,3.758143901824951,6.536877155303955,5,0.4952084720134735,1.8212167024612427,0,0,0
blind,43,4,-0.44226697087287903,1.225450038909912,7.1769914627075195,0.06563115119934082,1.5930802822113037,7.318328380584717,5,0.4952084720134735,1.8212167024612427,0,0,0
blind,43,5,0.7141837477684021,-0.823293924331665,6.4630446434021,1.0412511825561523,-0.5719830989837646,6.536876678466797,5,0.4952084720134735,1.8212167024612427,0,0,0
blind,43,6,2.5736541748046875,-0.8988564014434814,4.87486457824707,2.992490291595459,-0.5719830989837646,4.973974704742432,5,0.4952084720134735,1.8212167024612427,0,0,0
blind,43,7,2.487684965133667,2.6749398708343506,3.1431519985198975,2.7689521312713623,2.843080520629883,3.2311689853668213,5,0.4952084720134735,1.8212167024612427,0,0,0
blind,43,8,0.6591171622276306,3.715023994445801,4.501748561859131,1.0791290998458862,4.093080520629883,4.584681987762451,5,0.4952084720134735,1.8212167024612427,0,0,0
blind,43,9,-1.0494264364242554,2.5004138946533203,5.807374477386475,-0.6106938123703003,2.843080520629883,5.93819522857666,5,0.4952084720134735,1.8212167024612427,0,0,0
blind,43,10,-0.9421694278717041,0.08599618077278137,5.847114562988281,-0.6106938123703003,0.3430800437927246,5.93819522857666,5,0.4952084720134735,1.8212167024612427,0,0,0
blind,43,11,0.6552549600601196,-1.183267593383789,4.494358539581299,1.0791292190551758,-0.9069194793701172,4.584681987762451,5,0.4952084720134735,1.8212167024612427,0,0,0
blind,44,0,1.3660266399383545,1.4468977451324463,5.12893009185791,1.5840001106262207,1.6167510747909546,5.177855491638184,5,0.4873492121696472,1.8217872381210327,0,0,0
blind,44,1,3.5866684913635254,1.2985031604766846,4.067931175231934,3.9920992851257324,1.6167510747909546,4.171098709106445,5,0.4873492121696472,1.8217872381210327,0,0,0
blind,44,2,2.723160982131958,3.5569639205932617,4.882960796356201,3.0260109901428223,3.7818145751953125,4.964303493499756,5,0.4873492121696472,1.8217872381210327,0,0,0
blind,44,3,0.5516341924667358,3.367452383041382,6.428639888763428,1.0938348770141602,3.7818145751953125,6.550713539123535,5,0.4873492121696472,1.8217872381210327,0,0,0
blind,44,4,-0.37754732370376587,1.259423017501831,7.2053303718566895,0.12774693965911865,1.6167508363723755,7.3439178466796875,5,0.4873492121696472,1.8217872381210327,0,0,0
blind,44,5,0.7619123458862305,-0.7968081831932068,6.476417541503906,1.0938352346420288,-0.5483125448226929,6.550713062286377,5,0.4873492121696472,1.8217872381210327,0,0,0
blind,44,6,2.6129918098449707,-0.8641515970230103,4.864362716674805,3.0260109901428223,-0.5483125448226929,4.964303493499756,5,0.4873492121696472,1.8217872381210327,0,0,0
blind,44,7,2.5094196796417236,2.7083144187927246,3.152419090270996,2.78139066696167,2.866751194000244,3.2243316173553467,5,0.4873492121696472,1.8217872381210327,0,0,0
blind,44,8,0.6879966855049133,3.7513232231140137,4.5195088386535645,1.108077049255371,4.116751194000244,4.598202705383301,5,0.4873492121696472,1.8217872381210327,0,0,0
blind,44,9,-1.002646803855896,2.534360408782959,5.843785762786865,-0.5652363300323486,2.866751194000244,5.972073554992676,5,0.4873492121696472,1.8217872381210327,0,0,0
blind,44,10,-0.8943747282028198,0.11807319521903992,5.882787704467773,-0.5652363300323486,0.3667505979537964,5.972073554992676,5,0.4873492121696472,1.8217872381210327,0,0,0
blind,44,11,0.68686443567276,-1.1516352891921997,4.513977527618408,1.1080771684646606,-0.8832489252090454,4.598202705383301,5,0.4873492121696472,1.8217872381210327,0,0,0
blind,45,0,1.401989221572876,1.4741885662078857,5.1369547843933105,1.6200001239776611,1.63962984085083,5.185602188110352,5,0.48032617568969727,1.8147825002670288,0,0,0
blind,45,1,3.613898754119873,1.334697961807251,4.0448503494262695,4.015978813171387,1.63962984085083,4.150331020355225,5,0.48032617568969727,1.8147825002670288,0,0,0
blind,45,2,2.7604281902313232,3.5885722637176514,4.8709516525268555,3.0593743324279785,3.8046934604644775,4.9549479484558105,5,0.48032617568969727,1.8147825002670288,0,0,0
blind,45,3,0.6058651804924011,3.401627540588379,6.443635940551758,1.1461658477783203,3.8046932220458984,6.564181804656982,5,0.48032617568969727,1.8147825002670288,0,0,0
blind,45,4,-0.3211049735546112,1.2869486808776855,7.23061990737915,0.1895618438720703,1.639629602432251,7.36879825592041,5,0.48032617568969727,1.8147825002670288,0,0,0
blind,45,5,0.8189817070960999,-0.7653824090957642,6.491925239562988,1.146166205406189,-0.5254337787628174,6.564181327819824,5,0.48032617568969727,1.8147825002670288,0,0,0
blind,45,6,2.652068614959717,-0.8303688764572144,4.854617118835449,3.0593743324279785,-0.5254337787628174,4.9549479484558105,5,0.48032617568969727,1.8147825002670288,0,0,0
blind,45,7,2.530548334121704,2.739698886871338,3.162087917327881,2.794116973876953,2.88962984085083,3.2180023193359375,5,0.48032617568969727,1.8147825002670288,0,0,0
blind,45,8,0.7162874341011047,3.787973165512085,4.536027908325195,1.1372299194335938,4.13962984085083,4.611639499664307,5,0.48032617568969727,1.8147825002670288,0,0,0
blind,45,9,-0.9554656744003296,2.5675675868988037,5.879487037658691,-0.5196571350097656,2.88962984085083,6.005276679992676,5,0.48032617568969727,1.8147825002670288,0,0,0
blind,45,10,-0.8464073538780212,0.1494024395942688,5.9178056716918945,-0.5196571350097656,0.3896293640136719,6.005276679992676,5,0.48032617568969727,1.8147825002670288,0,0,0
blind,45,11,0.7129495143890381,-1.1269663572311401,4.530905723571777,1.1372300386428833,-0.8603701591491699,4.611639499664307,5,0.48032617568969727,1.8147825002670288,0,0,0
blind,46,0,1.4379571676254272,1.500741958618164,5.144932270050049,1.656000018119812,1.6617127656936646,5.193293571472168,6,0.47318851947784424,1.8243544101715088,0,0,0
blind,46,1,3.641284227371216,1.3700939416885376,4.023571968078613,4.039775848388672,1.6617127656936646,4.130226135253906,6,0.47318851947784424,1.8243544101715088,0,0,0
blind,46,2,2.7976574897766113,3.6192424297332764,4.859395503997803,3.0925943851470947,3.8267765045166016,4.945914268493652,6,0.47318851947784424,1.8243544101715088,0,0,0
blind,46,3,0.6523488759994507,3.42935848236084,6.456423282623291,1.1982313394546509,3.8267760276794434,6.5772905349731445,6,0.47318851947784424,1.8243544101715088,0,0,0
blind,46,4,-0.2550809383392334,1.320296049118042,7.2583231925964355,0.25104987621307373,1.6617125272750854,7.392978668212891,6,0.47318851947784424,1.8243544101715088,0,0,0
blind,46,5,0.8750719428062439,-0.7347711324691772,6.5067057609558105,1.19823157787323,-0.5033508539199829,6.5772905349731445,6,0.47318851947784424,1.8243544101715088,0,0,0
blind,46,6,2.690796136856079,-0.7974273562431335,4.8454694747924805,3.0925941467285156,-0.5033508539199829,4.945914268493652,6,0.47318851947784424,1.8243544101715088,0,0,0
blind,46,7,2.550591468811035,2.7705047130584717,3.170863151550293,2.8071534633636475,2.911712646484375,3.2121713161468506,6,0.47318851947784424,1.8243544101715088,0,0,0
blind,46,8,0.7441913485527039,3.824708938598633,4.551390647888184,1.166586995124817,4.161712646484375,4.6249847412109375,6,0.47318851947784424,1.8243544101715088,0,0,0
blind,46,9,-0.9079251289367676,2.6000218391418457,5.914462089538574,-0.4739793539047241,2.911712884902954,6.037797927856445,6,0.47318851947784424,1.8243544101715088,0,0,0
blind,46,10,-0.8057886958122253,0.17469528317451477,5.949664115905762,-0.4739793539047241,0.41171228885650635,6.037797927856445,6,0.47318851947784424,1.8243544101715088,0,0,0
blind,46,11,0.7488095760345459,-1.0978502035140991,4.550267219543457,1.1665871143341064,-0.8382872343063354,4.6249847412109375,6,0.47318851947784424,1.8243544101715088,0,0,0
blind,47,0,1.4739296436309814,1.5265491008758545,5.152861595153809,1.6920000314712524,1.6829960346221924,5.200928688049316,5,0.46594104170799255,1.8244906663894653,0,0,0
blind,47,1,3.6686718463897705,1.4048402309417725,4.003103256225586,4.063516616821289,1.6829960346221924,4.110786437988281,5,0.46594104170799255,1.8244906663894653,0,0,0
blind,47,2,2.827803611755371,3.643920421600342,4.847823143005371,3.1256842613220215,3.84805965423584,4.937207221984863,5,0.46594104170799255,1.8244906663894653,0,0,0
blind,47,3,0.7079447507858276,3.463467597961426,6.471024990081787,1.2500202655792236,3.8480594158172607,6.590048789978027,5,0.46594104170799255,1.8244906663894653,0,0,0
blind,47,4,-0.1895143687725067,1.3527449369430542,7.285233974456787,0.3121882677078247,1.6829957962036133,7.416469573974609,5,0.46594104170799255,1.8244906663894653,0,0,0
blind,47,5,0.9307562112808228,-0.7047295570373535,6.5209527015686035,1.2500205039978027,-0.4820675849914551,6.590048313140869,5,0.46594104170799255,1.8244906663894653,0,0,0
blind,47,6,2.72914457321167,-0.7652384042739868,4.836856365203857,3.1256842613220215,-0.4820675849914551,4.937207221984863,5,0.46594104170799255,1.8244906663894653,0,0,0
blind,47,7,2.5697402954101562,2.8009936809539795,3.177893877029419,2.8205204010009766,2.9329960346221924,3.20682692527771,5,0.46594104170799255,1.8244906663894653,0,0,0
blind,47,8,0.771859884262085,3.860940933227539,4.565374851226807,1.1961475610733032,4.182995796203613,4.6382293701171875,5,0.46594104170799255,1.8244906663894653,0,0,0
blind,47,9,-0.8675785064697266,2.626239538192749,5.9461236000061035,-0.42822515964508057,2.9329962730407715,6.069632053375244,5,0.46594104170799255,1.8244906663894653,0,0,0
blind,47,10,-0.7570631504058838,0.2043246179819107,5.986085891723633,-0.42822515964508057,0.4329955577850342,6.069632053375244,5,0.46594104170799255,1.8244906663894653,0,0,0
blind,47,11,0.785772442817688,-1.070551872253418,4.568643569946289,1.1961476802825928,-0.8170039653778076,4.6382293701171875,5,0.46594104170799255,1.8244906663894653,0,0,0
blind,48,0,1.5099060535430908,1.5516021251678467,5.160740852355957,1.7280001640319824,1.703476905822754,5.208505630493164,6,0.45867276191711426,1.825340747833252,0,0,0
blind,48,1,3.6894943714141846,1.4331097602844238,3.983074188232422,4.087225914001465,1.703476905822754,4.092014312744141,6,0.45867276191711426,1.825340747833252,0,0,0
blind,48,2,2.8657889366149902,3.6739003658294678,4.836358070373535,3.158658027648926,3.8685405254364014,4.928830623626709,6,0.45867276191711426,1.825340747833252,0,0,0
blind,48,3,0.7631518244743347,3.4968035221099854,6.485171794891357,1.3015215396881104,3.8685402870178223,6.6024627685546875,6,0.45867276191711426,1.825340747833252,0,0,0
blind,48,4,-0.1243797317147255,1.3843135833740234,7.3113932609558105,0.3729534149169922,1.7034766674041748,7.439278602600098,6,0.45867276191711426,1.825340747833252,0,0,0
blind,48,5,0.986044704914093,-0.6753463745117188,6.5347137451171875,1.3015217781066895,-0.46158671379089355,6.6024627685546875,6,0.45867276191711426,1.825340747833252,0,0,0
blind,48,6,2.7668890953063965,-0.7339484691619873,4.829336166381836,3.1586577892303467,-0.46158671379089355,4.928830623626709,6,0.45867276191711426,1.825340747833252,0,0,0
blind,48,7,2.5876927375793457,2.831817626953125,3.181922674179077,2.834237575531006,2.953476905822754,3.2019567489624023,6,0.45867276191711426,1.825340747833252,0,0,0
blind,48,8,0.7934430241584778,3.890712261199951,4.5769805908203125,1.2259104251861572,4.203476905822754,4.651364803314209,6,0.45867276191711426,1.825340747833252,0,0,0
blind,48,9,-0.8183758854866028,2.657848596572876,5.9808173179626465,-0.3824167251586914,2.953476905822754,6.100772857666016,6,0.45867276191711426,1.825340747833252,0,0,0
blind,48,10,-0.7083908915519714,0.23320941627025604,6.020750522613525,-0.3824167251586914,0.4534764289855957,6.100772857666016,6,0.45867276191711426,1.825340747833252,0,0,0
blind,48,11,0.8234106302261353,-1.0447053909301758,4.58596658706665,1.2259104251861572,-0.7965230941772461,4.651364803314209,6,0.45867276191711426,1.825340747833252,0,0,0
blind,49,0,1.5458858013153076,1.575893759727478,5.168569087982178,1.7640000581741333,1.7231532335281372,5.216023921966553,5,0.450664222240448,1.8260295391082764,0,0,0
blind,49,1,3.7174978256225586,1.4673717021942139,3.963236093521118,4.110929489135742,1.7231532335281372,4.073911190032959,5,0.450664222240448,1.8260295391082764,0,0,0
blind,49,2,2.9034080505371094,3.7029683589935303,4.825511932373047,3.191527843475342,3.888216972351074,4.920788288116455,5,0.450664222240448,1.8260295391082764,0,0,0
blind,49,3,0.817996621131897,3.52936053276062,6.498908042907715,1.352724313735962,3.888216495513916,6.614542007446289,5,0.450664222240448,1.8260295391082764,0,0,0
blind,49,4,-0.060103192925453186,1.4151376485824585,7.336454391479492,0.4333226680755615,1.723152995109558,7.461418628692627,5,0.450664222240448,1.8260295391082764,0,0,0
blind,49,5,1.0409772396087646,-0.6467021107673645,6.548046112060547,1.352724552154541,-0.44191038608551025,6.614542007446289,5,0.450664222240448,1.8260295391082764,0,0,0
blind,49,6,2.804356098175049,-0.7032095193862915,4.822285175323486,3.191527843475342,-0.44191038608551025,4.920788288116455,5,0.450664222240448,1.8260295391082764,0,0,0
blind,49,7,2.598766803741455,2.8575704097747803,3.1817657947540283,2.8483242988586426,2.9731531143188477,3.1975491046905518,5,0.450664222240448,1.8260295391082764,0,0,0
blind,49,8,0.8224852681159973,3.9274072647094727,4.5898871421813965,1.2558739185333252,4.223153114318848,4.6643829345703125,5,0.450664222240448,1.8260295391082764,0,0,0
blind,49,9,-0.7692071199417114,2.6884522438049316,6.014723300933838,-0.33657658100128174,2.9731533527374268,6.131216526031494,5,0.450664222240448,1.8260295391082764,0,0,0
blind,49,10,-0.6594053506851196,0.2615477442741394,6.054092884063721,-0.33657658100128174,0.473152756690979,6.131216526031494,5,0.450664222240448,1.8260295391082764,0,0,0
blind,49,11,0.8614165186882019,-1.019956350326538,4.602200508117676,1.2558739185333252,-0.7768467664718628,4.6643829345703125,5,0.450664222240448,1.8260295391082764,0,0,0
blind,50,0,1.5818684101104736,1.599417805671692,5.176344871520996,1.8000000715255737,1.7420238256454468,5.223482131958008,5,0.44305190443992615,1.8270258903503418,0,0,0
blind,50,1,3.7454514503479004,1.5006641149520874,3.944300889968872,4.134652614593506,1.7420238256454468,4.056478500366211,5,0.44305190443992615,1.8270258903503418,0,0,0
blind,50,2,2.940725564956665,3.7310776710510254,4.816683769226074,3.2243080139160156,3.9070873260498047,4.913084030151367,5,0.44305190443992615,1.8270258903503418,0,0,0
blind,50,3,0.8724981546401978,3.5611329078674316,6.512270450592041,1.403618335723877,3.9070873260498047,6.626294136047363,5,0.44305190443992615,1.8270258903503418,0,0,0
blind,50,4,0.0039000138640403748,1.4452131986618042,7.360858917236328,0.49327361583709717,1.7420235872268677,7.4828996658325195,5,0.44305190443992615,1.8270258903503418,0,0,0
blind,50,5,1.0955876111984253,-0.6188755631446838,6.561002731323242,1.403618574142456,-0.4230397939682007,6.626294136047363,5,0.44305190443992615,1.8270258903503418,0,0,0
blind,50,6,2.8345134258270264,-0.6782944798469543,4.814686298370361,3.2243077754974365,-0.4230397939682007,4.913084030151367,5,0.44305190443992615,1.8270258903503418,0,0,0
blind,50,7,2.6132802963256836,2.8915088176727295,3.1765482425689697,2.862800359725952,2.9920239448547363,3.193591594696045,5,0.44305190443992615,1.8270258903503418,0,0,0
blind,50,8,0.8518606424331665,3.963144302368164,4.602053165435791,1.2860369682312012,4.242023944854736,4.67727518081665,5,0.44305190443992615,1.8270258903503418,0,0,0
blind,50,9,-0.7200794816017151,2.7180800437927246,6.047898769378662,-0.29072630405426025,2.9920239448547363,6.160958766937256,5,0.44305190443992615,1.8270258903503418,0,0,0
blind,50,10,-0.6102100014686584,0.2892416715621948,6.086252212524414,-0.29072630405426025,0.4920233488082886,6.160958766937256,5,0.44305190443992615,1.8270258903503418,0,0,0
blind,50,11,0.8993223905563354,-0.9961799383163452,4.616971969604492,1.2860369682312012,-0.7579761743545532,4.67727518081665,5,0.44305190443992615,1.8270258903503418,0,0,0
blind,51,0,1.6178534030914307,1.6221686601638794,5.1840667724609375,1.8360000848770142,1.7600878477096558,5.230879306793213,5,0.4358435273170471,1.8282567262649536,0,0,0
blind,51,1,3.773301601409912,1.5329351425170898,3.926056146621704,4.158419609069824,1.7600878477096558,4.039717197418213,5,0.4358435273170471,1.8282567262649536,0,0,0
blind,51,2,2.9779891967773438,3.7585291862487793,4.809211730957031,3.2570109367370605,3.9251513481140137,4.9057207107543945,5,0.4358435273170471,1.8282567262649536,0,0,0
blind,51,3,0.9266618490219116,3.5920863151550293,6.525294780731201,1.4541935920715332,3.9251513481140137,6.637728214263916,5,0.4358435273170471,1.8282567262649536,0,0,0
blind,51,4,0.06759308278560638,1.474534273147583,7.384603500366211,0.55278480052948,1.7600876092910767,7.503731727600098,5,0.4358435273170471,1.8282567262649536,0,0,0
blind,51,5,1.1422033309936523,-0.5964511632919312,6.572017669677734,1.4541938304901123,-0.4049757719039917,6.637727737426758,5,0.4358435273170471,1.8282567262649536,0,0,0
blind,51,6,2.872528553009033,-0.6476740837097168,4.8080058097839355,3.2570109367370605,-0.4049757719039917,4.905721187591553,5,0.4358435273170471,1.8282567262649536,0,0,0
blind,51,7,2.62459659576416,2.9255549907684326,3.1643199920654297,2.877683639526367,3.0100879669189453,3.1900718212127686,5,0.4358435273170471,1.8282567262649536,0,0,0
blind,51,8,0.8817560076713562,3.9977502822875977,4.613665580749512,1.316397786140442,4.260087966918945,4.690033912658691,5,0.4358435273170471,1.8282567262649536,0,0,0
blind,51,9,-0.6711446642875671,2.7468550205230713,6.079685211181641,-0.24488770961761475,3.0100879669189453,6.189996242523193,5,0.4358435273170471,1.8282567262649536,0,0,0
blind,51,10,-0.5608867406845093,0.3162024915218353,6.117400646209717,-0.24488770961761475,0.5100873708724976,6.189996242523193,5,0.4358435273170471,1.8282567262649536,0,0,0
blind,51,11,0.9372488856315613,-0.9728171825408936,4.630761623382568,1.3163979053497314,-0.7399121522903442,4.690033912658691,5,0.4358435273170471,1.8282567262649536,0,0,0
blind,52,0,1.6538405418395996,1.644141674041748,5.191734313964844,1.871999979019165,1.7773455381393433,5.238214492797852,5,0.42981967329978943,1.8222774267196655,0,0,0
blind,52,1,3.8010997772216797,1.5641767978668213,3.9084508419036865,4.182254791259766,1.7773455381393433,4.023626327514648,5,0.42981967329978943,1.8222774267196655,0,0,0
blind,52,2,3.0152406692504883,3.7853169441223145,4.803432941436768,3.2896499633789062,3.942409038543701,4.8987016677856445,5,0.42981967329978943,1.8222774267196655,0,0,0
blind,52,3,0.9800674319267273,3.6221323013305664,6.5378804206848145,1.5044405460357666,3.942409038543701,6.648852825164795,5,0.42981967329978943,1.8222774267196655,0,0,0
blind,52,4,0.12279345840215683,1.498242974281311,7.405580520629883,0.6118359565734863,1.7773452997207642,7.523928165435791,5,0.42981967329978943,1.8222774267196655,0,0,0
blind,52,5,1.1979111433029175,-0.5702025890350342,6.584887504577637,1.5044407844543457,-0.3877180814743042,6.648852348327637,5,0.42981967329978943,1.8222774267196655,0,0,0
blind,52,6,2.9100353717803955,-0.6178361177444458,4.801758289337158,3.289649724960327,-0.3877180814743042,4.898702144622803,5,0.42981967329978943,1.8222774267196655,0,0,0
blind,52,7,2.633910894393921,2.957470417022705,3.145855188369751,2.892991065979004,3.027345657348633,3.186976671218872,5,0.42981967329978943,1.8222774267196655,0,0,0
blind,52,8,0.9123222827911377,4.031073570251465,4.624897480010986,1.346954584121704,4.277345657348633,4.7026519775390625,5,0.42981967329978943,1.8222774267196655,0,0,0
blind,52,9,-0.6221312880516052,2.7748239040374756,6.110803127288818,-0.1990816593170166,3.027345657348633,6.218326568603516,5,0.42981967329978943,1.8222774267196655,0,0,0
blind,52,10,-0.5115119218826294,0.342347115278244,6.147702693939209,-0.1990816593170166,0.5273450613021851,6.218326568603516,5,0.42981967329978943,1.8222774267196655,0,0,0
blind,52,11,0.9677137732505798,-0.9540606141090393,4.642218112945557,1.3469547033309937,-0.7226544618606567,4.702651500701904,5,0.42981967329978943,1.8222774267196655,0,0,0
blind,53,0,1.6898295879364014,1.6653329133987427,5.199345588684082,1.908000111579895,1.7937977313995361,5.245486736297607,6,0.42421287298202515,1.8320623636245728,0,0,0
blind,53,1,3.829188108444214,1.5942203998565674,3.8924570083618164,4.206181526184082,1.7937977313995361,4.008206367492676,6,0.42421287298202515,1.8320623636245728,0,0,0
blind,53,2,3.0523924827575684,3.8113815784454346,4.799099445343018,3.322237730026245,3.9588613510131836,4.892029762268066,6,0.42421287298202515,1.8320623636245728,0,0,0
blind,53,3,1.0255922079086304,3.6464130878448486,6.548534870147705,1.5543502569198608,3.9588611125946045,6.659676551818848,6,0.42421287298202515,1.8320623636245728,0,0,0
blind,53,4,0.1873173713684082,1.5266218185424805,7.428677558898926,0.6704065799713135,1.793797492980957,7.54349946975708,6,0.42421287298202515,1.8320623636245728,0,0,0
blind,53,5,1.2526073455810547,-0.5449869632720947,6.597248077392578,1.55435049533844,-0.37126588821411133,6.6596760749816895,6,0.42421287298202515,1.8320623636245728,0,0,0
blind,53,6,2.9470677375793457,-0.588798463344574,4.795791149139404,3.322237491607666,-0.37126588821411133,4.892029762268066,6,0.42421287298202515,1.8320623636245728,0,0,0
blind,53,7,2.6404502391815186,2.9863038063049316,3.120971441268921,2.9087414741516113,3.043797731399536,3.184293746948242,6,0.42421287298202515,1.8320623636245728,0,0,0
blind,53,8,0.9436283111572266,4.062981128692627,4.635944843292236,1.3777060508728027,4.293797492980957,4.715120315551758,6,0.42421287298202515,1.8320623636245728,0,0,0
blind,53,9,-0.5730725526809692,2.8019938468933105,6.141227722167969,-0.1533292531967163,3.0437979698181152,6.245946884155273,6,0.42421287298202515,1.8320623636245728,0,0,0
blind,53,10,-0.4697176516056061,0.3633941113948822,6.175019264221191,-0.1533292531967163,0.5437972545623779,6.245946884155273,6,0.42421287298202515,1.8320623636245728,0,0,0
blind,53,11,1.0063273906707764,-0.9300617575645447,4.65493631362915,1.3777061700820923,-0.7062022686004639,4.715120315551758,6,0.42421287298202515,1.8320623636245728,0,0,0
blind,54,0,1.7258201837539673,1.685739278793335,5.206899642944336,1.9440001249313354,1.809445858001709,5.252695083618164,5,0.41904187202453613,1.832985758781433,0,0,0
blind,54,1,3.8574912548065186,1.6232999563217163,3.8771724700927734,4.230223655700684,1.809445858001709,3.9934558868408203,5,0.41904187202453613,1.832985758781433,0,0,0
blind,54,2,3.082395553588867,3.832399845123291,4.794495105743408,3.3547868728637695,3.9745094776153564,4.885706424713135,5,0.41904187202453613,1.832985758781433,0,0,0
blind,54,3,1.0801184177398682,3.675802230834961,6.560976982116699,1.6039137840270996,3.9745092391967773,6.670207500457764,5,0.41904187202453613,1.832985758781433,0,0,0
blind,54,4,0.2511727213859558,1.5540199279785156,7.451046943664551,0.7284773588180542,1.8094456195831299,7.562458038330078,5,0.41904187202453613,1.832985758781433,0,0,0
blind,54,5,1.3068428039550781,-0.520567774772644,6.609246730804443,1.6039140224456787,-0.3556177616119385,6.6702070236206055,5,0.41904187202453613,1.832985758781433,0,0,0
blind,54,6,2.9837026596069336,-0.5605713725090027,4.790062427520752,3.3547868728637695,-0.3556177616119385,4.885706424713135,5,0.41904187202453613,1.832985758781433,0,0,0
blind,54,7,2.6450605392456055,3.0104055404663086,3.0911660194396973,2.924950122833252,3.059445858001709,3.1820101737976074,5,0.41904187202453613,1.832985758781433,0,0,0
blind,54,8,0.9756097197532654,4.0930304527282715,4.6467156410217285,1.4086496829986572,4.309445858001709,4.727433204650879,5,0.41904187202453613,1.832985758781433,0,0,0
blind,54,9,-0.5315608978271484,2.8238916397094727,6.168581485748291,-0.10765063762664795,3.059445858001709,6.27285623550415,5,0.41904187202453613,1.832985758781433,0,0,0
blind,54,10,-0.4197641611099243,0.3877762258052826,6.206235408782959,-0.10765063762664795,0.5594453811645508,6.27285623550415,5,0.41904187202453613,1.832985758781433,0,0,0
blind,54,11,1.0442415475845337,-0.9060682654380798,4.666870594024658,1.4086498022079468,-0.690554141998291,4.727433204650879,5,0.41904187202453613,1.832985758781433,0,0,0
blind,55,0,1.7618120908737183,1.7053583860397339,5.214395523071289,1.9800000190734863,1.8242921829223633,5.259837627410889,6,0.4143046736717224,1.8345366716384888,0,0,0
blind,55,1,3.8792941570281982,1.6467394828796387,3.8620781898498535,4.254403114318848,1.8242921829223633,3.979372978210449,6,0.4143046736717224,1.8345366716384888,0,0,0
blind,55,2,3.1203205585479736,3.857814073562622,4.791473388671875,3.3873097896575928,3.9893558025360107,4.879733562469482,6,0.4143046736717224,1.8345366716384888,0,0,0
blind,55,3,1.134155511856079,3.7042300701141357,6.573110103607178,1.6531225442886353,3.9893555641174316,6.680454254150391,6,0.4143046736717224,1.8345366716384888,0,0,0
blind,55,4,0.3143956661224365,1.5804550647735596,7.472723960876465,0.7860291004180908,1.8242919445037842,7.580814361572266,6,0.4143046736717224,1.8345366716384888,0,0,0
blind,55,5,1.36061429977417,-0.49698421359062195,6.6209025382995605,1.653122901916504,-0.3407714366912842,6.680454254150391,6,0.4143046736717224,1.8345366716384888,0,0,0
blind,55,6,3.0198047161102295,-0.5334140658378601,4.785106658935547,3.3873095512390137,-0.3407714366912842,4.879733562469482,6,0.4143046736717224,1.8345366716384888,0,0,0
blind,55,7,2.648196220397949,3.0287203788757324,3.0581870079040527,2.941633701324463,3.0742921829223633,3.1801116466522217,6,0.4143046736717224,1.8345366716384888,0,0,0
blind,55,8,1.0015767812728882,4.116934776306152,4.656094551086426,1.4397838115692139,4.324292182922363,4.73958158493042,6,0.4143046736717224,1.8345366716384888,0,0,0
blind,55,9,-0.4813492000102997,2.850050449371338,6.198624134063721,-0.062066078186035156,3.0742921829223633,6.299051284790039,6,0.4143046736717224,1.8345366716384888,0,0,0
blind,55,10,-0.3701377809047699,0.411233514547348,6.235848903656006,-0.062066078186035156,0.5742917060852051,6.299051284790039,6,0.4143046736717224,1.8345366716384888,0,0,0
blind,55,11,1.081368088722229,-0.881977915763855,4.678253650665283,1.4397838115692139,-0.6757078170776367,4.73958158493042,6,0.4143046736717224,1.8345366716384888,0,0,0
blind,56,0,1.7978050708770752,1.7241885662078857,5.221832275390625,2.0160000324249268,1.8383398056030273,5.266914367675781,5,0.40881067514419556,1.835915207862854,0,0,0
blind,56,1,3.9087448120117188,1.6746834516525269,3.84739089012146,4.278743743896484,1.8383398056030273,3.965956687927246,5,0.40881067514419556,1.835915207862854,0,0,0
blind,56,2,3.157876968383789,3.882185220718384,4.788967132568359,3.419818878173828,4.003403663635254,4.874113082885742,5,0.40881067514419556,1.835915207862854,0,0,0
blind,56,3,1.1877319812774658,3.7317097187042236,6.584953308105469,1.701968789100647,4.003403186798096,6.690425872802734,5,0.40881067514419556,1.835915207862854,0,0,0
blind,56,4,0.37658414244651794,1.6060413122177124,7.493431568145752,0.8430438041687012,1.8383395671844482,7.5985822677612305,5,0.40881067514419556,1.835915207862854,0,0,0
blind,56,5,1.4139471054077148,-0.4742705821990967,6.632238864898682,1.701969027519226,-0.3267238140106201,6.690425395965576,5,0.40881067514419556,1.835915207862854,0,0,0
blind,56,6,3.05578875541687,-0.5070444941520691,4.780425071716309,3.419818639755249,-0.3267238140106201,4.874113082885742,5,0.40881067514419556,1.835915207862854,0,0,0
blind,56,7,2.647028684616089,3.0402462482452393,3.026960611343384,2.958807945251465,3.0883398056030273,3.178586483001709,5,0.40881067514419556,1.835915207862854,0,0,0
blind,56,8,1.0363795757293701,4.145055770874023,4.667541027069092,1.4711061716079712,4.338339805603027,4.751559257507324,5,0.40881067514419556,1.835915207862854,0,0,0
blind,56,9,-0.43142881989479065,2.8752059936523438,6.227885723114014,-0.01659536361694336,3.0883398056030273,6.3245320320129395,5,0.40881067514419556,1.835915207862854,0,0,0
blind,56,10,-0.32043206691741943,0.4339573085308075,6.264215469360352,-0.01659536361694336,0.5883393287658691,6.3245320320129395,5,0.40881067514419556,1.835915207862854,0,0,0
blind,56,11,1.117696762084961,-0.8577420711517334,4.689266204833984,1.4711062908172607,-0.6616601943969727,4.751559257507324,5,0.40881067514419556,1.835915207862854,0,0,0
blind,57,0,1.833799123764038,1.7422288656234741,5.229208469390869,2.052000045776367,1.8515920639038086,5.273923873901367,5,0.4043516516685486,1.8375625610351562,0,0,0
blind,57,1,3.9384207725524902,1.7013524770736694,3.8336105346679688,4.3032660484313965,1.8515920639038086,3.9532039165496826,5,0.4043516516685486,1.8375625610351562,0,0,0
blind,57,2,3.1949808597564697,3.9051778316497803,4.787740707397461,3.4523255825042725,4.016655921936035,4.8688459396362305,5,0.4043516516685486,1.8375625610351562,0,0,0
blind,57,3,1.240868330001831,3.758253335952759,6.596520900726318,1.750444769859314,4.016655445098877,6.700130462646484,5,0.4043516516685486,1.8375625610351562,0,0,0
blind,57,4,0.4383160471916199,1.6307892799377441,7.5135273933410645,0.8995044231414795,1.8515918254852295,7.615772247314453,5,0.4043516516685486,1.8375625610351562,0,0,0
blind,57,5,1.4668630361557007,-0.4524647891521454,6.643276691436768,1.750445008277893,-0.31347155570983887,6.700129985809326,5,0.4043516516685486,1.8375625610351562,0,0,0
blind,57,6,3.084754467010498,-0.4858066439628601,4.775061130523682,3.4523255825042725,-0.31347155570983887,4.868846416473389,5,0.4043516516685486,1.8375625610351562,0,0,0
blind,57,7,2.648904800415039,3.046855926513672,2.9927139282226562,2.9764866828918457,3.1015920639038086,3.1774210929870605,5,0.4043516516685486,1.8375625610351562,0,0,0
blind,57,8,1.0718753337860107,4.17130184173584,4.679169654846191,1.5026147365570068,4.351592063903809,4.763359546661377,5,0.4043516516685486,1.8375625610351562,0,0,0
blind,57,9,-0.38177770376205444,2.899378776550293,6.256404399871826,0.02874279022216797,3.1015920639038086,6.349298477172852,5,0.4043516516685486,1.8375625610351562,0,0,0
blind,57,10,-0.27072662115097046,0.45589280128479004,6.291433811187744,0.02874279022216797,0.6015915870666504,6.349298477172852,5,0.4043516516685486,1.8375625610351562,0,0,0
blind,57,11,1.1530052423477173,-0.8335962295532227,4.699783802032471,1.5026147365570068,-0.6484079360961914,4.763359546661377,5,0.4043516516685486,1.8375625610351562,0,0,0
blind,58,0,1.8697940111160278,1.7594791650772095,5.236523151397705,2.0880000591278076,1.8640533685684204,5.28086519241333,5,0.4001031517982483,1.8394181728363037,0,0,0
blind,58,1,3.9682705402374268,1.7267221212387085,3.8205528259277344,4.327991485595703,1.8640533685684204,3.9411122798919678,5,0.4001031517982483,1.8394181728363037,0,0,0
blind,58,2,3.2320351600646973,3.9270265102386475,4.787007808685303,3.484842300415039,4.029117107391357,4.863933563232422,5,0.4001031517982483,1.8394181728363037,0,0,0
blind,58,3,1.2935702800750732,3.783846616744995,6.607825756072998,1.7985434532165527,4.029116630554199,6.70957612991333,5,0.4001031517982483,1.8394181728363037,0,0,0
blind,58,4,0.49956268072128296,1.654697060585022,7.533010959625244,0.9553940296173096,1.8640531301498413,7.632397651672363,5,0.4001031517982483,1.8394181728363037,0,0,0
blind,58,5,1.51175057888031,-0.4350075423717499,6.652541160583496,1.7985436916351318,-0.30101025104522705,6.70957612991333,5,0.4001031517982483,1.8394181728363037,0,0,0
blind,58,6,3.121760368347168,-0.46030041575431824,4.770571708679199,3.48484206199646,-0.30101025104522705,4.863933563232422,5,0.4001031517982483,1.8394181728363037,0,0,0
blind,58,7,2.652210235595703,3.0474977493286133,2.9602489471435547,2.9946846961975098,3.114053249359131,3.176602363586426,5,0.4001031517982483,1.8394181728363037,0,0,0
blind,58,8,1.1079974174499512,4.195684432983398,4.6910400390625,1.5343072414398193,4.364053249359131,4.774975776672363,5,0.4001031517982483,1.8394181728363037,0,0,0
blind,58,9,-0.33255404233932495,2.9226605892181396,6.283586502075195,0.0739295482635498,3.11405348777771,6.373348712921143,5,0.4001031517982483,1.8394181728363037,0,0,0
blind,58,10,-0.2210814505815506,0.4769890606403351,6.317636489868164,0.0739295482635498,0.6140528917312622,6.373348712921143,5,0.4001031517982483,1.8394181728363037,0,0,0
blind,58,11,1.1877295970916748,-0.8093398809432983,4.710235118865967,1.5343072414398193,-0.6359466314315796,4.774975776672363,5,0.4001031517982483,1.8394181728363037,0,0,0
blind,59,0,1.9057896137237549,1.7759400606155396,5.243774890899658,2.124000072479248,1.8757288455963135,5.287736892700195,5,0.39639389514923096,1.8345698118209839,0,0,0
blind,59,1,3.9983482360839844,1.7507851123809814,3.8082077503204346,4.352940559387207,1.8757288455963135,3.929678201675415,5,0.39639389514923096,1.8345698118209839,0,0,0
blind,59,2,3.269110918045044,3.947593927383423,4.78679084777832,3.5173797607421875,4.040792465209961,4.859375953674316,5,0.39639389514923096,1.8345698118209839,0,0,0
blind,59,3,1.34543776512146,3.80843186378479,6.618782043457031,1.8462574481964111,4.040792465209961,6.718770980834961,5,0.39639389514923096,1.8345698118209839,0,0,0
blind,59,4,0.5522369146347046,1.673959732055664,7.5500168800354,1.0106964111328125,1.8757286071777344,7.648468971252441,5,0.39639389514923096,1.8345698118209839,0,0,0
blind,59,5,1.565426230430603,-0.41484877467155457,6.66341495513916,1.8462576866149902,-0.289334774017334,6.718770980834961,5,0.39639389514923096,1.8345698118209839,0,0,0
blind,59,6,3.158594846725464,-0.4359780251979828,4.766448497772217,3.5173795223236084,-0.289334774017334,4.859375953674316,5,0.39639389514923096,1.8345698118209839,0,0,0
blind,59,7,2.6610918045043945,3.0426089763641357,2.9309613704681396,3.013415575027466,3.1257288455963135,3.176116704940796,5,0.39639389514923096,1.8345698118209839,0,0,0
blind,59,8,1.144657015800476,4.218238353729248,4.703175067901611,1.5661814212799072,4.375728607177734,4.786400318145752,5,0.39639389514923096,1.8345698118209839,0,0,0
blind,59,9,-0.2834261953830719,2.9450929164886475,6.310046672821045,0.11894726753234863,3.1257290840148926,6.396683692932129,5,0.39639389514923096,1.8345698118209839,0,0,0
blind,59,10,-0.17155608534812927,0.4971940815448761,6.342957496643066,0.11894726753234863,0.6257283687591553,6.396683692932129,5,0.39639389514923096,1.8345698118209839,0,0,0
blind,59,11,1.2152504920959473,-0.7893606424331665,4.719298362731934,1.5661814212799072,-0.6242711544036865,4.786400318145752,5,0.39639389514923096,1.8345698118209839,0,0,0
blind,60,0,1.9417858123779297,1.7916128635406494,5.25096321105957,2.1600000858306885,1.886623740196228,5.294538497924805,6,0.3922160863876343,1.8442604541778564,0,0,0
blind,60,1,4.028872966766357,1.7733066082000732,3.7975423336029053,4.378133773803711,1.886623740196228,3.9188992977142334,6,0.3922160863876343,1.8442604541778564,0,0,0
blind,60,2,3.3062186241149902,3.966794967651367,4.786665439605713,3.5499491691589355,4.051687240600586,4.8551740646362305,6,0.3922160863876343,1.8442604541778564,0,0,0
blind,60,3,1.3893589973449707,3.828197717666626,6.627950191497803,1.893580675125122,4.051687240600586,6.727724075317383,6,0.3922160863876343,1.8442604541778564,0,0,0
blind,60,4,0.6139448285102844,1.6966667175292969,7.568853855133057,1.0653963088989258,1.886623501777649,7.663998603820801,6,0.3922160863876343,1.8442604541778564,0,0,0
blind,60,5,1.6180514097213745,-0.39579081535339355,6.6738786697387695,1.8935809135437012,-0.27843987941741943,6.727724075317383,6,0.3922160863876343,1.8442604541778564,0,0,0
blind,60,6,3.195312738418579,-0.41288113594055176,4.762597560882568,3.5499491691589355,-0.27843987941741943,4.855174541473389,6,0.3922160863876343,1.8442604541778564,0,0,0
blind,60,7,2.677403688430786,3.0320310592651367,2.9063222408294678,3.0326924324035645,3.1366238594055176,3.175952196121216,6,0.3922160863876343,1.8442604541778564,0,0,0
blind,60,8,1.1817071437835693,4.239043712615967,4.715596675872803,1.5982351303100586,4.386623859405518,4.797627925872803,6,0.3922160863876343,1.8442604541778564,0,0,0
blind,60,9,-0.23440894484519958,2.9666748046875,6.335751056671143,0.16377782821655273,3.1366238594055176,6.4193034172058105,6,0.3922160863876343,1.8442604541778564,0,0,0
blind,60,10,-0.12977814674377441,0.5133515000343323,6.365550994873047,0.16377782821655273,0.6366232633590698,6.4193034172058105,6,0.3922160863876343,1.8442604541778564,0,0,0
blind,60,11,1.2501347064971924,-0.7644869089126587,4.730396270751953,1.5982351303100586,-0.613376259803772,4.797627925872803,6,0.3922160863876343,1.8442604541778564,0,0,0
blind,61,0,1.9777826070785522,1.8064994812011719,5.258086681365967,2.196000099182129,1.896744728088379,5.301269054412842,5,0.3871476650238037,1.845802664756775,0,0,0
blind,61,1,4.059885025024414,1.7945412397384644,3.7877957820892334,4.403589248657227,1.896744728088379,3.908771276473999,5,0.3871476650238037,1.845802664756775,0,0,0
blind,61,2,3.3362910747528076,3.9817614555358887,4.785209655761719,3.582561731338501,4.0618085861206055,4.851328372955322,5,0.3871476650238037,1.845802664756775,0,0,0
blind,61,3,1.4421262741088867,3.851763963699341,6.638791561126709,1.940506935119629,4.061808109283447,6.736442565917969,5,0.3871476650238037,1.845802664756775,0,0,0
blind,61,4,0.674832284450531,1.71834397315979,7.587033748626709,1.1194794178009033,1.8967444896697998,7.678999900817871,5,0.3871476650238037,1.845802664756775,0,0,0
blind,61,5,1.6701576709747314,-0.37763023376464844,6.684049129486084,1.940507173538208,-0.26831889152526855,6.736442565917969,5,0.3871476650238037,1.845802664756775,0,0,0
blind,61,6,3.2319953441619873,-0.3910422921180725,4.759028434753418,3.582561731338501,-0.26831889152526855,4.851328372955322,5,0.3871476650238037,1.845802664756775,0,0,0
blind,61,7,2.7053184509277344,3.0159528255462646,2.8904290199279785,3.0525269508361816,3.146744728088379,3.176095724105835,5,0.3871476650238037,1.845802664756775,0,0,0
blind,61,8,1.2187796831130981,4.258006572723389,4.728036880493164,1.6304657459259033,4.396744728088379,4.808652877807617,5,0.3871476650238037,1.845802664756775,0,0,0
blind,61,9,-0.19308888912200928,2.9839887619018555,6.358598709106445,0.208404541015625,3.146744728088379,6.441209316253662,5,0.3871476650238037,1.845802664756775,0,0,0
blind,61,10,-0.07989707589149475,0.5317981243133545,6.391425132751465,0.208404541015625,0.6467442512512207,6.441209316253662,5,0.3871476650238037,1.845802664756775,0,0,0
blind,61,11,1.2844398021697998,-0.7401536703109741,4.741668701171875,1.6304657459259033,-0.6032552719116211,4.808652400970459,5,0.3871476650238037,1.845802664756775,0,0,0
blind,62,0,2.013779878616333,1.8206026554107666,5.265144348144531,2.2320001125335693,1.9060983657836914,5.30792760848999,6,0.3808753192424774,1.8478978872299194,0,0,0
blind,62,1,4.084339618682861,1.8112438917160034,3.778134346008301,4.429326057434082,1.9060983657836914,3.8992910385131836,6,0.3808753192424774,1.8478978872299194,0,0,0
blind,62,2,3.3746957778930664,3.998927116394043,4.783932685852051,3.615227699279785,4.071162223815918,4.847838878631592,6,0.3808753192424774,1.8478978872299194,0,0,0
blind,62,3,1.4943194389343262,3.874305248260498,6.649358749389648,1.987030029296875,4.07116174697876,6.744935035705566,6,0.3808753192424774,1.8478978872299194,0,0,0
blind,62,4,0.7349397540092468,1.7390083074569702,7.6045918464660645,1.1729313135147095,1.9060981273651123,7.693482875823975,6,0.3808753192424774,1.8478978872299194,0,0,0
blind,62,5,1.7217347621917725,-0.3603779077529907,6.693934917449951,1.987030267715454,-0.25896525382995605,6.744934558868408,6,0.3808753192424774,1.8478978872299194,0,0,0
blind,62,6,3.2684690952301025,-0.37070542573928833,4.756255149841309,3.615227460861206,-0.25896525382995605,4.84783935546875,6,0.3808753192424774,1.8478978872299194,0,0,0
blind,62,7,2.7455713748931885,2.9966394901275635,2.8903400897979736,3.0729317665100098,3.1560983657836914,3.176535129547119,6,0.3808753192424774,1.8478978872299194,0,0,0
blind,62,8,1.248944640159607,4.272543430328369,4.738954544067383,1.6628713607788086,4.406098365783691,4.8194684982299805,6,0.3808753192424774,1.8478978872299194,0,0,0
blind,62,9,-0.14316588640213013,3.0043399333953857,6.383663654327393,0.2528109550476074,3.1560983657836914,6.462401390075684,6,0.3808753192424774,1.8478978872299194,0,0,0
blind,62,10,-0.030580978840589523,0.5492002964019775,6.415869235992432,0.2528109550476074,0.6560978889465332,6.462401390075684,6,0.3808753192424774,1.8478978872299194,0,0,0
blind,62,11,1.3183236122131348,-0.716568648815155,4.753228664398193,1.6628713607788086,-0.5939016342163086,4.8194684982299805,6,0.3808753192424774,1.8478978872299194,0,0,0
blind,63,0,2.0497775077819824,1.833925724029541,5.272134780883789,2.2680001258850098,1.9146921634674072,5.314512729644775,5,0.3732008934020996,1.8498347997665405,0,0,0
blind,63,1,4.117131233215332,1.830595850944519,3.7696049213409424,4.4553632736206055,1.9146921634674072,3.890453815460205,5,0.3732008934020996,1.8498347997665405,0,0,0
blind,63,2,3.4129698276519775,4.014422416687012,4.781713008880615,3.6479568481445312,4.079755783081055,4.844705104827881,5,0.3732008934020996,1.8498347997665405,0,0,0
blind,63,3,1.5459678173065186,3.8958418369293213,6.659663677215576,2.03314471244812,4.079755783081055,6.753207683563232,5,0.3732008934020996,1.8498347997665405,0,0,0
blind,63,4,0.7938961386680603,1.7587456703186035,7.621313095092773,1.225738763809204,1.9146919250488281,7.707458972930908,5,0.3732008934020996,1.8498347997665405,0,0,0
blind,63,5,1.772800087928772,-0.3440437316894531,6.703550338745117,2.033144950866699,-0.25037145614624023,6.753207206726074,5,0.3732008934020996,1.8498347997665405,0,0,0
blind,63,6,3.305143356323242,-0.3516286611557007,4.753898620605469,3.6479568481445312,-0.25037145614624023,4.844705104827881,5,0.3732008934020996,1.8498347997665405,0,0,0
blind,63,7,2.783501386642456,2.9790804386138916,2.901768684387207,3.0939176082611084,3.1646921634674072,3.177257537841797,5,0.3732008934020996,1.8498347997665405,0,0,0
blind,63,8,1.2877044677734375,4.289416313171387,4.7522759437561035,1.6954493522644043,4.414691925048828,4.830069065093994,5,0.3732008934020996,1.8498347997665405,0,0,0
blind,63,9,-0.09365750849246979,3.0236496925354004,6.407888889312744,0.2969810962677002,3.1646924018859863,6.482880592346191,5,0.3732008934020996,1.8498347997665405,0,0,0
blind,63,10,0.01861976832151413,0.5657292604446411,6.439134120941162,0.2969810962677002,0.664691686630249,6.482880592346191,5,0.3732008934020996,1.8498347997665405,0,0,0
blind,63,11,1.3519799709320068,-0.6939310431480408,4.7651286125183105,1.6954493522644043,-0.5853078365325928,4.830069065093994,5,0.3732008934020996,1.8498347997665405,0,0,0
blind,64,0,2.085775375366211,1.8464727401733398,5.279057502746582,2.30400013923645,1.9225342273712158,5.321023941040039,5,0.3647778034210205,1.852038025856018,0,0,0
blind,64,1,4.150300025939941,1.848341941833496,3.762291193008423,4.481716156005859,1.9225342273712158,3.882256269454956,5,0.3647778034210205,1.852038025856018,0,0,0
blind,64,2,3.450883150100708,4.028026580810547,4.779221057891846,3.6807594299316406,4.087597846984863,4.8419270515441895,5,0.3647778034210205,1.852038025856018,0,0,0
blind,64,3,1.5970934629440308,3.9163918495178223,6.6697163581848145,2.078845977783203,4.087597846984863,6.7612690925598145,5,0.3647778034210205,1.852038025856018,0,0,0
blind,64,4,0.8522554039955139,1.7775834798812866,7.637485504150391,1.2778891324996948,1.9225339889526367,7.720939636230469,5,0.3647778034210205,1.852038025856018,0,0,0
blind,64,5,1.8233681917190552,-0.3286444842815399,6.7129106521606445,2.078845977783203,-0.24252939224243164,6.761268615722656,5,0.3647778034210205,1.852038025856018,0,0,0
blind,64,6,3.334908962249756,-0.3367134630680084,4.750937461853027,3.6807594299316406,-0.24252939224243164,4.841927528381348,5,0.3647778034210205,1.852038025856018,0,0,0
blind,64,7,2.8292269706726074,2.9688637256622314,2.9385201930999756,3.115495204925537,3.172534227371216,3.178251266479492,5,0.3647778034210205,1.852038025856018,0,0,0
blind,64,8,1.3263404369354248,4.304864883422852,4.765657901763916,1.7281975746154785,4.422533988952637,4.840449810028076,5,0.3647778034210205,1.852038025856018,0,0,0
blind,64,9,-0.04453562572598457,3.041930913925171,6.431312084197998,0.34089982509613037,3.172534465789795,6.50264835357666,5,0.3647778034210205,1.852038025856018,0,0,0
blind,64,10,0.06765611469745636,0.5813679099082947,6.4612555503845215,0.34089982509613037,0.6725337505340576,6.50264835357666,5,0.3647778034210205,1.852038025856018,0,0,0
blind,64,11,1.3854106664657593,-0.6726909875869751,4.77710485458374,1.7281975746154785,-0.5774657726287842,4.840449810028076,5,0.3647778034210205,1.852038025856018,0,0,0
blind,65,0,2.1217737197875977,1.858248233795166,5.2859110832214355,2.3400001525878906,1.929633378982544,5.327459812164307,5,0.3562580347061157,1.8544650077819824,0,0,0
blind,65,1,4.18375301361084,1.8644911050796509,3.756014823913574,4.5084028244018555,1.929633378982544,3.8746931552886963,5,0.3562580347061157,1.8544650077819824,0,0,0
blind,65,2,3.48883056640625,4.03995418548584,4.776031017303467,3.713644504547119,4.094696998596191,4.839504241943359,5,0.3562580347061157,1.8544650077819824,0,0,0
blind,65,3,1.6477022171020508,3.9359493255615234,6.679525852203369,2.1241283416748047,4.094696998596191,6.769125461578369,5,0.3562580347061157,1.8544650077819824,0,0,0
blind,65,4,0.9099939465522766,1.795524001121521,7.653111934661865,1.329370379447937,1.9296331405639648,7.733936309814453,5,0.3562580347061157,1.8544650077819824,0,0,0
blind,65,5,1.8659358024597168,-0.31646740436553955,6.720667362213135,2.124128580093384,-0.23543024063110352,6.769124984741211,5,0.3562580347061157,1.8544650077819824,0,0,0
blind,65,6,3.3731448650360107,-0.3195478916168213,4.749222278594971,3.713644504547119,-0.23543024063110352,4.839504241943359,5,0.3562580347061157,1.8544650077819824,0,0,0
blind,65,7,2.867915630340576,2.9695887565612793,2.987551212310791,3.1376750469207764,3.179633378982544,3.179503917694092,5,0.3562580347061157,1.8544650077819824,0,0,0
blind,65,8,1.3647959232330322,4.319066524505615,4.779034614562988,1.7611136436462402,4.429633140563965,4.850605010986328,5,0.3562580347061157,1.8544650077819824,0,0,0
blind,65,9,0.004022218286991119,3.0592403411865234,6.453421592712402,0.3845524787902832,3.179633617401123,6.5217061042785645,5,0.3562580347061157,1.8544650077819824,0,0,0
blind,65,10,0.11649277806282043,0.5961004495620728,6.482308864593506,0.3845524787902832,0.6796329021453857,6.5217061042785645,5,0.3562580347061157,1.8544650077819824,0,0,0
blind,65,11,1.4190999269485474,-0.6527215838432312,4.7894134521484375,1.7611137628555298,-0.570366621017456,4.850605010986328,5,0.3562580347061157,1.8544650077819824,0,0,0
blind,66,0,2.1577720642089844,1.8692576885223389,5.292695045471191,2.376000165939331,1.9359989166259766,5.33381986618042,5,0.3488011360168457,1.8508915901184082,0,0,0
blind,66,1,4.217479228973389,1.879046082496643,3.7507705688476562,4.535438537597656,1.9359989166259766,3.8677611351013184,5,0.3488011360168457,1.8508915901184082,0,0,0
blind,66,2,3.526777505874634,4.0501861572265625,4.772423267364502,3.7466213703155518,4.101062774658203,4.837435722351074,5,0.3488011360168457,1.8508915901184082,0,0,0
blind,66,3,1.6974197626113892,3.9544785022735596,6.689029216766357,2.168987989425659,4.101062297821045,6.776784420013428,5,0.3488011360168457,1.8508915901184082,0,0,0
blind,66,4,0.9591723084449768,1.809874176979065,7.666561603546143,1.3801714181900024,1.9359986782073975,7.746458530426025,5,0.3488011360168457,1.8508915901184082,0,0,0
blind,66,5,1.9169752597808838,-0.3026871085166931,6.729828834533691,2.1689882278442383,-0.2290647029876709,6.7767839431762695,5,0.3488011360168457,1.8508915901184082,0,0,0
blind,66,6,3.4113705158233643,-0.30393627285957336,4.7480902671813965,3.7466213703155518,-0.2290647029876709,4.837435722351074,5,0.3488011360168457,1.8508915901184082,0,0,0
blind,66,7,2.8971073627471924,2.9819602966308594,3.040719747543335,3.160465955734253,3.1859989166259766,3.181004762649536,5,0.3488011360168457,1.8508915901184082,0,0,0
blind,66,8,1.4030356407165527,4.33219051361084,4.792327880859375,1.7941954135894775,4.435998916625977,4.860529899597168,5,0.3488011360168457,1.8508915901184082,0,0,0
blind,66,9,0.052374061197042465,3.0756263732910156,6.474740505218506,0.42792510986328125,3.1859989166259766,6.540055274963379,5,0.3488011360168457,1.8508915901184082,0,0,0
blind,66,10,0.16508668661117554,0.6099064946174622,6.50238561630249,0.42792510986328125,0.6859984397888184,6.540055274963379,5,0.3488011360168457,1.8508915901184082,0,0,0
blind,66,11,1.4463661909103394,-0.6370307207107544,4.800198554992676,1.794195532798767,-0.5640010833740234,4.860529899597168,5,0.3488011360168457,1.8508915901184082,0,0,0
blind,67,0,2.19377064704895,1.879507064819336,5.299407958984375,2.4120001792907715,1.9416401386260986,5.3401031494140625,6,0.34201520681381226,1.8552050590515137,0,0,0
blind,67,1,4.251335144042969,1.891823649406433,3.747332811355591,4.562837600708008,1.9416401386260986,3.8614556789398193,6,0.34201520681381226,1.8552050590515137,0,0,0
blind,67,2,3.5646274089813232,4.05879545211792,4.7684221267700195,3.779698371887207,4.106703758239746,4.835721015930176,6,0.34201520681381226,1.8552050590515137,0,0,0
blind,67,3,1.7391852140426636,3.969252586364746,6.69688606262207,2.2134203910827637,4.106703758239746,6.784252166748047,6,0.34201520681381226,1.8552050590515137,0,0,0
blind,67,4,1.0170623064041138,1.8264185190200806,7.681585788726807,1.4302815198898315,1.9416399002075195,7.758517265319824,6,0.34201520681381226,1.8552050590515137,0,0,0
blind,67,5,1.9669268131256104,-0.2900228798389435,6.7386698722839355,2.2134206295013428,-0.22342348098754883,6.784251689910889,6,0.34201520681381226,1.8552050590515137,0,0,0
blind,67,6,3.4495649337768555,-0.2898509204387665,4.74746036529541,3.779698371887207,-0.22342348098754883,4.835721015930176,6,0.34201520681381226,1.8552050590515137,0,0,0
blind,67,7,2.9181740283966064,3.0033175945281982,3.0923149585723877,3.183877468109131,3.1916401386260986,3.1827425956726074,6,0.34201520681381226,1.8552050590515137,0,0,0
blind,67,8,1.4410128593444824,4.344402313232422,4.805479526519775,1.8274407386779785,4.4416399002075195,4.870219707489014,6,0.34201520681381226,1.8552050590515137,0,0,0
blind,67,9,0.10050417482852936,3.0910894870758057,6.495239734649658,0.4710043668746948,3.1916403770446777,6.55769681930542,6,0.34201520681381226,1.8552050590515137,0,0,0
blind,67,10,0.2058575451374054,0.6207887530326843,6.519999027252197,0.4710043668746948,0.6916396617889404,6.55769681930542,6,0.34201520681381226,1.8552050590515137,0,0,0
blind,67,11,1.481969952583313,-0.619405210018158,4.813450336456299,1.827440857887268,-0.5583598613739014,4.870219707489014,6,0.34201520681381226,1.8552050590515137,0,0,0
blind,68,0,2.229769468307495,1.889002799987793,5.30604887008667,2.447999954223633,1.9465675354003906,5.346308708190918,5,0.3359806537628174,1.8625341653823853,0,0,0
blind,68,1,4.28552770614624,1.9030327796936035,3.7451250553131104,4.590615272521973,1.9465675354003906,3.855772018432617,5,0.3359806537628174,1.8625341653823853,0,0,0
blind,68,2,3.5952799320220947,4.064760684967041,4.7637939453125,3.8128838539123535,4.111631393432617,4.834359645843506,5,0.3359806537628174,1.8625341653823853,0,0,0
blind,68,3,1.789605736732483,3.9865145683288574,6.706273078918457,2.2574212551116943,4.111630916595459,6.791535377502441,5,0.3359806537628174,1.8625341653823853,0,0,0
blind,68,4,1.0740137100219727,1.841921091079712,7.696034908294678,1.4796900749206543,1.9465672969818115,7.77012300491333,5,0.3359806537628174,1.8625341653823853,0,0,0
blind,68,5,2.0163068771362305,-0.278331995010376,6.747297286987305,2.2574214935302734,-0.21849608421325684,6.791535377502441,5,0.3359806537628174,1.8625341653823853,0,0,0
blind,68,6,3.4877302646636963,-0.27725738286972046,4.747340679168701,3.8128838539123535,-0.21849608421325684,4.834360122680664,5,0.3359806537628174,1.8625341653823853,0,0,0
blind,68,7,2.9331772327423096,3.0317115783691406,3.138888120651245,3.2079174518585205,3.1965675354003906,3.184706211090088,5,0.3359806537628174,1.8625341653823853,0,0,0
blind,68,8,1.4784408807754517,4.355797290802002,4.8181610107421875,1.8608472347259521,4.446567535400391,4.879670143127441,5,0.3359806537628174,1.8625341653823853,0,0,0
blind,68,9,0.14084497094154358,3.103346824645996,6.513168811798096,0.5137772560119629,3.1965675354003906,6.574633598327637,5,0.3359806537628174,1.8625341653823853,0,0,0
blind,68,10,0.25467565655708313,0.6329333782196045,6.540151119232178,0.5137772560119629,0.6965670585632324,6.574633598327637,5,0.3359806537628174,1.8625341653823853,0,0,0
blind,68,11,1.517966866493225,-0.6038053035736084,4.826723575592041,1.8608472347259521,-0.5534324645996094,4.879669666290283,5,0.3359806537628174,1.8625341653823853,0,0,0
blind,69,0,2.265768527984619,1.8977521657943726,5.312617301940918,2.4839999675750732,1.950791835784912,5.352435111999512,6,0.330843448638916,1.8652256727218628,0,0,0
blind,69,1,4.312821865081787,1.9111379384994507,3.7426586151123047,4.6187849044799805,1.950791835784912,3.8507049083709717,6,0.330843448638916,1.8652256727218628,0,0,0
blind,69,2,3.633953094482422,4.070947647094727,4.758968830108643,3.8461856842041016,4.1158552169799805,4.833349704742432,6,0.330843448638916,1.8652256727218628,0,0,0
blind,69,3,1.839382290840149,4.002739906311035,6.715414047241211,2.300987720489502,4.1158552169799805,6.798639297485352,6,0.330843448638916,1.8652256727218628,0,0,0
blind,69,4,1.1300691366195679,1.856398582458496,7.7099409103393555,1.5283887386322021,1.950791597366333,7.781284332275391,6,0.330843448638916,1.8652256727218628,0,0,0
blind,69,5,2.065103054046631,-0.267616331577301,6.755721569061279,2.300987958908081,-0.21427178382873535,6.798639297485352,6,0.330843448638916,1.8652256727218628,0,0,0
blind,69,6,3.5255353450775146,-0.26621103286743164,4.748106956481934,3.8461856842041016,-0.21427178382873535,4.83335018157959,6,0.330843448638916,1.8652256727218628,0,0,0
blind,69,7,2.944575548171997,3.065066337585449,3.178579568862915,3.2325940132141113,3.200791835784912,3.186885118484497,6,0.330843448638916,1.8652256727218628,0,0,0
blind,69,8,1.5087172985076904,4.364583492279053,4.828914165496826,1.8944129943847656,4.450791835784912,4.888875961303711,6,0.330843448638916,1.8652256727218628,0,0,0
blind,69,9,0.18967530131340027,3.1173553466796875,6.532786846160889,0.5562323331832886,3.200791835784912,6.5908660888671875,6,0.330843448638916,1.8652256727218628,0,0,0
blind,69,10,0.30272766947746277,0.64400315284729,6.558997631072998,0.5562323331832886,0.7007913589477539,6.5908660888671875,6,0.330843448638916,1.8652256727218628,0,0,0
blind,69,11,1.5543913841247559,-0.5903145670890808,4.839922904968262,1.8944131135940552,-0.5492081642150879,4.888875484466553,6,0.330843448638916,1.8652256727218628,0,0,0
blind,70,0,2.301767587661743,1.905762791633606,5.3191118240356445,2.5199999809265137,1.9543246030807495,5.358482360839844,5,0.32569268345832825,1.8677935600280762,0,0,0
blind,70,1,4.348541736602783,1.919817566871643,3.7424216270446777,4.647359371185303,1.9543246030807495,3.8462514877319336,5,0.32569268345832825,1.8677935600280762,0,0,0
blind,70,2,3.672140121459961,4.075906276702881,4.754280090332031,3.8796114921569824,4.119388103485107,4.832691192626953,5,0.32569268345832825,1.8677935600280762,0,0,0
blind,70,3,1.8885453939437866,4.017948150634766,6.724323272705078,2.344115972518921,4.119388103485107,6.805570602416992,5,0.32569268345832825,1.8677935600280762,0,0,0
blind,70,4,1.1848912239074707,1.8699032068252563,7.723140239715576,1.5763683319091797,1.9543243646621704,7.792010307312012,5,0.32569268345832825,1.8677935600280762,0,0,0
blind,70,5,2.113327741622925,-0.2578730881214142,6.763955593109131,2.3441162109375,-0.21073901653289795,6.805570602416992,5,0.32569268345832825,1.8677935600280762,0,0,0
blind,70,6,3.5633931159973145,-0.25652220845222473,4.749485015869141,3.8796114921569824,-0.21073901653289795,4.832691669464111,5,0.32569268345832825,1.8677935600280762,0,0,0
blind,70,7,2.9507904052734375,3.095740556716919,3.208932399749756,3.2579140663146973,3.204324722290039,3.18927001953125,5,0.32569268345832825,1.8677935600280762,0,0,0
blind,70,8,1.547153115272522,4.375291347503662,4.841485023498535,1.9281361103057861,4.454324722290039,4.897833824157715,5,0.32569268345832825,1.8677935600280762,0,0,0
blind,70,9,0.2379712462425232,3.1303038597106934,6.551531791687012,0.5983580350875854,3.204324722290039,6.60639762878418,5,0.32569268345832825,1.8677935600280762,0,0,0
blind,70,10,0.35048386454582214,0.6541205048561096,6.576715469360352,0.5983580350875854,0.7043241262435913,6.60639762878418,5,0.32569268345832825,1.8677935600280762,0,0,0
blind,70,11,1.5912753343582153,-0.5789852142333984,4.852911472320557,1.9281361103057861,-0.5456753969192505,4.897833824157715,5,0.32569268345832825,1.8677935600280762,0,0,0
blind,71,0,2.3377668857574463,1.9130431413650513,5.325531482696533,2.556000232696533,1.9571774005889893,5.364449501037598,5,0.3214327096939087,1.8706409931182861,0,0,0
blind,71,1,4.3841400146484375,1.9268343448638916,3.743516206741333,4.676351070404053,1.9571774005889893,3.842406988143921,5,0.3214327096939087,1.8706409931182861,0,0,0
blind,71,2,3.7096612453460693,4.0800042152404785,4.750932216644287,3.913168430328369,4.122241020202637,4.832383155822754,5,0.3214327096939087,1.8706409931182861,0,0,0
blind,71,3,1.9371182918548584,4.032157897949219,6.733013153076172,2.386803150177002,4.122241020202637,6.812335014343262,5,0.3214327096939087,1.8706409931182861,0,0,0
blind,71,4,1.2390053272247314,1.8824774026870728,7.7358574867248535,1.6236207485198975,1.9571771621704102,7.802310943603516,5,0.3214327096939087,1.8706409931182861,0,0,0
blind,71,5,2.160989284515381,-0.2491007000207901,6.77200984954834,2.386803388595581,-0.2078862190246582,6.812335014343262,5,0.3214327096939087,1.8706409931182861,0,0,0
blind,71,6,3.5941338539123535,-0.24949829280376434,4.750161170959473,3.91316819190979,-0.2078862190246582,4.832383155822754,5,0.3214327096939087,1.8706409931182861,0,0,0
blind,71,7,2.9608237743377686,3.1348073482513428,3.2342798709869385,3.2838854789733887,3.2071774005889893,3.1918513774871826,5,0.3214327096939087,1.8706409931182861,0,0,0
blind,71,8,1.585248351097107,4.38546895980835,4.853560924530029,1.9620145559310913,4.45717716217041,4.9065399169921875,5,0.3214327096939087,1.8706409931182861,0,0,0
blind,71,9,0.2857583463191986,3.142209529876709,6.569443702697754,0.640143632888794,3.2071776390075684,6.6212286949157715,5,0.3214327096939087,1.8706409931182861,0,0,0
blind,71,10,0.3979117274284363,0.66328364610672,6.5933051109313965,0.640143632888794,0.707176923751831,6.6212286949157715,5,0.3214327096939087,1.8706409931182861,0,0,0
blind,71,11,1.6283552646636963,-0.5699019432067871,4.865249156951904,1.9620146751403809,-0.5428225994110107,4.9065399169921875,5,0.3214327096939087,1.8706409931182861,0,0,0
blind,72,0,2.3737664222717285,1.9196019172668457,5.331875801086426,2.5920002460479736,1.9593623876571655,5.370335102081299,8,0.33752405643463135,1.8722859621047974,0,0,0
blind,72,1,4.398523807525635,1.929057240486145,3.74088191986084,4.705770015716553,1.9593623876571655,3.8391666412353516,8,0.33752405643463135,1.8722859621047974,0,0,0
blind,72,2,3.726473808288574,4.080825328826904,4.746223449707031,3.94686222076416,4.124425888061523,4.832423210144043,8,0.33752405643463135,1.8722859621047974,0,0,0
blind,72,3,1.9626057147979736,4.038825511932373,6.73738956451416,2.429046154022217,4.124425888061523,6.818936347961426,8,0.33752405643463135,1.8722859621047974,0,0,0
blind,72,4,1.2693935632705688,1.8885407447814941,7.743746757507324,1.6701383590698242,1.9593621492385864,7.812192916870117,8,0.33752405643463135,1.8722859621047974,0,0,0
blind,72,5,2.178485870361328,-0.2467045933008194,6.774752616882324,2.429046392440796,-0.20570123195648193,6.818936347961426,8,0.33752405643463135,1.8722859621047974,0,0,0
blind,72,6,3.6119143962860107,-0.2459869384765625,4.7487664222717285,3.946861982345581,-0.20570123195648193,4.832423210144043,8,0.33752405643463135,1.8722859621047974,0,0,0
blind,72,7,2.9594929218292236,3.1581292152404785,3.249992609024048,3.3105132579803467,3.209362506866455,3.1946194171905518,8,0.33752405643463135,1.8722859621047974,0,0,0
blind,72,8,1.6021367311477661,4.38962984085083,4.860437870025635,1.9960461854934692,4.459362506866455,4.914990425109863,8,0.33752405643463135,1.8722859621047974,0,0,0
blind,72,9,0.31072190403938293,3.147854804992676,6.581442356109619,0.6815791130065918,3.209362506866455,6.635361194610596,8,0.33752405643463135,1.8722859621047974,0,0,0
blind,72,10,0.42245256900787354,0.6675202250480652,6.604775905609131,0.6815791130065918,0.7093619108200073,6.635361194610596,8,0.33752405643463135,1.8722859621047974,0,0,0
blind,72,11,1.644974708557129,-0.5664120316505432,4.872514724731445,1.9960463047027588,-0.5406376123428345,4.914990425109863,8,0.33752405643463135,1.8722859621047974,0,0,0
blind,73,0,2.4097659587860107,1.9254486560821533,5.338143348693848,2.628000259399414,1.9608922004699707,5.376138210296631,8,0.3510088324546814,1.8681434392929077,0,0,0
blind,73,1,4.416507720947266,1.9316365718841553,3.738694429397583,4.7356276512146,1.9608922004699707,3.8365259170532227,8,0.3510088324546814,1.8681434392929077,0,0,0
blind,73,2,3.7467212677001953,4.0819172859191895,4.7413458824157715,3.980699300765991,4.125955581665039,4.832810401916504,8,0.3510088324546814,1.8681434392929077,0,0,0
blind,73,3,1.9917774200439453,4.046344757080078,6.74239444732666,2.4708425998687744,4.125955581665039,6.825380325317383,8,0.3510088324546814,1.8681434392929077,0,0,0
blind,73,4,1.295552134513855,1.893209457397461,7.750732421875,1.7159143686294556,1.9608919620513916,7.821664810180664,8,0.3510088324546814,1.8681434392929077,0,0,0
blind,73,5,2.2084808349609375,-0.24208834767341614,6.7796125411987305,2.4708428382873535,-0.20417141914367676,6.825379848480225,8,0.3510088324546814,1.8681434392929077,0,0,0
blind,73,6,3.633314371109009,-0.2420114427804947,4.747812747955322,3.980699300765991,-0.20417141914367676,4.832810878753662,8,0.3510088324546814,1.8681434392929077,0,0,0
blind,73,7,2.9596407413482666,3.1842973232269287,3.262484312057495,3.337803602218628,3.2108922004699707,3.1975655555725098,8,0.3510088324546814,1.8681434392929077,0,0,0
blind,73,8,1.6226037740707397,4.394776344299316,4.868163108825684,2.030229330062866,4.460892200469971,4.923181056976318,8,0.3510088324546814,1.8681434392929077,0,0,0
blind,73,9,0.33916500210762024,3.1540653705596924,6.594320774078369,0.7226552963256836,3.2108922004699707,6.648797035217285,8,0.3510088324546814,1.8681434392929077,0,0,0
blind,73,10,0.4505056142807007,0.6721266508102417,6.617236614227295,0.7226552963256836,0.7108917236328125,6.648797035217285,8,0.3510088324546814,1.8681434392929077,0,0,0
blind,73,11,1.65837824344635,-0.56415855884552,4.879039287567139,2.0302295684814453,-0.5391077995300293,4.923181056976318,8,0.3510088324546814,1.8681434392929077,0,0,0
blind,74,0,2.445765495300293,1.9305931329727173,5.344333648681641,2.6640000343322754,1.9617799520492554,5.381858825683594,9,0.36588454246520996,1.8758455514907837,0,0,0
blind,74,1,4.437466621398926,1.9342087507247925,3.737013339996338,4.765933036804199,1.9617799520492554,3.834481716156006,9,0.36588454246520996,1.8758455514907837,0,0,0
blind,74,2,3.769447088241577,4.083215236663818,4.7368083000183105,4.01468563079834,4.126843452453613,4.833544731140137,9,0.36588454246520996,1.8758455514907837,0,0,0
blind,74,3,2.01635479927063,4.05220365524292,6.746512413024902,2.5121898651123047,4.126843452453613,6.831670761108398,9,0.36588454246520996,1.8758455514907837,0,0,0
blind,74,4,1.3333790302276611,1.9005056619644165,7.759947776794434,1.7609422206878662,1.9617797136306763,7.830733299255371,9,0.36588454246520996,1.8758455514907837,0,0,0
blind,74,5,2.3237860202789307,-0.23746341466903687,6.666946887969971,2.512190103530884,-0.2032836675643921,6.83167028427124,9,0.36588454246520996,1.8758455514907837,0,0,0
blind,74,6,3.574981689453125,-0.2379075139760971,4.86517333984375,4.01468563079834,-0.2032836675643921,4.833544731140137,9,0.36588454246520996,1.8758455514907837,0,0,0
blind,74,7,2.961681842803955,3.2126026153564453,3.2711212635040283,3.3657615184783936,3.211780071258545,3.2006824016571045,9,0.36588454246520996,1.8758455514907837,0,0,0
blind,74,8,1.6459816694259644,4.400638580322266,4.876481056213379,2.0645623207092285,4.461780071258545,4.931110382080078,9,0.36588454246520996,1.8758455514907837,0,0,0
blind,74,9,0.37036198377609253,3.1605398654937744,6.607821464538574,0.7633631229400635,3.211780071258545,6.661538124084473,9,0.36588454246520996,1.8758455514907837,0,0,0
blind,74,10,0.4739048182964325,0.6755590438842773,6.628750801086426,0.7633631229400635,0.7117794752120972,6.661538124084473,9,0.36588454246520996,1.8758455514907837,0,0,0
blind,74,11,1.6828467845916748,-0.5603073835372925,4.888154029846191,2.0645623207092285,-0.5382200479507446,4.93110990524292,9,0.36588454246520996,1.8758455514907837,0,0,0
blind,75,0,2.481765031814575,1.935045838356018,5.35044527053833,2.700000047683716,1.9620388746261597,5.387495517730713,8,0.38844022154808044,1.8228613138198853,0,0,0
blind,75,1,4.460850715637207,1.936527967453003,3.735685348510742,4.796695709228516,1.9620388746261597,3.83302903175354,8,0.38844022154808044,1.8228613138198853,0,0,0
blind,75,2,3.787658214569092,4.08388090133667,4.732117176055908,4.048826217651367,4.127102375030518,4.834623336791992,8,0.38844022154808044,1.8228613138198853,0,0,0
blind,75,3,2.052105188369751,4.060863971710205,6.752600193023682,2.553086757659912,4.127102375030518,6.837811470031738,8,0.38844022154808044,1.8228613138198853,0,0,0
blind,75,4,1.3731495141983032,1.9078086614608765,7.769410610198975,1.8052172660827637,1.9620386362075806,7.8394060134887695,8,0.38844022154808044,1.8228613138198853,0,0,0
blind,75,5,2.421381950378418,-0.23676565289497375,6.545027256011963,2.553086996078491,-0.2030247449874878,6.837811470031738,8,0.38844022154808044,1.8228613138198853,0,0,0
blind,75,6,3.5203094482421875,-0.23135188221931458,4.996732711791992,4.048826217651367,-0.2030247449874878,4.834623336791992,8,0.38844022154808044,1.8228613138198853,0,0,0
blind,75,7,2.965975284576416,3.242307186126709,3.2754006385803223,3.3943915367126465,3.212038993835449,3.2039616107940674,8,0.38844022154808044,1.8228613138198853,0,0,0
blind,75,8,1.6717312335968018,4.407007217407227,4.885170936584473,2.099043369293213,4.462038993835449,4.9387736320495605,8,0.38844022154808044,1.8228613138198853,0,0,0
blind,75,9,0.39638423919677734,3.165499210357666,6.619822978973389,0.8036953210830688,3.212038993835449,6.673585891723633,8,0.38844022154808044,1.8228613138198853,0,0,0
blind,75,10,0.5077925324440002,0.6803256273269653,6.643789768218994,0.8036953210830688,0.7120383977890015,6.673585891723633,8,0.38844022154808044,1.8228613138198853,0,0,0
blind,75,11,1.7098510265350342,-0.5571343898773193,4.897632122039795,2.099043369293213,-0.5379611253738403,4.9387736320495605,8,0.38844022154808044,1.8228613138198853,0,0,0
blind,76,0,2.5177648067474365,1.9388176202774048,5.356477737426758,2.7360000610351562,1.9616830348968506,5.393047332763672,9,0.41428110003471375,1.6211637258529663,0,0,0
blind,76,1,4.479353904724121,1.9376938343048096,3.733680009841919,4.827923774719238,1.9616830348968506,3.8321645259857178,9,0.41428110003471375,1.6211637258529663,0,0,0
blind,76,2,3.8157222270965576,4.085326194763184,4.72721004486084,4.083126068115234,4.126746654510498,4.836045265197754,9,0.41428110003471375,1.6211637258529663,0,0,0
blind,76,3,2.088994264602661,4.069389820098877,6.758843898773193,2.5935306549072266,4.12674617767334,6.843806743621826,9,0.41428110003471375,1.6211637258529663,0,0,0
blind,76,4,1.414348840713501,1.9149377346038818,7.7789998054504395,1.8487330675125122,1.9616827964782715,7.847687721252441,9,0.41428110003471375,1.6211637258529663,0,0,0
blind,76,5,2.5016767978668213,-0.23714317381381989,6.435100555419922,2.5935308933258057,-0.20338058471679688,6.843806266784668,9,0.41428110003471375,1.6211637258529663,0,0,0
blind,76,6,3.4503908157348633,-0.2304631769657135,5.120540142059326,4.083126068115234,-0.20338058471679688,4.836045265197754,9,0.41428110003471375,1.6211637258529663,0,0,0
blind,76,7,2.973690986633301,3.272418737411499,3.274515151977539,3.423699140548706,3.2116830348968506,3.2073965072631836,9,0.41428110003471375,1.6211637258529663,0,0,0
blind,76,8,1.692531943321228,4.412038803100586,4.892475128173828,2.133671522140503,4.46168327331543,4.946168899536133,9,0.41428110003471375,1.6211637258529663,0,0,0
blind,76,9,0.43248939514160156,3.1721529960632324,6.6342267990112305,0.8436441421508789,3.2116832733154297,6.684940814971924,9,0.41428110003471375,1.6211637258529663,0,0,0
blind,76,10,0.5426032543182373,0.6846473217010498,6.66010856628418,0.8436441421508789,0.7116825580596924,6.684940814971924,9,0.41428110003471375,1.6211637258529663,0,0,0
blind,76,11,1.7389302253723145,-0.5548503398895264,4.9072442054748535,2.133671760559082,-0.5383169651031494,4.946168899536133,9,0.41428110003471375,1.6211637258529663,0,0,0
blind,77,0,2.553764581680298,1.9419199228286743,5.362430095672607,2.7720000743865967,1.9607261419296265,5.398514270782471,8,0.4371708333492279,1.3848694562911987,0,0,0
blind,77,1,4.507274627685547,1.9393346309661865,3.7329559326171875,4.859623908996582,1.9607261419296265,3.83188533782959,8,0.4371708333492279,1.3848694562911987,0,0,0
blind,77,2,3.844841241836548,4.086705684661865,4.721831321716309,4.117589473724365,4.125789642333984,4.837810039520264,8,0.4371708333492279,1.3848694562911987,0,0,0
blind,77,3,2.12716007232666,4.077694892883301,6.765254974365234,2.6335203647613525,4.125789642333984,6.8496599197387695,8,0.4371708333492279,1.3848694562911987,0,0,0
blind,77,4,1.4565398693084717,1.9217272996902466,7.788633823394775,1.8914861679077148,1.9607259035110474,7.855584621429443,8,0.4371708333492279,1.3848694562911987,0,0,0
blind,77,5,2.5708982944488525,-0.23705697059631348,6.343772888183594,2.6335206031799316,-0.204337477684021,6.8496599197387695,8,0.4371708333492279,1.3848694562911987,0,0,0
blind,77,6,3.381662368774414,-0.23282445967197418,5.221049785614014,4.117588996887207,-0.204337477684021,4.837810516357422,8,0.4371708333492279,1.3848694562911987,0,0,0
blind,77,7,2.9805567264556885,3.2982048988342285,3.2699787616729736,3.453686475753784,3.210726261138916,3.2109806537628174,8,0.4371708333492279,1.3848694562911987,0,0,0
blind,77,8,1.7230194807052612,4.419252872467041,4.901836395263672,2.168445110321045,4.460726261138916,4.953293800354004,8,0.4371708333492279,1.3848694562911987,0,0,0
blind,77,9,0.46972155570983887,3.1784369945526123,6.648678302764893,0.8832037448883057,3.210726261138916,6.695606231689453,8,0.4371708333492279,1.3848694562911987,0,0,0
blind,77,10,0.5776782631874084,0.6886799335479736,6.675610542297363,0.8832037448883057,0.7107256650924683,6.695606231689453,8,0.4371708333492279,1.3848694562911987,0,0,0
blind,77,11,1.7696855068206787,-0.5535637140274048,4.916784763336182,2.168445110321045,-0.5392738580703735,4.953293800354004,8,0.4371708333492279,1.3848694562911987,0,0,0
blind,78,0,2.589764356613159,1.9443644285202026,5.3683013916015625,2.808000087738037,1.9591830968856812,5.403894424438477,8,0.4565979838371277,1.1874268054962158,0,0,0
blind,78,1,4.536401271820068,1.9402810335159302,3.7322371006011963,4.891802787780762,1.9591830968856812,3.832186460494995,8,0.4565979838371277,1.1874268054962158,0,0,0
blind,78,2,3.874378204345703,4.088776588439941,4.718565940856934,4.152219772338867,4.124246597290039,4.8399152755737305,8,0.4565979838371277,1.1874268054962158,0,0,0
blind,78,3,2.166266441345215,4.085638523101807,6.771773815155029,2.6730546951293945,4.124246597290039,6.855372905731201,8,0.4565979838371277,1.1874268054962158,0,0,0
blind,78,4,1.4993884563446045,1.9280576705932617,7.798247814178467,1.933471918106079,1.959182858467102,7.863101959228516,8,0.4565979838371277,1.1874268054962158,0,0,0
blind,78,5,2.63149356842041,-0.23672619462013245,6.268257141113281,2.6730549335479736,-0.2058805227279663,6.855372428894043,8,0.4565979838371277,1.1874268054962158,0,0,0
blind,78,6,3.3204832077026367,-0.2360115796327591,5.30116081237793,4.152219772338867,-0.2058805227279663,4.8399152755737305,8,0.4565979838371277,1.1874268054962158,0,0,0
blind,78,7,2.997410774230957,3.3265671730041504,3.2585995197296143,3.4843575954437256,3.2091832160949707,3.214707374572754,8,0.4565979838371277,1.1874268054962158,0,0,0
blind,78,8,1.7543052434921265,4.426424980163574,4.91079568862915,2.2033627033233643,4.459183216094971,4.960144996643066,8,0.4565979838371277,1.1874268054962158,0,0,0
blind,78,9,0.5077564716339111,3.1842377185821533,6.663094520568848,0.922368049621582,3.2091832160949707,6.705582618713379,8,0.4565979838371277,1.1874268054962158,0,0,0
blind,78,10,0.6131106615066528,0.6924052238464355,6.690288543701172,0.922368049621582,0.709182620048523,6.705582618713379,8,0.4565979838371277,1.1874268054962158,0,0,0
blind,78,11,1.801771879196167,-0.5532872080802917,4.926084995269775,2.2033627033233643,-0.5408169031143188,4.960144996643066,8,0.4565979838371277,1.1874268054962158,0,0,0
blind,79,0,2.6257641315460205,1.946163296699524,5.374091148376465,2.8439998626708984,1.9570685625076294,5.409188270568848,8,0.4723535478115082,1.0307581424713135,1,0,0
blind,79,1,4.566461563110352,1.9405566453933716,3.7312023639678955,4.924466133117676,1.9570685625076294,3.833065986633301,8,0.4723535478115082,1.0307581424713135,1,0,0
blind,79,2,3.9045023918151855,4.09156608581543,4.717587471008301,4.187021255493164,4.122132301330566,4.842360496520996,8,0.4723535478115082,1.0307581424713135,1,0,0
blind,79,3,2.2060394287109375,4.093109607696533,6.778353691101074,2.712131977081299,4.122131824493408,6.860949516296387,8,0.4723535478115082,1.0307581424713135,1,0,0
blind,79,4,1.5415815114974976,1.9339865446090698,7.807323455810547,1.9746873378753662,1.9570683240890503,7.870244026184082,8,0.4723535478115082,1.0307581424713135,1,0,0
blind,79,5,2.6803619861602783,-0.23685358464717865,6.2062458992004395,2.712132215499878,-0.20799505710601807,6.860949516296387,8,0.4723535478115082,1.0307581424713135,1,0,0
blind,79,6,3.2762486934661865,-0.23778849840164185,5.36518669128418,4.187021255493164,-0.20799505710601807,4.842360496520996,8,0.4723535478115082,1.0307581424713135,1,0,0
blind,79,7,3.0214667320251465,3.350940465927124,3.241621732711792,3.515714645385742,3.20706844329834,3.2185721397399902,8,0.4723535478115082,1.0307581424713135,1,0,0
blind,79,8,1.7866160869598389,4.433506011962891,4.919524192810059,2.2384231090545654,4.45706844329834,4.966721534729004,8,0.4723535478115082,1.0307581424713135,1,0,0
blind,79,9,0.5456785559654236,3.189608573913574,6.676182746887207,0.9611316919326782,3.207068681716919,6.714870929718018,8,0.4723535478115082,1.0307581424713135,1,0,0
blind,79,10,0.6488257646560669,0.6959151029586792,6.703517436981201,0.9611316919326782,0.7070680856704712,6.714870929718018,8,0.4723535478115082,1.0307581424713135,1,0,0
blind,79,11,1.8348639011383057,-0.5539403557777405,4.93505859375,2.2384231090545654,-0.5429314374923706,4.966721534729004,8,0.4723535478115082,1.0307581424713135,1,0,0
blind,80,0,2.661763906478882,1.9473291635513306,5.37979793548584,2.880000114440918,1.9543970823287964,5.414393901824951,8,0.48690471053123474,0.8870744705200195,1,0,0
blind,80,1,4.5963945388793945,1.9407548904418945,3.731483221054077,4.957618713378906,1.9543970823287964,3.834520101547241,8,0.48690471053123474,0.8870744705200195,1,0,0
blind,80,2,3.935255765914917,4.09506893157959,4.71899938583374,4.221996307373047,4.119460582733154,4.845143795013428,8,0.48690471053123474,0.8870744705200195,1,0,0
blind,80,3,2.246255397796631,4.100020885467529,6.784958362579346,2.7507519721984863,4.119460582733154,6.866391181945801,8,0.48690471053123474,0.8870744705200195,1,0,0
blind,80,4,1.5766078233718872,1.9385706186294556,7.814769268035889,2.015130043029785,1.9543968439102173,7.87701416015625,8,0.48690471053123474,0.8870744705200195,1,0,0
blind,80,5,2.7383275032043457,-0.2360234260559082,6.14551305770874,2.7507522106170654,-0.21066653728485107,6.866390705108643,8,0.48690471053123474,0.8870744705200195,1,0,0
blind,80,6,3.244518756866455,-0.23848263919353485,5.4170451164245605,4.221996307373047,-0.21066653728485107,4.845143795013428,8,0.48690471053123474,0.8870744705200195,1,0,0
blind,80,7,3.05283522605896,3.3692400455474854,3.2199573516845703,3.5477609634399414,3.204397201538086,3.222569227218628,8,0.48690471053123474,0.8870744705200195,1,0,0
blind,80,8,1.81978178024292,4.440385818481445,4.927942276000977,2.2736258506774902,4.454397201538086,4.973020553588867,8,0.48690471053123474,0.8870744705200195,1,0,0
blind,80,9,0.5836294889450073,3.194535493850708,6.688047409057617,0.9994909763336182,3.204397201538086,6.723471641540527,8,0.48690471053123474,0.8870744705200195,1,0,0
blind,80,10,0.6852124333381653,0.6991426348686218,6.715550422668457,0.9994909763336182,0.7043966054916382,6.723471641540527,8,0.48690471053123474,0.8870744705200195,1,0,0
blind,80,11,1.8619389533996582,-0.5553903579711914,4.941956520080566,2.2736258506774902,-0.5456029176712036,4.973020553588867,8,0.48690471053123474,0.8870744705200195,1,0,0
blind,81,0,2.697763681411743,1.9478750228881836,5.385421276092529,2.9160001277923584,1.9511842727661133,5.419511318206787,9,0.4989318251609802,0.7646790146827698,1,0,1
blind,81,1,4.626418113708496,1.940908670425415,3.7330026626586914,4.991264343261719,1.9511842727661133,3.8365464210510254,9,0.4989318251609802,0.7646790146827698,1,0,1
blind,81,2,3.966341257095337,4.099344730377197,4.723346710205078,4.257147312164307,4.11624813079834,4.848263740539551,9,0.4989318251609802,0.7646790146827698,1,0,1
blind,81,3,2.2793545722961426,4.105289459228516,6.790341377258301,2.7889137268066406,4.116247653961182,6.871699333190918,9,0.4989318251609802,0.7646790146827698,1,0,1
blind,81,4,1.6188640594482422,1.9438776969909668,7.82311487197876,2.0547971725463867,1.9511840343475342,7.883416652679443,9,0.4989318251609802,0.7646790146827698,1,0,1
blind,81,5,2.7947919368743896,-0.23492686450481415,6.092380046844482,2.7889139652252197,-0.21387934684753418,6.87169885635376,9,0.4989318251609802,0.7646790146827698,1,0,1
blind,81,6,3.224423408508301,-0.23815636336803436,5.459813594818115,4.257147312164307,-0.21387934684753418,4.848263740539551,9,0.4989318251609802,0.7646790146827698,1,0,1
blind,81,7,3.0908443927764893,3.3793702125549316,3.195314407348633,3.5804970264434814,3.2011842727661133,3.2266950607299805,9,0.4989318251609802,0.7646790146827698,1,0,1
blind,81,8,1.8528189659118652,4.446898937225342,4.93534517288208,2.308969497680664,4.451184272766113,4.97904109954834,9,0.4989318251609802,0.7646790146827698,1,0,1
blind,81,9,0.6216959953308105,3.1989998817443848,6.698733806610107,1.0374419689178467,3.2011842727661133,6.731387138366699,9,0.4989318251609802,0.7646790146827698,1,0,1
blind,81,10,0.715436577796936,0.7015835642814636,6.7249345779418945,1.0374419689178467,0.7011837959289551,6.731387138366699,9,0.4989318251609802,0.7646790146827698,1,0,1
blind,81,11,1.8959437608718872,-0.5562777519226074,4.948787212371826,2.308969497680664,-0.5488157272338867,4.97904109954834,9,0.4989318251609802,0.7646790146827698,1,0,1
blind,82,0,2.7337634563446045,1.9478142261505127,5.390960216522217,2.952000141143799,1.9474455118179321,5.424539566040039,8,0.508573055267334,0.6611309051513672,1,0,1
blind,82,1,4.656683444976807,1.9410595893859863,3.7357101440429688,5.025406837463379,1.9474455118179321,3.839142084121704,8,0.508573055267334,0.6611309051513672,1,0,1
blind,82,2,3.991630792617798,4.103407382965088,4.728789806365967,4.292476654052734,4.112509250640869,4.851719856262207,8,0.508573055267334,0.6611309051513672,1,0,1
blind,82,3,2.319334030151367,4.111245632171631,6.796907901763916,2.8266167640686035,4.112508773803711,6.876875400543213,8,0.508573055267334,0.6611309051513672,1,0,1
blind,82,4,1.6606769561767578,1.9486695528030396,7.831013202667236,2.093686819076538,1.947445273399353,7.889452934265137,8,0.508573055267334,0.6611309051513672,1,0,1
blind,82,5,2.845895290374756,-0.23363415896892548,6.052114486694336,2.8266167640686035,-0.21761810779571533,6.876874923706055,8,0.508573055267334,0.6611309051513672,1,0,1
blind,82,6,3.2114224433898926,-0.23703454434871674,5.5012311935424805,4.292476654052734,-0.21761810779571533,4.851719856262207,8,0.508573055267334,0.6611309051513672,1,0,1
blind,82,7,3.133833646774292,3.3801486492156982,3.1701645851135254,3.6139254570007324,3.1974453926086426,3.230945587158203,8,0.508573055267334,0.6611309051513672,1,0,1
blind,82,8,1.8859496116638184,4.452984809875488,4.94187068939209,2.3444533348083496,4.447445392608643,4.984781742095947,8,0.508573055267334,0.6611309051513672,1,0,1
blind,82,9,0.653150737285614,3.2023541927337646,6.707113742828369,1.074981689453125,3.1974456310272217,6.738617420196533,8,0.508573055267334,0.6611309051513672,1,0,1
blind,82,10,0.7544018030166626,0.7043781280517578,6.73399019241333,1.074981689453125,0.6974450349807739,6.738617420196533,8,0.508573055267334,0.6611309051513672,1,0,1
blind,82,11,1.9301104545593262,-0.5573362112045288,4.954574108123779,2.3444535732269287,-0.5525544881820679,4.984781742095947,8,0.508573055267334,0.6611309051513672,1,0,1
blind,83,0,2.769763469696045,1.9471603631973267,5.396414279937744,2.9880001544952393,1.9431965351104736,5.429477691650391,9,0.516127347946167,0.5740686058998108,1,0,1
blind,83,1,4.681127548217773,1.9409559965133667,3.738485336303711,5.0600481033325195,1.9431965351104736,3.8423047065734863,9,0.516127347946167,0.5740686058998108,1,0,1
blind,83,2,4.024759769439697,4.109260082244873,4.739467144012451,4.327985763549805,4.108260154724121,4.855510234832764,9,0.516127347946167,0.5740686058998108,1,0,1
blind,83,3,2.358335018157959,4.116575241088867,6.8033223152160645,2.863860845565796,4.108260154724121,6.881920337677002,9,0.516127347946167,0.5740686058998108,1,0,1
blind,83,4,1.7020846605300903,1.952927589416504,7.838471412658691,2.131798505783081,1.9431962966918945,7.895125389099121,9,0.516127347946167,0.5740686058998108,1,0,1
blind,83,5,2.8925509452819824,-0.23209638893604279,6.0242109298706055,2.863861083984375,-0.22186708450317383,6.881919860839844,9,0.516127347946167,0.5740686058998108,1,0,1
blind,83,6,3.2039341926574707,-0.23556333780288696,5.541942119598389,4.327985763549805,-0.22186708450317383,4.855510234832764,9,0.516127347946167,0.5740686058998108,1,0,1
blind,83,7,3.1795573234558105,3.3718855381011963,3.147495746612549,3.6480462551116943,3.1931965351104736,3.2353177070617676,9,0.516127347946167,0.5740686058998108,1,0,1
blind,83,8,1.9130516052246094,4.457708358764648,4.9467058181762695,2.3800768852233887,4.4431962966918945,4.990240573883057,9,0.516127347946167,0.5740686058998108,1,0,1
blind,83,9,0.6924715638160706,3.206037759780884,6.715680122375488,1.1121079921722412,3.1931967735290527,6.7451629638671875,9,0.516127347946167,0.5740686058998108,1,0,1
blind,83,10,0.7937251329421997,0.7067786455154419,6.740847587585449,1.1121079921722412,0.6931960582733154,6.7451629638671875,9,0.516127347946167,0.5740686058998108,1,0,1
blind,83,11,1.9645123481750488,-0.5584537386894226,4.959386825561523,2.3800771236419678,-0.5568034648895264,4.990240097045898,9,0.516127347946167,0.5740686058998108,1,0,1
blind,84,0,2.8057634830474854,1.945927381515503,5.401782512664795,3.0240001678466797,1.9384530782699585,5.434325218200684,8,0.5213717222213745,0.5029821991920471,1,0,1
blind,84,1,4.712973594665527,1.9413790702819824,3.743760108947754,5.095190048217773,1.9384530782699585,3.8460326194763184,8,0.5213717222213745,0.5029821991920471,1,0,1
blind,84,2,4.057500839233398,4.11558198928833,4.7535600662231445,4.363675117492676,4.103516578674316,4.859633445739746,8,0.5213717222213745,0.5029821991920471,1,0,1
blind,84,3,2.3970017433166504,4.121276378631592,6.809672832489014,2.9006459712982178,4.103516578674316,6.886834621429443,8,0.5213717222213745,0.5029821991920471,1,0,1
blind,84,4,1.7430989742279053,1.9566377401351929,7.8454813957214355,2.1691315174102783,1.9384528398513794,7.900435447692871,8,0.5213717222213745,0.5029821991920471,1,0,1
blind,84,5,2.9369418621063232,-0.2302459180355072,6.006901741027832,2.900646209716797,-0.22661054134368896,6.886834621429443,8,0.5213717222213745,0.5029821991920471,1,0,1
blind,84,6,3.2039682865142822,-0.23370496928691864,5.580667018890381,4.363675117492676,-0.22661054134368896,4.859633445739746,8,0.5213717222213745,0.5029821991920471,1,0,1
blind,84,7,3.2191433906555176,3.359325647354126,3.128903865814209,3.6828598976135254,3.188453197479248,3.2398085594177246,8,0.5213717222213745,0.5029821991920471,1,0,1
blind,84,8,1.9478803873062134,4.4629902839660645,4.952031135559082,2.415839672088623,4.438453197479248,4.995416641235352,8,0.5213717222213745,0.5029821991920471,1,0,1
blind,84,9,0.7318323850631714,3.2091596126556396,6.722935676574707,1.1488194465637207,3.188453197479248,6.75102424621582,8,0.5213717222213745,0.5029821991920471,1,0,1
blind,84,10,0.8332509994506836,0.7086968421936035,6.745516300201416,1.1488194465637207,0.6884526014328003,6.75102424621582,8,0.5213717222213745,0.5029821991920471,1,0,1
blind,84,11,1.9991925954818726,-0.5595182776451111,4.963278770446777,2.415839672088623,-0.5615469217300415,4.995416641235352,8,0.5213717222213745,0.5029821991920471,1,0,1
blind,85,0,2.841763496398926,1.9441295862197876,5.407063961029053,3.06000018119812,1.9332313537597656,5.439081192016602,8,0.5246299505233765,0.4472402334213257,1,0,1
blind,85,1,4.745126247406006,1.9418995380401611,3.7503416538238525,5.130832672119141,1.9332313537597656,3.85032320022583,8,0.5246299505233765,0.4472402334213257,1,0,1
blind,85,2,4.08952522277832,4.12204122543335,4.770606994628906,4.399546146392822,4.098295211791992,4.86408805847168,8,0.5246299505233765,0.4472402334213257,1,0,1
blind,85,3,2.4353790283203125,4.125332355499268,6.81596565246582,2.9369723796844482,4.098294734954834,6.891618728637695,8,0.5246299505233765,0.4472402334213257,1,0,1
blind,85,4,1.7837145328521729,1.9597898721694946,7.852022647857666,2.205685615539551,1.9332311153411865,7.905383586883545,8,0.5246299505233765,0.4472402334213257,1,0,1
blind,85,5,2.9812111854553223,-0.22813890874385834,5.99843168258667,2.9369726181030273,-0.23183226585388184,6.891618251800537,8,0.5246299505233765,0.4472402334213257,1,0,1
blind,85,6,3.2083146572113037,-0.23183482885360718,5.613160133361816,4.399545669555664,-0.23183226585388184,4.86408805847168,8,0.5246299505233765,0.4472402334213257,1,0,1
blind,85,7,3.2663280963897705,3.3378329277038574,3.1143996715545654,3.718367099761963,3.1832313537597656,3.2444164752960205,8,0.5246299505233765,0.4472402334213257,1,0,1
blind,85,8,1.9825787544250488,4.4675750732421875,4.956531047821045,2.4517409801483154,4.433231353759766,5.000308990478516,8,0.5246299505233765,0.4472402334213257,1,0,1
blind,85,9,0.771221399307251,3.211712598800659,6.728784084320068,1.1851152181625366,3.1832313537597656,6.75620174407959,8,0.5246299505233765,0.4472402334213257,1,0,1
blind,85,10,0.8728439807891846,0.7100661396980286,6.747978210449219,1.1851152181625366,0.6832308769226074,6.75620174407959,8,0.5246299505233765,0.4472402334213257,1,0,1
blind,85,11,2.034170627593994,-0.5604193806648254,4.966294288635254,2.4517412185668945,-0.5667686462402344,5.000308990478516,8,0.5246299505233765,0.4472402334213257,1,0,1
blind,86,0,2.877763271331787,1.9417815208435059,5.412258148193359,3.0959999561309814,1.9275472164154053,5.4437456130981445,8,0.5262340903282166,0.40968483686447144,1,0,1
blind,86,1,4.777581214904785,1.9425928592681885,3.758354902267456,5.1669769287109375,1.9275472164154053,3.8551759719848633,8,0.5262340903282166,0.40968483686447144,1,0,1
blind,86,2,4.120619773864746,4.128294467926025,4.790044784545898,4.435598373413086,4.092610836029053,4.868874549865723,8,0.5262340903282166,0.40968483686447144,1,0,1
blind,86,3,2.4735076427459717,4.128731727600098,6.822206974029541,2.9728400707244873,4.0926103591918945,6.896271705627441,8,0.5262340903282166,0.40968483686447144,1,0,1
blind,86,4,1.8238636255264282,1.9623273611068726,7.858103275299072,2.2414610385894775,1.9275469779968262,7.909970283508301,8,0.5262340903282166,0.40968483686447144,1,0,1
blind,86,5,3.016476631164551,-0.22630196809768677,5.994142532348633,2.9728403091430664,-0.2375164031982422,6.896271228790283,8,0.5262340903282166,0.40968483686447144,1,0,1
blind,86,6,3.2338016033172607,-0.22849327325820923,5.646857738494873,4.435597896575928,-0.2375164031982422,4.868874549865723,8,0.5262340903282166,0.40968483686447144,1,0,1
blind,86,7,3.3123586177825928,3.312290906906128,3.1054458618164062,3.754566192626953,3.1775472164154053,3.249140739440918,8,0.5262340903282166,0.40968483686447144,1,0,1
blind,86,8,2.017638683319092,4.471445560455322,4.960361480712891,2.487780809402466,4.427547454833984,5.004918098449707,8,0.5262340903282166,0.40968483686447144,1,0,1
blind,86,9,0.8105254173278809,3.213646650314331,6.733282089233398,1.220995306968689,3.1775474548339844,6.760695457458496,8,0.5262340903282166,0.40968483686447144,1,0,1
blind,86,10,0.9120233058929443,0.7108333706855774,6.748294353485107,1.220995306968689,0.6775467395782471,6.760695457458496,8,0.5262340903282166,0.40968483686447144,1,0,1
blind,86,11,2.069446086883545,-0.5610532760620117,4.968472957611084,2.487780809402466,-0.5724527835845947,5.004918098449707,8,0.5262340903282166,0.40968483686447144,1,0,1
blind,87,0,2.9137632846832275,1.9388978481292725,5.417364120483398,3.131999969482422,1.921416997909546,5.448317050933838,5,0.5085315108299255,0.4048115313053131,1,0,1
blind,87,1,4.829150676727295,1.9439363479614258,3.7736313343048096,5.203621864318848,1.921416997909546,3.860588550567627,5,0.5085315108299255,0.4048115313053131,1,0,1
blind,87,2,4.167372703552246,4.134548187255859,4.820322513580322,4.471831321716309,4.086480617523193,4.873990058898926,5,0.5085315108299255,0.4048115313053131,1,0,1
blind,87,3,2.5319151878356934,4.131829261779785,6.831679344177246,3.0082502365112305,4.086480140686035,6.900793075561523,5,0.5085315108299255,0.4048115313053131,1,0,1
blind,87,4,1.8773077726364136,1.9641010761260986,7.865518569946289,2.2764594554901123,1.9214167594909668,7.914194583892822,5,0.5085315108299255,0.4048115313053131,1,0,1
blind,87,5,3.086897134780884,-0.22315485775470734,6.01938009262085,3.0082502365112305,-0.24364662170410156,6.900792598724365,5,0.5085315108299255,0.4048115313053131,1,0,1
blind,87,6,3.3033924102783203,-0.2231265753507614,5.677324295043945,4.471831321716309,-0.24364662170410156,4.873990058898926,5,0.5085315108299255,0.4048115313053131,1,0,1
blind,87,7,3.3768470287323,3.274195909500122,3.109107255935669,3.7914576530456543,3.171416997909546,3.2539799213409424,5,0.5085315108299255,0.4048115313053131,1,0,1
blind,87,8,2.0732479095458984,4.474869728088379,4.965268135070801,2.523959159851074,4.421417236328125,5.009242534637451,5,0.5085315108299255,0.4048115313053131,1,0,1
blind,87,9,0.870366096496582,3.2144052982330322,6.737509250640869,1.2564606666564941,3.171417236328125,6.764505386352539,5,0.5085315108299255,0.4048115313053131,1,0,1
blind,87,10,0.9719229936599731,0.7094907164573669,6.745169639587402,1.2564606666564941,0.6714165210723877,6.764505386352539,5,0.5085315108299255,0.4048115313053131,1,0,1
blind,87,11,2.11814546585083,-0.5610504150390625,4.970539569854736,2.523959159851074,-0.5785830020904541,5.009242534637451,5,0.5085315108299255,0.4048115313053131,1,0,1
blind,88,0,2.949763298034668,1.9354935884475708,5.4223809242248535,3.1680002212524414,1.9148567914962769,5.452795028686523,6,0.49018558859825134,0.4423927366733551,1,0,1
blind,88,1,4.876913547515869,1.9453164339065552,3.7896971702575684,5.240766525268555,1.9148567914962769,3.8665599822998047,6,0.49018558859825134,0.4423927366733551,1,0,1
blind,88,2,4.211041450500488,4.137640953063965,4.848781585693359,4.508245468139648,4.079920291900635,4.879434108734131,6,0.49018558859825134,0.4423927366733551,1,0,1
blind,88,3,2.57936954498291,4.133530139923096,6.839362621307373,3.043203592300415,4.079920291900635,6.905181407928467,6,0.49018558859825134,0.4423927366733551,1,0,1
blind,88,4,1.934669017791748,1.9641573429107666,7.8727946281433105,2.310682773590088,1.9148565530776978,7.918055057525635,6,0.49018558859825134,0.4423927366733551,1,0,1
blind,88,5,3.1510469913482666,-0.22055505216121674,6.067926406860352,3.043203830718994,-0.2502068281173706,6.905180931091309,6,0.49018558859825134,0.4423927366733551,1,0,1
blind,88,6,3.3907716274261475,-0.21847273409366608,5.6961212158203125,4.508245468139648,-0.2502068281173706,4.879434108734131,6,0.49018558859825134,0.4423927366733551,1,0,1
blind,88,7,3.4364655017852783,3.238799810409546,3.1218461990356445,3.8290393352508545,3.1648569107055664,3.2589337825775146,6,0.49018558859825134,0.4423927366733551,1,0,1
blind,88,8,2.125521659851074,4.476273059844971,4.968907356262207,2.5602760314941406,4.414856910705566,5.013282775878906,6,0.49018558859825134,0.4423927366733551,1,0,1
blind,88,9,0.9261393547058105,3.2135848999023438,6.739541053771973,1.2915127277374268,3.1648569107055664,6.7676310539245605,6,0.49018558859825134,0.4423927366733551,1,0,1
blind,88,10,1.020500659942627,0.7070279121398926,6.740470886230469,1.2915127277374268,0.6648563146591187,6.7676310539245605,6,0.49018558859825134,0.4423927366733551,1,0,1
blind,88,11,2.171298027038574,-0.5606811046600342,4.972015857696533,2.5602760314941406,-0.5851432085037231,5.013282299041748,6,0.49018558859825134,0.4423927366733551,1,0,1
blind,89,0,2.9857633113861084,1.9315840005874634,5.427308559417725,3.204000234603882,1.9078832864761353,5.457179069519043,5,0.4727550745010376,0.5048123598098755,1,0,1
blind,89,1,4.921980857849121,1.9464741945266724,3.8061604499816895,5.278407096862793,1.9078832864761353,3.8730900287628174,5,0.4727550745010376,0.5048123598098755,1,0,1
blind,89,2,4.246697425842285,4.138707160949707,4.872372150421143,4.544837951660156,4.072947025299072,4.885205268859863,5,0.4727550745010376,0.5048123598098755,1,0,1
blind,89,3,2.6316428184509277,4.133826732635498,6.847723960876465,3.077700614929199,4.072946548461914,6.909435272216797,5,0.4727550745010376,0.5048123598098755,1,0,1
blind,89,4,1.9880372285842896,1.9626719951629639,7.879025936126709,2.3441319465637207,1.9078830480575562,7.921550750732422,5,0.4727550745010376,0.5048123598098755,1,0,1
blind,89,5,3.204979181289673,-0.21882906556129456,6.123538017272949,3.077700614929199,-0.2571803331375122,6.909435272216797,5,0.4727550745010376,0.5048123598098755,1,0,1
blind,89,6,3.481306552886963,-0.21556755900382996,5.701083183288574,4.544837951660156,-0.2571803331375122,4.885205268859863,5,0.4727550745010376,0.5048123598098755,1,0,1
blind,89,7,3.4918601512908936,3.208110809326172,3.140977621078491,3.8673095703125,3.1578831672668457,3.264003038406372,5,0.4727550745010376,0.5048123598098755,1,0,1
blind,89,8,2.174701690673828,4.475990295410156,4.971710205078125,2.596731185913086,4.407883167266846,5.017037868499756,5,0.4727550745010376,0.5048123598098755,1,0,1
blind,89,9,0.9714371562004089,3.2121105194091797,6.739869594573975,1.3261529207229614,3.157883405685425,6.7700724601745605,5,0.4727550745010376,0.5048123598098755,1,0,1
blind,89,10,1.0741783380508423,0.7018499374389648,6.734043598175049,1.3261529207229614,0.657882809638977,6.7700724601745605,5,0.4727550745010376,0.5048123598098755,1,0,1
blind,89,11,2.2213335037231445,-0.5600574016571045,4.972891330718994,2.596731185913086,-0.5921167135238647,5.017037868499756,5,0.4727550745010376,0.5048123598098755,1,0,1
blind,90,0,3.021763324737549,1.9271843433380127,5.432145595550537,3.2400002479553223,1.9005126953125,5.461468696594238,6,0.4574424922466278,0.5718265175819397,1,0,1
blind,90,1,4.958686351776123,1.9474284648895264,3.8208258152008057,5.316540718078613,1.9005126953125,3.8801779747009277,6,0.4574424922466278,0.5718265175819397,1,0,1
blind,90,2,4.289461135864258,4.135964870452881,4.896061420440674,4.581607818603516,4.065576553344727,4.891303062438965,6,0.4574424922466278,0.5718265175819397,1,0,1
blind,90,3,2.680807590484619,4.132875442504883,6.855513572692871,3.1117427349090576,4.065576076507568,6.913553714752197,6,0.4574424922466278,0.5718265175819397,1,0,1
blind,90,4,2.037973642349243,1.9598108530044556,7.8844075202941895,2.376810312271118,1.900512456893921,7.924678802490234,6,0.4574424922466278,0.5718265175819397,1,0,1
blind,90,5,3.2514941692352295,-0.21831972897052765,6.175904273986816,3.1117429733276367,-0.26455092430114746,6.913553237915039,6,0.4574424922466278,0.5718265175819397,1,0,1
blind,90,6,3.5648281574249268,-0.21433109045028687,5.697582721710205,4.581607818603516,-0.26455092430114746,4.891303062438965,6,0.4574424922466278,0.5718265175819397,1,0,1
blind,90,7,3.5446949005126953,3.1822056770324707,3.1640682220458984,3.9062657356262207,3.1505126953125,3.2691891193389893,6,0.4574424922466278,0.5718265175819397,1,0,1
blind,90,8,2.2149085998535156,4.474832057952881,4.973407745361328,2.6333250999450684,4.4005126953125,5.020509243011475,6,0.4574424922466278,0.5718265175819397,1,0,1
blind,90,9,1.0219306945800781,3.2087860107421875,6.739339351654053,1.3603845834732056,3.1505126953125,6.771829128265381,6,0.4574424922466278,0.5718265175819397,1,0,1
blind,90,10,1.1245648860931396,0.694618284702301,6.727757453918457,1.3603845834732056,0.6505122184753418,6.771829128265381,6,0.4574424922466278,0.5718265175819397,1,0,1
blind,90,11,2.2688252925872803,-0.5593764185905457,4.973535537719727,2.6333250999450684,-0.5994873046875,5.020509243011475,6,0.4574424922466278,0.5718265175819397,1,0,1
blind,91,0,3.0577633380889893,1.9223101139068604,5.436891555786133,3.2760002613067627,1.892761468887329,5.465662956237793,5,0.4440092444419861,0.6320881843566895,1,0,1
blind,91,1,5.001319408416748,1.947773814201355,3.8375422954559326,5.35516357421875,1.892761468887329,3.8878226280212402,5,0.4440092444419861,0.6320881843566895,1,0,1
blind,91,2,4.332573890686035,4.130038261413574,4.915917873382568,4.618553161621094,4.057825088500977,4.897726058959961,5,0.4440092444419861,0.6320881843566895,1,0,1
blind,91,3,2.727339744567871,4.130820274353027,6.862804889678955,3.145331382751465,4.057825088500977,6.917532920837402,5,0.4440092444419861,0.6320881843566895,1,0,1
blind,91,4,2.0855605602264404,1.955610990524292,7.8891143798828125,2.4087207317352295,1.89276123046875,7.927435874938965,5,0.4440092444419861,0.6320881843566895,1,0,1
blind,91,5,3.2948532104492188,-0.21925006806850433,6.220288276672363,3.145331621170044,-0.27230215072631836,6.917532444000244,5,0.4440092444419861,0.6320881843566895,1,0,1
blind,91,6,3.6399872303009033,-0.21446067094802856,5.690764904022217,4.618553161621094,-0.27230215072631836,4.897726058959961,5,0.4440092444419861,0.6320881843566895,1,0,1
blind,91,7,3.5881755352020264,3.1623480319976807,3.185295581817627,3.9459054470062256,3.142761468887329,3.2744927406311035,5,0.4440092444419861,0.6320881843566895,1,0,1
blind,91,8,2.261246919631958,4.471839427947998,4.975381851196289,2.670058250427246,4.39276123046875,5.023696422576904,5,0.4440092444419861,0.6320881843566895,1,0,1
blind,91,9,1.0704914331436157,3.2042222023010254,6.737821578979492,1.3942110538482666,3.142761707305908,6.772900581359863,5,0.4440092444419861,0.6320881843566895,1,0,1
blind,91,10,1.1724311113357544,0.6854841709136963,6.722383499145508,1.3942110538482666,0.6427609920501709,6.772900581359863,5,0.4440092444419861,0.6320881843566895,1,0,1
blind,91,11,2.314258098602295,-0.5588338971138,4.974218845367432,2.670058250427246,-0.6072385311126709,5.023696422576904,5,0.4440092444419861,0.6320881843566895,1,0,1
blind,92,0,3.0937633514404297,1.916976809501648,5.4415459632873535,3.312000036239624,1.884645700454712,5.469760894775391,5,0.43277955055236816,0.6735509037971497,1,0,1
blind,92,1,5.0434370040893555,1.9474724531173706,3.854316234588623,5.394270896911621,1.884645700454712,3.896023988723755,5,0.43277955055236816,0.6735509037971497,1,0,1
blind,92,2,4.376232624053955,4.120858192443848,4.930649757385254,4.655670166015625,4.049709320068359,4.904472827911377,5,0.43277955055236816,0.6735509037971497,1,0,1
blind,92,3,2.771629810333252,4.127769947052002,6.869656562805176,3.1784682273864746,4.049709320068359,6.921370029449463,5,0.43277955055236816,0.6735509037971497,1,0,1
blind,92,4,2.13124942779541,1.950110912322998,7.893232345581055,2.4398672580718994,1.8846454620361328,7.929819107055664,5,0.43277955055236816,0.6735509037971497,1,0,1
blind,92,5,3.3390517234802246,-0.2217947095632553,6.254681587219238,3.1784684658050537,-0.28041791915893555,6.921370029449463,5,0.43277955055236816,0.6735509037971497,1,0,1
blind,92,6,3.6995623111724854,-0.21518953144550323,5.6857709884643555,4.655670166015625,-0.28041791915893555,4.904472827911377,5,0.43277955055236816,0.6735509037971497,1,0,1
blind,92,7,3.639049530029297,3.1457314491271973,3.2114124298095703,3.986225128173828,3.134645700454712,3.2799160480499268,5,0.43277955055236816,0.6735509037971497,1,0,1
blind,92,8,2.305803060531616,4.467652797698975,4.977139472961426,2.706930637359619,4.384645462036133,5.026600360870361,5,0.43277955055236816,0.6735509037971497,1,0,1
blind,92,9,1.1171575784683228,3.1984968185424805,6.735569477081299,1.4276366233825684,3.134645938873291,6.773284435272217,5,0.43277955055236816,0.6735509037971497,1,0,1
blind,92,10,1.2180399894714355,0.6746589541435242,6.718587398529053,1.4276366233825684,0.6346452236175537,6.773284435272217,5,0.43277955055236816,0.6735509037971497,1,0,1
blind,92,11,2.3586323261260986,-0.5586446523666382,4.975063800811768,2.7069308757781982,-0.6153542995452881,5.026600360870361,5,0.43277955055236816,0.6735509037971497,1,0,1
blind,93,0,3.12976336479187,1.9112002849578857,5.446107864379883,3.3480000495910645,1.8761820793151855,5.4737629890441895,5,0.42215365171432495,0.7183371782302856,1,0,1
blind,93,1,5.085175514221191,1.9463310241699219,3.8708126544952393,5.4338579177856445,1.8761820793151855,3.904783248901367,5,0.42215365171432495,0.7183371782302856,1,0,1
blind,93,2,4.420499324798584,4.108865737915039,4.9402337074279785,4.692956924438477,4.041245460510254,4.911543369293213,5,0.42215365171432495,0.7183371782302856,1,0,1
blind,93,3,2.8149189949035645,4.123678207397461,6.876255512237549,3.211155414581299,4.041245460510254,6.925063610076904,5,0.42215365171432495,0.7183371782302856,1,0,1
blind,93,4,2.1750481128692627,1.9433573484420776,7.896790027618408,2.47025465965271,1.8761818408966064,7.93182373046875,5,0.42215365171432495,0.7183371782302856,1,0,1
blind,93,5,3.3778860569000244,-0.2244308590888977,6.279615879058838,3.211155414581299,-0.2888815402984619,6.925063610076904,5,0.42215365171432495,0.7183371782302856,1,0,1
blind,93,6,3.76645565032959,-0.21801994740962982,5.675479412078857,4.692956924438477,-0.2888815402984619,4.911543369293213,5,0.42215365171432495,0.7183371782302856,1,0,1
blind,93,7,3.689192295074463,3.1341919898986816,3.236764430999756,4.0272216796875,3.1261820793151855,3.2854628562927246,5,0.42215365171432495,0.7183371782302856,1,0,1
blind,93,8,2.349794864654541,4.462233066558838,4.978745937347412,2.743943929672241,4.3761820793151855,5.02922248840332,5,0.42215365171432495,0.7183371782302856,1,0,1
blind,93,9,1.1616909503936768,3.1916937828063965,6.73289680480957,1.4606661796569824,3.1261820793151855,6.772982120513916,5,0.42215365171432495,0.7183371782302856,1,0,1
blind,93,10,1.2616147994995117,0.6623837351799011,6.716880798339844,1.4606661796569824,0.6261816024780273,6.772982120513916,5,0.42215365171432495,0.7183371782302856,1,0,1
blind,93,11,2.4023616313934326,-0.5589793920516968,4.976198196411133,2.743943929672241,-0.6238179206848145,5.02922248840332,5,0.42215365171432495,0.7183371782302856,1,0,1
blind,94,0,3.1657633781433105,1.9049962759017944,5.4505767822265625,3.384000062942505,1.8673866987228394,5.477667808532715,5,0.4148911237716675,0.7446067929267883,1,0,1
blind,94,1,5.126690864562988,1.9442052841186523,3.8867907524108887,5.473917007446289,1.8673866987228394,3.9140992164611816,5,0.4148911237716675,0.7446067929267883,1,0,1
blind,94,2,4.464929580688477,4.094566822052002,4.944370746612549,4.730409622192383,4.032450199127197,4.918935775756836,5,0.4148911237716675,0.7446067929267883,1,0,1
blind,94,3,2.8568074703216553,4.118618011474609,6.882528781890869,3.243394374847412,4.032450199127197,6.9286088943481445,5,0.4148911237716675,0.7446067929267883,1,0,1
blind,94,4,2.2097156047821045,1.9370362758636475,7.899129867553711,2.4998867511749268,1.8673864603042603,7.933445453643799,5,0.4148911237716675,0.7446067929267883,1,0,1
blind,94,5,3.4280147552490234,-0.22977925837039948,6.294051170349121,3.243394613265991,-0.2976769208908081,6.9286088943481445,5,0.4148911237716675,0.7446067929267883,1,0,1
blind,94,6,3.826558828353882,-0.22182196378707886,5.665132522583008,4.730409622192383,-0.2976769208908081,4.918935775756836,5,0.4148911237716675,0.7446067929267883,1,0,1
blind,94,7,3.738913059234619,3.127840995788574,3.2601654529571533,4.0688910484313965,3.117386817932129,3.291135311126709,5,0.4148911237716675,0.7446067929267883,1,0,1
blind,94,8,2.39313006401062,4.455708026885986,4.980315685272217,2.7810981273651123,4.367386817932129,5.0315632820129395,5,0.4148911237716675,0.7446067929267883,1,0,1
blind,94,9,1.2046102285385132,3.1838600635528564,6.729808330535889,1.4933053255081177,3.117386817932129,6.77199125289917,5,0.4148911237716675,0.7446067929267883,1,0,1
blind,94,10,1.303303837776184,0.6489546895027161,6.717612266540527,1.4933053255081177,0.6173862218856812,6.77199125289917,5,0.4148911237716675,0.7446067929267883,1,0,1
blind,94,11,2.4380946159362793,-0.5594409704208374,4.976998329162598,2.7810981273651123,-0.6326133012771606,5.0315632820129395,5,0.4148911237716675,0.7446067929267883,1,0,1
blind,95,0,3.201763391494751,1.8983806371688843,5.454952239990234,3.4200000762939453,1.8582755327224731,5.481475353240967,6,0.40979713201522827,0.7508893013000488,1,0,1
blind,95,1,5.16790246963501,1.9409760236740112,3.9018349647521973,5.514442443847656,1.8582755327224731,3.923973560333252,6,0.40979713201522827,0.7508893013000488,1,0,1
blind,95,2,4.508874416351318,4.078795909881592,4.943512439727783,4.76802396774292,4.02333927154541,4.926650047302246,6,0.40979713201522827,0.7508893013000488,1,0,1
blind,95,3,2.8902628421783447,4.11386775970459,6.887514114379883,3.2751874923706055,4.023338794708252,6.932003021240234,6,0.40979713201522827,0.7508893013000488,1,0,1
blind,95,4,2.2512505054473877,1.927822232246399,7.901694297790527,2.5287694931030273,1.858275294303894,7.93467903137207,6,0.40979713201522827,0.7508893013000488,1,0,1
blind,95,5,3.4810307025909424,-0.23728889226913452,6.2914958000183105,3.2751877307891846,-0.3067880868911743,6.932002544403076,6,0.40979713201522827,0.7508893013000488,1,0,1
blind,95,6,3.8826911449432373,-0.22691889107227325,5.657148838043213,4.76802396774292,-0.3067880868911743,4.926650047302246,6,0.40979713201522827,0.7508893013000488,1,0,1
blind,95,7,3.788853168487549,3.1256048679351807,3.2809135913848877,4.1112284660339355,3.1082754135131836,3.296938180923462,6,0.40979713201522827,0.7508893013000488,1,0,1
blind,95,8,2.435757637023926,4.448215961456299,4.981923580169678,2.818394184112549,4.358275413513184,5.033624649047852,6,0.40979713201522827,0.7508893013000488,1,0,1
blind,95,9,1.2460240125656128,3.1750495433807373,6.726406574249268,1.5255600214004517,3.1082756519317627,6.770310401916504,6,0.40979713201522827,0.7508893013000488,1,0,1
blind,95,10,1.3364418745040894,0.637077808380127,6.718873023986816,1.5255600214004517,0.6082750558853149,6.770310401916504,6,0.40979713201522827,0.7508893013000488,1,0,1
blind,95,11,2.481926202774048,-0.5613524913787842,4.97898006439209,2.818394184112549,-0.6417244672775269,5.033624172210693,6,0.40979713201522827,0.7508893013000488,1,0,1
blind,96,0,3.2377634048461914,1.8913692235946655,5.459233283996582,3.456000328063965,1.8488647937774658,5.485184669494629,5,0.40677914023399353,0.7399920225143433,1,0,1
blind,96,1,5.209230899810791,1.93658447265625,3.916144847869873,5.555425643920898,1.8488647937774658,3.934406280517578,5,0.40677914023399353,0.7399920225143433,1,0,1
blind,96,2,4.544912338256836,4.064894199371338,4.940474510192871,4.805796146392822,4.013928413391113,4.9346842765808105,5,0.40677914023399353,0.7399920225143433,1,0,1
blind,96,3,2.9314610958099365,4.106836795806885,6.893444538116455,3.3065378665924072,4.013928413391113,6.935240268707275,5,0.40677914023399353,0.7399920225143433,1,0,1
blind,96,4,2.2908036708831787,1.9174519777297974,7.903658390045166,2.55690860748291,1.8488645553588867,7.935518264770508,5,0.40677914023399353,0.7399920225143433,1,0,1
blind,96,5,3.5327439308166504,-0.2462238073348999,6.272725582122803,3.3065381050109863,-0.31619882583618164,6.935239791870117,5,0.40677914023399353,0.7399920225143433,1,0,1
blind,96,6,3.935023307800293,-0.2334948480129242,5.651760578155518,4.805796146392822,-0.31619882583618164,4.9346842765808105,5,0.40677914023399353,0.7399920225143433,1,0,1
blind,96,7,3.839130401611328,3.126790761947632,3.298307418823242,4.154229164123535,3.098864793777466,3.302874803543091,5,0.40677914023399353,0.7399920225143433,1,0,1
blind,96,8,2.477386951446533,4.439979076385498,4.983668804168701,2.8558335304260254,4.348864555358887,5.035407066345215,5,0.40677914023399353,0.7399920225143433,1,0,1
blind,96,9,1.2789909839630127,3.1671395301818848,6.722506046295166,1.557437777519226,3.098865032196045,6.767939567565918,5,0.40677914023399353,0.7399920225143433,1,0,1
blind,96,10,1.3759472370147705,0.6219420433044434,6.722796440124512,1.557437777519226,0.5988643169403076,6.767939567565918,5,0.40677914023399353,0.7399920225143433,1,0,1
blind,96,11,2.5249083042144775,-0.5643632411956787,4.981450080871582,2.8558335304260254,-0.6511352062225342,5.035407066345215,5,0.40677914023399353,0.7399920225143433,1,0,1
blind,97,0,3.273763418197632,1.8839778900146484,5.463419437408447,3.4920003414154053,1.8391704559326172,5.488795280456543,6,0.405340313911438,0.7192720174789429,1,0,1
blind,97,1,5.243721961975098,1.93235182762146,3.9284722805023193,5.596858024597168,1.8391704559326172,3.9453976154327393,6,0.405340313911438,0.7192720174789429,1,0,1
blind,97,2,4.5880045890808105,4.048198223114014,4.9331374168396,4.84372091293335,4.004234313964844,4.943037509918213,6,0.405340313911438,0.7192720174789429,1,0,1
blind,97,3,2.971320152282715,4.0989274978637695,6.8990325927734375,3.33744740486145,4.0042338371276855,6.93831729888916,6,0.405340313911438,0.7192720174789429,1,0,1
blind,97,4,2.3284709453582764,1.9059590101242065,7.904999732971191,2.58431077003479,1.839170217514038,7.935956954956055,6,0.405340313911438,0.7192720174789429,1,0,1
blind,97,5,3.5791211128234863,-0.2555014193058014,6.243228435516357,3.3374476432800293,-0.3258931636810303,6.938316822052002,6,0.405340313911438,0.7192720174789429,1,0,1
blind,97,6,3.982853889465332,-0.24157576262950897,5.648116588592529,4.84372091293335,-0.3258931636810303,4.943037509918213,6,0.405340313911438,0.7192720174789429,1,0,1
blind,97,7,3.8896913528442383,3.130303144454956,3.3118932247161865,4.197887420654297,3.089170455932617,3.308950424194336,6,0.405340313911438,0.7192720174789429,1,0,1
blind,97,8,2.51138973236084,4.432632923126221,4.984816074371338,2.893416404724121,4.339170455932617,5.0369133949279785,6,0.405340313911438,0.7192720174789429,1,0,1
blind,97,9,1.3189661502838135,3.1563808917999268,6.718264102935791,1.5889453887939453,3.089170455932617,6.764875888824463,6,0.405340313911438,0.7192720174789429,1,0,1
blind,97,10,1.4134427309036255,0.6071296334266663,6.7287726402282715,1.5889453887939453,0.589169979095459,6.764875888824463,6,0.405340313911438,0.7192720174789429,1,0,1
blind,97,11,2.5671446323394775,-0.5686028599739075,4.984396934509277,2.893416404724121,-0.6608295440673828,5.0369133949279785,6,0.405340313911438,0.7192720174789429,1,0,1
blind,98,0,3.3097634315490723,1.8762224912643433,5.467509746551514,3.5280001163482666,1.8292080163955688,5.492306232452393,5,0.40432772040367126,0.695889949798584,1,0,1
blind,98,1,5.286705017089844,1.9255266189575195,3.941761016845703,5.638729095458984,1.8292080163955688,3.956948757171631,5,0.40432772040367126,0.695889949798584,1,0,1
blind,98,2,4.629842281341553,4.032402992248535,4.924389839172363,4.8817925453186035,3.994271755218506,4.951708793640137,5,0.40432772040367126,0.695889949798584,1,0,1
blind,98,3,3.009892463684082,4.090195178985596,6.90427827835083,3.3679192066192627,3.9942712783813477,6.941227912902832,5,0.40432772040367126,0.695889949798584,1,0,1
blind,98,4,2.3640191555023193,1.8935657739639282,7.9057936668396,2.610982656478882,1.8292077779769897,7.935987949371338,5,0.40432772040367126,0.695889949798584,1,0,1
blind,98,5,3.619976043701172,-0.26459038257598877,6.210620403289795,3.367919445037842,-0.3358556032180786,6.941227912902832,5,0.40432772040367126,0.695889949798584,1,0,1
blind,98,6,4.026576042175293,-0.25112852454185486,5.646033763885498,4.8817925453186035,-0.3358556032180786,4.951708793640137,5,0.40432772040367126,0.695889949798584,1,0,1
blind,98,7,3.9326000213623047,3.1345229148864746,3.321641683578491,4.242197036743164,3.0792078971862793,3.3151698112487793,5,0.40432772040367126,0.695889949798584,1,0,1
blind,98,8,2.5532848834991455,4.4229302406311035,4.986820697784424,2.9311442375183105,4.329207897186279,5.038144111633301,5,0.40432772040367126,0.695889949798584,1,0,1
blind,98,9,1.3574210405349731,3.144865036010742,6.713667869567871,1.6200915575027466,3.0792081356048584,6.7611188888549805,5,0.40432772040367126,0.695889949798584,1,0,1
blind,98,10,1.4495996236801147,0.5930185317993164,6.736319065093994,1.6200915575027466,0.5792075395584106,6.7611188888549805,5,0.40432772040367126,0.695889949798584,1,0,1
blind,98,11,2.6087231636047363,-0.5741741061210632,4.987775802612305,2.9311442375183105,-0.6707919836044312,5.038144111633301,5,0.40432772040367126,0.695889949798584,1,0,1
blind,99,0,3.3457634449005127,1.8681188821792603,5.471504211425781,3.564000129699707,1.818993330001831,5.495718002319336,5,0.38138657808303833,0.9538164734840393,1,0,0
blind,99,1,5.329712867736816,1.917534589767456,3.9541995525360107,5.681030750274658,1.818993330001831,3.9690611362457275,5,0.38138657808303833,0.9538164734840393,1,0,0
blind,99,2,4.670576572418213,4.01826810836792,4.915682792663574,4.920006275177002,3.9840569496154785,4.960697174072266,5,0.38138657808303833,0.9538164734840393,1,0,0
blind,99,3,3.0472755432128906,4.080679893493652,6.909186363220215,3.3979568481445312,3.9840567111968994,6.943968772888184,5,0.38138657808303833,0.9538164734840393,1,0,0
blind,99,4,2.3979337215423584,1.8801028728485107,7.905934810638428,2.636932373046875,1.818993091583252,7.935604095458984,5,0.38138657808303833,0.9538164734840393,1,0,0
blind,99,5,3.5742568969726562,-0.27658748626708984,6.298206329345703,3.3979570865631104,-0.3460702896118164,6.943968296051025,5,0.38138657808303833,0.9538164734840393,1,0,0
blind,99,6,4.1400675773620605,-0.25705966353416443,5.530584812164307,4.920005798339844,-0.3460702896118164,4.960697174072266,5,0.38138657808303833,0.9538164734840393,1,0,0
blind,99,7,3.9846274852752686,3.1394646167755127,3.328448534011841,4.28715181350708,3.068993330001831,3.321539878845215,5,0.38138657808303833,0.9538164734840393,1,0,0
blind,99,8,2.5944876670837402,4.412805080413818,4.988938331604004,2.9690186977386475,4.31899356842041,5.0391035079956055,5,0.38138657808303833,0.9538164734840393,1,0,0
blind,99,9,1.3944759368896484,3.132683753967285,6.708632946014404,1.6508854627609253,3.06899356842041,6.756666660308838,5,0.38138657808303833,0.9538164734840393,1,0,0
blind,99,10,1.4847570657730103,0.5801815986633301,6.744593620300293,1.6508854627609253,0.5689928531646729,6.756666660308838,5,0.38138657808303833,0.9538164734840393,1,0,0
blind,99,11,2.6493659019470215,-0.5810968279838562,4.991558074951172,2.9690186977386475,-0.681006669998169,5.039103031158447,5,0.38138657808303833,0.9538164734840393,1,0,0
blind,100,0,3.381763458251953,1.8596826791763306,5.475401878356934,3.6000001430511475,1.8085415363311768,5.499029636383057,5,0.3558664321899414,1.2624850273132324,1,0,0
blind,100,1,5.372732639312744,1.9085040092468262,3.9659717082977295,5.723752021789551,1.8085415363311768,3.981735944747925,5,0.3558664321899414,1.2624850273132324,1,0,0
blind,100,2,4.711209297180176,4.005923748016357,4.9085917472839355,4.95835542678833,3.973605155944824,4.970001697540283,5,0.3558664321899414,1.2624850273132324,1,0,0
blind,100,3,3.0835330486297607,4.070432662963867,6.91375732421875,3.427563428878784,3.973604917526245,6.946533203125,5,0.3558664321899414,1.2624850273132324,1,0,0
blind,100,4,2.430215358734131,1.8656055927276611,7.905367374420166,2.662167549133301,1.8085412979125977,7.934798240661621,5,0.3558664321899414,1.2624850273132324,1,0,0
blind,100,5,3.497793674468994,-0.2952023446559906,6.439807415008545,3.4275636672973633,-0.3565220832824707,6.946532726287842,5,0.3558664321899414,1.2624850273132324,1,0,0
blind,100,6,4.241847515106201,-0.26288041472435,5.420392036437988,4.95835542678833,-0.3565220832824707,4.970001697540283,5,0.3558664321899414,1.2624850273132324,1,0,0
blind,100,7,4.036412239074707,3.143385887145996,3.3318419456481934,4.332745552062988,3.0585415363311768,3.328065872192383,5,0.3558664321899414,1.2624850273132324,1,0,0
blind,100,8,2.635124444961548,4.402386665344238,4.99114990234375,3.0070407390594482,4.308541297912598,5.039792060852051,5,0.3558664321899414,1.2624850273132324,1,0,0
blind,100,9,1.4300122261047363,3.120126724243164,6.703519344329834,1.6813359260559082,3.058541774749756,6.751518249511719,5,0.3558664321899414,1.2624850273132324,1,0,0
blind,100,10,1.5194416046142578,0.5691943764686584,6.7523956298828125,1.6813359260559082,0.5585410594940186,6.751518249511719,5,0.3558664321899414,1.2624850273132324,1,0,0
blind,100,11,2.6895673274993896,-0.5894206166267395,4.995597839355469,3.0070407390594482,-0.6914584636688232,5.039792060852051,5,0.3558664321899414,1.2624850273132324,1,0,0
blind,101,0,3.4177634716033936,1.8509297370910645,5.4792022705078125,3.636000156402588,1.797867774963379,5.502240180969238,5,0.33839544653892517,1.5188528299331665,0,0,0
blind,101,1,5.415767192840576,1.8985873460769653,3.9772799015045166,5.766879558563232,1.797867774963379,3.994973659515381,5,0.33839544653892517,1.5188528299331665,0,0,0
blind,101,2,4.752293109893799,3.995689630508423,4.904638290405273,4.996833801269531,3.9629313945770264,4.979620456695557,5,0.33839544653892517,1.5188528299331665,0,0,0
blind,101,3,3.1184239387512207,4.059659957885742,6.917950630187988,3.456742763519287,3.9629311561584473,6.948914527893066,5,0.33839544653892517,1.5188528299331665,0,0,0
blind,101,4,2.454479217529297,1.8527652025222778,7.903813362121582,2.686697006225586,1.7978675365447998,7.933561325073242,5,0.33839544653892517,1.5188528299331665,0,0,0
blind,101,5,3.426600933074951,-0.3009490966796875,6.55153751373291,3.456742763519287,-0.36719584465026855,6.948914527893066,5,0.33839544653892517,1.5188528299331665,0,0,0
blind,101,6,4.324168682098389,-0.26726821064949036,5.326730728149414,4.996833801269531,-0.36719584465026855,4.979620933532715,5,0.33839544653892517,1.5188528299331665,0,0,0
blind,101,7,4.087600231170654,3.1451284885406494,3.332139015197754,4.378970146179199,3.047867774963379,3.334754228591919,5,0.33839544653892517,1.5188528299331665,0,0,0
blind,101,8,2.675307273864746,4.391796112060547,4.993419170379639,3.0452117919921875,4.297867774963379,5.040212631225586,5,0.33839544653892517,1.5188528299331665,0,0,0
blind,101,9,1.4645038843154907,3.1070921421051025,6.697892189025879,1.7114537954330444,3.047867774963379,6.745671272277832,5,0.33839544653892517,1.5188528299331665,0,0,0
blind,101,10,1.5543067455291748,0.5606716871261597,6.758062362670898,1.7114537954330444,0.5478672981262207,6.745671272277832,5,0.33839544653892517,1.5188528299331665,0,0,0
blind,101,11,2.722440481185913,-0.5970959663391113,4.9987406730651855,3.0452117919921875,-0.7021322250366211,5.040212631225586,5,0.33839544653892517,1.5188528299331665,0,0,0
blind,102,0,3.453763484954834,1.841875433921814,5.48290491104126,3.6720001697540283,1.786987066268921,5.505350112915039,6,0.32678598165512085,1.6825670003890991,0,0,0
blind,102,1,5.458563327789307,1.8880196809768677,3.9880878925323486,5.810402870178223,1.786987066268921,4.0087761878967285,6,0.32678598165512085,1.6825670003890991,0,0,0
blind,102,2,4.794126987457275,3.9877536296844482,4.905390739440918,5.035434722900391,3.9520506858825684,4.989553451538086,6,0.32678598165512085,1.6825670003890991,0,0,0
blind,102,3,3.1456494331359863,4.050256729125977,6.921090126037598,3.4854984283447266,3.9520504474639893,6.951108455657959,6,0.32678598165512085,1.6825670003890991,0,0,0
blind,102,4,2.4845874309539795,1.83572518825531,7.901442050933838,2.7105302810668945,1.7869868278503418,7.931885719299316,6,0.32678598165512085,1.6825670003890991,0,0,0
blind,102,5,3.368056297302246,-0.3036581873893738,6.644346237182617,3.4854986667633057,-0.37807655334472656,6.951107978820801,6,0.32678598165512085,1.6825670003890991,0,0,0
blind,102,6,4.392923831939697,-0.2710319757461548,5.24989128112793,5.035434722900391,-0.37807655334472656,4.989553928375244,6,0.32678598165512085,1.6825670003890991,0,0,0
blind,102,7,4.138546943664551,3.144012928009033,3.3304531574249268,4.425817966461182,3.036987066268921,3.3416130542755127,6,0.32678598165512085,1.6825670003890991,0,0,0
blind,102,8,2.715125322341919,4.381145477294922,4.995680332183838,3.083533763885498,4.2869873046875,5.040369510650635,6,0.32678598165512085,1.6825670003890991,0,0,0
blind,102,9,1.498019814491272,3.0937082767486572,6.691651344299316,1.7412495613098145,3.0369873046875,6.7391252517700195,6,0.32678598165512085,1.6825670003890991,0,0,0
blind,102,10,1.582565188407898,0.5553462505340576,6.759880542755127,1.7412495613098145,0.5369865894317627,6.7391252517700195,6,0.32678598165512085,1.6825670003890991,0,0,0
blind,102,11,2.7630882263183594,-0.6081988215446472,5.002938270568848,3.083533763885498,-0.7130129337310791,5.040369033813477,6,0.32678598165512085,1.6825670003890991,0,0,0
blind,103,0,3.4897632598876953,1.8325352668762207,5.486508846282959,3.7079999446868896,1.7759138345718384,5.508358001708984,5,0.32003724575042725,1.6955047845840454,0,0,0
blind,103,1,5.501495361328125,1.8769025802612305,3.9989356994628906,5.854308128356934,1.7759138345718384,4.023143768310547,5,0.32003724575042725,1.6955047845840454,0,0,0
blind,103,2,4.829179763793945,3.982653856277466,4.909650802612305,5.074150085449219,3.9409775733947754,4.99979829788208,5,0.32003724575042725,1.6955047845840454,0,0,0
blind,103,3,3.1800808906555176,4.03786039352417,6.924800395965576,3.5138347148895264,3.940977096557617,6.9531073570251465,5,0.32003724575042725,1.6955047845840454,0,0,0
blind,103,4,2.512678861618042,1.8177205324172974,7.897946357727051,2.7336769104003906,1.7759135961532593,7.9297614097595215,5,0.32003724575042725,1.6955047845840454,0,0,0
blind,103,5,3.3214337825775146,-0.3063524067401886,6.7254204750061035,3.5138349533081055,-0.3891497850418091,6.953106880187988,5,0.32003724575042725,1.6955047845840454,0,0,0
blind,103,6,4.453148365020752,-0.27464866638183594,5.186901569366455,5.074150085449219,-0.3891497850418091,4.99979829788208,5,0.32003724575042725,1.6955047845840454,0,0,0
blind,103,7,4.18914794921875,3.1394550800323486,3.3276913166046143,4.47327995300293,3.025913715362549,3.3486483097076416,5,0.32003724575042725,1.6955047845840454,0,0,0
blind,103,8,2.7543680667877197,4.370650291442871,4.997929096221924,3.122007131576538,4.275913715362549,5.0402631759643555,5,0.32003724575042725,1.6955047845840454,0,0,0
blind,103,9,1.5241236686706543,3.0823473930358887,6.6846923828125,1.7707343101501465,3.025913953781128,6.731878280639648,5,0.32003724575042725,1.6955047845840454,0,0,0
blind,103,10,1.6198009252548218,0.5520598888397217,6.755112648010254,1.7707343101501465,0.5259133577346802,6.731878280639648,5,0.32003724575042725,1.6955047845840454,0,0,0
blind,103,11,2.803067684173584,-0.6204440593719482,5.006913185119629,3.122007369995117,-0.7240861654281616,5.0402631759643555,5,0.32003724575042725,1.6955047845840454,0,0,0
blind,104,0,3.5257632732391357,1.8229244947433472,5.49001407623291,3.74399995803833,1.7646626234054565,5.511264324188232,6,0.3167625665664673,1.7115130424499512,0,0,0
blind,104,1,5.537546634674072,1.867454171180725,4.009279727935791,5.898582458496094,1.7646626234054565,4.038079261779785,6,0.3167625665664673,1.7115130424499512,0,0,0
blind,104,2,4.872840404510498,3.9789533615112305,4.922608852386475,5.112973690032959,3.9297261238098145,5.010354518890381,6,0.3167625665664673,1.7115130424499512,0,0,0
blind,104,3,3.213423013687134,4.024932861328125,6.928126811981201,3.5417563915252686,3.9297261238098145,6.954904556274414,6,0.3167625665664673,1.7115130424499512,0,0,0
blind,104,4,2.538707733154297,1.7987823486328125,7.893151760101318,2.756147861480713,1.7646623849868774,7.92717981338501,6,0.3167625665664673,1.7115130424499512,0,0,0
blind,104,5,3.2867236137390137,-0.31017008423805237,6.797043800354004,3.5417566299438477,-0.4004009962081909,6.954904556274414,6,0.3167625665664673,1.7115130424499512,0,0,0
blind,104,6,4.512439727783203,-0.2790558338165283,5.131846904754639,5.112973690032959,-0.4004009962081909,5.010354518890381,6,0.3167625665664673,1.7115130424499512,0,0,0
blind,104,7,4.239287376403809,3.1312458515167236,3.324982166290283,4.52134895324707,3.014662742614746,3.3558692932128906,6,0.3167625665664673,1.7115130424499512,0,0,0
blind,104,8,2.7866289615631104,4.361997127532959,4.999327182769775,3.160634756088257,4.264662742614746,5.0398993492126465,6,0.3167625665664673,1.7115130424499512,0,0,0
blind,104,9,1.5569199323654175,3.06813907623291,6.67616081237793,1.7999207973480225,3.014662742614746,6.723928928375244,6,0.3167625665664673,1.7115130424499512,0,0,0
blind,104,10,1.6558914184570312,0.5531362295150757,6.740063667297363,1.7999207973480225,0.5146621465682983,6.723928928375244,6,0.3167625665664673,1.7115130424499512,0,0,0
blind,104,11,2.8424620628356934,-0.6336226463317871,5.010464668273926,3.160634756088257,-0.7353373765945435,5.039898872375488,6,0.3167625665664673,1.7115130424499512,0,0,0
blind,105,0,3.561763286590576,1.8130581378936768,5.493420124053955,3.7800002098083496,1.7532470226287842,5.514068126678467,5,0.31566375494003296,1.7299939393997192,0,0,0
blind,105,1,5.581956386566162,1.8555546998977661,4.02147102355957,5.943211555480957,1.7532470226287842,4.053582668304443,5,0.31566375494003296,1.7299939393997192,0,0,0
blind,105,2,4.915058612823486,3.9774491786956787,4.9428558349609375,5.151896953582764,3.9183106422424316,5.021219730377197,5,0.31566375494003296,1.7299939393997192,0,0,0
blind,105,3,3.2457447052001953,4.011531829833984,6.931066513061523,3.569267988204956,3.9183104038238525,6.956493854522705,5,0.31566375494003296,1.7299939393997192,0,0,0
blind,105,4,2.5627098083496094,1.7796214818954468,7.887358665466309,2.777953624725342,1.753246784210205,7.924130916595459,5,0.31566375494003296,1.7299939393997192,0,0,0
blind,105,5,3.2636735439300537,-0.31575143337249756,6.861034870147705,3.569268226623535,-0.4118165969848633,6.956493377685547,5,0.31566375494003296,1.7299939393997192,0,0,0
blind,105,6,4.5713276863098145,-0.2842618525028229,5.084334850311279,5.1518964767456055,-0.4118165969848633,5.021219730377197,5,0.31566375494003296,1.7299939393997192,0,0,0
blind,105,7,4.2817158699035645,3.122661590576172,3.323256254196167,4.570014953613281,3.003247022628784,3.363283157348633,5,0.31566375494003296,1.7299939393997192,0,0,0
blind,105,8,2.827080011367798,4.351364612579346,5.001308917999268,3.19941782951355,4.253247261047363,5.039279460906982,5,0.31566375494003296,1.7299939393997192,0,0,0
blind,105,9,1.5886014699935913,3.054037094116211,6.666304588317871,1.8288211822509766,3.0032472610473633,6.715275764465332,5,0.31566375494003296,1.7299939393997192,0,0,0
blind,105,10,1.6874784231185913,0.5587365031242371,6.712553977966309,1.8288211822509766,0.503246545791626,6.715275764465332,5,0.31566375494003296,1.7299939393997192,0,0,0
blind,105,11,2.881387233734131,-0.6475138068199158,5.013422966003418,3.199418067932129,-0.7467529773712158,5.039279460906982,5,0.31566375494003296,1.7299939393997192,0,0,0
blind,106,0,3.5977632999420166,1.8029512166976929,5.4967265129089355,3.81600022315979,1.7416812181472778,5.516768932342529,5,0.31742656230926514,1.7415573596954346,0,0,0
blind,106,1,5.62623405456543,1.843727469444275,4.03444766998291,5.9881792068481445,1.7416812181472778,4.069655418395996,5,0.31742656230926514,1.7415573596954346,0,0,0
blind,106,2,4.954345703125,3.9774889945983887,4.969198226928711,5.190910816192627,3.906744956970215,5.032392501831055,5,0.31742656230926514,1.7415573596954346,0,0,0
blind,106,3,3.2771103382110596,3.9977149963378906,6.933614253997803,3.596374273300171,3.9067444801330566,6.957867622375488,5,0.31742656230926514,1.7415573596954346,0,0,0
blind,106,4,2.5847737789154053,1.7597945928573608,7.8800811767578125,2.7991058826446533,1.7416809797286987,7.920604705810547,5,0.31742656230926514,1.7415573596954346,0,0,0
blind,106,5,3.2524847984313965,-0.32365313172340393,6.918712615966797,3.59637451171875,-0.42338240146636963,6.95786714553833,5,0.31742656230926514,1.7415573596954346,0,0,0
blind,106,6,4.620511531829834,-0.28874093294143677,5.047725200653076,5.190910816192627,-0.42338240146636963,5.032392978668213,5,0.31742656230926514,1.7415573596954346,0,0,0
blind,106,7,4.332226276397705,3.108106851577759,3.3233742713928223,4.619266986846924,2.9916810989379883,3.3708980083465576,5,0.31742656230926514,1.7415573596954346,0,0,0
blind,106,8,2.8673107624053955,4.34098482131958,5.0030059814453125,3.2383577823638916,4.241681098937988,5.038407802581787,5,0.31742656230926514,1.7415573596954346,0,0,0
blind,106,9,1.6192165613174438,3.0401952266693115,6.65485143661499,1.8574485778808594,2.9916813373565674,6.705917835235596,5,0.31742656230926514,1.7415573596954346,0,0,0
blind,106,10,1.7093894481658936,0.5676495432853699,6.6739115715026855,1.8574485778808594,0.49168074131011963,6.705917835235596,5,0.31742656230926514,1.7415573596954346,0,0,0
blind,106,11,2.919665575027466,-0.6617295742034912,5.015717029571533,3.2383577823638916,-0.7583187818527222,5.038407802581787,5,0.31742656230926514,1.7415573596954346,0,0,0
blind,107,0,3.633763313293457,1.7926182746887207,5.499932289123535,3.8520002365112305,1.7299782037734985,5.519366264343262,5,0.32123276591300964,1.7641243934631348,0,0,0
blind,107,1,5.670401096343994,1.8321346044540405,4.048486232757568,6.03347110748291,1.7299782037734985,4.086297988891602,5,0.32123276591300964,1.7641243934631348,0,0,0
blind,107,2,4.990392208099365,3.9781994819641113,5.000313758850098,5.230007648468018,3.8950419425964355,5.0438714027404785,5,0.32123276591300964,1.7641243934631348,0,0,0
blind,107,3,3.307562828063965,3.983536720275879,6.935763835906982,3.6230804920196533,3.8950414657592773,6.959017753601074,5,0.32123276591300964,1.7641243934631348,0,0,0
blind,107,4,2.6048221588134766,1.7394927740097046,7.87116003036499,2.81961727142334,1.7299779653549194,7.916590690612793,5,0.32123276591300964,1.7641243934631348,0,0,0
blind,107,5,3.2457613945007324,-0.33139193058013916,6.966475963592529,3.6230807304382324,-0.4350854158401489,6.959017276763916,5,0.32123276591300964,1.7641243934631348,0,0,0
blind,107,6,4.680488109588623,-0.29595786333084106,5.015312194824219,5.230007648468018,-0.4350854158401489,5.0438714027404785,5,0.32123276591300964,1.7641243934631348,0,0,0
blind,107,7,4.3819427490234375,3.0911219120025635,3.326221227645874,4.669095993041992,2.979978084564209,3.378722667694092,5,0.32123276591300964,1.7641243934631348,0,0,0
blind,107,8,2.9074015617370605,4.330880641937256,5.004345417022705,3.277456283569336,4.229978084564209,5.037288188934326,5,0.32123276591300964,1.7641243934631348,0,0,0
blind,107,9,1.648848295211792,3.027052640914917,6.642456531524658,1.8858166933059692,2.979978322982788,6.695853233337402,5,0.32123276591300964,1.7641243934631348,0,0,0
blind,107,10,1.7184027433395386,0.5772212743759155,6.629027366638184,1.8858166933059692,0.47997772693634033,6.695853233337402,5,0.32123276591300964,1.7641243934631348,0,0,0
blind,107,11,2.9578371047973633,-0.6762272119522095,5.017191410064697,3.277456283569336,-0.7700217962265015,5.037288188934326,5,0.32123276591300964,1.7641243934631348,0,0,0
blind,108,0,3.6697633266448975,1.782073736190796,5.503037452697754,3.888000249862671,1.7181512117385864,5.521860599517822,5,0.3271506428718567,1.7927838563919067,0,0,0
blind,108,1,5.7144951820373535,1.8208959102630615,4.063774585723877,6.079071044921875,1.7181512117385864,4.103513240814209,5,0.3271506428718567,1.7927838563919067,0,0,0
blind,108,2,5.023218154907227,3.9785823822021484,5.034284591674805,5.2691779136657715,3.8832149505615234,5.055655002593994,5,0.3271506428718567,1.7927838563919067,0,0,0
blind,108,3,3.336944580078125,3.969351053237915,6.937519550323486,3.6493921279907227,3.8832144737243652,6.959938049316406,5,0.3271506428718567,1.7927838563919067,0,0,0
blind,108,4,2.617706060409546,1.7220669984817505,7.8614702224731445,2.8394994735717773,1.7181509733200073,7.912079811096191,5,0.3271506428718567,1.7927838563919067,0,0,0
blind,108,5,3.2546885013580322,-0.3439481556415558,7.01263952255249,3.649392604827881,-0.44691240787506104,6.959937572479248,5,0.3271506428718567,1.7927838563919067,0,0,0
blind,108,6,4.740206718444824,-0.30420607328414917,4.991299629211426,5.2691779136657715,-0.44691240787506104,5.055655002593994,5,0.3271506428718567,1.7927838563919067,0,0,0
blind,108,7,4.43052339553833,3.072364568710327,3.3321571350097656,4.719491004943848,2.968151092529297,3.3867673873901367,5,0.3271506428718567,1.7927838563919067,0,0,0
blind,108,8,2.9474146366119385,4.321054935455322,5.005263328552246,3.3167152404785156,4.218151092529297,5.035924911499023,5,0.3271506428718567,1.7927838563919067,0,0,0
blind,108,9,1.677706241607666,3.0145022869110107,6.628359317779541,1.9139397144317627,2.968151330947876,6.68508243560791,5,0.3271506428718567,1.7927838563919067,0,0,0
blind,108,10,1.714994192123413,0.5844051837921143,6.5836029052734375,1.9139397144317627,0.4681507349014282,6.68508243560791,5,0.3271506428718567,1.7927838563919067,0,0,0
blind,108,11,2.989260673522949,-0.6883679628372192,5.017408847808838,3.3167152404785156,-0.7818487882614136,5.035924911499023,5,0.3271506428718567,1.7927838563919067,0,0,0
blind,109,0,3.705763339996338,1.771331787109375,5.506041049957275,3.9240000247955322,1.7062125205993652,5.524250507354736,6,0.3323010206222534,1.8138562440872192,0,0,0
blind,109,1,5.75831413269043,1.810109257698059,4.080033779144287,6.124960899353027,1.7062125205993652,4.121299743652344,6,0.3323010206222534,1.8138562440872192,0,0,0
blind,109,2,5.053552150726318,3.9776599407196045,5.0692830085754395,5.308412551879883,3.8712761402130127,5.067739963531494,6,0.3323010206222534,1.8138562440872192,0,0,0
blind,109,3,3.359243869781494,3.9573450088500977,6.938455104827881,3.6753153800964355,3.8712759017944336,6.960619926452637,6,0.3323010206222534,1.8138562440872192,0,0,0
blind,109,4,2.633549928665161,1.700413703918457,7.848024845123291,2.858766794204712,1.7062122821807861,7.907059669494629,6,0.3323010206222534,1.8138562440872192,0,0,0
blind,109,5,3.2826554775238037,-0.3613506257534027,7.050975322723389,3.6753153800964355,-0.4588510990142822,6.9606194496154785,6,0.3323010206222534,1.8138562440872192,0,0,0
blind,109,6,4.799778461456299,-0.31349778175354004,4.975367546081543,5.308412551879883,-0.4588510990142822,5.067739963531494,6,0.3323010206222534,1.8138562440872192,0,0,0
blind,109,7,4.478608131408691,3.052835702896118,3.341287136077881,4.770439624786377,2.9562125205993652,3.3950395584106445,6,0.3323010206222534,1.8138562440872192,0,0,0
blind,109,8,2.9873807430267334,4.3114848136901855,5.0056891441345215,3.3561360836029053,4.206212520599365,5.034321308135986,6,0.3323010206222534,1.8138562440872192,0,0,0
blind,109,9,1.7058018445968628,3.0027482509613037,6.61251974105835,1.941832423210144,2.9562125205993652,6.673603057861328,6,0.3323010206222534,1.8138562440872192,0,0,0
blind,109,10,1.703956127166748,0.589029848575592,6.54351806640625,1.941832423210144,0.45621204376220703,6.673603057861328,6,0.3323010206222534,1.8138562440872192,0,0,0
blind,109,11,3.0287604331970215,-0.7031556367874146,5.017034530639648,3.3561360836029053,-0.7937874794006348,5.034321308135986,6,0.3323010206222534,1.8138562440872192,0,0,0
blind,110,0,3.7417633533477783,1.7604063749313354,5.5089430809021,3.9600000381469727,1.6941745281219482,5.526536464691162,5,0.3368690609931946,1.8342819213867188,0,0,0
blind,110,1,5.802223205566406,1.7997437715530396,4.097682952880859,6.171125411987305,1.6941745281219482,4.139660358428955,5,0.3368690609931946,1.8342819213867188,0,0,0
blind,110,2,5.0774617195129395,3.9763519763946533,5.100444793701172,5.3477020263671875,3.8592381477355957,5.080125331878662,5,0.3368690609931946,1.8342819213867188,0,0,0
blind,110,3,3.388458490371704,3.942064046859741,6.93948221206665,3.7008557319641113,3.8592379093170166,6.961055755615234,5,0.3368690609931946,1.8342819213867188,0,0,0
blind,110,4,2.6462295055389404,1.6790940761566162,7.83203125,2.8774328231811523,1.6941742897033691,7.901520729064941,5,0.3368690609931946,1.8342819213867188,0,0,0
blind,110,5,3.3293962478637695,-0.38222426176071167,7.074147701263428,3.7008562088012695,-0.4708890914916992,6.961055278778076,5,0.3368690609931946,1.8342819213867188,0,0,0
blind,110,6,4.859111309051514,-0.32383108139038086,4.967320919036865,5.3477020263671875,-0.4708890914916992,5.080125331878662,5,0.3368690609931946,1.8342819213867188,0,0,0
blind,110,7,4.526364326477051,3.0334324836730957,3.3534023761749268,4.821931838989258,2.9441745281219482,3.4035494327545166,5,0.3368690609931946,1.8342819213867188,0,0,0
blind,110,8,3.0270230770111084,4.3022074699401855,5.005683898925781,3.395720958709717,4.194174766540527,5.032482624053955,5,0.3368690609931946,1.8342819213867188,0,0,0
blind,110,9,1.72708261013031,2.9936389923095703,6.596246242523193,1.9695103168487549,2.9441747665405273,6.6614155769348145,5,0.3368690609931946,1.8342819213867188,0,0,0
blind,110,10,1.6867094039916992,0.5867263674736023,6.506945610046387,1.9695103168487549,0.44417405128479004,6.6614155769348145,5,0.3368690609931946,1.8342819213867188,0,0,0
blind,110,11,3.0682058334350586,-0.717424750328064,5.015607833862305,3.395720958709717,-0.8058254718780518,5.032482624053955,5,0.3368690609931946,1.8342819213867188,0,0,0
blind,111,0,3.7777633666992188,1.7493109703063965,5.511743068695068,3.996000051498413,1.682049036026001,5.528717994689941,6,0.3406333923339844,1.8530848026275635,0,0,0
blind,111,1,5.839261531829834,1.7915656566619873,4.115051746368408,6.2175445556640625,1.682049036026001,4.158594131469727,6,0.3406333923339844,1.8530848026275635,0,0,0
blind,111,2,5.106887340545654,3.9709081649780273,5.134494781494141,5.387036323547363,3.8471126556396484,5.092808723449707,6,0.3406333923339844,1.8530848026275635,0,0,0
blind,111,3,3.416832447052002,3.926694869995117,6.94004487991333,3.726020574569702,3.8471124172210693,6.96123743057251,6,0.3406333923339844,1.8530848026275635,0,0,0
blind,111,4,2.6553025245666504,1.658604621887207,7.8132476806640625,2.895512580871582,1.6820487976074219,7.895451545715332,6,0.3406333923339844,1.8530848026275635,0,0,0
blind,111,5,3.3872761726379395,-0.40297433733940125,7.076174736022949,3.7260208129882812,-0.4830145835876465,6.961236953735352,6,0.3406333923339844,1.8530848026275635,0,0,0
blind,111,6,4.917420864105225,-0.33512642979621887,4.967098712921143,5.387036323547363,-0.4830145835876465,5.092808723449707,6,0.3406333923339844,1.8530848026275635,0,0,0
blind,111,7,4.574081897735596,3.015084743499756,3.368014335632324,4.873953342437744,2.932049036026001,3.412306547164917,6,0.3406333923339844,1.8530848026275635,0,0,0
blind,111,8,3.059842348098755,4.294802188873291,5.0048041343688965,3.435471296310425,4.182048797607422,5.0304131507873535,6,0.3406333923339844,1.8530848026275635,0,0,0
blind,111,9,1.7541260719299316,2.983440399169922,6.575876235961914,1.996989369392395,2.93204927444458,6.648519515991211,6,0.3406333923339844,1.8530848026275635,0,0,0
blind,111,10,1.6673283576965332,0.5744988322257996,6.4766645431518555,1.996989369392395,0.4320485591888428,6.648519515991211,6,0.3406333923339844,1.8530848026275635,0,0,0
blind,111,11,3.107698678970337,-0.7309916615486145,5.013142108917236,3.435471534729004,-0.817950963973999,5.0304131507873535,6,0.3406333923339844,1.8530848026275635,0,0,0
blind,112,0,3.813763380050659,1.7380589246749878,5.514440536499023,4.0320000648498535,1.6698474884033203,5.530794143676758,5,0.34268826246261597,1.870192527770996,0,0,0
blind,112,1,5.884471893310547,1.7817612886428833,4.135941028594971,6.2642011642456055,1.6698474884033203,4.178101539611816,5,0.34268826246261597,1.870192527770996,0,0,0
blind,112,2,5.137613773345947,3.9620110988616943,5.165656566619873,5.426405906677246,3.8349111080169678,5.105786323547363,5,0.34268826246261597,1.870192527770996,0,0,0
blind,112,3,3.4444468021392822,3.9112937450408936,6.940134525299072,3.7508156299591064,3.8349108695983887,6.961156368255615,5,0.34268826246261597,1.870192527770996,0,0,0
blind,112,4,2.6618480682373047,1.6400569677352905,7.792643070220947,2.913020610809326,1.6698472499847412,7.888841152191162,5,0.34268826246261597,1.870192527770996,0,0,0
blind,112,5,3.4458558559417725,-0.42049241065979004,7.0584821701049805,3.7508158683776855,-0.49521613121032715,6.961155891418457,5,0.34268826246261597,1.870192527770996,0,0,0
blind,112,6,4.97467565536499,-0.34728336334228516,4.973906993865967,5.426405906677246,-0.49521613121032715,5.105786323547363,5,0.34268826246261597,1.870192527770996,0,0,0
blind,112,7,4.615087985992432,3.0005738735198975,3.3822216987609863,4.926492691040039,2.9198474884033203,3.4213197231292725,5,0.34268826246261597,1.870192527770996,0,0,0
blind,112,8,3.1010401248931885,4.2854390144348145,5.003690719604492,3.475389003753662,4.16984748840332,5.0281171798706055,5,0.34268826246261597,1.870192527770996,0,0,0
blind,112,9,1.7798562049865723,2.9745688438415527,6.553680419921875,2.024285316467285,2.9198474884033203,6.634914398193359,5,0.34268826246261597,1.870192527770996,0,0,0
blind,112,10,1.6500883102416992,0.5485860109329224,6.454281806945801,2.024285316467285,0.4198470115661621,6.634914398193359,5,0.34268826246261597,1.870192527770996,0,0,0
blind,112,11,3.1473326683044434,-0.7437127232551575,5.00970458984375,3.475389003753662,-0.8301525115966797,5.0281171798706055,5,0.34268826246261597,1.870192527770996,0,0,0
blind,113,0,3.8497633934020996,1.7266631126403809,5.517035484313965,4.068000316619873,1.6575803756713867,5.532764911651611,5,0.3439776301383972,1.878023624420166,0,0,0
blind,113,1,5.929465293884277,1.7723712921142578,4.157942295074463,6.3110761642456055,1.6575803756713867,4.198182582855225,5,0.3439776301383972,1.878023624420166,0,0,0
blind,113,2,5.171326637268066,3.9488651752471924,5.191934108734131,5.4658002853393555,3.822643995285034,5.119056701660156,5,0.3439776301383972,1.878023624420166,0,0,0
blind,113,3,3.4713785648345947,3.895918607711792,6.93973970413208,3.7752487659454346,3.822643756866455,6.960804462432861,5,0.3439776301383972,1.878023624420166,0,0,0
blind,113,4,2.6648805141448975,1.6237540245056152,7.769451141357422,2.9299728870391846,1.6575801372528076,7.881678581237793,5,0.3439776301383972,1.878023624420166,0,0,0
blind,113,5,3.4984617233276367,-0.4338947832584381,7.02746057510376,3.7752490043640137,-0.5074832439422607,6.960803985595703,5,0.3439776301383972,1.878023624420166,0,0,0
blind,113,6,5.0221848487854,-0.35772964358329773,4.98425817489624,5.4658002853393555,-0.5074832439422607,5.119056701660156,5,0.3439776301383972,1.878023624420166,0,0,0
blind,113,7,4.664947509765625,2.985504627227783,3.400136709213257,4.979536533355713,2.9075803756713867,3.4305989742279053,5,0.3439776301383972,1.878023624420166,0,0,0
blind,113,8,3.142094135284424,4.276163578033447,5.00199556350708,3.5154757499694824,4.157580375671387,5.025599479675293,5,0.3439776301383972,1.878023624420166,0,0,0
blind,113,9,1.804202914237976,2.9670400619506836,6.529825687408447,2.051415205001831,2.9075803756713867,6.620599746704102,5,0.3439776301383972,1.878023624420166,0,0,0
blind,113,10,1.642310380935669,0.5062743425369263,6.444334983825684,2.051415205001831,0.4075798988342285,6.620599746704102,5,0.3439776301383972,1.878023624420166,0,0,0
blind,113,11,3.186870813369751,-0.7553965449333191,5.005610942840576,3.5154759883880615,-0.8424196243286133,5.025599479675293,5,0.3439776301383972,1.878023624420166,0,0,0
blind,114,0,3.88576340675354,1.7151362895965576,5.519526958465576,4.104000091552734,1.6452586650848389,5.53463077545166,5,0.34390491247177124,1.8920053243637085,0,0,0
blind,114,1,5.97426176071167,1.7632973194122314,4.180945873260498,6.358149528503418,1.6452586650848389,4.218838214874268,5,0.34390491247177124,1.8920053243637085,0,0,0
blind,114,2,5.208566665649414,3.931612730026245,5.212523460388184,5.505208492279053,3.8103222846984863,5.132616996765137,5,0.34390491247177124,1.8920053243637085,0,0,0
blind,114,3,3.497664451599121,3.880591869354248,6.938842296600342,3.799326181411743,3.8103220462799072,6.960174083709717,5,0.34390491247177124,1.8920053243637085,0,0,0
blind,114,4,2.6643760204315186,1.6106817722320557,7.743947505950928,2.946384906768799,1.6452584266662598,7.873952865600586,5,0.34390491247177124,1.8920053243637085,0,0,0
blind,114,5,3.5377962589263916,-0.44326379895210266,6.995883941650391,3.7993264198303223,-0.5198049545288086,6.960174083709717,5,0.34390491247177124,1.8920053243637085,0,0,0
blind,114,6,5.077104568481445,-0.37136217951774597,5.002933025360107,5.5052080154418945,-0.5198049545288086,5.132616996765137,5,0.34390491247177124,1.8920053243637085,0,0,0
blind,114,7,4.715460777282715,2.9729464054107666,3.418323040008545,5.033070087432861,2.895258665084839,3.440155029296875,5,0.34390491247177124,1.8920053243637085,0,0,0
blind,114,8,3.1830289363861084,4.266888618469238,4.999741077423096,3.5557327270507812,4.145258903503418,5.022866249084473,5,0.34390491247177124,1.8920053243637085,0,0,0
blind,114,9,1.827852487564087,2.960724115371704,6.5058088302612305,2.0783956050872803,2.895258903503418,6.605576992034912,5,0.34390491247177124,1.8920053243637085,0,0,0
blind,114,10,1.6538004875183105,0.453853964805603,6.4525909423828125,2.0783956050872803,0.39525818824768066,6.605576992034912,5,0.34390491247177124,1.8920053243637085,0,0,0
blind,114,11,3.226749897003174,-0.7661625146865845,5.000823974609375,3.5557327270507812,-0.8547413349151611,5.022866249084473,5,0.34390491247177124,1.8920053243637085,0,0,0
blind,115,0,3.9217634201049805,1.7034904956817627,5.521914958953857,4.140000343322754,1.63289213180542,5.53639030456543,5,0.3432126045227051,1.9026275873184204,0,0,0
blind,115,1,6.018925189971924,1.7544130086898804,4.204792022705078,6.405401706695557,1.63289213180542,4.240065574645996,5,0.3432126045227051,1.9026275873184204,0,0,0
blind,115,2,5.249192237854004,3.910768985748291,5.225977420806885,5.544620037078857,3.7979557514190674,5.146462440490723,5,0.3432126045227051,1.9026275873184204,0,0,0
blind,115,3,3.5232489109039307,3.8657612800598145,6.937550067901611,3.823056936264038,3.7979555130004883,6.959256172180176,5,0.3432126045227051,1.9026275873184204,0,0,0
blind,115,4,2.6580235958099365,1.6022677421569824,7.71916389465332,2.962275505065918,1.6328918933868408,7.865653038024902,5,0.3432126045227051,1.9026275873184204,0,0,0
blind,115,5,3.576723337173462,-0.4520149528980255,6.956141471862793,3.823057174682617,-0.5321714878082275,6.959256172180176,5,0.3432126045227051,1.9026275873184204,0,0,0
blind,115,6,5.129205703735352,-0.38529789447784424,5.026278972625732,5.544619560241699,-0.5321714878082275,5.146462440490723,5,0.3432126045227051,1.9026275873184204,0,0,0
blind,115,7,4.766560077667236,2.962790012359619,3.435767650604248,5.0870795249938965,2.88289213180542,3.449995994567871,5,0.3432126045227051,1.9026275873184204,0,0,0
blind,115,8,3.223862886428833,4.257528781890869,4.996968746185303,3.5961620807647705,4.13289213180542,5.01992130279541,5,0.3432126045227051,1.9026275873184204,0,0,0
blind,115,9,1.8507224321365356,2.955439805984497,6.48106575012207,2.1052451133728027,2.88289213180542,6.589846611022949,5,0.3432126045227051,1.9026275873184204,0,0,0
blind,115,10,1.6875379085540771,0.4073081910610199,6.47712516784668,2.1052451133728027,0.3828916549682617,6.589846611022949,5,0.3432126045227051,1.9026275873184204,0,0,0
blind,115,11,3.259962558746338,-0.7743437886238098,4.995759963989258,3.5961623191833496,-0.8671078681945801,5.01992130279541,5,0.3432126045227051,1.9026275873184204,0,0,0
blind,116,0,3.957763433456421,1.6917376518249512,5.52419900894165,4.176000118255615,1.6204900741577148,5.538043975830078,6,0.343737930059433,1.9011355638504028,0,0,0
blind,116,1,6.063391208648682,1.7455393075942993,4.2288384437561035,6.452811241149902,1.6204900741577148,4.261865615844727,6,0.343737930059433,1.9011355638504028,0,0,0
blind,116,2,5.292054176330566,3.887697696685791,5.2319512367248535,5.584023475646973,3.7855536937713623,5.160591125488281,6,0.343737930059433,1.9011355638504028,0,0,0
blind,116,3,3.5421946048736572,3.8535568714141846,6.9357008934021,3.846447467803955,3.785553455352783,6.958042144775391,6,0.343737930059433,1.9011355638504028,0,0,0
blind,116,4,2.6496667861938477,1.598525881767273,7.690642833709717,2.9776597023010254,1.6204898357391357,7.856767654418945,6,0.343737930059433,1.9011355638504028,0,0,0
blind,116,5,3.609394073486328,-0.4597169756889343,6.917468070983887,3.8464479446411133,-0.5445735454559326,6.958042144775391,6,0.343737930059433,1.9011355638504028,0,0,0
blind,116,6,5.178391933441162,-0.3993644118309021,5.053079128265381,5.5840229988098145,-0.5445735454559326,5.160591125488281,6,0.343737930059433,1.9011355638504028,0,0,0
blind,116,7,4.818751335144043,2.9546306133270264,3.4521234035491943,5.141549110412598,2.870490074157715,3.4601328372955322,6,0.343737930059433,1.9011355638504028,0,0,0
blind,116,8,3.2645955085754395,4.248004913330078,4.993714809417725,3.6367647647857666,4.120490074157715,5.01677131652832,6,0.343737930059433,1.9011355638504028,0,0,0
blind,116,9,1.8731296062469482,2.9509150981903076,6.456089973449707,2.1319801807403564,2.870490074157715,6.573409557342529,6,0.343737930059433,1.9011355638504028,0,0,0
blind,116,10,1.7237311601638794,0.3745568096637726,6.501889705657959,2.1319801807403564,0.37048959732055664,6.573409557342529,6,0.343737930059433,1.9011355638504028,0,0,0
blind,116,11,3.301701307296753,-0.7837421298027039,4.989899635314941,3.6367647647857666,-0.8795099258422852,5.01677131652832,6,0.343737930059433,1.9011355638504028,0,0,0
blind,117,0,3.9937634468078613,1.67988920211792,5.526378631591797,4.212000370025635,1.6080619096755981,5.539591312408447,5,0.3445051610469818,1.8907653093338013,0,0,0
blind,117,1,6.1079936027526855,1.736560583114624,4.253432273864746,6.500358581542969,1.6080619096755981,4.284235954284668,5,0.3445051610469818,1.8907653093338013,0,0,0
blind,117,2,5.328441619873047,3.867616653442383,5.234203338623047,5.623408317565918,3.773125648498535,5.174998760223389,5,0.3445051610469818,1.8907653093338013,0,0,0
blind,117,3,3.5680344104766846,3.8382601737976074,6.933286190032959,3.8695077896118164,3.773125171661377,6.95652437210083,5,0.3445051610469818,1.8907653093338013,0,0,0
blind,117,4,2.637847423553467,1.6016132831573486,7.662594795227051,2.9925577640533447,1.608061671257019,7.847287178039551,5,0.3445051610469818,1.8907653093338013,0,0,0
blind,117,5,3.6381101608276367,-0.4677550494670868,6.8814544677734375,3.8695080280303955,-0.5570017099380493,6.956523895263672,5,0.3445051610469818,1.8907653093338013,0,0,0
blind,117,6,5.2248101234436035,-0.4134519100189209,5.082247257232666,5.623408317565918,-0.5570017099380493,5.174998760223389,5,0.3445051610469818,1.8907653093338013,0,0,0
blind,117,7,4.872000694274902,2.9479684829711914,3.4669349193573,5.196465015411377,2.8580617904663086,3.4705748558044434,5,0.3445051610469818,1.8907653093338013,0,0,0
blind,117,8,3.304936408996582,4.238280773162842,4.990213871002197,3.6775426864624023,4.108061790466309,5.013421058654785,5,0.3445051610469818,1.8907653093338013,0,0,0
blind,117,9,1.8897180557250977,2.9479193687438965,6.432653903961182,2.1586203575134277,2.8580620288848877,6.556267738342285,5,0.3445051610469818,1.8907653093338013,0,0,0
blind,117,10,1.7782926559448242,0.35489580035209656,6.530404567718506,2.1586203575134277,0.35806143283843994,6.556267738342285,5,0.3445051610469818,1.8907653093338013,0,0,0
blind,117,11,3.343456268310547,-0.7923049330711365,4.983904838562012,3.6775426864624023,-0.8919380903244019,5.013421058654785,5,0.3445051610469818,1.8907653093338013,0,0,0
blind,118,0,4.029763221740723,1.6679561138153076,5.528453826904297,4.248000144958496,1.5956158638000488,5.541032314300537,6,0.3459954261779785,1.839570164680481,0,0,0
blind,118,1,6.145806312561035,1.7292920351028442,4.276721477508545,6.54802131652832,1.5956158638000488,4.307175636291504,6,0.3459954261779785,1.839570164680481,0,0,0
blind,118,2,5.373249530792236,3.8439743518829346,5.229723930358887,5.662762641906738,3.7606794834136963,5.189681529998779,6,0.3459954261779785,1.839570164680481,0,0,0
blind,118,3,3.593329668045044,3.823289632797241,6.930286884307861,3.892244815826416,3.760679244995117,6.954693794250488,6,0.3459954261779785,1.839570164680481,0,0,0
blind,118,4,2.623370409011841,1.6124051809310913,7.636881351470947,3.006986141204834,1.5956156253814697,7.837199687957764,6,0.3459954261779785,1.839570164680481,0,0,0
blind,118,5,3.664870500564575,-0.4774654507637024,6.8494696617126465,3.892245054244995,-0.5694477558135986,6.95469331741333,6,0.3459954261779785,1.839570164680481,0,0,0
blind,118,6,5.268505096435547,-0.42745423316955566,5.112473011016846,5.662762641906738,-0.5694477558135986,5.1896820068359375,6,0.3459954261779785,1.839570164680481,0,0,0
blind,118,7,4.9261627197265625,2.9422032833099365,3.4800338745117188,5.251809597015381,2.845615863800049,3.4813318252563477,6,0.3459954261779785,1.839570164680481,0,0,0
blind,118,8,3.3384125232696533,4.230271816253662,4.986380100250244,3.718496561050415,4.095615863800049,5.0098772048950195,6,0.3459954261779785,1.839570164680481,0,0,0
blind,118,9,1.912041425704956,2.943779945373535,6.407008171081543,2.185183525085449,2.845615863800049,6.538422107696533,6,0.3459954261779785,1.839570164680481,0,0,0
blind,118,10,1.8379454612731934,0.3516491651535034,6.551699161529541,2.185183525085449,0.3456153869628906,6.538422107696533,6,0.3459954261779785,1.839570164680481,0,0,0
blind,118,11,3.3852128982543945,-0.8002356290817261,4.977941036224365,3.718496561050415,-0.9043841361999512,5.0098772048950195,6,0.3459954261779785,1.839570164680481,0,0,0
blind,119,0,4.065762996673584,1.6559489965438843,5.530423641204834,4.283999919891357,1.5831600427627563,5.5423665046691895,5,0.3472099304199219,1.7971209287643433,0,0,0
blind,119,1,6.191871166229248,1.7196083068847656,4.3027567863464355,6.595778465270996,1.5831600427627563,4.330681800842285,5,0.3472099304199219,1.7971209287643433,0,0,0
blind,119,2,5.4174933433532715,3.8221631050109863,5.222395420074463,5.702075004577637,3.7482237815856934,5.204635143280029,5,0.3472099304199219,1.7971209287643433,0,0,0
blind,119,3,3.6181483268737793,3.80867862701416,6.926688194274902,3.914668560028076,3.748223304748535,6.952541828155518,5,0.3472099304199219,1.7971209287643433,0,0,0
blind,119,4,2.6091113090515137,1.6309388875961304,7.61508846282959,3.020965099334717,1.5831598043441772,7.826495170593262,5,0.3472099304199219,1.7971209287643433,0,0,0
blind,119,5,3.6916885375976562,-0.4903661906719208,6.822903156280518,3.9146687984466553,-0.5819035768508911,6.952541351318359,5,0.3472099304199219,1.7971209287643433,0,0,0
blind,119,6,5.310316562652588,-0.4414234459400177,5.143354415893555,5.702075004577637,-0.5819035768508911,5.204635143280029,5,0.3472099304199219,1.7971209287643433,0,0,0
blind,119,7,4.973333358764648,2.9380671977996826,3.4912209510803223,5.307567596435547,2.833159923553467,3.49241304397583,5,0.3472099304199219,1.7971209287643433,0,0,0
blind,119,8,3.380159854888916,4.219571113586426,4.9821248054504395,3.7596278190612793,4.083159923553467,5.0061445236206055,5,0.3472099304199219,1.7971209287643433,0,0,0
blind,119,9,1.9346076250076294,2.939178705215454,6.382136344909668,2.21168851852417,2.833160161972046,6.519876003265381,5,0.3472099304199219,1.7971209287643433,0,0,0
blind,119,10,1.8978756666183472,0.36010971665382385,6.5621018409729,2.21168851852417,0.33315956592559814,6.519876003265381,5,0.3472099304199219,1.7971209287643433,0,0,0
blind,119,11,3.4269838333129883,-0.8077659606933594,4.97218132019043,3.7596278190612793,-0.9168399572372437,5.0061445236206055,5,0.3472099304199219,1.7971209287643433,0,0,0
blind,120,0,4.101762771606445,1.6438779830932617,5.532288551330566,4.320000171661377,1.5707018375396729,5.543593883514404,5,0.3485899865627289,1.7705447673797607,0,0,0
blind,120,1,6.237946033477783,1.709578275680542,4.328857421875,6.643609046936035,1.5707018375396729,4.354752540588379,5,0.3485899865627289,1.7705447673797607,0,0,0
blind,120,2,5.460911750793457,3.80305552482605,5.213796138763428,5.741334915161133,3.7357654571533203,5.219855308532715,5,0.3485899865627289,1.7705447673797607,0,0,0
blind,120,3,3.6425535678863525,3.7944693565368652,6.922476768493652,3.9367880821228027,3.735765218734741,6.950060844421387,5,0.3485899865627289,1.7705447673797607,0,0,0
blind,120,4,2.595991373062134,1.6571824550628662,7.59956693649292,3.0345146656036377,1.5707015991210938,7.8151631355285645,5,0.3485899865627289,1.7705447673797607,0,0,0
blind,120,5,3.7203922271728516,-0.5082031488418579,6.803998947143555,3.936788320541382,-0.5943617820739746,6.9500603675842285,5,0.3485899865627289,1.7705447673797607,0,0,0
blind,120,6,5.344167709350586,-0.45293399691581726,5.171435832977295,5.741334915161133,-0.5943617820739746,5.219855308532715,5,0.3485899865627289,1.7705447673797607,0,0,0
blind,120,7,5.030134677886963,2.932246685028076,3.502004623413086,5.36372184753418,2.820701837539673,3.5038280487060547,5,0.3485899865627289,1.7705447673797607,0,0,0
blind,120,8,3.421694755554199,4.2085161209106445,4.977681636810303,3.800938606262207,4.070701599121094,5.002229690551758,5,0.3485899865627289,1.7705447673797607,0,0,0
blind,120,9,1.9577966928482056,2.933527708053589,6.358277320861816,2.2381551265716553,2.820702075958252,6.500631332397461,5,0.3485899865627289,1.7705447673797607,0,0,0
blind,120,10,1.954961895942688,0.3753594160079956,6.559932708740234,2.2381551265716553,0.32070136070251465,6.500631332397461,5,0.3485899865627289,1.7705447673797607,0,0,0
blind,120,11,3.468479633331299,-0.8151636719703674,4.967022895812988,3.800938606262207,-0.9292981624603271,5.002229690551758,5,0.3485899865627289,1.7705447673797607,0,0,0
blind,121,0,4.137763023376465,1.631752848625183,5.534048080444336,4.3560004234313965,1.5582481622695923,5.544713973999023,5,0.34970802068710327,1.7649097442626953,0,0,0
blind,121,1,6.2840447425842285,1.69916832447052,4.355034351348877,6.691489219665527,1.5582481622695923,4.379384994506836,5,0.34970802068710327,1.7649097442626953,0,0,0
blind,121,2,5.504311561584473,3.7866029739379883,5.206488132476807,5.7805304527282715,3.7233119010925293,5.235337257385254,5,0.34970802068710327,1.7649097442626953,0,0,0
blind,121,3,3.6665351390838623,3.7806296348571777,6.917611122131348,3.9586129188537598,3.723311424255371,6.94724178314209,5,0.34970802068710327,1.7649097442626953,0,0,0
blind,121,4,2.5864603519439697,1.689862608909607,7.592384338378906,3.047654390335083,1.5582479238510132,7.803194046020508,5,0.34970802068710327,1.7649097442626953,0,0,0
blind,121,5,3.7438340187072754,-0.5265094637870789,6.792574882507324,3.958613395690918,-0.6068154573440552,6.947241306304932,5,0.34970802068710327,1.7649097442626953,0,0,0
blind,121,6,5.384609699249268,-0.46714553236961365,5.202598571777344,5.7805304527282715,-0.6068154573440552,5.235337257385254,5,0.34970802068710327,1.7649097442626953,0,0,0
blind,121,7,5.087104797363281,2.925633668899536,3.5117523670196533,5.420255661010742,2.8082480430603027,3.5155858993530273,5,0.34970802068710327,1.7649097442626953,0,0,0
blind,121,8,3.4630625247955322,4.197082042694092,4.973130702972412,3.8424289226531982,4.058248043060303,4.998138904571533,5,0.34970802068710327,1.7649097442626953,0,0,0
blind,121,9,1.982978343963623,2.926029920578003,6.336928367614746,2.2646021842956543,2.808248281478882,6.480691432952881,5,0.34970802068710327,1.7649097442626953,0,0,0
blind,121,10,2.0072760581970215,0.3929317891597748,6.54480504989624,2.2646021842956543,0.3082476854324341,6.480691432952881,5,0.34970802068710327,1.7649097442626953,0,0,0
blind,121,11,3.5101263523101807,-0.8226807117462158,4.962339878082275,3.8424291610717773,-0.9417518377304077,4.998138904571533,5,0.34970802068710327,1.7649097442626953,0,0,0
blind,122,0,4.173762798309326,1.6195827722549438,5.535701751708984,4.392000198364258,1.5458056926727295,5.545727252960205,5,0.3507453203201294,1.7754837274551392,0,0,0
blind,122,1,6.3302083015441895,1.6883512735366821,4.381283760070801,6.739397048950195,1.5458056926727295,4.404574394226074,5,0.3507453203201294,1.7754837274551392,0,0,0
blind,122,2,5.548129081726074,3.7728958129882812,5.2023234367370605,5.819648742675781,3.710869312286377,5.251075267791748,5,0.3507453203201294,1.7754837274551392,0,0,0
blind,122,3,3.690077066421509,3.7675905227661133,6.912400245666504,3.9801526069641113,3.710869073867798,6.944077014923096,5,0.3507453203201294,1.7754837274551392,0,0,0
blind,122,4,2.577101707458496,1.7229326963424683,7.590274810791016,3.0604045391082764,1.5458054542541504,7.7905778884887695,5,0.3507453203201294,1.7754837274551392,0,0,0
blind,122,5,3.774874448776245,-0.5559581518173218,6.793276786804199,3.9801526069641113,-0.619257926940918,6.9440765380859375,5,0.3507453203201294,1.7754837274551392,0,0,0
blind,122,6,5.424290180206299,-0.4812803566455841,5.2326836585998535,5.819648742675781,-0.619257926940918,5.251075744628906,5,0.3507453203201294,1.7754837274551392,0,0,0
blind,122,7,5.143857002258301,2.9176316261291504,3.520454168319702,5.477149963378906,2.7958056926727295,3.527696132659912,5,0.3507453203201294,1.7754837274551392,0,0,0
blind,122,8,3.5043060779571533,4.185263633728027,4.968548774719238,3.8840997219085693,4.045805931091309,4.993878364562988,5,0.3507453203201294,1.7754837274551392,0,0,0
blind,122,9,2.009936809539795,2.916221857070923,6.3177080154418945,2.2910494804382324,2.7958059310913086,6.4600605964660645,5,0.3507453203201294,1.7754837274551392,0,0,0
blind,122,10,2.053374767303467,0.4088577628135681,6.517307281494141,2.2910494804382324,0.2958052158355713,6.4600605964660645,5,0.3507453203201294,1.7754837274551392,0,0,0
blind,122,11,3.5448527336120605,-0.8287209868431091,4.958037376403809,3.8840997219085693,-0.9541943073272705,4.993878364562988,5,0.3507453203201294,1.7754837274551392,0,0,0
blind,123,0,4.209763050079346,1.6073764562606812,5.537249565124512,4.428000450134277,1.5333800315856934,5.546632766723633,6,0.3506098687648773,1.810642957687378,0,0,0
blind,123,1,6.376367092132568,1.6770658493041992,4.407099723815918,6.787309646606445,1.5333800315856934,4.430316925048828,6,0.3506098687648773,1.810642957687378,0,0,0
blind,123,2,5.592628002166748,3.7618441581726074,5.203313827514648,5.858678817749023,3.698443651199341,5.267064094543457,6,0.3506098687648773,1.810642957687378,0,0,0
blind,123,3,3.7071805000305176,3.7572007179260254,6.906970977783203,4.001418113708496,3.6984434127807617,6.940558433532715,6,0.3506098687648773,1.810642957687378,0,0,0
blind,123,4,2.5802419185638428,1.758730411529541,7.6022491455078125,3.0727880001068115,1.5333797931671143,7.7773051261901855,6,0.3506098687648773,1.810642957687378,0,0,0
blind,123,5,3.803628444671631,-0.58858722448349,6.813203811645508,4.001418590545654,-0.6316835880279541,6.940557956695557,6,0.3506098687648773,1.810642957687378,0,0,0
blind,123,6,5.4636359214782715,-0.495347261428833,5.261388301849365,5.858678817749023,-0.6316835880279541,5.267064094543457,6,0.3506098687648773,1.810642957687378,0,0,0
blind,123,7,5.200722694396973,2.908129930496216,3.5289628505706787,5.534387111663818,2.7833800315856934,3.540166139602661,6,0.3506098687648773,1.810642957687378,0,0,0
blind,123,8,3.54545259475708,4.173086643218994,4.96397590637207,3.925952196121216,4.033380031585693,4.989454746246338,6,0.3506098687648773,1.810642957687378,0,0,0
blind,123,9,2.0387868881225586,2.903616428375244,6.3012566566467285,2.3175172805786133,2.7833800315856934,6.438742637634277,6,0.3506098687648773,1.810642957687378,0,0,0
blind,123,10,2.087451696395874,0.42132875323295593,6.485583305358887,2.3175172805786133,0.28337955474853516,6.438742637634277,6,0.3506098687648773,1.810642957687378,0,0,0
blind,123,11,3.5880064964294434,-0.8373246788978577,4.95422887802124,3.925952196121216,-0.9666199684143066,4.98945426940918,6,0.3506098687648773,1.810642957687378,0,0,0
blind,124,0,4.245762825012207,1.5951422452926636,5.53869104385376,4.464000225067139,1.5209767818450928,5.547430992126465,5,0.35020551085472107,1.8112660646438599,0,0,0
blind,124,1,6.422729969024658,1.6653636693954468,4.433069705963135,6.835204124450684,1.5209767818450928,4.456608772277832,5,0.35020551085472107,1.8112660646438599,0,0,0
blind,124,2,5.629981517791748,3.754289388656616,5.2088775634765625,5.897608757019043,3.6860404014587402,5.283298492431641,5,0.35020551085472107,1.8112660646438599,0,0,0
blind,124,3,3.7311930656433105,3.7442164421081543,6.900121688842773,4.022418975830078,3.686040163040161,6.936677932739258,5,0.35020551085472107,1.8112660646438599,0,0,0
blind,124,4,2.5928332805633545,1.7912415266036987,7.624207496643066,3.0848240852355957,1.5209765434265137,7.763367176055908,5,0.35020551085472107,1.8112660646438599,0,0,0
blind,124,5,3.8246750831604004,-0.6178465485572815,6.850623607635498,4.022418975830078,-0.6440868377685547,6.9366774559021,5,0.35020551085472107,1.8112660646438599,0,0,0
blind,124,6,5.50301456451416,-0.5093669295310974,5.288503170013428,5.897608757019043,-0.6440868377685547,5.283298492431641,5,0.35020551085472107,1.8112660646438599,0,0,0
blind,124,7,5.257594585418701,2.8970510959625244,3.5376930236816406,5.591948509216309,2.7709767818450928,3.5530056953430176,5,0.35020551085472107,1.8112660646438599,0,0,0
blind,124,8,3.5862488746643066,4.160634517669678,4.959653854370117,3.9679863452911377,4.020977020263672,4.984874248504639,5,0.35020551085472107,1.8112660646438599,0,0,0
blind,124,9,2.0621137619018555,2.891488790512085,6.286867618560791,2.344024419784546,2.770977020263672,6.416742324829102,5,0.35020551085472107,1.8112660646438599,0,0,0
blind,124,10,2.1193292140960693,0.42741212248802185,6.440060138702393,2.344024419784546,0.27097630500793457,6.416742324829102,5,0.35020551085472107,1.8112660646438599,0,0,0
blind,124,11,3.6309714317321777,-0.8466386795043945,4.9510817527771,3.967986583709717,-0.9790232181549072,4.9848737716674805,5,0.35020551085472107,1.8112660646438599,0,0,0
blind,125,0,4.281762599945068,1.582887887954712,5.5400261878967285,4.5,1.5086004734039307,5.548121452331543,6,0.3501525819301605,1.814752459526062,0,0,0
blind,125,1,6.462106704711914,1.6556463241577148,4.45783805847168,6.883057117462158,1.5086004734039307,4.483443260192871,6,0.3501525819301605,1.814752459526062,0,0,0
blind,125,2,5.675992488861084,3.7474918365478516,5.223898410797119,5.936427116394043,3.673664093017578,5.299771785736084,6,0.3501525819301605,1.814752459526062,0,0,0
blind,125,3,3.7547547817230225,3.731782913208008,6.892584323883057,4.043166637420654,3.673663854598999,6.932427406311035,6,0.3501525819301605,1.814752459526062,0,0,0
blind,125,4,2.6158111095428467,1.815524697303772,7.654562473297119,3.09653639793396,1.5086002349853516,7.74875545501709,6,0.3501525819301605,1.814752459526062,0,0,0
blind,125,5,3.8354439735412598,-0.6384223699569702,6.897876262664795,4.043166637420654,-0.6564631462097168,6.932427406311035,6,0.3501525819301605,1.814752459526062,0,0,0
blind,125,6,5.542641639709473,-0.5233491659164429,5.313390731811523,5.936427116394043,-0.6564631462097168,5.299771785736084,6,0.3501525819301605,1.814752459526062,0,0,0
blind,125,7,5.314375400543213,2.884577751159668,3.547163963317871,5.649814605712891,2.7586004734039307,3.5662219524383545,6,0.3501525819301605,1.814752459526062,0,0,0
blind,125,8,3.620251417160034,4.150275707244873,4.95539665222168,4.010202884674072,4.008600234985352,4.9801435470581055,6,0.3501525819301605,1.814752459526062,0,0,0
blind,125,9,2.0937557220458984,2.872976303100586,6.275221824645996,2.370591640472412,2.7586007118225098,6.394064903259277,6,0.3501525819301605,1.814752459526062,0,0,0
blind,125,10,2.1431663036346436,0.423097163438797,6.390085697174072,2.370591640472412,0.25859999656677246,6.394064903259277,6,0.3501525819301605,1.814752459526062,0,0,0
blind,125,11,3.673738479614258,-0.8567869067192078,4.948495388031006,4.0102033615112305,-0.9913995265960693,4.9801435470581055,6,0.3501525819301605,1.814752459526062,0,0,0
blind,126,0,4.317762851715088,1.5706207752227783,5.541254997253418,4.5360002517700195,1.4962553977966309,5.548704147338867,5,0.3501957356929779,1.8316150903701782,0,0,0
blind,126,1,6.509828567504883,1.6430388689041138,4.485053062438965,6.930846214294434,1.4962553977966309,4.5108160972595215,5,0.3501957356929779,1.8316150903701782,0,0,0
blind,126,2,5.720110893249512,3.7427680492401123,5.247227191925049,5.97512149810791,3.6613190174102783,5.3164777755737305,5,0.3501957356929779,1.8316150903701782,0,0,0
blind,126,3,3.777876377105713,3.719876289367676,6.884358882904053,4.0636725425720215,3.661318778991699,6.927800178527832,5,0.3501957356929779,1.8316150903701782,0,0,0
blind,126,4,2.6500015258789062,1.8255646228790283,7.690128326416016,3.107947826385498,1.4962551593780518,7.733461856842041,5,0.3501957356929779,1.8316150903701782,0,0,0
blind,126,5,3.837223768234253,-0.6488996744155884,6.947032451629639,4.0636725425720215,-0.6688082218170166,6.927800178527832,5,0.3501957356929779,1.8316150903701782,0,0,0
blind,126,6,5.582831859588623,-0.5373287796974182,5.33652925491333,5.97512149810791,-0.6688082218170166,5.3164777755737305,5,0.3501957356929779,1.8316150903701782,0,0,0
blind,126,7,5.363539218902588,2.8737850189208984,3.556952714920044,5.7079668045043945,2.746255397796631,3.5798227787017822,5,0.3501957356929779,1.8316150903701782,0,0,0
blind,126,8,3.6625683307647705,4.136878967285156,4.951106548309326,4.052603244781494,3.996255397796631,4.975269317626953,5,0.3501957356929779,1.8316150903701782,0,0,0
blind,126,9,2.1254191398620605,2.8518669605255127,6.266635894775391,2.3972396850585938,2.746255397796631,6.370716094970703,5,0.3501957356929779,1.8316150903701782,0,0,0
blind,126,10,2.1601505279541016,0.40805724263191223,6.3395819664001465,2.3972396850585938,0.24625492095947266,6.370716094970703,5,0.3501957356929779,1.8316150903701782,0,0,0
blind,126,11,3.716315984725952,-0.8678570985794067,4.946376323699951,4.052603244781494,-1.0037446022033691,4.975269317626953,5,0.3501957356929779,1.8316150903701782,0,0,0
blind,127,0,4.353762626647949,1.558347463607788,5.54237699508667,4.572000026702881,1.4839450120925903,5.5491790771484375,5,0.3510572910308838,1.8571826219558716,0,0,0
blind,127,1,6.557406902313232,1.6302326917648315,4.51246452331543,6.9785475730896,1.4839450120925903,4.538719177246094,5,0.3510572910308838,1.8571826219558716,0,0,0
blind,127,2,5.760777950286865,3.7394473552703857,5.277217388153076,6.013680458068848,3.6490087509155273,5.333409309387207,5,0.3510572910308838,1.8571826219558716,0,0,0
blind,127,3,3.8005707263946533,3.7084853649139404,6.875460147857666,4.08394718170166,3.649008274078369,6.922789096832275,5,0.3510572910308838,1.8571826219558716,0,0,0
blind,127,4,2.690835475921631,1.8192962408065796,7.724693775177002,3.1190803050994873,1.4839447736740112,7.7174787521362305,5,0.3510572910308838,1.8571826219558716,0,0,0
blind,127,5,3.832893133163452,-0.6502299308776855,6.99287223815918,4.08394718170166,-0.6811186075210571,6.922788619995117,5,0.3510572910308838,1.8571826219558716,0,0,0
blind,127,6,5.616366863250732,-0.5488031506538391,5.356927394866943,6.013680458068848,-0.6811186075210571,5.333409309387207,5,0.3510572910308838,1.8571826219558716,0,0,0
blind,127,7,5.421550273895264,2.8593719005584717,3.569261312484741,5.766384124755859,2.733944892883301,3.593815803527832,5,0.3510572910308838,1.8571826219558716,0,0,0
blind,127,8,3.704772472381592,4.123348236083984,4.946991443634033,4.09518575668335,3.983944892883301,4.970259189605713,5,0.3510572910308838,1.8571826219558716,0,0,0
blind,127,9,2.156355142593384,2.828782320022583,6.260318279266357,2.423987865447998,2.73394513130188,6.3467020988464355,5,0.3510572910308838,1.8571826219558716,0,0,0
blind,127,10,2.172213554382324,0.3834208846092224,6.292308330535889,2.423987865447998,0.23394453525543213,6.3467020988464355,5,0.3510572910308838,1.8571826219558716,0,0,0
blind,127,11,3.7583885192871094,-0.879864513874054,4.9448018074035645,4.095186233520508,-1.0160549879074097,4.970259189605713,5,0.3510572910308838,1.8571826219558716,0,0,0
blind,128,0,4.389762878417969,1.5460742712020874,5.543392181396484,4.6080002784729,1.471672773361206,5.549546241760254,5,0.35174474120140076,1.8858784437179565,0,0,0
blind,128,1,6.604788780212402,1.617321252822876,4.5402326583862305,7.0261383056640625,1.471672773361206,4.567146301269531,5,0.35174474120140076,1.8858784437179565,0,0,0
blind,128,2,5.797583103179932,3.7366902828216553,5.312510013580322,6.052093029022217,3.6367363929748535,5.350560188293457,5,0.35174474120140076,1.8858784437179565,0,0,0
blind,128,3,3.822749137878418,3.697498321533203,6.8658294677734375,4.104003429412842,3.6367361545562744,6.917386531829834,5,0.35174474120140076,1.8858784437179565,0,0,0
blind,128,4,2.734283924102783,1.7968772649765015,7.75316047668457,3.129958391189575,1.471672534942627,7.700799942016602,5,0.35174474120140076,1.8858784437179565,0,0,0
blind,128,5,3.823763370513916,-0.6467204689979553,7.030129432678223,4.104003429412842,-0.6933908462524414,6.917386531829834,5,0.35174474120140076,1.8858784437179565,0,0,0
blind,128,6,5.658691883087158,-0.5630168914794922,5.377439975738525,6.052093029022217,-0.6933908462524414,5.350560188293457,5,0.35174474120140076,1.8858784437179565,0,0,0
blind,128,7,5.47920560836792,2.844635009765625,3.583059787750244,5.825047492980957,2.721672773361206,3.6082077026367188,5,0.35174474120140076,1.8858784437179565,0,0,0
blind,128,8,3.746926784515381,4.1097493171691895,4.94304895401001,4.1379523277282715,3.971672773361206,4.965119361877441,5,0.35174474120140076,1.8858784437179565,0,0,0
blind,128,9,2.1862924098968506,2.8047971725463867,6.256383895874023,2.450856924057007,2.721673011779785,6.322031021118164,5,0.35174474120140076,1.8858784437179565,0,0,0
blind,128,10,2.1819472312927246,0.35129624605178833,6.250763893127441,2.450856924057007,0.22167229652404785,6.322031021118164,5,0.35174474120140076,1.8858784437179565,0,0,0
blind,128,11,3.800393581390381,-0.8928189277648926,4.943467140197754,4.1379523277282715,-1.028327226638794,4.965119361877441,5,0.35174474120140076,1.8858784437179565,0,0,0
blind,129,0,4.42576265335083,1.5338069200515747,5.544300079345703,4.644000053405762,1.45944082736969,5.549805164337158,5,0.35446709394454956,1.9070518016815186,0,0,0
blind,129,1,6.651966571807861,1.6043680906295776,4.568456172943115,7.073594093322754,1.45944082736969,4.5960893630981445,5,0.35446709394454956,1.9070518016815186,0,0,0
blind,129,2,5.8305768966674805,3.7335877418518066,5.350942134857178,6.090346336364746,3.624504566192627,5.367921829223633,5,0.35446709394454956,1.9070518016815186,0,0,0
blind,129,3,3.844439744949341,3.6871659755706787,6.85609769821167,4.123851776123047,3.6245040893554688,6.911585807800293,5,0.35446709394454956,1.9070518016815186,0,0,0
blind,129,4,2.768951892852783,1.769647240638733,7.77227258682251,3.1406044960021973,1.4594405889511108,7.683417320251465,5,0.35446709394454956,1.9070518016815186,0,0,0
blind,129,5,3.812770366668701,-0.6362939476966858,7.062845230102539,4.123851776123047,-0.7056227922439575,6.911585330963135,5,0.35446709394454956,1.9070518016815186,0,0,0
blind,129,6,5.701338291168213,-0.5770607590675354,5.396178722381592,6.090346336364746,-0.7056227922439575,5.367921829223633,5,0.35446709394454956,1.9070518016815186,0,0,0
blind,129,7,5.536266803741455,2.829655170440674,3.5978758335113525,5.88393497467041,2.7094407081604004,3.62300443649292,5,0.35446709394454956,1.9070518016815186,0,0,0
blind,129,8,3.7890865802764893,4.0961480140686035,4.939268112182617,4.180900573730469,3.9594407081604004,4.959856986999512,5,0.35446709394454956,1.9070518016815186,0,0,0
blind,129,9,2.21502423286438,2.78023362159729,6.252823352813721,2.4778666496276855,2.7094409465789795,6.296709060668945,5,0.35446709394454956,1.9070518016815186,0,0,0
blind,129,10,2.192154884338379,0.31418099999427795,6.2160844802856445,2.4778666496276855,0.20944035053253174,6.296709060668945,5,0.35446709394454956,1.9070518016815186,0,0,0
blind,129,11,3.835411310195923,-0.9039289355278015,4.941850185394287,4.180901050567627,-1.04055917263031,4.959856986999512,5,0.35446709394454956,1.9070518016815186,0,0,0
blind,130,0,4.46176290512085,1.5215506553649902,5.545101165771484,4.680000305175781,1.4472514390945435,5.549956321716309,6,0.35680150985717773,1.9195888042449951,0,0,0
blind,130,1,6.698869705200195,1.5913619995117188,4.596628665924072,7.120892524719238,1.4472514390945435,4.625540256500244,6,0.35680150985717773,1.9195888042449951,0,0,0
blind,130,2,5.860480308532715,3.7292988300323486,5.390591144561768,6.128430366516113,3.6123151779174805,5.385487079620361,6,0.35680150985717773,1.9195888042449951,0,0,0
blind,130,3,3.859700918197632,3.679086923599243,6.84663724899292,4.143506050109863,3.6123147010803223,6.9053802490234375,6,0.35680150985717773,1.9195888042449951,0,0,0
blind,130,4,2.8078525066375732,1.7244999408721924,7.780819416046143,3.1510438919067383,1.4472512006759644,7.665327072143555,6,0.35680150985717773,1.9195888042449951,0,0,0
blind,130,5,3.802534818649292,-0.618696391582489,7.087146759033203,4.143506050109863,-0.717812180519104,6.9053802490234375,6,0.35680150985717773,1.9195888042449951,0,0,0
blind,130,6,5.744139671325684,-0.5908884406089783,5.413455486297607,6.128430366516113,-0.717812180519104,5.385487079620361,6,0.35680150985717773,1.9195888042449951,0,0,0
blind,130,7,5.593320846557617,2.814812183380127,3.6139016151428223,5.943027496337891,2.697251319885254,3.6382129192352295,6,0.35680150985717773,1.9195888042449951,0,0,0
blind,130,8,3.831286668777466,4.082621097564697,4.935595512390137,4.224032402038574,3.947251319885254,4.954479217529297,6,0.35680150985717773,1.9195888042449951,0,0,0
blind,130,9,2.2426412105560303,2.7556986808776855,6.248295307159424,2.505037546157837,2.697251558303833,6.270745277404785,6,0.35680150985717773,1.9195888042449951,0,0,0
blind,130,10,2.1996326446533203,0.2808242440223694,6.186939239501953,2.505037546157837,0.19725096225738525,6.270745277404785,6,0.35680150985717773,1.9195888042449951,0,0,0
blind,130,11,3.878575086593628,-0.9187788367271423,4.940402030944824,4.224032402038574,-1.0527485609054565,4.954479217529297,6,0.35680150985717773,1.9195888042449951,0,0,0
blind,131,0,4.497762680053711,1.5093101263046265,5.54579496383667,4.716000080108643,1.4351060390472412,5.549999713897705,5,0.3592817187309265,1.918768286705017,0,0,0
blind,131,1,6.745669364929199,1.578376293182373,4.625421524047852,7.1680097579956055,1.4351060390472412,4.655488967895508,5,0.3592817187309265,1.918768286705017,0,0,0
blind,131,2,5.883589744567871,3.7253000736236572,5.426661014556885,6.166332244873047,3.6001696586608887,5.403247833251953,5,0.3592817187309265,1.918768286705017,0,0,0
blind,131,3,3.8813748359680176,3.6686437129974365,6.83499813079834,4.162977695465088,3.6001694202423096,6.898764610290527,5,0.3592817187309265,1.918768286705017,0,0,0
blind,131,4,2.8406596183776855,1.6733871698379517,7.7770562171936035,3.1613006591796875,1.435105800628662,7.6465229988098145,5,0.3592817187309265,1.918768286705017,0,0,0
blind,131,5,3.795501708984375,-0.591291606426239,7.099965572357178,4.162978172302246,-0.7299575805664062,6.898764610290527,5,0.3592817187309265,1.918768286705017,0,0,0
blind,131,6,5.786962509155273,-0.6044840216636658,5.4295759201049805,6.166332244873047,-0.7299575805664062,5.403247833251953,5,0.3592817187309265,1.918768286705017,0,0,0
blind,131,7,5.650447845458984,2.8002912998199463,3.6308939456939697,6.002301216125488,2.685106039047241,3.6538376808166504,5,0.3592817187309265,1.918768286705017,0,0,0
blind,131,8,3.8732659816741943,4.069283485412598,4.932165622711182,4.267344951629639,3.935106039047241,4.94899320602417,5,0.3592817187309265,1.918768286705017,0,0,0
blind,131,9,2.2634503841400146,2.7352170944213867,6.240810394287109,2.5323891639709473,2.6851062774658203,6.2441487312316895,5,0.3592817187309265,1.918768286705017,0,0,0
blind,131,10,2.2143056392669678,0.24265044927597046,6.160510063171387,2.5323891639709473,0.185105562210083,6.2441487312316895,5,0.3592817187309265,1.918768286705017,0,0,0
blind,131,11,3.9214234352111816,-0.9341476559638977,4.938753128051758,4.267344951629639,-1.0648939609527588,4.94899320602417,5,0.3592817187309265,1.918768286705017,0,0,0
blind,132,0,4.5337629318237305,1.4970893859863281,5.546380996704102,4.752000331878662,1.4230051040649414,5.5499348640441895,6,0.3611125349998474,1.9118103981018066,0,0,0
blind,132,1,6.785181045532227,1.5678043365478516,4.65332555770874,7.21492338180542,1.4230051040649414,4.68592643737793,6,0.3611125349998474,1.9118103981018066,0,0,0
blind,132,2,5.911231994628906,3.7171082496643066,5.465741157531738,6.204042434692383,3.588068723678589,5.421195030212402,6,0.3611125349998474,1.9118103981018066,0,0,0
blind,132,3,3.9023385047912598,3.658413887023926,6.822800636291504,4.182280540466309,3.5880684852600098,6.891732215881348,6,0.3611125349998474,1.9118103981018066,0,0,0
blind,132,4,2.8662831783294678,1.6204359531402588,7.761639595031738,3.1713995933532715,1.4230048656463623,7.62700080871582,6,0.3611125349998474,1.9118103981018066,0,0,0
blind,132,5,3.7972614765167236,-0.5522763133049011,7.091503620147705,4.182280540466309,-0.742058515548706,6.8917317390441895,6,0.3611125349998474,1.9118103981018066,0,0,0
blind,132,6,5.829537391662598,-0.6178252696990967,5.4443135261535645,6.204042434692383,-0.742058515548706,5.421195030212402,6,0.3611125349998474,1.9118103981018066,0,0,0
blind,132,7,5.707713603973389,2.786327362060547,3.6486940383911133,6.061736106872559,2.6730051040649414,3.6698837280273438,6,0.3611125349998474,1.9118103981018066,0,0,0
blind,132,8,3.9084887504577637,4.0584540367126465,4.9286956787109375,4.3108391761779785,3.9230051040649414,4.943406581878662,6,0.3611125349998474,1.9118103981018066,0,0,0
blind,132,9,2.290327787399292,2.7112014293670654,6.229198455810547,2.5599422454833984,2.6730051040649414,6.216928958892822,6,0.3611125349998474,1.9118103981018066,0,0,0
blind,132,10,2.237761974334717,0.206126406788826,6.1396942138671875,2.5599422454833984,0.1730046272277832,6.216928958892822,6,0.3611125349998474,1.9118103981018066,0,0,0
blind,132,11,3.964040756225586,-0.9498158693313599,4.936714172363281,4.3108391761779785,-1.0769948959350586,4.943406105041504,6,0.3611125349998474,1.9118103981018066,0,0,0
blind,133,0,4.569762706756592,1.4848920106887817,5.5468597412109375,4.788000106811523,1.4109493494033813,5.549761772155762,5,0.3601464629173279,1.9189951419830322,0,0,0
blind,133,1,6.832698345184326,1.5547232627868652,4.684266090393066,7.261609077453613,1.4109493494033813,4.716840744018555,5,0.3601464629173279,1.9189951419830322,0,0,0
blind,133,2,5.939478397369385,3.706144332885742,5.502309799194336,6.241548538208008,3.5760130882263184,5.439319610595703,5,0.3601464629173279,1.9189951419830322,0,0,0
blind,133,3,3.9225687980651855,3.6482479572296143,6.810089588165283,4.2014265060424805,3.57601261138916,6.88427734375,5,0.3601464629173279,1.9189951419830322,0,0,0
blind,133,4,2.884676456451416,1.5697358846664429,7.736196041107178,3.181365728378296,1.4109491109848022,7.606756210327148,5,0.3601464629173279,1.9189951419830322,0,0,0
blind,133,5,3.81569242477417,-0.515962541103363,7.050544738769531,4.2014265060424805,-0.7541142702102661,6.88427734375,5,0.3601464629173279,1.9189951419830322,0,0,0
blind,133,6,5.871980667114258,-0.6309805512428284,5.458554267883301,6.241548538208008,-0.7541142702102661,5.439319610595703,5,0.3601464629173279,1.9189951419830322,0,0,0
blind,133,7,5.7575883865356445,2.7752039432525635,3.6658811569213867,6.121310234069824,2.660949230194092,3.6863551139831543,5,0.3601464629173279,1.9189951419830322,0,0,0
blind,133,8,3.9522557258605957,4.0450286865234375,4.925147533416748,4.354512691497803,3.910949230194092,4.937725067138672,5,0.3601464629173279,1.9189951419830322,0,0,0
blind,133,9,2.316538095474243,2.6890368461608887,6.211642742156982,2.5877153873443604,2.660949468612671,6.189095497131348,5,0.3601464629173279,1.9189951419830322,0,0,0
blind,133,10,2.2714736461639404,0.17433108389377594,6.123714923858643,2.5877153873443604,0.16094887256622314,6.189095497131348,5,0.3601464629173279,1.9189951419830322,0,0,0
blind,133,11,4.006533622741699,-0.9655807614326477,4.93415641784668,4.354512691497803,-1.0890506505966187,4.937725067138672,5,0.3601464629173279,1.9189951419830322,0,0,0
blind,134,0,4.605762958526611,1.472720980644226,5.547231197357178,4.824000358581543,1.3989384174346924,5.549481391906738,5,0.3568432927131653,1.8847309350967407,0,0,0
blind,134,1,6.879781246185303,1.54182767868042,4.715762138366699,7.308046340942383,1.3989384174346924,4.748222351074219,5,0.3568432927131653,1.8847309350967407,0,0,0
blind,134,2,5.970263957977295,3.6917309761047363,5.534613609313965,6.2788405418396,3.56400203704834,5.457613468170166,5,0.3568432927131653,1.8847309350967407,0,0,0
blind,134,3,3.9420664310455322,3.638005256652832,6.796945571899414,4.220429420471191,3.5640017986297607,6.876396179199219,5,0.3568432927131653,1.8847309350967407,0,0,0
blind,134,4,2.896580934524536,1.5230451822280884,7.70278263092041,3.1912240982055664,1.3989381790161133,7.585787296295166,5,0.3568432927131653,1.8847309350967407,0,0,0
blind,134,5,3.8483078479766846,-0.5051706433296204,6.988995552062988,4.220429420471191,-0.7661252021789551,6.876396179199219,5,0.3568432927131653,1.8847309350967407,0,0,0
blind,134,6,5.906879425048828,-0.6416382193565369,5.4723052978515625,6.2788405418396,-0.7661252021789551,5.457613468170166,5,0.3568432927131653,1.8847309350967407,0,0,0
blind,134,7,5.816633224487305,2.762349843978882,3.685439348220825,6.181001663208008,2.6489384174346924,3.703256368637085,5,0.3568432927131653,1.8847309350967407,0,0,0
blind,134,8,3.9960219860076904,4.031911373138428,4.9215803146362305,4.398365497589111,3.8989384174346924,4.931958198547363,5,0.3568432927131653,1.8847309350967407,0,0,0
blind,134,9,2.3419108390808105,2.669778823852539,6.186790466308594,2.615729331970215,2.6489386558532715,6.1606597900390625,5,0.3568432927131653,1.8847309350967407,0,0,0
blind,134,10,2.314743757247925,0.15103745460510254,6.1116228103637695,2.615729331970215,0.14893794059753418,6.1606597900390625,5,0.3568432927131653,1.8847309350967407,0,0,0
blind,134,11,4.048684120178223,-0.9811801910400391,4.931175708770752,4.398365497589111,-1.1010615825653076,4.931958198547363,5,0.3568432927131653,1.8847309350967407,0,0,0
blind,135,0,4.641763210296631,1.4605787992477417,5.547494888305664,4.8600006103515625,1.3869714736938477,5.5490922927856445,5,0.3529242277145386,1.843463659286499,0,0,0
blind,135,1,6.926393985748291,1.529147744178772,4.747891902923584,7.35421085357666,1.3869714736938477,4.780057430267334,5,0.3529242277145386,1.843463659286499,0,0,0
blind,135,2,6.00419807434082,3.674136161804199,5.562324047088623,6.315908432006836,3.552035093307495,5.476065635681152,5,0.3529242277145386,1.843463659286499,0,0,0
blind,135,3,3.960691213607788,3.627476215362549,6.783300876617432,4.239302635192871,3.552034854888916,6.868082046508789,5,0.3529242277145386,1.843463659286499,0,0,0
blind,135,4,2.9029605388641357,1.481938123703003,7.663329601287842,3.2009999752044678,1.3869712352752686,7.564090251922607,5,0.3529242277145386,1.843463659286499,0,0,0
blind,135,5,3.877441644668579,-0.5098006129264832,6.931399345397949,4.239303112030029,-0.7780921459197998,6.868082046508789,5,0.3529242277145386,1.843463659286499,0,0,0
blind,135,6,5.949813365936279,-0.6548160314559937,5.487246036529541,6.315907955169678,-0.7780921459197998,5.476065635681152,5,0.3529242277145386,1.843463659286499,0,0,0
blind,135,7,5.875685691833496,2.75024151802063,3.70527720451355,6.240788459777832,2.6369714736938477,3.7205891609191895,5,0.3529242277145386,1.843463659286499,0,0,0
blind,135,8,4.039829730987549,4.0191144943237305,4.917945861816406,4.4423956871032715,3.8869714736938477,4.926110744476318,5,0.3529242277145386,1.843463659286499,0,0,0
blind,135,9,2.3665242195129395,2.654825210571289,6.155703067779541,2.644002676010132,2.6369714736938477,6.131631851196289,5,0.3529242277145386,1.843463659286499,0,0,0
blind,135,10,2.364492654800415,0.13910426199436188,6.101781368255615,2.644002676010132,0.13697099685668945,6.131631851196289,5,0.3529242277145386,1.843463659286499,0,0,0
blind,135,11,4.091019153594971,-0.9965584874153137,4.927562236785889,4.4423956871032715,-1.1130285263061523,4.926110744476318,5,0.3529242277145386,1.843463659286499,0,0,0
blind,136,0,4.677762985229492,1.448467493057251,5.5476508140563965,4.895999908447266,1.375046968460083,5.548595905303955,5,0.3492034375667572,1.8207364082336426,0,0,0
blind,136,1,6.97255277633667,1.5166754722595215,4.780660629272461,7.400080680847168,1.375046968460083,4.8123345375061035,5,0.3492034375667572,1.8207364082336426,0,0,0
blind,136,2,6.041667938232422,3.653742790222168,5.584314823150635,6.3527398109436035,3.5401105880737305,5.4946675300598145,5,0.3492034375667572,1.8207364082336426,0,0,0
blind,136,3,3.978747844696045,3.616718053817749,6.7700934410095215,4.258059024810791,3.5401103496551514,6.859333038330078,5,0.3492034375667572,1.8207364082336426,0,0,0
blind,136,4,2.9018945693969727,1.4497195482254028,7.624264240264893,3.210718870162964,1.375046730041504,7.541666030883789,5,0.3492034375667572,1.8207364082336426,0,0,0
blind,136,5,3.9132399559020996,-0.5393038392066956,6.87553071975708,4.258059501647949,-0.7900166511535645,6.859333038330078,5,0.3492034375667572,1.8207364082336426,0,0,0
blind,136,6,5.9920196533203125,-0.6677882075309753,5.5026116371154785,6.3527398109436035,-0.7900166511535645,5.4946675300598145,5,0.3492034375667572,1.8207364082336426,0,0,0
blind,136,7,5.934576034545898,2.7385752201080322,3.7246971130371094,6.300646781921387,2.625046968460083,3.738356590270996,5,0.3492034375667572,1.8207364082336426,0,0,0
blind,136,8,4.083709239959717,4.0066375732421875,4.914205551147461,4.486599922180176,3.875046968460083,4.920191764831543,5,0.3492034375667572,1.8207364082336426,0,0,0
blind,136,9,2.389441728591919,2.6450448036193848,6.118006706237793,2.672553539276123,2.625047206878662,6.10202693939209,5,0.3492034375667572,1.8207364082336426,0,0,0
blind,136,10,2.4163429737091064,0.1391124725341797,6.091865062713623,2.672553539276123,0.1250464916229248,6.10202693939209,5,0.3492034375667572,1.8207364082336426,0,0,0
blind,136,11,4.126612186431885,-1.009029507637024,4.92354154586792,4.486600399017334,-1.124953031539917,4.920191764831543,5,0.3492034375667572,1.8207364082336426,0,0,0
blind,137,0,4.7137627601623535,1.436388373374939,5.547698974609375,4.932000160217285,1.3631633520126343,5.547991752624512,6,0.3460559546947479,1.8216592073440552,0,0,0
blind,137,1,7.018285751342773,1.504314661026001,4.8134260177612305,7.445634841918945,1.3631633520126343,4.8450398445129395,6,0.3460559546947479,1.8216592073440552,0,0,0
blind,137,2,6.0821051597595215,3.6315834522247314,5.6002020835876465,6.3893280029296875,3.528226852416992,5.5134077072143555,6,0.3460559546947479,1.8216592073440552,0,0,0
blind,137,3,3.9905614852905273,3.6076462268829346,6.757739067077637,4.276713848114014,3.528226852416992,6.850143909454346,6,0.3460559546947479,1.8216592073440552,0,0,0
blind,137,4,2.9005630016326904,1.4208256006240845,7.5775370597839355,3.220407247543335,1.3631631135940552,7.518511772155762,6,0.3460559546947479,1.8216592073440552,0,0,0
blind,137,5,3.948620080947876,-0.5833051800727844,6.832834243774414,4.276714324951172,-0.8019002676010132,6.8501434326171875,6,0.3460559546947479,1.8216592073440552,0,0,0
blind,137,6,6.033400058746338,-0.6805793642997742,5.518806457519531,6.389327526092529,-0.8019002676010132,5.513408184051514,6,0.3460559546947479,1.8216592073440552,0,0,0
blind,137,7,5.993716239929199,2.7272558212280273,3.7440853118896484,6.360556602478027,2.613163471221924,3.7565603256225586,6,0.3460559546947479,1.8216592073440552,0,0,0
blind,137,8,4.1276679039001465,3.9944794178009033,4.9103007316589355,4.530979156494141,3.863163471221924,4.914207458496094,6,0.3460559546947479,1.8216592073440552,0,0,0
blind,137,9,2.4101474285125732,2.640976905822754,6.075573444366455,2.701402187347412,2.613163471221924,6.071855068206787,6,0.3460559546947479,1.8216592073440552,0,0,0
blind,137,10,2.4585988521575928,0.14530730247497559,6.079572677612305,2.701402187347412,0.11316287517547607,6.071855068206787,6,0.3460559546947479,1.8216592073440552,0,0,0
blind,137,11,4.170757293701172,-1.0239259004592896,4.918485164642334,4.530979633331299,-1.1368366479873657,4.914207458496094,6,0.3460559546947479,1.8216592073440552,0,0,0
blind,138,0,4.749762535095215,1.424342393875122,5.5476393699646,4.9679999351501465,1.3513180017471313,5.547279357910156,5,0.34422439336776733,1.8339120149612427,0,0,0
blind,138,1,7.063719749450684,1.4920824766159058,4.846827983856201,7.490850925445557,1.3513180017471313,4.8781585693359375,5,0.34422439336776733,1.8339120149612427,0,0,0
blind,138,2,6.116682529449463,3.612443447113037,5.612405776977539,6.425660610198975,3.5163817405700684,5.532276153564453,5,0.34422439336776733,1.8339120149612427,0,0,0
blind,138,3,4.007687568664551,3.5949554443359375,6.74317741394043,4.295280456542969,3.51638126373291,6.840511322021484,5,0.34422439336776733,1.8339120149612427,0,0,0
blind,138,4,2.8970818519592285,1.3986401557922363,7.529603958129883,3.2300901412963867,1.3513177633285522,7.49462890625,5,0.34422439336776733,1.8339120149612427,0,0,0
blind,138,5,3.9820072650909424,-0.6337653994560242,6.803324222564697,4.295280456542969,-0.8137456178665161,6.840510845184326,5,0.34422439336776733,1.8339120149612427,0,0,0
blind,138,6,6.073906421661377,-0.6932278275489807,5.536089897155762,6.425660610198975,-0.8137456178665161,5.532276153564453,5,0.34422439336776733,1.8339120149612427,0,0,0
blind,138,7,6.053083419799805,2.7161054611206055,3.7633607387542725,6.420492649078369,2.601317882537842,3.775200366973877,5,0.34422439336776733,1.8339120149612427,0,0,0
blind,138,8,4.171403408050537,3.9826464653015137,4.906362533569336,4.575529098510742,3.851317882537842,4.908165454864502,5,0.34422439336776733,1.8339120149612427,0,0,0
blind,138,9,2.4243032932281494,2.641350269317627,6.034042835235596,2.7305660247802734,2.601318120956421,6.041130065917969,5,0.34422439336776733,1.8339120149612427,0,0,0
blind,138,10,2.5054547786712646,0.16008318960666656,6.059798717498779,2.7305660247802734,0.10131752490997314,6.041130065917969,5,0.34422439336776733,1.8339120149612427,0,0,0
blind,138,11,4.214972019195557,-1.0380570888519287,4.912833213806152,4.5755295753479,-1.1486819982528687,4.908164978027344,5,0.34422439336776733,1.8339120149612427,0,0,0
blind,139,0,4.785762786865234,1.4123297929763794,5.5474724769592285,5.004000186920166,1.339507818222046,5.546459674835205,6,0.34430527687072754,1.8608436584472656,0,0,0
blind,139,1,7.101784706115723,1.4821926355361938,4.879090309143066,7.535709381103516,1.339507818222046,4.911676406860352,6,0.34430527687072754,1.8608436584472656,0,0,0
blind,139,2,6.160918235778809,3.589709758758545,5.619483947753906,6.461730003356934,3.5045714378356934,5.551261901855469,6,0.34430527687072754,1.8608436584472656,0,0,0
blind,139,3,4.023799896240234,3.581294059753418,6.728658676147461,4.313772678375244,3.5045711994171143,6.830432415008545,6,0.34430527687072754,1.8608436584472656,0,0,0
blind,139,4,2.8925681114196777,1.382628083229065,7.481527328491211,3.2397937774658203,1.3395075798034668,7.470017433166504,6,0.34430527687072754,1.8608436584472656,0,0,0
blind,139,5,4.013166904449463,-0.6854109168052673,6.784994602203369,4.313772678375244,-0.8255558013916016,6.830431938171387,6,0.34430527687072754,1.8608436584472656,0,0,0
blind,139,6,6.11338472366333,-0.7057516574859619,5.553986549377441,6.461730003356934,-0.8255558013916016,5.551261901855469,6,0.34430527687072754,1.8608436584472656,0,0,0
blind,139,7,6.112590789794922,2.7050397396087646,3.7826507091522217,6.480434894561768,2.589507818222046,3.7942779064178467,6,0.34430527687072754,1.8608436584472656,0,0,0
blind,139,8,4.20825719833374,3.973191976547241,4.902356147766113,4.620248794555664,3.839507818222046,4.902072429656982,6,0.34430527687072754,1.8608436584472656,0,0,0
blind,139,9,2.441004991531372,2.64638352394104,5.987704753875732,2.7600631713867188,2.589508056640625,6.009866714477539,6,0.34430527687072754,1.8608436584472656,0,0,0
blind,139,10,2.546076774597168,0.17820893228054047,6.033631801605225,2.7600631713867188,0.0895073413848877,6.009866714477539,6,0.34430527687072754,1.8608436584472656,0,0,0
blind,139,11,4.259303569793701,-1.051353096961975,4.9066386222839355,4.620248794555664,-1.160492181777954,4.902072429656982,6,0.34430527687072754,1.8608436584472656,0,0,0
blind,140,0,4.821762561798096,1.4003504514694214,5.5471978187561035,5.039999961853027,1.3277299404144287,5.545532703399658,5,0.3451637625694275,1.8712965250015259,0,0,0
blind,140,1,7.147523880004883,1.4699259996414185,4.914505958557129,7.580187797546387,1.3277299404144287,4.945577144622803,5,0.3451637625694275,1.8712965250015259,0,0,0
blind,140,2,6.205451965332031,3.5684916973114014,5.6233696937561035,6.4975266456604,3.492793560028076,5.570353031158447,5,0.3451637625694275,1.8712965250015259,0,0,0
blind,140,3,4.038881778717041,3.566465377807617,6.714332580566406,4.332204341888428,3.492793321609497,6.8199052810668945,5,0.3451637625694275,1.8712965250015259,0,0,0
blind,140,4,2.8890552520751953,1.3720391988754272,7.4342474937438965,3.2495436668395996,1.3277297019958496,7.444681644439697,5,0.3451637625694275,1.8712965250015259,0,0,0
blind,140,5,4.042533874511719,-0.7351576685905457,6.775360107421875,4.332204818725586,-0.8373336791992188,6.8199052810668945,5,0.3451637625694275,1.8712965250015259,0,0,0
blind,140,6,6.152069568634033,-0.7182400822639465,5.573180675506592,6.497526168823242,-0.8373336791992188,5.5703535079956055,5,0.3451637625694275,1.8712965250015259,0,0,0
blind,140,7,6.164402008056641,2.696096658706665,3.8012068271636963,6.540358066558838,2.5777299404144287,3.8137922286987305,5,0.3451637625694275,1.8712965250015259,0,0,0
blind,140,8,4.253759860992432,3.961422920227051,4.89785623550415,4.665134429931641,3.8277299404144287,4.895936012268066,5,0.3451637625694275,1.8712965250015259,0,0,0
blind,140,9,2.4566657543182373,2.6542141437530518,5.942296028137207,2.7899105548858643,2.577730178833008,5.978079795837402,5,0.3451637625694275,1.8712965250015259,0,0,0
blind,140,10,2.5801827907562256,0.19581152498722076,5.999861717224121,2.7899105548858643,0.07772946357727051,5.978079795837402,5,0.3451637625694275,1.8712965250015259,0,0,0
blind,140,11,4.303797721862793,-1.0638010501861572,4.900002479553223,4.665134429931641,-1.1722700595855713,4.895936012268066,5,0.3451637625694275,1.8712965250015259,0,0,0
blind,141,0,4.857762813568115,1.3884035348892212,5.546815395355225,5.076000213623047,1.3159795999526978,5.544497966766357,5,0.3470786511898041,1.8601748943328857,0,0,0
blind,141,1,7.192722320556641,1.4577813148498535,4.950275897979736,7.624267578125,1.3159795999526978,4.9798455238342285,5,0.3470786511898041,1.8601748943328857,0,0,0
blind,141,2,6.249748229980469,3.5496158599853516,5.624471664428711,6.533041954040527,3.4810433387756348,5.589539527893066,5,0.3470786511898041,1.8601748943328857,0,0,0
blind,141,3,4.052966117858887,3.5503172874450684,6.700425148010254,4.350590705871582,3.4810428619384766,6.808927536010742,5,0.3470786511898041,1.8601748943328857,0,0,0
blind,141,4,2.886622667312622,1.3659919500350952,7.387964725494385,3.2593653202056885,1.3159793615341187,7.418621063232422,5,0.3470786511898041,1.8601748943328857,0,0,0
blind,141,5,4.070813179016113,-0.7812761068344116,6.772084712982178,4.35059118270874,-0.8490840196609497,6.808927059173584,5,0.3470786511898041,1.8601748943328857,0,0,0
blind,141,6,6.1831769943237305,-0.7284121513366699,5.592342853546143,6.533041954040527,-0.8490840196609497,5.589539527893066,5,0.3470786511898041,1.8601748943328857,0,0,0
blind,141,7,6.225313663482666,2.6848573684692383,3.8216910362243652,6.6002421379089355,2.565979480743408,3.8337419033050537,5,0.3470786511898041,1.8601748943328857,0,0,0
blind,141,8,4.299199104309082,3.949896812438965,4.893162727355957,4.710183620452881,3.815979480743408,4.889762878417969,5,0.3470786511898041,1.8601748943328857,0,0,0
blind,141,9,2.4724628925323486,2.6632158756256104,5.898479461669922,2.8201258182525635,2.5659797191619873,5.9457831382751465,5,0.3470786511898041,1.8601748943328857,0,0,0
blind,141,10,2.6075522899627686,0.2088717818260193,5.958474159240723,2.8201258182525635,0.06597912311553955,5.9457831382751465,5,0.3470786511898041,1.8601748943328857,0,0,0
blind,141,11,4.348158836364746,-1.0754200220108032,4.893259048461914,4.710184097290039,-1.1840204000473022,4.8897624015808105,5,0.3470786511898041,1.8601748943328857,0,0,0
blind,142,0,4.893763065338135,1.3764878511428833,5.54632568359375,5.112000465393066,1.304253101348877,5.543356418609619,5,0.3495907187461853,1.8546162843704224,0,0,0
blind,142,1,7.237351417541504,1.445754051208496,4.9864420890808105,7.667929649353027,1.304253101348877,5.014463901519775,5,0.3495907187461853,1.8546162843704224,0,0,0
blind,142,2,6.293812274932861,3.5331673622131348,5.625371932983398,6.568268299102783,3.4693167209625244,5.608808517456055,5,0.3495907187461853,1.8546162843704224,0,0,0
blind,142,3,4.06585693359375,3.5327537059783936,6.686959266662598,4.368946075439453,3.4693164825439453,6.797497749328613,5,0.3495907187461853,1.8546162843704224,0,0,0
blind,142,4,2.8861098289489746,1.3636256456375122,7.3430094718933105,3.269285202026367,1.3042528629302979,7.391842365264893,5,0.3495907187461853,1.8546162843704224,0,0,0
blind,142,5,4.091884136199951,-0.8188929557800293,6.770656108856201,4.368946552276611,-0.8608105182647705,6.797497749328613,5,0.3495907187461853,1.8546162843704224,0,0,0
blind,142,6,6.2211713790893555,-0.7411778569221497,5.6148576736450195,6.568268299102783,-0.8608105182647705,5.608808517456055,5,0.3495907187461853,1.8546162843704224,0,0,0
blind,142,7,6.28591775894165,2.673567771911621,3.8425345420837402,6.660062313079834,2.554253101348877,3.8541245460510254,5,0.3495907187461853,1.8546162843704224,0,0,0
blind,142,8,4.344599723815918,3.938558578491211,4.888281345367432,4.7553935050964355,3.804253101348877,4.883559703826904,5,0.3495907187461853,1.8546162843704224,0,0,0
blind,142,9,2.490436315536499,2.671921730041504,5.856935024261475,2.850724935531616,2.554253101348877,5.912994861602783,5,0.3495907187461853,1.8546162843704224,0,0,0
blind,142,10,2.6284613609313965,0.2137426733970642,5.910882472991943,2.850724935531616,0.05425262451171875,5.912994861602783,5,0.3495907187461853,1.8546162843704224,0,0,0
blind,142,11,4.392832279205322,-1.0863454341888428,4.886329174041748,4.7553935050964355,-1.195746898651123,4.883559703826904,5,0.3495907187461853,1.8546162843704224,0,0,0
blind,143,0,4.929762840270996,1.3646016120910645,5.5457282066345215,5.148000240325928,1.2925453186035156,5.542107582092285,5,0.352792352437973,1.8636417388916016,0,0,0
blind,143,1,7.281439304351807,1.433813452720642,5.022988796234131,7.711153030395508,1.2925453186035156,5.049413204193115,5,0.352792352437973,1.8636417388916016,0,0,0
blind,143,2,6.33758020401001,3.519282102584839,5.6275315284729,6.603196620941162,3.457608938217163,5.628147125244141,5,0.352792352437973,1.8636417388916016,0,0,0
blind,143,3,4.078353404998779,3.5141632556915283,6.674957752227783,4.387284278869629,3.457608699798584,6.78561544418335,5,0.352792352437973,1.8636417388916016,0,0,0
blind,143,4,2.882777214050293,1.3638560771942139,7.3022260665893555,3.2793283462524414,1.2925450801849365,7.364349365234375,5,0.352792352437973,1.8636417388916016,0,0,0
blind,143,5,4.118042469024658,-0.8583065271377563,6.771717071533203,4.387284755706787,-0.8725183010101318,6.785614967346191,5,0.352792352437973,1.8636417388916016,0,0,0
blind,143,6,6.258016109466553,-0.7538575530052185,5.638457775115967,6.603196620941162,-0.8725183010101318,5.628147125244141,5,0.352792352437973,1.8636417388916016,0,0,0
blind,143,7,6.346045970916748,2.6619584560394287,3.8631093502044678,6.719796180725098,2.5425453186035156,3.874937057495117,5,0.352792352437973,1.8636417388916016,0,0,0
blind,143,8,4.389981746673584,3.9273529052734375,4.8832316398620605,4.800759792327881,3.7925453186035156,4.877334117889404,5,0.352792352437973,1.8636417388916016,0,0,0
blind,143,9,2.511108160018921,2.6791181564331055,5.817117691040039,2.881723403930664,2.5425453186035156,5.879730701446533,5,0.352792352437973,1.8636417388916016,0,0,0
blind,143,10,2.6439106464385986,0.2078932821750641,5.860056400299072,2.881723403930664,0.04254484176635742,5.879730701446533,5,0.352792352437973,1.8636417388916016,0,0,0
blind,143,11,4.430601119995117,-1.0947892665863037,4.879838943481445,4.800759792327881,-1.2074546813964844,4.877333641052246,5,0.352792352437973,1.8636417388916016,0,0,0
blind,144,0,4.965763092041016,1.3527424335479736,5.545023441314697,5.184000492095947,1.2808502912521362,5.540751934051514,6,0.35549473762512207,1.8677842617034912,0,0,0
blind,144,1,7.325113773345947,1.4218413829803467,5.059236526489258,7.753921985626221,1.2808502912521362,5.084676742553711,6,0.35549473762512207,1.8677842617034912,0,0,0
blind,144,2,6.380960941314697,3.5078694820404053,5.632863521575928,6.637821197509766,3.445913791656494,5.647544860839844,6,0.35549473762512207,1.8677842617034912,0,0,0
blind,144,3,4.085216522216797,3.4976584911346436,6.664303302764893,4.405620574951172,3.445913791656494,6.773279666900635,6,0.35549473762512207,1.8677842617034912,0,0,0
blind,144,4,2.8868014812469482,1.3660550117492676,7.26004695892334,3.289520263671875,1.2808500528335571,7.336147308349609,6,0.35549473762512207,1.8677842617034912,0,0,0
blind,144,5,4.1463422775268555,-0.8916401863098145,6.773890495300293,4.40562105178833,-0.8842133283615112,6.773279666900635,6,0.35549473762512207,1.8677842617034912,0,0,0
blind,144,6,6.293715476989746,-0.7664405107498169,5.6630706787109375,6.637821197509766,-0.8842133283615112,5.647544860839844,6,0.35549473762512207,1.8677842617034912,0,0,0
blind,144,7,6.406059265136719,2.650118112564087,3.8840339183807373,6.779422760009766,2.530850410461426,3.89617657661438,6,0.35549473762512207,1.8677842617034912,0,0,0
blind,144,8,4.435347080230713,3.916240930557251,4.878017902374268,4.846279621124268,3.780850410461426,4.871091842651367,6,0.35549473762512207,1.8677842617034912,0,0,0
blind,144,9,2.535479784011841,2.6836156845092773,5.779038906097412,2.913137435913086,2.530850410461426,5.846006870269775,6,0.35549473762512207,1.8677842617034912,0,0,0
blind,144,10,2.652914047241211,0.19759389758110046,5.812702655792236,2.913137435913086,0.030849814414978027,5.846006870269775,6,0.35549473762512207,1.8677842617034912,0,0,0
blind,144,11,4.477114200592041,-1.1049493551254272,4.872661590576172,4.846280097961426,-1.2191497087478638,4.871091842651367,6,0.35549473762512207,1.8677842617034912,0,0,0
blind,145,0,5.001762866973877,1.3409075736999512,5.544211387634277,5.220000267028809,1.2691632509231567,5.539289474487305,5,0.3580933213233948,1.8716282844543457,0,0,0
blind,145,1,7.368406772613525,1.4098697900772095,5.09586763381958,7.79621696472168,1.2691632509231567,5.120234966278076,5,0.3580933213233948,1.8716282844543457,0,0,0
blind,145,2,6.416356563568115,3.4998631477355957,5.641668319702148,6.6721343994140625,3.4342269897460938,5.66698694229126,5,0.3580933213233948,1.8716282844543457,0,0,0
blind,145,3,4.096094131469727,3.4757239818573,6.6535162925720215,4.423968315124512,3.4342265129089355,6.760491371154785,5,0.3580933213233948,1.8716282844543457,0,0,0
blind,145,4,2.894068717956543,1.3692432641983032,7.219552040100098,3.2998857498168945,1.2691630125045776,7.307243347167969,5,0.3580933213233948,1.8716282844543457,0,0,0
blind,145,5,4.178188800811768,-0.9183439016342163,6.775487899780273,4.42396879196167,-0.8959003686904907,6.760491371154785,5,0.3580933213233948,1.8716282844543457,0,0,0
blind,145,6,6.3283562660217285,-0.7789386510848999,5.688509464263916,6.672133922576904,-0.8959003686904907,5.666987419128418,5,0.3580933213233948,1.8716282844543457,0,0,0
blind,145,7,6.465944290161133,2.6380302906036377,3.905287265777588,6.8389177322387695,2.519163131713867,3.917837619781494,5,0.3580933213233948,1.8716282844543457,0,0,0
blind,145,8,4.480391979217529,3.905184507369995,4.872822284698486,4.891948699951172,3.769163131713867,4.864840030670166,5,0.3580933213233948,1.8716282844543457,0,0,0
blind,145,9,2.55670166015625,2.686227321624756,5.744147777557373,2.9449806213378906,2.5191633701324463,5.81184196472168,5,0.3580933213233948,1.8716282844543457,0,0,0
blind,145,10,2.6626315116882324,0.17502206563949585,5.763744831085205,2.9449806213378906,0.019162774085998535,5.81184196472168,5,0.3580933213233948,1.8716282844543457,0,0,0
blind,145,11,4.52359676361084,-1.114676594734192,4.865711688995361,4.89194917678833,-1.2308367490768433,4.864839553833008,5,0.3580933213233948,1.8716282844543457,0,0,0
blind,146,0,5.0377631187438965,1.3290936946868896,5.54329252243042,5.256000518798828,1.257476568222046,5.537720680236816,6,0.35940665006637573,1.8767434358596802,0,0,0
blind,146,1,7.4043192863464355,1.400119662284851,5.131107330322266,7.8380231857299805,1.257476568222046,5.156068801879883,6,0.35940665006637573,1.8767434358596802,0,0,0
blind,146,2,6.459300518035889,3.4922242164611816,5.657778263092041,6.706130027770996,3.4225401878356934,5.686462879180908,6,0.35940665006637573,1.8767434358596802,0,0,0
blind,146,3,4.106114387512207,3.452770471572876,6.644235610961914,4.442343711853027,3.4225399494171143,6.747250556945801,6,0.35940665006637573,1.8767434358596802,0,0,0
blind,146,4,2.9048478603363037,1.3724658489227295,7.180719375610352,3.310450315475464,1.2574763298034668,7.277644157409668,6,0.35940665006637573,1.8767434358596802,0,0,0
blind,146,5,4.214410305023193,-0.9368001222610474,6.7745256423950195,4.442343711853027,-0.9075870513916016,6.747250556945801,6,0.35940665006637573,1.8767434358596802,0,0,0
blind,146,6,6.362161636352539,-0.7913897037506104,5.71381950378418,6.706130027770996,-0.9075870513916016,5.686462879180908,6,0.35940665006637573,1.8767434358596802,0,0,0
blind,146,7,6.525629997253418,2.6257989406585693,3.927036762237549,6.898260593414307,2.507476568222046,3.939915657043457,6,0.35940665006637573,1.8767434358596802,0,0,0
blind,146,8,4.518424987792969,3.8962364196777344,4.867861747741699,4.9377641677856445,3.757476568222046,4.858584880828857,6,0.35940665006637573,1.8767434358596802,0,0,0
blind,146,9,2.5891714096069336,2.682994842529297,5.708846569061279,2.9772677421569824,2.507476806640625,5.777254104614258,6,0.35940665006637573,1.8767434358596802,0,0,0
blind,146,10,2.6752283573150635,0.1435522735118866,5.720633506774902,2.9772677421569824,0.007476091384887695,5.777254104614258,6,0.35940665006637573,1.8767434358596802,0,0,0
blind,146,11,4.570046424865723,-1.1241295337677002,4.859050750732422,4.9377641677856445,-1.242523431777954,4.858584880828857,6,0.35940665006637573,1.8767434358596802,0,0,0
blind,147,0,5.073762893676758,1.3172972202301025,5.542266368865967,5.291999816894531,1.245785117149353,5.536046028137207,5,0.35843342542648315,1.8861961364746094,0,0,0
blind,147,1,7.447644233703613,1.387903094291687,5.169327259063721,7.8793230056762695,1.245785117149353,5.19215726852417,5,0.35843342542648315,1.8861961364746094,0,0,0
blind,147,2,6.499851703643799,3.486454725265503,5.680828094482422,6.739801406860352,3.410848617553711,5.705958366394043,5,0.35843342542648315,1.8861961364746094,0,0,0
blind,147,3,4.115506649017334,3.429105281829834,6.636563777923584,4.460759162902832,3.410848617553711,6.733559608459473,5,0.35843342542648315,1.8861961364746094,0,0,0
blind,147,4,2.921149969100952,1.3747204542160034,7.1439924240112305,3.321237564086914,1.245784878730774,7.2473602294921875,5,0.35843342542648315,1.8861961364746094,0,0,0
blind,147,5,4.254666328430176,-0.9445282816886902,6.768646717071533,4.460759162902832,-0.9192785024642944,6.733559608459473,5,0.35843342542648315,1.8861961364746094,0,0,0
blind,147,6,6.395333290100098,-0.80384361743927,5.739492416381836,6.739801406860352,-0.9192785024642944,5.705958366394043,5,0.35843342542648315,1.8861961364746094,0,0,0
blind,147,7,6.577380180358887,2.615776777267456,3.948331356048584,6.957427978515625,2.4957852363586426,3.962404251098633,5,0.35843342542648315,1.8861961364746094,0,0,0
blind,147,8,4.565082550048828,3.8847832679748535,4.862310409545898,4.983719348907471,3.7457852363586426,4.852333068847656,5,0.35843342542648315,1.8861961364746094,0,0,0
blind,147,9,2.6255245208740234,2.674703598022461,5.676037788391113,3.0100107192993164,2.4957852363586426,5.742262363433838,5,0.35843342542648315,1.8861961364746094,0,0,0
blind,147,10,2.6933727264404297,0.10652707517147064,5.684342861175537,3.0100107192993164,-0.004215359687805176,5.742262363433838,5,0.35843342542648315,1.8861961364746094,0,0,0
blind,147,11,4.616481781005859,-1.133476734161377,4.852743625640869,4.983719348907471,-1.254214882850647,4.852333068847656,5,0.35843342542648315,1.8861961364746094,0,0,0
blind,148,0,5.109762668609619,1.3055137395858765,5.541133403778076,5.328000068664551,1.234080195426941,5.53426456451416,5,0.3561497628688812,1.8981159925460815,0,0,0
blind,148,1,7.490359783172607,1.3757073879241943,5.207683086395264,7.920102596282959,1.234080195426941,5.228479862213135,5,0.3561497628688812,1.8981159925460815,0,0,0
blind,148,2,6.536978721618652,3.4820520877838135,5.7094855308532715,6.7731451988220215,3.399143695831299,5.725459575653076,5,0.3561497628688812,1.8981159925460815,0,0,0
blind,148,3,4.124652862548828,3.405090570449829,6.630585670471191,4.4792304039001465,3.399143695831299,6.719418525695801,5,0.3561497628688812,1.8981159925460815,0,0,0
blind,148,4,2.941812515258789,1.3750747442245483,7.109343528747559,3.332273006439209,1.2340799570083618,7.216398239135742,5,0.3561497628688812,1.8981159925460815,0,0,0
blind,148,5,4.296050071716309,-0.938886284828186,6.755552768707275,4.479230880737305,-0.9309834241867065,6.719418525695801,5,0.3561497628688812,1.8981159925460815,0,0,0
blind,148,6,6.421652793884277,-0.8140265941619873,5.763765811920166,6.773144721984863,-0.9309834241867065,5.725459575653076,5,0.3561497628688812,1.8981159925460815,0,0,0
blind,148,7,6.637856483459473,2.603367567062378,3.97216534614563,7.0164008140563965,2.4840803146362305,3.9852962493896484,5,0.3561497628688812,1.8981159925460815,0,0,0
blind,148,8,4.611600399017334,3.8733160495758057,4.85675048828125,5.029812335968018,3.7340803146362305,4.846090316772461,5,0.3561497628688812,1.8981159925460815,0,0,0
blind,148,9,2.6647918224334717,2.661404848098755,5.645995140075684,3.0432238578796387,2.4840803146362305,5.706883907318115,5,0.3561497628688812,1.8981159925460815,0,0,0
blind,148,10,2.7188353538513184,0.06790897250175476,5.654768466949463,3.0432238578796387,-0.015920281410217285,5.706883907318115,5,0.3561497628688812,1.8981159925460815,0,0,0
blind,148,11,4.662590980529785,-1.142900824546814,4.847014904022217,5.029812335968018,-1.265919804573059,4.846090316772461,5,0.3561497628688812,1.8981159925460815,0,0,0
blind,149,0,5.1457624435424805,1.2937384843826294,5.539893627166748,5.363999843597412,1.2223554849624634,5.532378196716309,5,0.35348376631736755,1.8956717252731323,0,0,0
blind,149,1,7.532415390014648,1.3635507822036743,5.24624490737915,7.960346698760986,1.2223554849624634,5.265015602111816,5,0.35348376631736755,1.8956717252731323,0,0,0
blind,149,2,6.570090293884277,3.478372097015381,5.743473052978516,6.806155204772949,3.3874192237854004,5.744954586029053,5,0.35348376631736755,1.8956717252731323,0,0,0
blind,149,3,4.133674621582031,3.3810882568359375,6.626049041748047,4.497771263122559,3.387418746948242,6.704832077026367,5,0.35348376631736755,1.8956717252731323,0,0,0
blind,149,4,2.9667019844055176,1.3725930452346802,7.07716703414917,3.3435797691345215,1.2223552465438843,7.1847710609436035,5,0.35348376631736755,1.8956717252731323,0,0,0
blind,149,5,4.327326774597168,-0.9255630970001221,6.738550186157227,4.497771739959717,-0.9427081346511841,6.704832077026367,5,0.35348376631736755,1.8956717252731323,0,0,0
blind,149,6,6.4546799659729,-0.8267929553985596,5.7904181480407715,6.806154727935791,-0.9427081346511841,5.744954586029053,5,0.35348376631736755,1.8956717252731323,0,0,0
blind,149,7,6.697793960571289,2.5910935401916504,3.996645927429199,7.075155258178711,2.472355365753174,4.008584499359131,5,0.35348376631736755,1.8956717252731323,0,0,0
blind,149,8,4.658016681671143,3.861807107925415,4.851214408874512,5.07603645324707,3.722355365753174,4.839863300323486,5,0.35348376631736755,1.8956717252731323,0,0,0
blind,149,9,2.7064037322998047,2.643488645553589,5.6198601722717285,3.076917886734009,2.472355604171753,5.671141624450684,5,0.35348376631736755,1.8956717252731323,0,0,0
blind,149,10,2.752340316772461,0.031577207148075104,5.630730152130127,3.076917886734009,-0.027644991874694824,5.671141624450684,5,0.35348376631736755,1.8956717252731323,0,0,0
blind,149,11,4.708823204040527,-1.1525368690490723,4.841697692871094,5.07603645324707,-1.2776445150375366,4.839863300323486,5,0.35348376631736755,1.8956717252731323,0,0,0
blind,150,0,5.1817626953125,1.2819663286209106,5.538547515869141,5.400000095367432,1.2106019258499146,5.530385971069336,5,0.35238099098205566,1.882278323173523,0,0,0
blind,150,1,7.573827266693115,1.351423978805542,5.285021781921387,8.000042915344238,1.2106019258499146,5.301742076873779,5,0.35238099098205566,1.882278323173523,0,0,0
blind,150,2,6.598939895629883,3.474680185317993,5.7811150550842285,6.838827133178711,3.3756656646728516,5.764428615570068,5,0.35238099098205566,1.882278323173523,0,0,0
blind,150,3,4.144036769866943,3.3579726219177246,6.623210430145264,4.516396522521973,3.3756651878356934,6.689802169799805,5,0.35238099098205566,1.882278323173523,0,0,0
blind,150,4,2.986584424972534,1.3690869808197021,7.048105239868164,3.3551812171936035,1.2106016874313354,7.152488708496094,5,0.35238099098205566,1.882278323173523,0,0,0
blind,150,5,4.356027126312256,-0.897887647151947,6.709779739379883,4.516396999359131,-0.9544616937637329,6.6898016929626465,5,0.35238099098205566,1.882278323173523,0,0,0
blind,150,6,6.487313270568848,-0.8395375609397888,5.816631317138672,6.838827133178711,-0.9544616937637329,5.764428615570068,5,0.35238099098205566,1.882278323173523,0,0,0
blind,150,7,6.757133960723877,2.578742504119873,4.020951271057129,7.133671760559082,2.460601806640625,4.032259941101074,5,0.35238099098205566,1.882278323173523,0,0,0
blind,150,8,4.704363822937012,3.850236654281616,4.845735549926758,5.122387886047363,3.710601806640625,4.8336567878723145,5,0.35238099098205566,1.882278323173523,0,0,0
blind,150,9,2.748682737350464,2.6221489906311035,5.596311092376709,3.1111042499542236,2.460602045059204,5.635053634643555,5,0.35238099098205566,1.882278323173523,0,0,0
blind,150,10,2.793456554412842,0.0009032655507326126,5.610326766967773,3.1111042499542236,-0.03939855098724365,5.635053634643555,5,0.35238099098205566,1.882278323173523,0,0,0
blind,150,11,4.747917652130127,-1.1604195833206177,4.8370161056518555,5.1223883628845215,-1.2893980741500854,4.8336567878723145,5,0.35238099098205566,1.882278323173523,0,0,0
blind,151,0,5.2177629470825195,1.2701916694641113,5.537094593048096,5.436000347137451,1.1988120079040527,5.5282883644104,9,0.370844304561615,1.8718535900115967,0,0,0
blind,151,1,7.594237327575684,1.34590744972229,5.3185625076293945,8.039177894592285,1.1988120079040527,5.338636875152588,9,0.370844304561615,1.8718535900115967,0,0,0
blind,151,2,6.6104416847229,3.474360227584839,5.810065746307373,6.871158599853516,3.3638756275177,5.783868312835693,9,0.370844304561615,1.8718535900115967,0,0,0
blind,151,3,4.135160446166992,3.348430871963501,6.618129730224609,4.535120010375977,3.363875389099121,6.6743316650390625,9,0.370844304561615,1.8718535900115967,0,0,0
blind,151,4,2.992389440536499,1.3673349618911743,7.0212788581848145,3.367100715637207,1.1988117694854736,7.119563102722168,9,0.370844304561615,1.8718535900115967,0,0,0
blind,151,5,4.366269111633301,-0.8777794241905212,6.688015460968018,4.535120010375977,-0.9662516117095947,6.674331188201904,9,0.370844304561615,1.8718535900115967,0,0,0
blind,151,6,6.500561237335205,-0.8454306125640869,5.838222503662109,6.871158599853516,-0.9662516117095947,5.783868312835693,9,0.370844304561615,1.8718535900115967,0,0,0
blind,151,7,6.793420314788818,2.5730931758880615,4.042595386505127,7.191929817199707,2.4488120079040527,4.056313514709473,9,0.370844304561615,1.8718535900115967,0,0,0
blind,151,8,4.72926664352417,3.845137596130371,4.841457366943359,5.168861389160156,3.6988120079040527,4.827476978302002,9,0.370844304561615,1.8718535900115967,0,0,0
blind,151,9,2.768786907196045,2.61061954498291,5.572905540466309,3.1457927227020264,2.4488120079040527,5.598640441894531,9,0.370844304561615,1.8718535900115967,0,0,0
blind,151,10,2.802490711212158,-0.013811022974550724,5.586732387542725,3.1457927227020264,-0.05118846893310547,5.598640441894531,9,0.370844304561615,1.8718535900115967,0,0,0
blind,151,11,4.773985862731934,-1.1647661924362183,4.832986831665039,5.168861389160156,-1.3011879920959473,4.827476978302002,9,0.370844304561615,1.8718535900115967,0,0,0
blind,152,0,5.253762722015381,1.258408546447754,5.53553581237793,5.4720001220703125,1.1869773864746094,5.526086330413818,8,0.38793355226516724,1.8665986061096191,0,0,0
blind,152,1,7.617013931274414,1.3395404815673828,5.354381084442139,8.077739715576172,1.1869773864746094,5.375677585601807,8,0.38793355226516724,1.8665986061096191,0,0,0
blind,152,2,6.617156982421875,3.4746506214141846,5.839306831359863,6.903144836425781,3.352041006088257,5.803260326385498,8,0.38793355226516724,1.8665986061096191,0,0,0
blind,152,3,4.131779670715332,3.332961320877075,6.612513065338135,4.553954601287842,3.3520407676696777,6.658426284790039,8,0.38793355226516724,1.8665986061096191,0,0,0
blind,152,4,3.0001637935638428,1.363213062286377,6.993556976318359,3.3793599605560303,1.1869771480560303,7.0860090255737305,8,0.38793355226516724,1.8665986061096191,0,0,0
blind,152,5,4.370819568634033,-0.852976381778717,6.661288738250732,4.553955078125,-0.9780862331390381,6.658425807952881,8,0.38793355226516724,1.8665986061096191,0,0,0
blind,152,6,6.516139984130859,-0.8522965312004089,5.861573696136475,6.903144359588623,-0.9780862331390381,5.803260803222656,8,0.38793355226516724,1.8665986061096191,0,0,0
blind,152,7,6.833311080932617,2.566711902618408,4.066286563873291,7.249908447265625,2.4369773864746094,4.0807342529296875,8,0.38793355226516724,1.8665986061096191,0,0,0
blind,152,8,4.758171081542969,3.8389663696289062,4.836852550506592,5.215450286865234,3.6869773864746094,4.821329593658447,8,0.38793355226516724,1.8665986061096191,0,0,0
blind,152,9,2.784372329711914,2.600461959838867,5.548497676849365,3.180992603302002,2.4369773864746094,5.561924457550049,8,0.38793355226516724,1.8665986061096191,0,0,0
blind,152,10,2.8258776664733887,-0.031199898570775986,5.5620903968811035,3.180992603302002,-0.06302309036254883,5.561924457550049,8,0.38793355226516724,1.8665986061096191,0,0,0
blind,152,11,4.803942680358887,-1.1701710224151611,4.8287882804870605,5.215450286865234,-1.3130226135253906,4.821329593658447,8,0.38793355226516724,1.8665986061096191,0,0,0
blind,153,0,5.2897629737854,1.246610403060913,5.533871173858643,5.508000373840332,1.1750881671905518,5.523779392242432,9,0.40441960096359253,1.8580548763275146,0,0,0
blind,153,1,7.6349616050720215,1.3346116542816162,5.390047073364258,8.115718841552734,1.1750881671905518,5.412841796875,9,0.40441960096359253,1.8580548763275146,0,0,0
blind,153,2,6.627435684204102,3.4730465412139893,5.875751972198486,6.934783935546875,3.340151786804199,5.8225908279418945,9,0.40441960096359253,1.8580548763275146,0,0,0
blind,153,3,4.129429817199707,3.3168106079101562,6.606400012969971,4.572915077209473,3.34015154838562,6.642088890075684,9,0.40441960096359253,1.8580548763275146,0,0,0
blind,153,4,3.0092523097991943,1.3564214706420898,6.9649224281311035,3.3919811248779297,1.1750879287719727,7.051837921142578,9,0.40441960096359253,1.8580548763275146,0,0,0
blind,153,5,4.3669915199279785,-0.826393723487854,6.630838394165039,4.572915554046631,-0.9899754524230957,6.642088890075684,9,0.40441960096359253,1.8580548763275146,0,0,0
blind,153,6,6.533451557159424,-0.8599198460578918,5.8863325119018555,6.934783935546875,-0.9899754524230957,5.8225908279418945,9,0.40441960096359253,1.8580548763275146,0,0,0
blind,153,7,6.875779151916504,2.5597400665283203,4.091418743133545,7.307589054107666,2.4250881671905518,4.105512619018555,9,0.40441960096359253,1.8580548763275146,0,0,0
blind,153,8,4.783206462860107,3.834062337875366,4.832418918609619,5.262150764465332,3.6750881671905518,4.815218925476074,9,0.40441960096359253,1.8580548763275146,0,0,0
blind,153,9,2.8098855018615723,2.5843801498413086,5.522556781768799,3.2167129516601562,2.425088405609131,5.5249247550964355,9,0.40441960096359253,1.8580548763275146,0,0,0
blind,153,10,2.8534576892852783,-0.045427750796079636,5.534498691558838,3.2167129516601562,-0.07491230964660645,5.5249247550964355,9,0.40441960096359253,1.8580548763275146,0,0,0
blind,153,11,4.837061405181885,-1.176504373550415,4.824502468109131,5.262150764465332,-1.3249118328094482,4.815218925476074,9,0.40441960096359253,1.8580548763275146,0,0,0
blind,154,0,5.325762748718262,1.2347904443740845,5.532100677490234,5.544000148773193,1.1631360054016113,5.521368503570557,8,0.41976460814476013,1.8500186204910278,0,0,0
blind,154,1,7.661561012268066,1.3267542123794556,5.429625988006592,8.153103828430176,1.1631360054016113,5.450103759765625,8,0.41976460814476013,1.8500186204910278,0,0,0
blind,154,2,6.635605812072754,3.4705357551574707,5.9136481285095215,6.966073989868164,3.328199625015259,5.8418450355529785,8,0.41976460814476013,1.8500186204910278,0,0,0
blind,154,3,4.127298355102539,3.2999908924102783,6.599386215209961,4.592015266418457,3.3281993865966797,6.625327110290527,8,0.41976460814476013,1.8500186204910278,0,0,0
blind,154,4,3.018477201461792,1.3467742204666138,6.935072898864746,3.4049859046936035,1.1631357669830322,7.017068386077881,8,0.41976460814476013,1.8500186204910278,0,0,0
blind,154,5,4.354799747467041,-0.8019152879714966,6.599184036254883,4.592015743255615,-1.0019276142120361,6.625327110290527,8,0.41976460814476013,1.8500186204910278,0,0,0
blind,154,6,6.551939964294434,-0.8680959343910217,5.912256240844727,6.966073989868164,-1.0019276142120361,5.8418450355529785,8,0.41976460814476013,1.8500186204910278,0,0,0
blind,154,7,6.9130401611328125,2.554316282272339,4.116512775421143,7.364950656890869,2.4131360054016113,4.1306352615356445,8,0.41976460814476013,1.8500186204910278,0,0,0
blind,154,8,4.819376468658447,3.8259880542755127,4.827220916748047,5.308955192565918,3.6631360054016113,4.809150695800781,8,0.41976460814476013,1.8500186204910278,0,0,0
blind,154,9,2.8365819454193115,2.566997528076172,5.495148658752441,3.252960205078125,2.4131360054016113,5.487666130065918,8,0.41976460814476013,1.8500186204910278,0,0,0
blind,154,10,2.8833374977111816,-0.05542025715112686,5.502224445343018,3.252960205078125,-0.08686447143554688,5.487666130065918,8,0.41976460814476013,1.8500186204910278,0,0,0
blind,154,11,4.872751235961914,-1.1836659908294678,4.820186138153076,5.308955669403076,-1.3368639945983887,4.809150695800781,8,0.41976460814476013,1.8500186204910278,0,0,0
blind,155,0,5.361763000488281,1.2229413986206055,5.530224800109863,5.580000400543213,1.1511105298995972,5.518853664398193,8,0.4348284602165222,1.842748761177063,0,0,0
blind,155,1,7.6887969970703125,1.318523645401001,5.470463275909424,8.189888000488281,1.1511105298995972,5.487442970275879,8,0.4348284602165222,1.842748761177063,0,0,0
blind,155,2,6.641728401184082,3.4669084548950195,5.951863765716553,6.99701452255249,3.316174030303955,5.861010551452637,8,0.4348284602165222,1.842748761177063,0,0,0
blind,155,3,4.125216007232666,3.28299880027771,6.591027736663818,4.61126708984375,3.316174030303955,6.608145236968994,8,0.4348284602165222,1.842748761177063,0,0,0
blind,155,4,3.026577949523926,1.3342655897140503,6.903782844543457,3.418393611907959,1.151110291481018,6.981712818145752,8,0.4348284602165222,1.842748761177063,0,0,0
blind,155,5,4.334327697753906,-0.782338559627533,6.567435264587402,4.611267566680908,-1.0139530897140503,6.608145236968994,8,0.4348284602165222,1.842748761177063,0,0,0
blind,155,6,6.565587997436523,-0.8746243119239807,5.937117099761963,6.997014045715332,-1.0139530897140503,5.861010551452637,8,0.4348284602165222,1.842748761177063,0,0,0
blind,155,7,6.960592269897461,2.5465009212493896,4.145687103271484,7.421977519989014,2.4011106491088867,4.156091690063477,8,0.4348284602165222,1.842748761177063,0,0,0
blind,155,8,4.857156276702881,3.8174190521240234,4.822058200836182,5.355859756469727,3.6511106491088867,4.80312967300415,8,0.4348284602165222,1.842748761177063,0,0,0
blind,155,9,2.863938331604004,2.549008846282959,5.465789794921875,3.2897424697875977,2.4011106491088867,5.450167655944824,8,0.4348284602165222,1.842748761177063,0,0,0
blind,155,10,2.91249680519104,-0.06059419363737106,5.463962078094482,3.2897424697875977,-0.09888994693756104,5.450167655944824,8,0.4348284602165222,1.842748761177063,0,0,0
blind,155,11,4.910530090332031,-1.1915698051452637,4.81587028503418,5.355859756469727,-1.3488894701004028,4.80312967300415,8,0.4348284602165222,1.842748761177063,0,0,0
blind,156,0,5.397762775421143,1.2110556364059448,5.5282440185546875,5.616000175476074,1.1390025615692139,5.5162353515625,8,0.44910115003585815,1.8364770412445068,0,0,0
blind,156,1,7.716322898864746,1.3100154399871826,5.512320041656494,8.226062774658203,1.1390025615692139,5.524831771850586,8,0.44910115003585815,1.8364770412445068,0,0,0
blind,156,2,6.646068096160889,3.462061643600464,5.989502906799316,7.0276031494140625,3.3040661811828613,5.88007116317749,8,0.44910115003585815,1.8364770412445068,0,0,0
blind,156,3,4.122991561889648,3.266352415084839,6.580659866333008,4.6306843757629395,3.3040659427642822,6.590550422668457,8,0.44910115003585815,1.8364770412445068,0,0,0
blind,156,4,3.031991720199585,1.3192070722579956,6.870920181274414,3.432225227355957,1.1390023231506348,6.9457902908325195,8,0.44910115003585815,1.8364770412445068,0,0,0
blind,156,5,4.309433460235596,-0.7680083513259888,6.538638591766357,4.630684852600098,-1.0260610580444336,6.590550422668457,8,0.44910115003585815,1.8364770412445068,0,0,0
blind,156,6,6.586161136627197,-0.8837874531745911,5.964884281158447,7.0276031494140625,-1.0260610580444336,5.88007116317749,8,0.44910115003585815,1.8364770412445068,0,0,0
blind,156,7,7.008927822113037,2.5386641025543213,4.176326751708984,7.478648662567139,2.389002561569214,4.181866645812988,8,0.44910115003585815,1.8364770412445068,0,0,0
blind,156,8,4.896653652191162,3.8084051609039307,4.816842555999756,5.402856349945068,3.639002561569214,4.797159671783447,8,0.44910115003585815,1.8364770412445068,0,0,0
blind,156,9,2.891324043273926,2.5312342643737793,5.433818817138672,3.327064037322998,2.389002799987793,5.412452697753906,8,0.44910115003585815,1.8364770412445068,0,0,0
blind,156,10,2.944525718688965,-0.0617927648127079,5.426457405090332,3.327064037322998,-0.11099791526794434,5.412452697753906,8,0.44910115003585815,1.8364770412445068,0,0,0
blind,156,11,4.94999361038208,-1.2001159191131592,4.81154203414917,5.402856349945068,-1.3609974384307861,4.797159671783447,8,0.44910115003585815,1.8364770412445068,0,0,0
blind,157,0,5.433763027191162,1.1991252899169922,5.526158332824707,5.652000427246094,1.1268013715744019,5.513513565063477,8,0.4637219309806824,1.8309879302978516,0,0,0
blind,157,1,7.743869781494141,1.3013018369674683,5.5549774169921875,8.261622428894043,1.1268013715744019,5.562247276306152,8,0.4637219309806824,1.8309879302978516,0,0,0
blind,157,2,6.651776313781738,3.4551970958709717,6.024800777435303,7.0578413009643555,3.2918648719787598,5.899014472961426,8,0.4637219309806824,1.8309879302978516,0,0,0
blind,157,3,4.1203413009643555,3.250706911087036,6.567385673522949,4.650279998779297,3.2918648719787598,6.572549343109131,8,0.4637219309806824,1.8309879302978516,0,0,0
blind,157,4,3.0318872928619385,1.3050652742385864,6.839391231536865,3.4464995861053467,1.1268011331558228,6.909316539764404,8,0.4637219309806824,1.8309879302978516,0,0,0
blind,157,5,4.2835235595703125,-0.7630258798599243,6.5110273361206055,4.650280475616455,-1.0382622480392456,6.572548866271973,8,0.4637219309806824,1.8309879302978516,0,0,0
blind,157,6,6.60679817199707,-0.893089771270752,5.993169784545898,7.0578413009643555,-1.0382622480392456,5.899014472961426,8,0.4637219309806824,1.8309879302978516,0,0,0
blind,157,7,7.057693004608154,2.530333995819092,4.206339359283447,7.53494930267334,2.3768014907836914,4.207947254180908,8,0.4637219309806824,1.8309879302978516,0,0,0
blind,157,8,4.937559127807617,3.799037218093872,4.811621189117432,5.449939727783203,3.6268014907836914,4.791245460510254,8,0.4637219309806824,1.8309879302978516,0,0,0
blind,157,9,2.9182217121124268,2.514498472213745,5.3988728523254395,3.3649308681488037,2.3768014907836914,5.374543190002441,8,0.4637219309806824,1.8309879302978516,0,0,0
blind,157,10,2.9773778915405273,-0.059513773769140244,5.38825798034668,3.3649308681488037,-0.12319910526275635,5.374543190002441,8,0.4637219309806824,1.8309879302978516,0,0,0
blind,157,11,4.983648777008057,-1.207210898399353,4.807685852050781,5.449940204620361,-1.3731986284255981,4.791245460510254,8,0.4637219309806824,1.8309879302978516,0,0,0
blind,158,0,5.469762802124023,1.1871418952941895,5.523967742919922,5.687999725341797,1.1144970655441284,5.510689735412598,9,0.4771234393119812,1.8239158391952515,0,0,0
blind,158,1,7.7712273597717285,1.2924388647079468,5.598239421844482,8.29655933380127,1.1144970655441284,5.59966516494751,9,0.4771234393119812,1.8239158391952515,0,0,0
blind,158,2,6.660315990447998,3.446042537689209,6.0576276779174805,7.087728023529053,3.2795605659484863,5.9178266525268555,9,0.4771234393119812,1.8239158391952515,0,0,0
blind,158,3,4.115102767944336,3.2388298511505127,6.552215099334717,4.670065402984619,3.2795605659484863,6.554150104522705,9,0.4771234393119812,1.8239158391952515,0,0,0
blind,158,4,3.035187244415283,1.2857966423034668,6.805932998657227,3.4612340927124023,1.1144968271255493,6.872312068939209,9,0.4771234393119812,1.8239158391952515,0,0,0
blind,158,5,4.257307529449463,-0.7663885951042175,6.485161781311035,4.670065879821777,-1.050566554069519,6.554150104522705,9,0.4771234393119812,1.8239158391952515,0,0,0
blind,158,6,6.627192974090576,-0.9024218320846558,6.021873950958252,7.0877275466918945,-1.050566554069519,5.9178266525268555,9,0.4771234393119812,1.8239158391952515,0,0,0
blind,158,7,7.106986045837402,2.5215089321136475,4.235843181610107,7.590859889984131,2.364497184753418,4.234318733215332,9,0.4771234393119812,1.8239158391952515,0,0,0
blind,158,8,4.9796223640441895,3.7893919944763184,4.806431770324707,5.497102737426758,3.614497184753418,4.785390853881836,9,0.4771234393119812,1.8239158391952515,0,0,0
blind,158,9,2.9460504055023193,2.498760461807251,5.3638200759887695,3.4033455848693848,2.364497184753418,5.33646297454834,9,0.4771234393119812,1.8239158391952515,0,0,0
blind,158,10,3.0046041011810303,-0.05520319193601608,5.351859092712402,3.4033455848693848,-0.13550341129302979,5.33646297454834,9,0.4771234393119812,1.8239158391952515,0,0,0
blind,158,11,5.026639461517334,-1.217073917388916,4.80325174331665,5.497102737426758,-1.3855029344558716,4.785390853881836,9,0.4771234393119812,1.8239158391952515,0,0,0
blind,159,0,5.505762577056885,1.1750969886779785,5.521673202514648,5.723999977111816,1.102079153060913,5.507762908935547,8,0.4898260533809662,1.8099565505981445,0,0,0
blind,159,1,7.799332618713379,1.2830827236175537,5.640350818634033,8.330872535705566,1.102079153060913,5.637059688568115,8,0.4898260533809662,1.8099565505981445,0,0,0
blind,159,2,6.666879177093506,3.437248945236206,6.087125778198242,7.117265701293945,3.2671427726745605,5.936493396759033,8,0.4898260533809662,1.8099565505981445,0,0,0
blind,159,3,4.11000919342041,3.2282614707946777,6.530322551727295,4.690053939819336,3.2671425342559814,6.535359859466553,8,0.4898260533809662,1.8099565505981445,0,0,0
blind,159,4,3.0386903285980225,1.2651053667068481,6.773204803466797,3.476447820663452,1.102078914642334,6.8347930908203125,8,0.4898260533809662,1.8099565505981445,0,0,0
blind,159,5,4.232432842254639,-0.7787495851516724,6.460908889770508,4.690053939819336,-1.0629844665527344,6.535359859466553,8,0.4898260533809662,1.8099565505981445,0,0,0
blind,159,6,6.648905277252197,-0.9121546149253845,6.048746109008789,7.117265701293945,-1.0629844665527344,5.936493396759033,8,0.4898260533809662,1.8099565505981445,0,0,0
blind,159,7,7.156825065612793,2.5122039318084717,4.26492977142334,7.646367073059082,2.352079153060913,4.260965347290039,8,0.4898260533809662,1.8099565505981445,0,0,0
blind,159,8,5.022641181945801,3.7795350551605225,4.801303386688232,5.544339656829834,3.602079153060913,4.779599189758301,8,0.4898260533809662,1.8099565505981445,0,0,0
blind,159,9,2.9689931869506836,2.4864261150360107,5.329958915710449,3.442312717437744,2.352079391479492,5.2982330322265625,8,0.4898260533809662,1.8099565505981445,0,0,0
blind,159,10,3.038635492324829,-0.04948924854397774,5.312444686889648,3.442312717437744,-0.14792132377624512,5.2982330322265625,8,0.4898260533809662,1.8099565505981445,0,0,0
blind,159,11,5.069424152374268,-1.2273988723754883,4.799211502075195,5.544340133666992,-1.397920846939087,4.779599189758301,8,0.4898260533809662,1.8099565505981445,0,0,0
blind,160,0,5.541762828826904,1.162981629371643,5.519274711608887,5.760000228881836,1.089536428451538,5.504734039306641,9,0.5009675025939941,1.794799566268921,0,0,0
blind,160,1,7.821996212005615,1.275312066078186,5.680207252502441,8.364556312561035,1.089536428451538,5.6744065284729,9,0.5009675025939941,1.794799566268921,0,0,0
blind,160,2,6.681305885314941,3.423431634902954,6.116705894470215,7.146456241607666,3.2546000480651855,5.955000400543213,9,0.5009675025939941,1.794799566268921,0,0,0
blind,160,3,4.110357284545898,3.2199883460998535,6.505441188812256,4.710256576538086,3.2545998096466064,6.51618766784668,9,0.5009675025939941,1.794799566268921,0,0,0
blind,160,4,3.042405843734741,1.2435946464538574,6.741005897521973,3.492156744003296,1.089536190032959,6.796781539916992,9,0.5009675025939941,1.794799566268921,0,0,0
blind,160,5,4.210972785949707,-0.8007303476333618,6.438128471374512,4.710256576538086,-1.0755271911621094,6.51618766784668,9,0.5009675025939941,1.794799566268921,0,0,0
blind,160,6,6.671931266784668,-0.9223118424415588,6.074029445648193,7.146455764770508,-1.0755271911621094,5.955000400543213,9,0.5009675025939941,1.794799566268921,0,0,0
blind,160,7,7.207116603851318,2.5023348331451416,4.293154716491699,7.7014546394348145,2.339536428451538,4.287871837615967,9,0.5009675025939941,1.794799566268921,0,0,0
blind,160,8,5.059243202209473,3.771458148956299,4.796915054321289,5.591643810272217,3.589536428451538,4.773874282836914,9,0.5009675025939941,1.794799566268921,0,0,0
blind,160,9,2.999884843826294,2.4725639820098877,5.294069766998291,3.4818334579467773,2.339536666870117,5.259876728057861,9,0.5009675025939941,1.794799566268921,0,0,0
blind,160,10,3.0738205909729004,-0.0437760092318058,5.273993492126465,3.4818334579467773,-0.16046404838562012,5.259876728057861,9,0.5009675025939941,1.794799566268921,0,0,0
blind,160,11,5.112217903137207,-1.238145351409912,4.795469760894775,5.591644287109375,-1.410463571548462,4.773874282836914,9,0.5009675025939941,1.794799566268921,0,0,0
blind,161,0,5.577762603759766,1.1507866382598877,5.516772747039795,5.796000003814697,1.0768589973449707,5.501604080200195,8,0.5096083283424377,1.7901524305343628,0,0,0
blind,161,1,7.852237701416016,1.2647744417190552,5.720908164978027,8.397608757019043,1.0768589973449707,5.7116804122924805,8,0.5096083283424377,1.7901524305343628,0,0,0
blind,161,2,6.700198173522949,3.406956911087036,6.143901348114014,7.175300598144531,3.241922616958618,5.973334789276123,8,0.5096083283424377,1.7901524305343628,0,0,0
blind,161,3,4.115015983581543,3.215057849884033,6.4770188331604,4.730684280395508,3.241922378540039,6.49664306640625,8,0.5096083283424377,1.7901524305343628,0,0,0
blind,161,4,3.046569347381592,1.2217899560928345,6.709105968475342,3.508376359939575,1.0768587589263916,6.758297443389893,8,0.5096083283424377,1.7901524305343628,0,0,0
blind,161,5,4.195797920227051,-0.8331940174102783,6.417137145996094,4.730684757232666,-1.0882046222686768,6.49664306640625,8,0.5096083283424377,1.7901524305343628,0,0,0
blind,161,6,6.696264266967773,-0.9329115152359009,6.09787130355835,7.175300598144531,-1.0882046222686768,5.973334789276123,8,0.5096083283424377,1.7901524305343628,0,0,0
blind,161,7,7.250802993774414,2.4940996170043945,4.320112228393555,7.756106853485107,2.3268589973449707,4.315020561218262,8,0.5096083283424377,1.7901524305343628,0,0,0
blind,161,8,5.103264331817627,3.7609310150146484,4.792521953582764,5.639007568359375,3.5768589973449707,4.768218994140625,8,0.5096083283424377,1.7901524305343628,0,0,0
blind,161,9,3.0318527221679688,2.4600493907928467,5.2577667236328125,3.5219080448150635,2.3268589973449707,5.221417427062988,8,0.5096083283424377,1.7901524305343628,0,0,0
blind,161,10,3.1098461151123047,-0.03905550390481949,5.23616361618042,3.5219080448150635,-0.1731414794921875,5.221417427062988,8,0.5096083283424377,1.7901524305343628,0,0,0
blind,161,11,5.155162811279297,-1.2492725849151611,4.791955947875977,5.639007568359375,-1.4231410026550293,4.768218994140625,8,0.5096083283424377,1.7901524305343628,0,0,0
blind,162,0,5.613762855529785,1.1385024785995483,5.514167308807373,5.832000255584717,1.0640344619750977,5.498373031616211,8,0.5159198641777039,1.7907880544662476,0,0,0
blind,162,1,7.882907390594482,1.2538529634475708,5.761014938354492,8.43002986907959,1.0640344619750977,5.748857021331787,8,0.5159198641777039,1.7907880544662476,0,0,0
blind,162,2,6.724515914916992,3.387834072113037,6.16789436340332,7.203803062438965,3.229098081588745,5.991483211517334,8,0.5159198641777039,1.7907880544662476,0,0,0
blind,162,3,4.1242780685424805,3.2142229080200195,6.44554328918457,4.751348972320557,3.229097843170166,6.476735591888428,8,0.5159198641777039,1.7907880544662476,0,0,0
blind,162,4,3.0516297817230225,1.2001063823699951,6.677255153656006,3.5251219272613525,1.0640342235565186,6.719361305236816,8,0.5159198641777039,1.7907880544662476,0,0,0
blind,162,5,4.189664840698242,-0.874713659286499,6.399105548858643,4.751349449157715,-1.1010291576385498,6.4767351150512695,8,0.5159198641777039,1.7907880544662476,0,0,0
blind,162,6,6.715794086456299,-0.9418224692344666,6.11959171295166,7.203803062438965,-1.1010291576385498,5.991483211517334,8,0.5159198641777039,1.7907880544662476,0,0,0
blind,162,7,7.303503036499023,2.4829790592193604,4.348280906677246,7.810311794281006,2.3140344619750977,4.342395782470703,8,0.5159198641777039,1.7907880544662476,0,0,0
blind,162,8,5.146914958953857,3.750253200531006,4.788597583770752,5.686424255371094,3.5640344619750977,4.762636661529541,8,0.5159198641777039,1.7907880544662476,0,0,0
blind,162,9,3.0650384426116943,2.4488282203674316,5.221164226531982,3.56253719329834,2.3140344619750977,5.182877540588379,8,0.5159198641777039,1.7907880544662476,0,0,0
blind,162,10,3.146880626678467,-0.03620041906833649,5.1988844871521,3.56253719329834,-0.18596601486206055,5.182877540588379,8,0.5159198641777039,1.7907880544662476,0,0,0
blind,162,11,5.198349475860596,-1.260738730430603,4.7886176109313965,5.686424732208252,-1.4359655380249023,4.762636661529541,8,0.5159198641777039,1.7907880544662476,0,0,0
blind,163,0,5.6497626304626465,1.126119613647461,5.5114593505859375,5.868000030517578,1.0510525703430176,5.495041847229004,8,0.520126461982727,1.7870497703552246,0,0,0
blind,163,1,7.913959980010986,1.2425588369369507,5.800599098205566,8.46181869506836,1.0510525703430176,5.785910129547119,8,0.520126461982727,1.7870497703552246,0,0,0
blind,163,2,6.754173278808594,3.366621255874634,6.18781042098999,7.231966018676758,3.216116189956665,6.009431838989258,8,0.520126461982727,1.7870497703552246,0,0,0
blind,163,3,4.138461589813232,3.218076705932617,6.412103176116943,4.772259712219238,3.216115951538086,6.456475257873535,8,0.520126461982727,1.7870497703552246,0,0,0
blind,163,4,3.0583014488220215,1.1788333654403687,6.645232677459717,3.542407274246216,1.0510523319244385,6.679996967315674,8,0.520126461982727,1.7870497703552246,0,0,0
blind,163,5,4.187331676483154,-0.9154052734375,6.383802890777588,4.7722601890563965,-1.1140110492706299,6.456475257873535,8,0.520126461982727,1.7870497703552246,0,0,0
blind,163,6,6.743452072143555,-0.9536091089248657,6.140865802764893,7.2319655418396,-1.1140110492706299,6.009431838989258,8,0.520126461982727,1.7870497703552246,0,0,0
blind,163,7,7.356453895568848,2.4714303016662598,4.376007080078125,7.8640546798706055,2.3010525703430176,4.369979381561279,8,0.520126461982727,1.7870497703552246,0,0,0
blind,163,8,5.1907782554626465,3.7393860816955566,4.784964084625244,5.73388671875,3.5510525703430176,4.757130146026611,8,0.520126461982727,1.7870497703552246,0,0,0
blind,163,9,3.0996334552764893,2.4387459754943848,5.184493064880371,3.603719472885132,2.3010525703430176,5.144280910491943,8,0.520126461982727,1.7870497703552246,0,0,0
blind,163,10,3.18540096282959,-0.03593863546848297,5.162753582000732,3.603719472885132,-0.19894790649414062,5.144280910491943,8,0.520126461982727,1.7870497703552246,0,0,0
blind,163,11,5.241830348968506,-1.2725019454956055,4.785416603088379,5.733887195587158,-1.4489474296569824,4.757130146026611,8,0.520126461982727,1.7870497703552246,0,0,0
blind,164,0,5.685762882232666,1.1136280298233032,5.508648872375488,5.904000282287598,1.0379019975662231,5.491610050201416,8,0.5224406123161316,1.7868742942810059,0,0,0
blind,164,1,7.945353031158447,1.230900526046753,5.839691162109375,8.492977142333984,1.0379019975662231,5.822815895080566,8,0.5224406123161316,1.7868742942810059,0,0,0
blind,164,2,6.788361549377441,3.344203233718872,6.203045845031738,7.259794235229492,3.20296573638916,6.027167797088623,8,0.5224406123161316,1.7868742942810059,0,0,0
blind,164,3,4.157577037811279,3.2266857624053955,6.3783488273620605,4.793428421020508,3.202965259552002,6.4358720779418945,8,0.5224406123161316,1.7868742942810059,0,0,0
blind,164,4,3.061829090118408,1.1613311767578125,6.614235877990723,3.5602455139160156,1.037901759147644,6.640223979949951,8,0.5224406123161316,1.7868742942810059,0,0,0
blind,164,5,4.203876495361328,-0.9650136232376099,6.373399257659912,4.793428421020508,-1.1271616220474243,6.4358720779418945,8,0.5224406123161316,1.7868742942810059,0,0,0
blind,164,6,6.772312641143799,-0.9658415913581848,6.160642623901367,7.259794235229492,-1.1271616220474243,6.027167797088623,8,0.5224406123161316,1.7868742942810059,0,0,0
blind,164,7,7.40953254699707,2.459519624710083,4.403415679931641,7.917324542999268,2.2879018783569336,4.397752285003662,8,0.5224406123161316,1.7868742942810059,0,0,0
blind,164,8,5.234890460968018,3.728342056274414,4.781578540802002,5.781388759613037,3.5379018783569336,4.751700401306152,8,0.5224406123161316,1.7868742942810059,0,0,0
blind,164,9,3.1358511447906494,2.4295613765716553,5.148068904876709,3.645453453063965,2.2879021167755127,5.105648517608643,8,0.5224406123161316,1.7868742942810059,0,0,0
blind,164,10,3.225275754928589,-0.03858262300491333,5.1271820068359375,3.645453453063965,-0.21209847927093506,5.105648517608643,8,0.5224406123161316,1.7868742942810059,0,0,0
blind,164,11,5.278791904449463,-1.2822691202163696,4.78267765045166,5.781389236450195,-1.4620980024337769,4.751700401306152,8,0.5224406123161316,1.7868742942810059,0,0,0
blind,165,0,5.721762657165527,1.1010175943374634,5.505736351013184,5.940000057220459,1.024571180343628,5.488078594207764,6,0.5014321208000183,1.7921688556671143,0,0,0
blind,165,1,7.997542858123779,1.2116656303405762,5.881457328796387,8.523508071899414,1.024571180343628,5.8595476150512695,6,0.5014321208000183,1.7921688556671143,0,0,0
blind,165,2,6.850529193878174,3.312675714492798,6.205079555511475,7.28729248046875,3.1896347999572754,6.044677734375,6,0.5014321208000183,1.7921688556671143,0,0,0
blind,165,3,4.194937229156494,3.2413501739501953,6.3440985679626465,4.814863204956055,3.1896345615386963,6.414937496185303,6,0.5014321208000183,1.7921688556671143,0,0,0
blind,165,4,3.09028959274292,1.1338011026382446,6.575436115264893,3.578648567199707,1.0245709419250488,6.600067138671875,6,0.5014321208000183,1.7921688556671143,0,0,0
blind,165,5,4.265305995941162,-1.023491382598877,6.372523307800293,4.814863204956055,-1.1404924392700195,6.414937496185303,6,0.5014321208000183,1.7921688556671143,0,0,0
blind,165,6,6.8231706619262695,-0.9858590364456177,6.178258419036865,7.28729248046875,-1.1404924392700195,6.044677734375,6,0.5014321208000183,1.7921688556671143,0,0,0
blind,165,7,7.48495626449585,2.440117597579956,4.432229995727539,7.970108985900879,2.274571180343628,4.425695419311523,6,0.5014321208000183,1.7921688556671143,0,0,0
blind,165,8,5.300247669219971,3.710496187210083,4.777376174926758,5.828921794891357,3.524571180343628,4.746349811553955,6,0.5014321208000183,1.7921688556671143,0,0,0
blind,165,9,3.194443941116333,2.416182279586792,5.107174873352051,3.6877353191375732,2.274571418762207,5.067004203796387,6,0.5014321208000183,1.7921688556671143,0,0,0
blind,165,10,3.2808737754821777,-0.050010763108730316,5.089145660400391,3.6877353191375732,-0.22542929649353027,5.067004203796387,6,0.5014321208000183,1.7921688556671143,0,0,0
blind,165,11,5.344860553741455,-1.3018252849578857,4.778529167175293,5.828922271728516,-1.475428819656372,4.746349811553955,6,0.5014321208000183,1.7921688556671143,0,0,0
blind,166,0,5.757762908935547,1.08827805519104,5.502721786499023,5.9760003089904785,1.0110487937927246,5.484448432922363,5,0.4796396493911743,1.8101906776428223,0,0,0
blind,166,1,8.048517227172852,1.1925722360610962,5.919765472412109,8.553413391113281,1.0110487937927246,5.896082878112793,5,0.4796396493911743,1.8101906776428223,0,0,0
blind,166,2,6.904215335845947,3.287954568862915,6.200613498687744,7.31446647644043,3.176112413406372,6.061949729919434,5,0.4796396493911743,1.8101906776428223,0,0,0
blind,166,3,4.2453999519348145,3.2589540481567383,6.315810203552246,4.836573600769043,3.176112174987793,6.393682956695557,5,0.4796396493911743,1.8101906776428223,0,0,0
blind,166,4,3.1254687309265137,1.1093698740005493,6.53885555267334,3.5976274013519287,1.0110485553741455,6.559549331665039,5,0.4796396493911743,1.8101906776428223,0,0,0
blind,166,5,4.341445446014404,-1.0620473623275757,6.378427982330322,4.836574077606201,-1.1540148258209229,6.393682956695557,5,0.4796396493911743,1.8101906776428223,0,0,0
blind,166,6,6.873661041259766,-1.00545072555542,6.190001964569092,7.31446647644043,-1.1540148258209229,6.061949729919434,5,0.4796396493911743,1.8101906776428223,0,0,0
blind,166,7,7.557363510131836,2.420699119567871,4.457703113555908,8.022397994995117,2.2610487937927246,4.45379114151001,5,0.4796396493911743,1.8101906776428223,0,0,0
blind,166,8,5.361699104309082,3.693310022354126,4.773816108703613,5.8764801025390625,3.5110487937927246,4.741080284118652,5,0.4796396493911743,1.8101906776428223,0,0,0
blind,166,9,3.2455148696899414,2.4054908752441406,5.071374416351318,3.730562210083008,2.2610487937927246,5.028369903564453,5,0.4796396493911743,1.8101906776428223,0,0,0
blind,166,10,3.344890594482422,-0.07075724005699158,5.055617332458496,3.730562210083008,-0.2389516830444336,5.028369903564453,5,0.4796396493911743,1.8101906776428223,0,0,0
blind,166,11,5.407130241394043,-1.3205540180206299,4.774733066558838,5.876480579376221,-1.4889512062072754,4.741080284118652,5,0.4796396493911743,1.8101906776428223,0,0,0
blind,167,0,5.793763160705566,1.0753988027572632,5.499606132507324,6.012000560760498,0.9973231554031372,5.480719566345215,6,0.45873746275901794,1.8304072618484497,0,0,0
blind,167,1,8.090563774108887,1.1763942241668701,5.954920291900635,8.582698822021484,0.9973231554031372,5.932396411895752,6,0.45873746275901794,1.8304072618484497,0,0,0
blind,167,2,6.9632697105407715,3.2655932903289795,6.1864333152771,7.34132194519043,3.162386894226074,6.078970909118652,6,0.45873746275901794,1.8304072618484497,0,0,0
blind,167,3,4.298090934753418,3.2762198448181152,6.295067310333252,4.8585686683654785,3.162386417388916,6.372119903564453,6,0.45873746275901794,1.8304072618484497,0,0,0
blind,167,4,3.166019916534424,1.0887662172317505,6.505168914794922,3.617192029953003,0.9973229169845581,6.5186944007873535,6,0.45873746275901794,1.8304072618484497,0,0,0
blind,167,5,4.418206691741943,-1.084932565689087,6.384538650512695,4.858569145202637,-1.1677404642105103,6.372119903564453,6,0.45873746275901794,1.8304072618484497,0,0,0
blind,167,6,6.92266845703125,-1.0242303609848022,6.1964898109436035,7.34132194519043,-1.1677404642105103,6.078970909118652,6,0.45873746275901794,1.8304072618484497,0,0,0
blind,167,7,7.6269145011901855,2.401440382003784,4.480731964111328,8.074182510375977,2.2473230361938477,4.482019424438477,6,0.45873746275901794,1.8304072618484497,0,0,0
blind,167,8,5.413273334503174,3.679060220718384,4.770963191986084,5.924055576324463,3.4973230361938477,4.735893726348877,6,0.45873746275901794,1.8304072618484497,0,0,0
blind,167,9,3.304478406906128,2.393254518508911,5.036696434020996,3.773928642272949,2.2473232746124268,4.989768028259277,6,0.45873746275901794,1.8304072618484497,0,0,0
blind,167,10,3.4076428413391113,-0.09580119699239731,5.027263164520264,3.773928642272949,-0.252677321434021,4.989768028259277,6,0.45873746275901794,1.8304072618484497,0,0,0
blind,167,11,5.4663472175598145,-1.3385021686553955,4.771149158477783,5.924056053161621,-1.5026768445968628,4.735893726348877,6,0.45873746275901794,1.8304072618484497,0,0,0
blind,168,0,5.829762935638428,1.062369465827942,5.496389865875244,6.048000335693359,0.9833834767341614,5.476892471313477,5,0.43929728865623474,1.8528273105621338,0,0,0
blind,168,1,8.139107704162598,1.1575907468795776,5.988985538482666,8.611369132995605,0.9833834767341614,5.9684624671936035,5,0.43929728865623474,1.8528273105621338,0,0,0
blind,168,2,7.018550872802734,3.2472097873687744,6.170365810394287,7.367864608764648,3.148447036743164,6.095728874206543,5,0.43929728865623474,1.8528273105621338,0,0,0
blind,168,3,4.3507184982299805,3.2913620471954346,6.280807018280029,4.880855560302734,3.148446798324585,6.350261688232422,5,0.43929728865623474,1.8528273105621338,0,0,0
blind,168,4,3.210392475128174,1.0721415281295776,6.475472927093506,3.6373512744903564,0.9833832383155823,6.477527618408203,5,0.43929728865623474,1.8528273105621338,0,0,0
blind,168,5,4.49076509475708,-1.098132610321045,6.3871750831604,4.880856037139893,-1.1816802024841309,6.350261688232422,5,0.43929728865623474,1.8528273105621338,0,0,0
blind,168,6,6.9695210456848145,-1.0421561002731323,6.199594974517822,7.36786413192749,-1.1816802024841309,6.095728874206543,5,0.43929728865623474,1.8528273105621338,0,0,0
blind,168,7,7.6857709884643555,2.3855175971984863,4.503492832183838,8.125452995300293,2.2333834171295166,4.510357856750488,5,0.43929728865623474,1.8528273105621338,0,0,0
blind,168,8,5.470926284790039,3.6626055240631104,4.767899513244629,5.971640586853027,3.4833834171295166,4.730789661407471,5,0.43929728865623474,1.8528273105621338,0,0,0
blind,168,9,3.3626368045806885,2.3811445236206055,5.004810333251953,3.8178279399871826,2.2333836555480957,4.951221466064453,5,0.43929728865623474,1.8528273105621338,0,0,0
blind,168,10,3.4680497646331787,-0.12246518582105637,5.000533103942871,3.8178279399871826,-0.2666170001029968,4.951221466064453,5,0.43929728865623474,1.8528273105621338,0,0,0
blind,168,11,5.5231146812438965,-1.355743169784546,4.7676849365234375,5.971640586853027,-1.5166165828704834,4.730789661407471,5,0.43929728865623474,1.8528273105621338,0,0,0
blind,169,0,5.865763187408447,1.049179196357727,5.493073463439941,6.084000587463379,0.9692174196243286,5.472968101501465,5,0.42240437865257263,1.8768855333328247,0,0,0
blind,169,1,8.18581771850586,1.139161467552185,6.021054267883301,8.639431953430176,0.9692174196243286,6.004258632659912,5,0.42240437865257263,1.8768855333328247,0,0,0
blind,169,2,7.069746017456055,3.2323226928710938,6.1546478271484375,7.394102573394775,3.1342811584472656,6.112212181091309,5,0.42240437865257263,1.8768855333328247,0,0,0
blind,169,3,4.402008533477783,3.303252696990967,6.271608352661133,4.903443336486816,3.1342806816101074,6.32811975479126,5,0.42240437865257263,1.8768855333328247,0,0,0
blind,169,4,3.25570011138916,1.059184193611145,6.446898460388184,3.658113479614258,0.9692171812057495,6.436073303222656,5,0.42240437865257263,1.8768855333328247,0,0,0
blind,169,5,4.557931900024414,-1.1059986352920532,6.384395122528076,4.903443336486816,-1.1958461999893188,6.328119277954102,5,0.42240437865257263,1.8768855333328247,0,0,0
blind,169,6,7.006851673126221,-1.0568586587905884,6.202724933624268,7.394102096557617,-1.1958461999893188,6.112212181091309,5,0.42240437865257263,1.8768855333328247,0,0,0
blind,169,7,7.7524919509887695,2.3669180870056152,4.528205394744873,8.176202774047852,2.219217300415039,4.53878927230835,5,0.42240437865257263,1.8768855333328247,0,0,0
blind,169,8,5.526461124420166,3.6466453075408936,4.76498556137085,6.019228458404541,3.469217300415039,4.725770473480225,5,0.42240437865257263,1.8768855333328247,0,0,0
blind,169,9,3.419935941696167,2.3689944744110107,4.973381042480469,3.8622543811798096,2.219217538833618,4.9127516746521,5,0.42240437865257263,1.8768855333328247,0,0,0
blind,169,10,3.5258448123931885,-0.14886051416397095,4.97281551361084,3.8622543811798096,-0.2807830572128296,4.9127516746521,5,0.42240437865257263,1.8768855333328247,0,0,0
blind,169,11,5.577602863311768,-1.372298240661621,4.764308929443359,6.019228458404541,-1.5307825803756714,4.725770473480225,5,0.42240437865257263,1.8768855333328247,0,0,0
blind,170,0,5.901762962341309,1.0358171463012695,5.489656925201416,6.12000036239624,0.9548141360282898,5.46894645690918,5,0.4081476330757141,1.9011027812957764,0,0,0
blind,170,1,8.230515480041504,1.12106454372406,6.053356170654297,8.666894912719727,0.9548141360282898,6.039759635925293,5,0.4081476330757141,1.9011027812957764,0,0,0
blind,170,2,7.117930889129639,3.2194836139678955,6.14190673828125,7.420042514801025,3.119877815246582,6.128408908843994,5,0.4081476330757141,1.9011027812957764,0,0,0
blind,170,3,4.451332092285156,3.3112292289733887,6.266090393066406,4.926337242126465,3.119877576828003,6.305706977844238,5,0.4081476330757141,1.9011027812957764,0,0,0
blind,170,4,3.300630807876587,1.0493478775024414,6.418668746948242,3.6794846057891846,0.9548138976097107,6.3943562507629395,5,0.4081476330757141,1.9011027812957764,0,0,0
blind,170,5,4.611011981964111,-1.1107882261276245,6.3775458335876465,4.926337242126465,-1.210249423980713,6.305706977844238,5,0.4081476330757141,1.9011027812957764,0,0,0
blind,170,6,7.050687313079834,-1.0740020275115967,6.202968120574951,7.420042037963867,-1.210249423980713,6.128408908843994,5,0.4081476330757141,1.9011027812957764,0,0,0
blind,170,7,7.81667423248291,2.3491439819335938,4.554438591003418,8.226423263549805,2.2048141956329346,4.567290306091309,5,0.4081476330757141,1.9011027812957764,0,0,0
blind,170,8,5.580285549163818,3.631098747253418,4.762147426605225,6.066810607910156,3.4548141956329346,4.720834732055664,5,0.4081476330757141,1.9011027812957764,0,0,0
blind,170,9,3.476104974746704,2.3565964698791504,4.942534446716309,3.907198905944824,2.2048141956329346,4.874379634857178,5,0.4081476330757141,1.9011027812957764,0,0,0
blind,170,10,3.5811684131622314,-0.17372451722621918,4.942418575286865,3.907198905944824,-0.2951863408088684,4.874379634857178,5,0.4081476330757141,1.9011027812957764,0,0,0
blind,170,11,5.631605625152588,-1.3885279893875122,4.760849952697754,6.0668110847473145,-1.5451858043670654,4.720834732055664,5,0.4081476330757141,1.9011027812957764,0,0,0
blind,171,0,5.937763214111328,1.0222724676132202,5.486141204833984,6.15600061416626,0.9401625394821167,5.464828968048096,5,0.39684247970581055,1.9073807001113892,0,0,0
blind,171,1,8.273031234741211,1.1033344268798828,6.086228847503662,8.693767547607422,0.9401625394821167,6.074944496154785,5,0.39684247970581055,1.9073807001113892,0,0,0
blind,171,2,7.163815975189209,3.2078678607940674,6.13363790512085,7.445693016052246,3.1052260398864746,6.144309043884277,5,0.39684247970581055,1.9073807001113892,0,0,0
blind,171,3,4.498843669891357,3.3153162002563477,6.262583255767822,4.949545383453369,3.1052260398864746,6.2830376625061035,5,0.39684247970581055,1.9073807001113892,0,0,0
blind,171,4,3.335965871810913,1.04287850856781,6.390658855438232,3.7014713287353516,0.9401623010635376,6.352402210235596,5,0.39684247970581055,1.9073807001113892,0,0,0
blind,171,5,4.668805122375488,-1.1161075830459595,6.361588001251221,4.949545860290527,-1.2249010801315308,6.2830376625061035,5,0.39684247970581055,1.9073807001113892,0,0,0
blind,171,6,7.092502593994141,-1.0907659530639648,6.203124046325684,7.445693016052246,-1.2249010801315308,6.144309043884277,5,0.39684247970581055,1.9073807001113892,0,0,0
blind,171,7,7.878360748291016,2.3320369720458984,4.581437587738037,8.27610969543457,2.1901626586914062,4.595841884613037,5,0.39684247970581055,1.9073807001113892,0,0,0
blind,171,8,5.633705139160156,3.6157026290893555,4.759267330169678,6.114381790161133,3.4401626586914062,4.715984344482422,5,0.39684247970581055,1.9073807001113892,0,0,0
blind,171,9,3.531102180480957,2.3438892364501953,4.911098480224609,3.9526546001434326,2.1901626586914062,4.836127281188965,5,0.39684247970581055,1.9073807001113892,0,0,0
blind,171,10,3.6342177391052246,-0.19623270630836487,4.908541202545166,3.9526546001434326,-0.3098379373550415,4.836127281188965,5,0.39684247970581055,1.9073807001113892,0,0,0
blind,171,11,5.677174091339111,-1.4017086029052734,4.757903575897217,6.114381790161133,-1.5598374605178833,4.715984344482422,5,0.39684247970581055,1.9073807001113892,0,0,0
blind,172,0,5.9737629890441895,1.0085341930389404,5.482526779174805,6.191999912261963,0.9252507090568542,5.460615634918213,6,0.38749656081199646,1.9020930528640747,0,0,0
blind,172,1,8.313413619995117,1.085976004600525,6.119174480438232,8.720057487487793,0.9252507090568542,6.109787940979004,6,0.38749656081199646,1.9020930528640747,0,0,0
blind,172,2,7.207976818084717,3.196591377258301,6.131489276885986,7.471062183380127,3.0903143882751465,6.159900188446045,6,0.38749656081199646,1.9020930528640747,0,0,0
blind,172,3,4.536505222320557,3.317373275756836,6.258674144744873,4.973072052001953,3.0903141498565674,6.260125160217285,6,0.38749656081199646,1.9020930528640747,0,0,0
blind,172,4,3.3779163360595703,1.0367162227630615,6.358477592468262,3.7240772247314453,0.9252504706382751,6.310237407684326,6,0.38749656081199646,1.9020930528640747,0,0,0
blind,172,5,4.7200398445129395,-1.1225008964538574,6.337734699249268,4.973072528839111,-1.2398128509521484,6.260125160217285,6,0.38749656081199646,1.9020930528640747,0,0,0
blind,172,6,7.132319927215576,-1.1073007583618164,6.204188823699951,7.471062183380127,-1.2398128509521484,6.159900188446045,6,0.38749656081199646,1.9020930528640747,0,0,0
blind,172,7,7.937972068786621,2.3155994415283203,4.610105037689209,8.325255393981934,2.175250768661499,4.6244215965271,6,0.38749656081199646,1.9020930528640747,0,0,0
blind,172,8,5.686633110046387,3.600515365600586,4.7563066482543945,6.161932468414307,3.425250768661499,4.71121883392334,6,0.38749656081199646,1.9020930528640747,0,0,0
blind,172,9,3.5847604274749756,2.3308563232421875,4.878594875335693,3.998609781265259,2.175250768661499,4.798015594482422,6,0.38749656081199646,1.9020930528640747,0,0,0
blind,172,10,3.678218364715576,-0.21375440061092377,4.8745951652526855,3.998609781265259,-0.32474976778030396,4.798015594482422,6,0.38749656081199646,1.9020930528640747,0,0,0
blind,172,11,5.731570243835449,-1.4175853729248047,4.754166126251221,6.161932468414307,-1.574749231338501,4.71121883392334,6,0.38749656081199646,1.9020930528640747,0,0,0
blind,173,0,6.009762763977051,0.9945914149284363,5.478814125061035,6.228000164031982,0.910068154335022,5.456307411193848,5,0.37999364733695984,1.8849989175796509,0,0,0
blind,173,1,8.351497650146484,1.0689717531204224,6.153238773345947,8.745779037475586,0.910068154335022,6.1442694664001465,5,0.37999364733695984,1.8849989175796509,0,0,0
blind,173,2,7.24287748336792,3.187358856201172,6.135277271270752,7.496160507202148,3.075131893157959,6.175173759460449,5,0.37999364733695984,1.8849989175796509,0,0,0
blind,173,3,4.5821051597595215,3.313713788986206,6.2553391456604,4.996924877166748,3.075131416320801,6.236982345581055,5,0.37999364733695984,1.8849989175796509,0,0,0
blind,173,4,3.4167027473449707,1.0315366983413696,6.323527812957764,3.7473068237304688,0.9100679159164429,6.267886638641357,5,0.37999364733695984,1.8849989175796509,0,0,0
blind,173,5,4.7644877433776855,-1.131156325340271,6.306118965148926,4.996925354003906,-1.2549954652786255,6.236982345581055,5,0.37999364733695984,1.8849989175796509,0,0,0
blind,173,6,7.170241355895996,-1.1237717866897583,6.206963539123535,7.496160507202148,-1.2549954652786255,6.175173759460449,5,0.37999364733695984,1.8849989175796509,0,0,0
blind,173,7,7.995638370513916,2.2997286319732666,4.640241622924805,8.373859405517578,2.1600680351257324,4.653008937835693,5,0.37999364733695984,1.8849989175796509,0,0,0
blind,173,8,5.738707065582275,3.5856006145477295,4.753271102905273,6.2094573974609375,3.4100680351257324,4.706536769866943,5,0.37999364733695984,1.8849989175796509,0,0,0
blind,173,9,3.6296181678771973,2.3200724124908447,4.846990585327148,4.045056343078613,2.1600682735443115,4.760064601898193,5,0.37999364733695984,1.8849989175796509,0,0,0
blind,173,10,3.727861166000366,-0.2311822921037674,4.832671165466309,4.045056343078613,-0.33993232250213623,4.760064601898193,5,0.37999364733695984,1.8849989175796509,0,0,0
blind,173,11,5.785138130187988,-1.4329698085784912,4.750354766845703,6.2094573974609375,-1.589931845664978,4.706536769866943,5,0.37999364733695984,1.8849989175796509,0,0,0
blind,174,0,6.045762538909912,0.9804331064224243,5.475003719329834,6.263999938964844,0.8946031928062439,5.451904296875,6,0.3740999102592468,1.86615788936615,0,0,0
blind,174,1,8.380409240722656,1.0550994873046875,6.187074661254883,8.770940780639648,0.8946031928062439,6.178365230560303,6,0.3740999102592468,1.86615788936615,0,0,0
blind,174,2,7.284765720367432,3.174722194671631,6.148900508880615,7.52099609375,3.059666872024536,6.190118312835693,6,0.3740999102592468,1.86615788936615,0,0,0
blind,174,3,4.625797748565674,3.305651903152466,6.2509965896606445,5.021106719970703,3.059666633605957,6.213624000549316,6,0.3740999102592468,1.86615788936615,0,0,0
blind,174,4,3.451850414276123,1.0265804529190063,6.2852630615234375,3.771162271499634,0.8946029543876648,6.225377082824707,6,0.3740999102592468,1.86615788936615,0,0,0
blind,174,5,4.801187038421631,-1.1428227424621582,6.267867565155029,5.021107196807861,-1.2704603672027588,6.213624000549316,6,0.3740999102592468,1.86615788936615,0,0,0
blind,174,6,7.206122875213623,-1.1401029825210571,6.211513042449951,7.52099609375,-1.2704603672027588,6.190118312835693,6,0.3740999102592468,1.86615788936615,0,0,0
blind,174,7,8.051398277282715,2.2843823432922363,4.6717987060546875,8.421916007995605,2.1446032524108887,4.681580543518066,6,0.3740999102592468,1.86615788936615,0,0,0
blind,174,8,5.782691478729248,3.573476552963257,4.750735282897949,6.256947994232178,3.3946032524108887,4.701937675476074,6,0.3740999102592468,1.86615788936615,0,0,0
blind,174,9,3.681826114654541,2.306173801422119,4.811009883880615,4.091980934143066,2.1446032524108887,4.722293853759766,6,0.3740999102592468,1.86615788936615,0,0,0
blind,174,10,3.7759368419647217,-0.24584344029426575,4.789612293243408,4.091980934143066,-0.3553972840309143,4.722293853759766,6,0.3740999102592468,1.86615788936615,0,0,0
blind,174,11,5.837939739227295,-1.4478881359100342,4.74647855758667,6.256947994232178,-1.6053967475891113,4.701937675476074,6,0.3740999102592468,1.86615788936615,0,0,0
blind,175,0,6.081762790679932,0.9660482406616211,5.471096038818359,6.300000190734863,0.87884521484375,5.447407245635986,5,0.3692299723625183,1.847985029220581,0,0,0
blind,175,1,8.414342880249023,1.0384893417358398,6.224730491638184,8.79555892944336,0.87884521484375,6.212055206298828,5,0.3692299723625183,1.847985029220581,0,0,0
blind,175,2,7.322788715362549,3.1610958576202393,6.172500133514404,7.5455803871154785,3.0439088344573975,6.2047247886657715,5,0.3692299723625183,1.847985029220581,0,0,0
blind,175,3,4.667456150054932,3.2931768894195557,6.244810104370117,5.045623302459717,3.0439085960388184,6.190063953399658,5,0.3692299723625183,1.847985029220581,0,0,0
blind,175,4,3.4837584495544434,1.0211155414581299,6.2448344230651855,3.795644760131836,0.8788449764251709,6.182733535766602,5,0.3692299723625183,1.847985029220581,0,0,0
blind,175,5,4.829561233520508,-1.1578195095062256,6.224963665008545,5.045623779296875,-1.2862184047698975,6.190063953399658,5,0.3692299723625183,1.847985029220581,0,0,0
blind,175,6,7.240434646606445,-1.1566967964172363,6.218878269195557,7.5455803871154785,-1.2862184047698975,6.2047247886657715,5,0.3692299723625183,1.847985029220581,0,0,0
blind,175,7,8.09801197052002,2.272005796432495,4.702926158905029,8.469425201416016,2.12884521484375,4.710116863250732,5,0.3692299723625183,1.847985029220581,0,0,0
blind,175,8,5.835397243499756,3.5585222244262695,4.747409820556641,6.304398536682129,3.37884521484375,4.697420120239258,5,0.3692299723625183,1.847985029220581,0,0,0
blind,175,9,3.7325775623321533,2.292050838470459,4.7738728523254395,4.1393723487854,2.12884521484375,4.684723377227783,5,0.3692299723625183,1.847985029220581,0,0,0
blind,175,10,3.823363780975342,-0.2585003674030304,4.7460126876831055,4.1393723487854,-0.3711552619934082,4.684723377227783,5,0.3692299723625183,1.847985029220581,0,0,0
blind,175,11,5.89009428024292,-1.4624205827713013,4.742554664611816,6.304398536682129,-1.62115478515625,4.697420120239258,5,0.3692299723625183,1.847985029220581,0,0,0
blind,176,0,6.117763042449951,0.9514260292053223,5.4670915603637695,6.336000442504883,0.8627839088439941,5.442817211151123,5,0.3663303554058075,1.8327049016952515,0,0,0
blind,176,1,8.445631980895996,1.022294282913208,6.263466835021973,8.819644927978516,0.8627839088439941,6.245318412780762,5,0.3663303554058075,1.8327049016952515,0,0,0
blind,176,2,7.3549041748046875,3.146655797958374,6.2043561935424805,7.56992244720459,3.0278475284576416,6.218984603881836,5,0.3663303554058075,1.8327049016952515,0,0,0
blind,176,3,4.7068657875061035,3.27644681930542,6.2360124588012695,5.070477485656738,3.0278472900390625,6.166316986083984,5,0.3663303554058075,1.8327049016952515,0,0,0
blind,176,4,3.512040615081787,1.0146385431289673,6.201406002044678,3.8207550048828125,0.862783670425415,6.139983177185059,5,0.3663303554058075,1.8327049016952515,0,0,0
blind,176,5,4.849897384643555,-1.1760555505752563,6.179906845092773,5.0704779624938965,-1.3022797107696533,6.166316986083984,5,0.3663303554058075,1.8327049016952515,0,0,0
blind,176,6,7.266420841217041,-1.170599341392517,6.228948593139648,7.56992244720459,-1.3022797107696533,6.218984603881836,5,0.3663303554058075,1.8327049016952515,0,0,0
blind,176,7,8.151323318481445,2.2572202682495117,4.737728595733643,8.51638412475586,2.112783908843994,4.738595008850098,5,0.3663303554058075,1.8327049016952515,0,0,0
blind,176,8,5.887411117553711,3.5438196659088135,4.744002819061279,6.351800441741943,3.362783908843994,4.692983627319336,5,0.3663303554058075,1.8327049016952515,0,0,0
blind,176,9,3.782095432281494,2.277740240097046,4.735771656036377,4.187217712402344,2.112783908843994,4.647372245788574,5,0.3663303554058075,1.8327049016952515,0,0,0
blind,176,10,3.870661973953247,-0.2699081599712372,4.702704429626465,4.187217712402344,-0.38721656799316406,4.647372245788574,5,0.3663303554058075,1.8327049016952515,0,0,0
blind,176,11,5.941306114196777,-1.4766279458999634,4.738626003265381,6.351800918579102,-1.6372160911560059,4.692983627319336,5,0.3663303554058075,1.8327049016952515,0,0,0
blind,177,0,6.1537628173828125,0.9365555644035339,5.462991237640381,6.372000217437744,0.846408486366272,5.43813419342041,5,0.36522597074508667,1.827514886856079,0,0,0
blind,177,1,8.474281311035156,1.0065027475357056,6.303195476531982,8.843214988708496,0.846408486366272,6.278132915496826,5,0.36522597074508667,1.827514886856079,0,0,0
blind,177,2,7.379828453063965,3.131582260131836,6.243075847625732,7.594033718109131,3.011472225189209,6.2328877449035645,5,0.36522597074508667,1.827514886856079,0,0,0
blind,177,3,4.743739604949951,3.255736827850342,6.22402286529541,5.095672130584717,3.011471748352051,6.142397403717041,5,0.36522597074508667,1.827514886856079,0,0,0
blind,177,4,3.5368494987487793,1.0067051649093628,6.155585289001465,3.8464913368225098,0.8464082479476929,6.097152233123779,5,0.36522597074508667,1.827514886856079,0,0,0
blind,177,5,4.861150741577148,-1.192720651626587,6.138920783996582,5.095672607421875,-1.3186551332473755,6.142397403717041,5,0.36522597074508667,1.827514886856079,0,0,0
blind,177,6,7.298552513122559,-1.1884942054748535,6.2435712814331055,7.594033718109131,-1.3186551332473755,6.2328877449035645,5,0.36522597074508667,1.827514886856079,0,0,0
blind,177,7,8.202851295471191,2.2427010536193848,4.773128032684326,8.56279182434082,2.0964083671569824,4.766992568969727,5,0.36522597074508667,1.827514886856079,0,0,0
blind,177,8,5.938836097717285,3.5293073654174805,4.740525245666504,6.399147033691406,3.3464083671569824,4.688625812530518,5,0.36522597074508667,1.827514886856079,0,0,0
blind,177,9,3.8307132720947266,2.2631328105926514,4.697713375091553,4.23550271987915,2.0964086055755615,4.61025857925415,5,0.36522597074508667,1.827514886856079,0,0,0
blind,177,10,3.9183084964752197,-0.2808407247066498,4.660326957702637,4.23550271987915,-0.40359199047088623,4.61025857925415,5,0.36522597074508667,1.827514886856079,0,0,0
blind,177,11,5.992156028747559,-1.490667700767517,4.734689712524414,6.3991475105285645,-1.653591513633728,4.688625812530518,5,0.36522597074508667,1.827514886856079,0,0,0
blind,178,0,6.189763069152832,0.9214260578155518,5.458795547485352,6.408000469207764,0.8297086358070374,5.433359622955322,5,0.3671515882015228,1.8159281015396118,0,0,0
blind,178,1,8.500433921813965,0.991061270236969,6.343681812286377,8.866283416748047,0.8297086358070374,6.310481548309326,5,0.3671515882015228,1.8159281015396118,0,0,0
blind,178,2,7.397059917449951,3.1161420345306396,6.285656929016113,7.617925643920898,2.99477219581604,6.2464280128479,5,0.3671515882015228,1.8159281015396118,0,0,0
blind,178,3,4.777482986450195,3.2316792011260986,6.209031105041504,5.121210098266602,2.994771957397461,6.118320465087891,5,0.3671515882015228,1.8159281015396118,0,0,0
blind,178,4,3.5538251399993896,0.9996600151062012,6.11162805557251,3.8728528022766113,0.8297083973884583,6.054266929626465,5,0.3671515882015228,1.8159281015396118,0,0,0
blind,178,5,4.8696818351745605,-1.2146445512771606,6.09414529800415,5.121211051940918,-1.3353550434112549,6.118320465087891,5,0.3671515882015228,1.8159281015396118,0,0,0
blind,178,6,7.328332901000977,-1.2065969705581665,6.262094497680664,7.617925643920898,-1.3353550434112549,6.2464280128479,5,0.3671515882015228,1.8159281015396118,0,0,0
blind,178,7,8.253106117248535,2.2280290126800537,4.8077168464660645,8.608651161193848,2.0797085762023926,4.795289039611816,5,0.3671515882015228,1.8159281015396118,0,0,0
blind,178,8,5.989748954772949,3.5149238109588623,4.736996173858643,6.446432590484619,3.3297085762023926,4.684345245361328,5,0.3671515882015228,1.8159281015396118,0,0,0
blind,178,9,3.878815174102783,2.2483327388763428,4.659237861633301,4.284214019775391,2.0797088146209717,4.573400974273682,5,0.3671515882015228,1.8159281015396118,0,0,0
blind,178,10,3.9666483402252197,-0.2919849753379822,4.619330406188965,4.284214019775391,-0.42029184103012085,4.573400974273682,5,0.3671515882015228,1.8159281015396118,0,0,0
blind,178,11,6.03512716293335,-1.5020363330841064,4.731523513793945,6.446432590484619,-1.6702914237976074,4.684345245361328,5,0.3671515882015228,1.8159281015396118,0,0,0
blind,179,0,6.225762844085693,0.9060268402099609,5.45450496673584,6.444000244140625,0.8126744031906128,5.428493976593018,6,0.3708264231681824,1.816238522529602,0,0,0
blind,179,1,8.52488899230957,0.9757680892944336,6.383797645568848,8.88886833190918,0.8126744031906128,6.342343330383301,6,0.3708264231681824,1.816238522529602,0,0,0
blind,179,2,7.4071784019470215,3.100494623184204,6.329254150390625,7.6416096687316895,2.9777379035949707,6.259596347808838,6,0.3708264231681824,1.816238522529602,0,0,0
blind,179,3,4.802336692810059,3.20954966545105,6.192352771759033,5.147093772888184,2.9777379035949707,6.094101428985596,6,0.3708264231681824,1.816238522529602,0,0,0
blind,179,4,3.573261260986328,0.9882453083992004,6.062142372131348,3.8998355865478516,0.8126741647720337,6.011353969573975,6,0.3708264231681824,1.816238522529602,0,0,0
blind,179,5,4.876589775085449,-1.2390276193618774,6.053235054016113,5.147093772888184,-1.3523892164230347,6.094101428985596,6,0.3708264231681824,1.816238522529602,0,0,0
blind,179,6,7.355381488800049,-1.2247494459152222,6.284501075744629,7.6416096687316895,-1.3523892164230347,6.259596347808838,6,0.3708264231681824,1.816238522529602,0,0,0
blind,179,7,8.30239486694336,2.2131564617156982,4.842038154602051,8.653963088989258,2.0626745223999023,4.823461532592773,6,0.3708264231681824,1.816238522529602,0,0,0
blind,179,8,6.040194511413574,3.500619649887085,4.7334394454956055,6.493648529052734,3.3126745223999023,4.680139064788818,6,0.3708264231681824,1.816238522529602,0,0,0
blind,179,9,3.926670789718628,2.23336124420166,4.620665073394775,4.333334445953369,2.0626745223999023,4.536816596984863,6,0.3708264231681824,1.816238522529602,0,0,0
blind,179,10,4.008223533630371,-0.301162987947464,4.581974506378174,4.333334445953369,-0.4373260736465454,4.536816596984863,6,0.3708264231681824,1.816238522529602,0,0,0
blind,179,11,6.086723804473877,-1.516343116760254,4.727567672729492,6.493648529052734,-1.6873255968093872,4.680139064788818,6,0.3708264231681824,1.816238522529602,0,0,0
blind,180,0,6.261763095855713,0.8903473615646362,5.450119972229004,6.4800004959106445,0.7952959537506104,5.423537731170654,5,0.375219464302063,1.8195579051971436,0,0,0
blind,180,1,8.547513961791992,0.9605796933174133,6.424130916595459,8.910985946655273,0.7952959537506104,6.373702049255371,5,0.375219464302063,1.8195579051971436,0,0,0
blind,180,2,7.409787654876709,3.0874111652374268,6.368896484375,7.665098190307617,2.960359573364258,6.272386074066162,5,0.375219464302063,1.8195579051971436,0,0,0
blind,180,3,4.830965995788574,3.1800193786621094,6.169795036315918,5.173323631286621,2.9603593349456787,6.069754123687744,5,0.375219464302063,1.8195579051971436,0,0,0
blind,180,4,3.590776205062866,0.9749884605407715,6.012601375579834,3.927436351776123,0.7952957153320312,5.968438148498535,5,0.375219464302063,1.8195579051971436,0,0,0
blind,180,5,4.884950160980225,-1.2659435272216797,6.0165019035339355,5.173323631286621,-1.369767665863037,6.069754123687744,5,0.375219464302063,1.8195579051971436,0,0,0
blind,180,6,7.379380702972412,-1.242734670639038,6.3103766441345215,7.665098190307617,-1.369767665863037,6.272386074066162,5,0.375219464302063,1.8195579051971436,0,0,0
blind,180,7,8.350975036621094,2.1979172229766846,4.8757219314575195,8.69873046875,2.0452959537506104,4.851490020751953,5,0.375219464302063,1.8195579051971436,0,0,0
blind,180,8,6.089855194091797,3.4863688945770264,4.729889869689941,6.54079008102417,3.2952959537506104,4.6760053634643555,5,0.375219464302063,1.8195579051971436,0,0,0
blind,180,9,3.967381715774536,2.2210805416107178,4.584727764129639,4.382850170135498,2.0452961921691895,4.500520706176758,5,0.375219464302063,1.8195579051971436,0,0,0
blind,180,10,4.057939052581787,-0.31338152289390564,4.541500091552734,4.382850170135498,-0.45470452308654785,4.500520706176758,5,0.375219464302063,1.8195579051971436,0,0,0
blind,180,11,6.1377177238464355,-1.5306528806686401,4.723716735839844,6.54079008102417,-1.7047040462493896,4.6760053634643555,5,0.375219464302063,1.8195579051971436,0,0,0
blind,181,0,6.297762870788574,0.8743772506713867,5.44564151763916,6.516000270843506,0.7775639295578003,5.418491840362549,6,0.3805794417858124,1.8238264322280884,0,0,0
blind,181,1,8.563092231750488,0.9481730461120605,6.462540626525879,8.932653427124023,0.7775639295578003,6.404537677764893,6,0.3805794417858124,1.8238264322280884,0,0,0
blind,181,2,7.410196304321289,3.071136236190796,6.409468173980713,7.6884026527404785,2.942627429962158,6.2847900390625,6,0.3805794417858124,1.8238264322280884,0,0,0
blind,181,3,4.855906963348389,3.1494343280792236,6.143929958343506,5.1999006271362305,2.942627429962158,6.045294761657715,6,0.3805794417858124,1.8238264322280884,0,0,0
blind,181,4,3.6073811054229736,0.9599997997283936,5.96353816986084,3.9556496143341064,0.7775636911392212,5.925547122955322,6,0.3805794417858124,1.8238264322280884,0,0,0
blind,181,5,4.897824287414551,-1.2951465845108032,5.984489440917969,5.199901103973389,-1.3874996900558472,6.045294761657715,6,0.3805794417858124,1.8238264322280884,0,0,0
blind,181,6,7.40056037902832,-1.2602070569992065,6.338009357452393,7.6884026527404785,-1.3874996900558472,6.2847900390625,6,0.3805794417858124,1.8238264322280884,0,0,0
blind,181,7,8.398874282836914,2.182292938232422,4.908757209777832,8.74295425415039,2.02756404876709,4.879350185394287,6,0.3805794417858124,1.8238264322280884,0,0,0
blind,181,8,6.1318039894104,3.4747467041015625,4.727106094360352,6.587848663330078,3.27756404876709,4.67194128036499,6,0.3805794417858124,1.8238264322280884,0,0,0
blind,181,9,4.016329765319824,2.2056236267089844,4.545615196228027,4.432743072509766,2.02756404876709,4.464532375335693,6,0.3805794417858124,1.8238264322280884,0,0,0
blind,181,10,4.1088128089904785,-0.3272736072540283,4.504032135009766,4.432743072509766,-0.4724365472793579,4.464532375335693,6,0.3805794417858124,1.8238264322280884,0,0,0
blind,181,11,6.188154697418213,-1.5450425148010254,4.719996452331543,6.587848663330078,-1.7224360704421997,4.67194128036499,6,0.3805794417858124,1.8238264322280884,0,0,0
blind,182,0,6.333763122558594,0.8581061959266663,5.441070079803467,6.552000522613525,0.7594685554504395,5.413356781005859,5,0.3854483962059021,1.8271749019622803,0,0,0
blind,182,1,8.583083152770996,0.9327066540718079,6.503403186798096,8.95389175415039,0.7594685554504395,6.434835433959961,5,0.3854483962059021,1.8271749019622803,0,0,0
blind,182,2,7.408441543579102,3.0539023876190186,6.446410179138184,7.711536407470703,2.924532175064087,6.296802520751953,5,0.3854483962059021,1.8271749019622803,0,0,0
blind,182,3,4.877427101135254,3.118788957595825,6.115259170532227,5.226825714111328,2.924531936645508,6.020737648010254,5,0.3854483962059021,1.8271749019622803,0,0,0
blind,182,4,3.624882698059082,0.9431344270706177,5.915946960449219,3.9844703674316406,0.7594683170318604,5.882704734802246,5,0.3854483962059021,1.8271749019622803,0,0,0
blind,182,5,4.9181132316589355,-1.3258254528045654,5.95802640914917,5.226825714111328,-1.405595064163208,6.020737648010254,5,0.3854483962059021,1.8271749019622803,0,0,0
blind,182,6,7.418829441070557,-1.2772486209869385,6.367555618286133,7.711536407470703,-1.405595064163208,6.296802520751953,5,0.3854483962059021,1.8271749019622803,0,0,0
blind,182,7,8.438904762268066,2.169328451156616,4.940187454223633,8.786642074584961,2.0094685554504395,4.907022953033447,5,0.3854483962059021,1.8271749019622803,0,0,0
blind,182,8,6.182394981384277,3.4598984718322754,4.723513126373291,6.634819984436035,3.2594685554504395,4.667943477630615,5,0.3854483962059021,1.8271749019622803,0,0,0
blind,182,9,4.065412998199463,2.190129518508911,4.5071797370910645,4.482997417449951,2.0094685554504395,4.428864002227783,5,0.3854483962059021,1.8271749019622803,0,0,0
blind,182,10,4.160876274108887,-0.3428295850753784,4.469004154205322,4.482997417449951,-0.49053192138671875,4.428864002227783,5,0.3854483962059021,1.8271749019622803,0,0,0
blind,182,11,6.238091468811035,-1.55959951877594,4.716424465179443,6.634819984436035,-1.7405314445495605,4.667943477630615,5,0.3854483962059021,1.8271749019622803,0,0,0
blind,183,0,6.369762897491455,0.8415243029594421,5.436406135559082,6.5879998207092285,0.7410023212432861,5.408133029937744,5,0.3896758556365967,1.8284094333648682,0,0,0
blind,183,1,8.602034568786621,0.917068600654602,6.5435099601745605,8.97471809387207,0.7410023212432861,6.464576721191406,5,0.3896758556365967,1.8284094333648682,0,0,0
blind,183,2,7.407618045806885,3.0341992378234863,6.478888034820557,7.734511375427246,2.9060659408569336,6.308417320251465,5,0.3896758556365967,1.8284094333648682,0,0,0
blind,183,3,4.896054744720459,3.08892560005188,6.084367275238037,5.254096508026123,2.9060657024383545,5.996097564697266,5,0.3896758556365967,1.8284094333648682,0,0,0
blind,183,4,3.643613815307617,0.9248237013816833,5.8694376945495605,4.013889312744141,0.741002082824707,5.839938163757324,5,0.3896758556365967,1.8284094333648682,0,0,0
blind,183,5,4.94785737991333,-1.356030821800232,5.938382148742676,5.254096984863281,-1.4240612983703613,5.996097564697266,5,0.3896758556365967,1.8284094333648682,0,0,0
blind,183,6,7.430073261260986,-1.2910315990447998,6.39584493637085,7.734510898590088,-1.4240612983703613,6.308417320251465,5,0.3896758556365967,1.8284094333648682,0,0,0
blind,183,7,8.486228942871094,2.1528148651123047,4.973308563232422,8.829797744750977,1.9910023212432861,4.93448543548584,5,0.3896758556365967,1.8284094333648682,0,0,0
blind,183,8,6.232463359832764,3.4449503421783447,4.720001697540283,6.681695461273193,3.241002321243286,4.664008617401123,5,0.3896758556365967,1.8284094333648682,0,0,0
blind,183,9,4.114804267883301,2.1745848655700684,4.469523906707764,4.533593654632568,1.9910024404525757,4.393531799316406,5,0.3896758556365967,1.8284094333648682,0,0,0
blind,183,10,4.213699817657471,-0.3597666621208191,4.435946941375732,4.533593654632568,-0.5089981555938721,4.393531799316406,5,0.3896758556365967,1.8284094333648682,0,0,0
blind,183,11,6.287200450897217,-1.574392318725586,4.713000774383545,6.681695461273193,-1.7589976787567139,4.664008617401123,5,0.3896758556365967,1.8284094333648682,0,0,0
blind,184,0,6.405762672424316,0.8246216177940369,5.431650638580322,6.624000072479248,0.7221552133560181,5.402822017669678,5,0.39391958713531494,1.834951639175415,0,0,0
blind,184,1,8.620136260986328,0.9011803865432739,6.582757472991943,8.995155334472656,0.7221552133560181,6.493749141693115,5,0.39391958713531494,1.834951639175415,0,0,0
blind,184,2,7.409290313720703,3.011251926422119,6.506922721862793,7.7573418617248535,2.887218952178955,6.319629669189453,5,0.39391958713531494,1.834951639175415,0,0,0
blind,184,3,4.912481307983398,3.06052303314209,6.051793575286865,5.281714916229248,2.887218475341797,5.971390724182129,5,0.39391958713531494,1.834951639175415,0,0,0
blind,184,4,3.664386034011841,0.9053357243537903,5.824232578277588,4.043901443481445,0.722154974937439,5.797271251678467,5,0.39391958713531494,1.834951639175415,0,0,0
blind,184,5,4.976276874542236,-1.3800477981567383,5.923924446105957,5.281714916229248,-1.4429084062576294,5.971390724182129,5,0.39391958713531494,1.834951639175415,0,0,0
blind,184,6,7.443630218505859,-1.307449460029602,6.427561283111572,7.7573418617248535,-1.4429084062576294,6.319629669189453,5,0.39391958713531494,1.834951639175415,0,0,0
blind,184,7,8.53270149230957,2.1359710693359375,5.005797386169434,8.872426986694336,1.972155213356018,4.96171760559082,5,0.39391958713531494,1.834951639175415,0,0,0
blind,184,8,6.282057762145996,3.4298431873321533,4.716590404510498,6.728471755981445,3.2221550941467285,4.6601338386535645,5,0.39391958713531494,1.834951639175415,0,0,0
blind,184,9,4.164681911468506,2.1588056087493896,4.433423042297363,4.5845160484313965,1.9721553325653076,4.358550071716309,5,0.39391958713531494,1.834951639175415,0,0,0
blind,184,10,4.266905784606934,-0.37771710753440857,4.404247283935547,4.5845160484313965,-0.5278452634811401,4.358550071716309,5,0.39391958713531494,1.834951639175415,0,0,0
blind,184,11,6.3360161781311035,-1.5895353555679321,4.709728717803955,6.728471755981445,-1.777844786643982,4.6601338386535645,5,0.39391958713531494,1.834951639175415,0,0,0
blind,185,0,6.441762924194336,0.8073887228965759,5.426804065704346,6.660000324249268,0.7029203176498413,5.397424221038818,5,0.3979819416999817,1.827017903327942,0,0,0
blind,185,1,8.637701034545898,0.8849148750305176,6.621004104614258,9.015222549438477,0.7029203176498413,6.522336483001709,5,0.3979819416999817,1.827017903327942,0,0,0
blind,185,2,7.416174411773682,2.9837512969970703,6.529524803161621,7.780040740966797,2.867983818054199,6.330434799194336,5,0.3979819416999817,1.827017903327942,0,0,0
blind,185,3,4.927852153778076,3.034126043319702,6.0186767578125,5.309677600860596,2.867983818054199,5.94663143157959,5,0.3979819416999817,1.827017903327942,0,0,0
blind,185,4,3.68133807182312,0.8887634873390198,5.782774448394775,4.074496269226074,0.7029200792312622,5.754730224609375,5,0.3979819416999817,1.827017903327942,0,0,0
blind,185,5,5.019554138183594,-1.403454303741455,5.913752555847168,5.309678077697754,-1.4621433019638062,5.94663143157959,5,0.3979819416999817,1.827017903327942,0,0,0
blind,185,6,7.455349922180176,-1.3234370946884155,6.45861291885376,7.780040740966797,-1.4621433019638062,6.330434799194336,5,0.3979819416999817,1.827017903327942,0,0,0
blind,185,7,8.578835487365723,2.1184184551239014,5.036319732666016,8.914538383483887,1.9529203176498413,4.988698482513428,5,0.3979819416999817,1.827017903327942,0,0,0
blind,185,8,6.3312177658081055,3.4145236015319824,4.71329402923584,6.77514123916626,3.202920436859131,4.656315326690674,5,0.3979819416999817,1.827017903327942,0,0,0
blind,185,9,4.215183258056641,2.1428561210632324,4.3982086181640625,4.635744094848633,1.9529204368591309,4.323931694030762,5,0.3979819416999817,1.827017903327942,0,0,0
blind,185,10,4.320198059082031,-0.39629724621772766,4.373274326324463,4.635744094848633,-0.5470801591873169,4.323931694030762,5,0.3979819416999817,1.827017903327942,0,0,0
blind,185,11,6.377181529998779,-1.6020466089248657,4.7073516845703125,6.77514123916626,-1.7970796823501587,4.656315326690674,5,0.3979819416999817,1.827017903327942,0,0,0
blind,186,0,6.477762699127197,0.7898162007331848,5.421867370605469,6.696000099182129,0.6832891702651978,5.391940116882324,6,0.400834858417511,1.8275065422058105,0,0,0
blind,186,1,8.655837059020996,0.8679260015487671,6.657419681549072,9.034940719604492,0.6832891702651978,6.5503249168396,6,0.400834858417511,1.8275065422058105,0,0,0
blind,186,2,7.430733680725098,2.9514129161834717,6.544806957244873,7.802621841430664,2.8483529090881348,6.3408284187316895,6,0.400834858417511,1.8275065422058105,0,0,0
blind,186,3,4.938167572021484,3.013047695159912,5.9877729415893555,5.337982654571533,2.8483524322509766,5.921835422515869,6,0.400834858417511,1.8275065422058105,0,0,0
blind,186,4,3.70731782913208,0.8678688406944275,5.739212512969971,4.105663299560547,0.6832889318466187,5.712338924407959,6,0.400834858417511,1.8275065422058105,0,0,0
blind,186,5,5.068112850189209,-1.4186357259750366,5.910045146942139,5.337983131408691,-1.4817744493484497,5.921835422515869,6,0.400834858417511,1.8275065422058105,0,0,0
blind,186,6,7.465824127197266,-1.3392159938812256,6.488480567932129,7.802621364593506,-1.4817744493484497,6.3408284187316895,6,0.400834858417511,1.8275065422058105,0,0,0
blind,186,7,8.624577522277832,2.100306272506714,5.065858364105225,8.956137657165527,1.9332891702651978,5.015407085418701,6,0.400834858417511,1.8275065422058105,0,0,0
blind,186,8,6.379964351654053,3.398960828781128,4.7101263999938965,6.82169771194458,3.183289051055908,4.652548313140869,6,0.400834858417511,1.8275065422058105,0,0,0
blind,186,9,4.266305446624756,2.126708507537842,4.363919258117676,4.687258243560791,1.9332892894744873,4.289690017700195,6,0.400834858417511,1.8275065422058105,0,0,0
blind,186,10,4.365816116333008,-0.4116867184638977,4.3442912101745605,4.687258243560791,-0.5667113065719604,4.289690017700195,6,0.400834858417511,1.8275065422058105,0,0,0
blind,186,11,6.426823139190674,-1.61837899684906,4.704313278198242,6.821698188781738,-1.8167108297348022,4.652548313140869,6,0.400834858417511,1.8275065422058105,0,0,0
blind,187,0,6.513762950897217,0.7718951106071472,5.41684103012085,6.732000350952148,0.6632548570632935,5.38637113571167,5,0.4032183587551117,1.8296130895614624,0,0,0
blind,187,1,8.674158096313477,0.8502551317214966,6.692584037780762,9.054332733154297,0.6632548570632935,6.577702522277832,5,0.4032183587551117,1.8296130895614624,0,0,0
blind,187,2,7.445766448974609,2.921680212020874,6.554317474365234,7.825098037719727,2.8283185958862305,6.350807189941406,5,0.4032183587551117,1.8296130895614624,0,0,0
blind,187,3,4.9535627365112305,2.9899039268493652,5.9525370597839355,5.366628170013428,2.8283181190490723,5.897017002105713,5,0.4032183587551117,1.8296130895614624,0,0,0
blind,187,4,3.736142635345459,0.8469556570053101,5.697226524353027,4.137393474578857,0.6632546186447144,5.670121669769287,5,0.4032183587551117,1.8296130895614624,0,0,0
blind,187,5,5.118503570556641,-1.4253913164138794,5.910167694091797,5.366628646850586,-1.501808762550354,5.897017002105713,5,0.4032183587551117,1.8296130895614624,0,0,0
blind,187,6,7.4758429527282715,-1.3551337718963623,6.516707420349121,7.825098037719727,-1.501808762550354,6.350807189941406,5,0.4032183587551117,1.8296130895614624,0,0,0
blind,187,7,8.670002937316895,2.081587553024292,5.094265460968018,8.997234344482422,1.9132548570632935,5.0418243408203125,5,0.4032183587551117,1.8296130895614624,0,0,0
blind,187,8,6.427969455718994,3.3831517696380615,4.707077503204346,6.868137359619141,3.163254737854004,4.648830413818359,5,0.4032183587551117,1.8296130895614624,0,0,0
blind,187,9,4.31039571762085,2.11348557472229,4.3324408531188965,4.739040374755859,1.913254976272583,4.255836486816406,5,0.4032183587551117,1.8296130895614624,0,0,0
blind,187,10,4.419350624084473,-0.43016156554222107,4.310944557189941,4.739040374755859,-0.5867456197738647,4.255836486816406,5,0.4032183587551117,1.8296130895614624,0,0,0
blind,187,11,6.475890636444092,-1.6350908279418945,4.70144510269165,6.868137359619141,-1.8367451429367065,4.648830413818359,5,0.4032183587551117,1.8296130895614624,0,0,0
blind,188,0,6.549762725830078,0.7536166906356812,5.411725997924805,6.76800012588501,0.642810046672821,5.380717754364014,6,0.4047563970088959,1.8332122564315796,0,0,0
blind,188,1,8.686909675598145,0.8353388905525208,6.725426197052002,9.073420524597168,0.642810046672821,6.604456424713135,6,0.4047563970088959,1.8332122564315796,0,0,0
blind,188,2,7.476983547210693,2.885808229446411,6.550580024719238,7.8474836349487305,2.8078737258911133,6.360368251800537,6,0.4047563970088959,1.8332122564315796,0,0,0
blind,188,3,4.969837188720703,2.9689364433288574,5.9172868728637695,5.395610332489014,2.807873487472534,5.872191429138184,6,0.4047563970088959,1.8332122564315796,0,0,0
blind,188,4,3.767669916152954,0.8263562321662903,5.656716823577881,4.169673919677734,0.6428098082542419,5.628103256225586,6,0.4047563970088959,1.8332122564315796,0,0,0
blind,188,5,5.167897701263428,-1.4251621961593628,5.910741806030273,5.395610809326172,-1.5222535133361816,5.872191429138184,6,0.4047563970088959,1.8332122564315796,0,0,0
blind,188,6,7.487149715423584,-1.371769905090332,6.542257308959961,7.8474836349487305,-1.5222535133361816,6.360368251800537,6,0.4047563970088959,1.8332122564315796,0,0,0
blind,188,7,8.714925765991211,2.062391996383667,5.121870994567871,9.037837982177734,1.8928101062774658,5.067929267883301,6,0.4047563970088959,1.8332122564315796,0,0,0
blind,188,8,6.468424320220947,3.3701093196868896,4.704922199249268,6.914453029632568,3.142810106277466,4.645155906677246,6,0.4047563970088959,1.8332122564315796,0,0,0
blind,188,9,4.363609790802002,2.0966477394104004,4.298812389373779,4.7910685539245605,1.8928101062774658,4.222382545471191,6,0.4047563970088959,1.8332122564315796,0,0,0
blind,188,10,4.472465991973877,-0.44876134395599365,4.278332233428955,4.7910685539245605,-0.6071904301643372,4.222382545471191,6,0.4047563970088959,1.8332122564315796,0,0,0
blind,188,11,6.524428367614746,-1.6521790027618408,4.698737144470215,6.914453029632568,-1.8571898937225342,4.645155906677246,6,0.4047563970088959,1.8332122564315796,0,0,0
blind,189,0,6.585762977600098,0.7349724769592285,5.406522750854492,6.804000377655029,0.6219483017921448,5.374980449676514,5,0.40531378984451294,1.8369147777557373,0,0,0
blind,189,1,8.706027030944824,0.8159590363502502,6.758724689483643,9.0922269821167,0.6219483017921448,6.630576133728027,5,0.40531378984451294,1.8369147777557373,0,0,0
blind,189,2,7.515362739562988,2.8545196056365967,6.53519344329834,7.869792938232422,2.7870118618011475,6.369508266448975,5,0.40531378984451294,1.8369147777557373,0,0,0
blind,189,3,4.987701416015625,2.9500179290771484,5.882318019866943,5.424925804138184,2.7870116233825684,5.847373008728027,5,0.40531378984451294,1.8369147777557373,0,0,0
blind,189,4,3.8023102283477783,0.8060595393180847,5.618512153625488,4.202492713928223,0.6219480633735657,5.586305141448975,5,0.40531378984451294,1.8369147777557373,0,0,0
blind,189,5,5.214968204498291,-1.4203916788101196,5.908298015594482,5.424926280975342,-1.5431153774261475,5.847373008728027,5,0.40531378984451294,1.8369147777557373,0,0,0
blind,189,6,7.4999494552612305,-1.3895148038864136,6.565373420715332,7.869792938232422,-1.5431153774261475,6.369508266448975,5,0.40531378984451294,1.8369147777557373,0,0,0
blind,189,7,8.752084732055664,2.0464322566986084,5.1485090255737305,9.077958106994629,1.8719482421875,5.093702793121338,5,0.40531378984451294,1.8369147777557373,0,0,0
blind,189,8,6.517393589019775,3.3531336784362793,4.702037811279297,6.960640907287598,3.1219482421875,4.6415205001831055,5,0.40531378984451294,1.8369147777557373,0,0,0
blind,189,9,4.417004108428955,2.0796446800231934,4.2660322189331055,4.843324184417725,1.871948480606079,4.189337730407715,5,0.40531378984451294,1.8369147777557373,0,0,0
blind,189,10,4.525588035583496,-0.467521071434021,4.246050834655762,4.843324184417725,-0.6280521750450134,4.189337730407715,5,0.40531378984451294,1.8369147777557373,0,0,0
blind,189,11,6.572490692138672,-1.6696560382843018,4.696169376373291,6.960640907287598,-1.8780517578125,4.6415205001831055,5,0.40531378984451294,1.8369147777557373,0,0,0
blind,190,0,6.621762752532959,0.7159544825553894,5.4012322425842285,6.840000152587891,0.6006646156311035,5.3691606521606445,5,0.4055609703063965,1.8383806943893433,0,0,0
blind,190,1,8.7257719039917,0.7957491278648376,6.79028844833374,9.110774040222168,0.6006646156311035,6.656050205230713,5,0.4055609703063965,1.8383806943893433,0,0,0
blind,190,2,7.557492733001709,2.8324296474456787,6.510104179382324,7.892039775848389,2.765728235244751,6.378225803375244,5,0.4055609703063965,1.8383806943893433,0,0,0
blind,190,3,5.007755279541016,2.93296217918396,5.847935199737549,5.454570770263672,2.765727996826172,5.822576999664307,5,0.4055609703063965,1.8383806943893433,0,0,0
blind,190,4,3.8391120433807373,0.7863816618919373,5.5815958976745605,4.235836982727051,0.6006643772125244,5.54475212097168,5,0.4055609703063965,1.8383806943893433,0,0,0
blind,190,5,5.259333610534668,-1.4139021635055542,5.899511814117432,5.45457124710083,-1.564399003982544,5.822576999664307,5,0.4055609703063965,1.8383806943893433,0,0,0
blind,190,6,7.509336948394775,-1.4049415588378906,6.585297107696533,7.892039775848389,-1.564399003982544,6.378225803375244,5,0.4055609703063965,1.8383806943893433,0,0,0
blind,190,7,8.796378135681152,2.026369571685791,5.176694869995117,9.11760425567627,1.8506646156311035,5.119126319885254,5,0.4055609703063965,1.8383806943893433,0,0,0
blind,190,8,6.565853595733643,3.3358421325683594,4.6992926597595215,7.006694793701172,3.1006646156311035,4.637919902801514,5,0.4055609703063965,1.8383806943893433,0,0,0
blind,190,9,4.4705328941345215,2.06244158744812,4.2339653968811035,4.895785331726074,1.850664734840393,4.156713962554932,5,0.4055609703063965,1.8383806943893433,0,0,0
blind,190,10,4.578699111938477,-0.48636552691459656,4.214033603668213,4.895785331726074,-0.6493358612060547,4.156713962554932,5,0.4055609703063965,1.8383806943893433,0,0,0
blind,190,11,6.619749069213867,-1.6875028610229492,4.693669319152832,7.006694793701172,-1.8993353843688965,4.637919902801514,5,0.4055609703063965,1.8383806943893433,0,0,0
blind,191,0,6.6577630043029785,0.6965548992156982,5.39585542678833,6.87600040435791,0.5789519548416138,5.3632588386535645,5,0.4059762954711914,1.8440101146697998,0,0,0
blind,191,1,8.746012687683105,0.7747618556022644,6.8201823234558105,9.129087448120117,0.5789519548416138,6.680870532989502,5,0.4059762954711914,1.8440101146697998,0,0,0
blind,191,2,7.5996994972229,2.819523334503174,6.480420112609863,7.914237976074219,2.744015693664551,6.386519432067871,5,0.4059762954711914,1.8440101146697998,0,0,0
blind,191,3,5.030352592468262,2.917572021484375,5.81442403793335,5.484540939331055,2.7440152168273926,5.797816753387451,5,0.4059762954711914,1.8440101146697998,0,0,0
blind,191,4,3.8775994777679443,0.7673821449279785,5.545767307281494,4.269692420959473,0.5789517164230347,5.50346565246582,5,0.4059762954711914,1.8440101146697998,0,0,0
blind,191,5,5.294114589691162,-1.407509684562683,5.885945796966553,5.484541416168213,-1.5861116647720337,5.797816753387451,5,0.4059762954711914,1.8440101146697998,0,0,0
blind,191,6,7.5271430015563965,-1.4262075424194336,6.602968692779541,7.914237976074219,-1.5861116647720337,6.386519432067871,5,0.4059762954711914,1.8440101146697998,0,0,0
blind,191,7,8.839608192443848,2.006169319152832,5.204793930053711,9.156790733337402,1.8289519548416138,5.144180774688721,5,0.4059762954711914,1.8440101146697998,0,0,0
blind,191,8,6.6138482093811035,3.3182127475738525,4.696674346923828,7.052610874176025,3.078951835632324,4.634349822998047,5,0.4059762954711914,1.8440101146697998,0,0,0
blind,191,9,4.52409553527832,2.0448474884033203,4.203187942504883,4.948431491851807,1.8289520740509033,4.124518394470215,5,0.4059762954711914,1.8440101146697998,0,0,0
blind,191,10,4.631814479827881,-0.5052762031555176,4.182250499725342,4.948431491851807,-0.6710485219955444,4.124518394470215,5,0.4059762954711914,1.8440101146697998,0,0,0
blind,191,11,6.6667375564575195,-1.7057933807373047,4.691246509552002,7.052611351013184,-1.9210480451583862,4.634349822998047,5,0.4059762954711914,1.8440101146697998,0,0,0
blind,192,0,6.693763256072998,0.6767665147781372,5.390392780303955,6.91200065612793,0.5568063259124756,5.35727596282959,5,0.40719422698020935,1.830735445022583,0,0,0
blind,192,1,8.766746520996094,0.7530092597007751,6.848391056060791,9.147188186645508,0.5568063259124756,6.7050275802612305,5,0.40719422698020935,1.830735445022583,0,0,0
blind,192,2,7.640157222747803,2.8147504329681396,6.449897766113281,7.936402320861816,2.721869945526123,6.394387722015381,5,0.40719422698020935,1.830735445022583,0,0,0
blind,192,3,5.056119441986084,2.903535842895508,5.782643795013428,5.514830589294434,2.721869707107544,5.773107528686523,5,0.40719422698020935,1.830735445022583,0,0,0
blind,192,4,3.909637212753296,0.7522458434104919,5.5123796463012695,4.304044723510742,0.5568060874938965,5.462467193603516,5,0.40719422698020935,1.830735445022583,0,0,0
blind,192,5,5.332292079925537,-1.4045741558074951,5.857461452484131,5.514830589294434,-1.6082572937011719,5.773107528686523,5,0.40719422698020935,1.830735445022583,0,0,0
blind,192,6,7.548920631408691,-1.4495389461517334,6.61586332321167,7.936402320861816,-1.6082572937011719,6.394387722015381,5,0.40719422698020935,1.830735445022583,0,0,0
blind,192,7,8.882231712341309,1.9854936599731445,5.231384754180908,9.195527076721191,1.8068063259124756,5.168848991394043,5,0.40719422698020935,1.830735445022583,0,0,0
blind,192,8,6.661413669586182,3.3002288341522217,4.694167137145996,7.098384380340576,3.0568063259124756,4.630804538726807,5,0.40719422698020935,1.830735445022583,0,0,0
blind,192,9,4.577847480773926,2.026911497116089,4.172928810119629,5.001242160797119,1.8068064451217651,4.09276008605957,5,0.40719422698020935,1.830735445022583,0,0,0
blind,192,10,4.684953212738037,-0.5242767333984375,4.150715351104736,5.001242160797119,-0.6931941509246826,4.09276008605957,5,0.40719422698020935,1.830735445022583,0,0,0
blind,192,11,6.706245422363281,-1.7209436893463135,4.689662456512451,7.098384857177734,-1.9431936740875244,4.630804538726807,5,0.40719422698020935,1.830735445022583,0,0,0
blind,193,0,6.729763031005859,0.6565823554992676,5.384844779968262,6.948000431060791,0.5342230796813965,5.351212501525879,6,0.4081111550331116,1.8225568532943726,0,0,0
blind,193,1,8.788810729980469,0.730359673500061,6.873941898345947,9.1651029586792,0.5342230796813965,6.728512763977051,6,0.4081111550331116,1.8225568532943726,0,0,0
blind,193,2,7.678338050842285,2.815730571746826,6.4215569496154785,7.9585466384887695,2.699286699295044,6.401829719543457,6,0.4081111550331116,1.8225568532943726,0,0,0
blind,193,3,5.077941417694092,2.8930535316467285,5.754555702209473,5.54543399810791,2.699286460876465,5.748463153839111,6,0.4081111550331116,1.8225568532943726,0,0,0
blind,193,4,3.9504621028900146,0.7340874075889587,5.476394176483154,4.3388776779174805,0.5342228412628174,5.421780109405518,6,0.4081111550331116,1.8225568532943726,0,0,0
blind,193,5,5.362856388092041,-1.4104377031326294,5.817399501800537,5.545434474945068,-1.630840539932251,5.748463153839111,6,0.4081111550331116,1.8225568532943726,0,0,0
blind,193,6,7.574736595153809,-1.4746172428131104,6.6229658126831055,7.9585466384887695,-1.630840539932251,6.401829242706299,6,0.4081111550331116,1.8225568532943726,0,0,0
blind,193,7,8.924222946166992,1.9644439220428467,5.257509708404541,9.233827590942383,1.7842230796813965,5.193110466003418,6,0.4081111550331116,1.8225568532943726,0,0,0
blind,193,8,6.7085723876953125,3.281897783279419,4.6917595863342285,7.144010066986084,3.0342230796813965,4.627278804779053,6,0.4081111550331116,1.8225568532943726,0,0,0
blind,193,9,4.631727695465088,2.008605480194092,4.143139362335205,5.054193496704102,1.784223198890686,4.0614471435546875,6,0.4081111550331116,1.8225568532943726,0,0,0
blind,193,10,4.730612277984619,-0.5397785902023315,4.121577262878418,5.054193496704102,-0.7157773971557617,4.0614471435546875,6,0.4081111550331116,1.8225568532943726,0,0,0
blind,193,11,6.754114151000977,-1.7405333518981934,4.6872878074646,7.144010543823242,-1.9657769203186035,4.627278804779053,6,0.4081111550331116,1.8225568532943726,0,0,0
blind,194,0,6.765763282775879,0.6359958648681641,5.379212856292725,6.9840006828308105,0.5111975073814392,5.345069885253906,5,0.4089549481868744,1.8163840770721436,0,0,0
blind,194,1,8.811470031738281,0.7069682478904724,6.897644519805908,9.182854652404785,0.5111975073814392,6.751320838928223,5,0.4089549481868744,1.8163840770721436,0,0,0
blind,194,2,7.707709789276123,2.81974458694458,6.399974346160889,7.980685234069824,2.6762611865997314,6.408845901489258,5,0.4089549481868744,1.8163840770721436,0,0,0
blind,194,3,5.110015869140625,2.8805456161499023,5.725048065185547,5.576346397399902,2.6762609481811523,5.7238969802856445,5,0.4089549481868744,1.8163840770721436,0,0,0
blind,194,4,3.9913036823272705,0.7164272665977478,5.440536975860596,4.374176979064941,0.5111972689628601,5.381422519683838,5,0.4089549481868744,1.8163840770721436,0,0,0
blind,194,5,5.383148193359375,-1.4274402856826782,5.769735813140869,5.5763468742370605,-1.6538660526275635,5.7238969802856445,5,0.4089549481868744,1.8163840770721436,0,0,0
blind,194,6,7.604239463806152,-1.5006418228149414,6.623226642608643,7.980685234069824,-1.6538660526275635,6.408845901489258,5,0.4089549481868744,1.8163840770721436,0,0,0
blind,194,7,8.965702056884766,1.9429397583007812,5.282926082611084,9.271703720092773,1.761197566986084,5.216951370239258,5,0.4089549481868744,1.8163840770721436,0,0,0
blind,194,8,6.754996299743652,3.263268232345581,4.689388275146484,7.1894850730896,3.011197566986084,4.623768329620361,5,0.4089549481868744,1.8163840770721436,0,0,0
blind,194,9,4.678057670593262,1.993552565574646,4.115652084350586,5.107267379760742,1.761197566986084,4.030585289001465,5,0.4089549481868744,1.8163840770721436,0,0,0
blind,194,10,4.784557819366455,-0.558676540851593,4.088493347167969,5.107267379760742,-0.738802969455719,4.030585289001465,5,0.4089549481868744,1.8163840770721436,0,0,0
blind,194,11,6.801452159881592,-1.760423183441162,4.684937477111816,7.189485549926758,-1.988802433013916,4.623768329620361,5,0.4089549481868744,1.8163840770721436,0,0,0
blind,195,0,6.80176305770874,0.6150010824203491,5.373497486114502,7.019999980926514,0.4877275824546814,5.338849067687988,6,0.41003096103668213,1.8173224925994873,0,0,0
blind,195,1,8.828004837036133,0.687220573425293,6.919865131378174,9.200467109680176,0.4877275824546814,6.773444175720215,6,0.41003096103668213,1.8173224925994873,0,0,0
blind,195,2,7.74361515045166,2.825852155685425,6.379671096801758,8.00283145904541,2.6527912616729736,6.4154372215271,6,0.41003096103668213,1.8173224925994873,0,0,0
blind,195,3,5.144779205322266,2.868652105331421,5.6978302001953125,5.607560157775879,2.6527910232543945,5.699423789978027,6,0.41003096103668213,1.8173224925994873,0,0,0
blind,195,4,4.031818866729736,0.6990348696708679,5.40446662902832,4.409924507141113,0.4877273738384247,5.34141731262207,6,0.41003096103668213,1.8173224925994873,0,0,0
blind,195,5,5.393011569976807,-1.454990267753601,5.721230506896973,5.607560634613037,-1.6773359775543213,5.699423789978027,6,0.41003096103668213,1.8173224925994873,0,0,0
blind,195,6,7.636620998382568,-1.5259478092193604,6.615559101104736,8.00283145904541,-1.6773359775543213,6.4154372215271,6,0.41003096103668213,1.8173224925994873,0,0,0
blind,195,7,9.006537437438965,1.9210752248764038,5.3079047203063965,9.30916976928711,1.7377276420593262,5.240353584289551,6,0.41003096103668213,1.8173224925994873,0,0,0
blind,195,8,6.793988227844238,3.2478694915771484,4.687880039215088,7.234803676605225,2.987727642059326,4.620267391204834,6,0.41003096103668213,1.8173224925994873,0,0,0
blind,195,9,4.733232021331787,1.9741835594177246,4.085676670074463,5.160438537597656,1.7377276420593262,4.000182151794434,6,0.41003096103668213,1.8173224925994873,0,0,0
blind,195,10,4.83836555480957,-0.5781972408294678,4.056939601898193,5.160438537597656,-0.7622728943824768,4.000182151794434,6,0.41003096103668213,1.8173224925994873,0,0,0
blind,195,11,6.848312854766846,-1.78057861328125,4.682600975036621,7.234804153442383,-2.012272357940674,4.620267868041992,6,0.41003096103668213,1.8173224925994873,0,0,0
blind,196,0,6.837762832641602,0.5935922861099243,5.367699146270752,7.056000232696533,0.4638088643550873,5.332550048828125,5,0.41079282760620117,1.8268870115280151,0,0,0
blind,196,1,8.851532936096191,0.6621707081794739,6.941160202026367,9.21796703338623,0.4638088643550873,6.794877052307129,5,0.41079282760620117,1.8268870115280151,0,0,0
blind,196,2,7.779393196105957,2.8317887783050537,6.365981101989746,8.025001525878906,2.6288723945617676,6.421603202819824,5,0.41079282760620117,1.8268870115280151,0,0,0
blind,196,3,5.181827068328857,2.857006311416626,5.673061370849609,5.639070510864258,2.6288721561431885,5.675055503845215,5,0.41079282760620117,1.8268870115280151,0,0,0
blind,196,4,4.072166919708252,0.6815195679664612,5.368990421295166,4.446105003356934,0.46380865573883057,5.30178165435791,5,0.41079282760620117,1.8268870115280151,0,0,0
blind,196,5,5.395714282989502,-1.490501880645752,5.677244663238525,5.639070510864258,-1.7012547254562378,5.675055503845215,5,0.41079282760620117,1.8268870115280151,0,0,0
blind,196,6,7.67007303237915,-1.5495625734329224,6.601066589355469,8.025001525878906,-1.7012547254562378,6.421603202819824,5,0.41079282760620117,1.8268870115280151,0,0,0
blind,196,7,9.039823532104492,1.902977705001831,5.332233905792236,9.346240997314453,1.7138088941574097,5.263299942016602,5,0.41079282760620117,1.8268870115280151,0,0,0
blind,196,8,6.841377258300781,3.2279014587402344,4.685532093048096,7.279964447021484,2.96380877494812,4.6167707443237305,5,0.41079282760620117,1.8268870115280151,0,0,0
blind,196,9,4.7881293296813965,1.9545210599899292,4.056095123291016,5.213687896728516,1.7138090133666992,3.9702415466308594,5,0.41079282760620117,1.8268870115280151,0,0,0
blind,196,10,4.892447471618652,-0.5985169410705566,4.026621341705322,5.213687896728516,-0.7861915826797485,3.9702415466308594,5,0.41079282760620117,1.8268870115280151,0,0,0
blind,196,11,6.894755840301514,-1.80099618434906,4.680257320404053,7.279964447021484,-2.03619122505188,4.6167707443237305,5,0.41079282760620117,1.8268870115280151,0,0,0
blind,197,0,6.873762607574463,0.5717644095420837,5.361819267272949,7.0920000076293945,0.43944042921066284,5.326174736022949,5,0.4119204878807068,1.8427623510360718,0,0,0
blind,197,1,8.875205039978027,0.6366924047470093,6.960607051849365,9.235377311706543,0.43944042921066284,6.815615653991699,5,0.4119204878807068,1.8427623510360718,0,0,0
blind,197,2,7.816133975982666,2.835000514984131,6.36083459854126,8.047207832336426,2.604504108428955,6.427346229553223,5,0.4119204878807068,1.8427623510360718,0,0,0
blind,197,3,5.220664024353027,2.845233678817749,5.650774955749512,5.670868873596191,2.604503870010376,5.650806427001953,5,0.4119204878807068,1.8427623510360718,0,0,0
blind,197,4,4.1120476722717285,0.6637165546417236,5.333065032958984,4.482699394226074,0.43944022059440613,5.262537002563477,5,0.4119204878807068,1.8427623510360718,0,0,0
blind,197,5,5.396035671234131,-1.5312201976776123,5.640213489532471,5.670868873596191,-1.7256231307983398,5.650806903839111,5,0.4119204878807068,1.8427623510360718,0,0,0
blind,197,6,7.696434020996094,-1.5678142309188843,6.585875988006592,8.047207832336426,-1.7256231307983398,6.427346229553223,5,0.4119204878807068,1.8427623510360718,0,0,0
blind,197,7,9.079894065856934,1.8802571296691895,5.3582329750061035,9.38293170928955,1.6894404888153076,5.285776138305664,5,0.4119204878807068,1.8427623510360718,0,0,0
blind,197,8,6.888265132904053,3.2076256275177,4.683213233947754,7.3249616622924805,2.9394404888153076,4.6132731437683105,5,0.4119204878807068,1.8427623510360718,0,0,0
blind,197,9,4.8427734375,1.9345475435256958,4.026852130889893,5.266992568969727,1.6894404888153076,3.940770149230957,5,0.4119204878807068,1.8427623510360718,0,0,0
blind,197,10,4.946712493896484,-0.6195859909057617,3.9974372386932373,5.266992568969727,-0.8105600476264954,3.940770149230957,5,0.4119204878807068,1.8427623510360718,0,0,0
blind,197,11,6.940451145172119,-1.8216276168823242,4.677811622619629,7.3249616622924805,-2.0605595111846924,4.6132731437683105,5,0.4119204878807068,1.8427623510360718,0,0,0
blind,198,0,6.909762859344482,0.5495126247406006,5.355858325958252,7.128000259399414,0.4146190583705902,5.319723606109619,5,0.4129349887371063,1.8660234212875366,0,0,0
blind,198,1,8.898656845092773,0.6109018921852112,6.978603839874268,9.25272274017334,0.4146190583705902,6.835657119750977,5,0.4129349887371063,1.8660234212875366,0,0,0
blind,198,2,7.854427337646484,2.8333547115325928,6.365992546081543,8.069464683532715,2.5796825885772705,6.4326677322387695,5,0.4129349887371063,1.8660234212875366,0,0,0
blind,198,3,5.260676860809326,2.832984685897827,5.630756378173828,5.702948570251465,2.5796823501586914,5.6266889572143555,5,0.4129349887371063,1.8660234212875366,0,0,0
blind,198,4,4.151392459869385,0.645422101020813,5.29670524597168,4.51969051361084,0.4146188497543335,5.223699569702148,5,0.4129349887371063,1.8660234212875366,0,0,0
blind,198,5,5.3946309089660645,-1.5674484968185425,5.610245227813721,5.702948570251465,-1.7504445314407349,5.626689434051514,5,0.4129349887371063,1.8660234212875366,0,0,0
blind,198,6,7.729058265686035,-1.587130069732666,6.562372207641602,8.069464683532715,-1.7504445314407349,6.4326677322387695,5,0.4129349887371063,1.8660234212875366,0,0,0
blind,198,7,9.118922233581543,1.8574142456054688,5.38420295715332,9.419257164001465,1.6646190881729126,5.307766914367676,5,0.4129349887371063,1.8660234212875366,0,0,0
blind,198,8,6.934698581695557,3.187035083770752,4.680901527404785,7.369793891906738,2.914618968963623,4.609768867492676,5,0.4129349887371063,1.8660234212875366,0,0,0
blind,198,9,4.897022724151611,1.9140887260437012,3.998537063598633,5.320330619812012,1.6646192073822021,3.911770820617676,5,0.4129349887371063,1.8660234212875366,0,0,0
blind,198,10,5.001077651977539,-0.6413238048553467,3.969212055206299,5.320330619812012,-0.8353813886642456,3.911770820617676,5,0.4129349887371063,1.8660234212875366,0,0,0
blind,198,11,6.985930919647217,-1.8425891399383545,4.675309181213379,7.369793891906738,-2.085381031036377,4.609768867492676,5,0.4129349887371063,1.8660234212875366,0,0,0
blind,199,0,6.945762634277344,0.5268328785896301,5.349817752838135,7.164000034332275,0.38934510946273804,5.313197612762451,5,0.41473206877708435,1.8776684999465942,0,0,0
blind,199,1,8.921716690063477,0.584854781627655,6.995394229888916,9.270028114318848,0.38934510946273804,6.854996681213379,5,0.41473206877708435,1.8776684999465942,0,0,0
blind,199,2,7.892453670501709,2.823833703994751,6.383852958679199,8.09178638458252,2.5544087886810303,6.437569618225098,5,0.41473206877708435,1.8776684999465942,0,0,0
blind,199,3,5.301310062408447,2.819901943206787,5.613277435302734,5.735301494598389,2.554408550262451,5.602715969085693,5,0.41473206877708435,1.8776684999465942,0,0,0
blind,199,4,4.18338680267334,0.6303632855415344,5.262476444244385,4.557059288024902,0.3893449008464813,5.18528938293457,5,0.41473206877708435,1.8776684999465942,0,0,0
blind,199,5,5.4002227783203125,-1.6110692024230957,5.583008766174316,5.735301971435547,-1.7757184505462646,5.602716445922852,5,0.41473206877708435,1.8776684999465942,0,0,0
blind,199,6,7.759613990783691,-1.6035648584365845,6.536699295043945,8.09178638458252,-1.7757184505462646,6.437569618225098,5,0.41473206877708435,1.8776684999465942,0,0,0
blind,199,7,9.157452583312988,1.8340836763381958,5.408518314361572,9.455231666564941,1.6393451690673828,5.329256534576416,5,0.41473206877708435,1.8776684999465942,0,0,0
blind,199,8,6.980715751647949,3.1661224365234375,4.678576469421387,7.414455890655518,2.889345169067383,4.606252193450928,5,0.41473206877708435,1.8776684999465942,0,0,0
blind,199,9,4.951207160949707,1.8932020664215088,3.970543146133423,5.37368106842041,1.6393451690673828,3.8832478523254395,5,0.41473206877708435,1.8776684999465942,0,0,0
blind,199,10,5.055460453033447,-0.6636319756507874,3.9417452812194824,5.37368106842041,-0.8606553673744202,3.8832478523254395,5,0.41473206877708435,1.8776684999465942,0,0,0
blind,199,11,7.024057865142822,-1.8598476648330688,4.673664093017578,7.414456367492676,-2.110654830932617,4.606252193450928,5,0.41473206877708435,1.8776684999465942,0,0,0
blind,200,0,6.981762886047363,0.5037214159965515,5.343698024749756,7.200000286102295,0.363616406917572,5.306597709655762,6,0.4159092307090759,1.8884910345077515,0,0,0
blind,200,1,8.944906234741211,0.5587450861930847,7.010040283203125,9.28731918334961,0.363616406917572,6.87363338470459,6,0.4159092307090759,1.8884910345077515,0,0,0
blind,200,2,7.925421237945557,2.8045248985290527,6.41431999206543,8.11418628692627,2.5286800861358643,6.4420552253723145,6,0.4159092307090759,1.8884910345077515,0,0,0
blind,200,3,5.334728717803955,2.8090362548828125,5.598027229309082,5.76792049407959,2.528679847717285,5.578899383544922,6,0.4159092307090759,1.8884910345077515,0,0,0
blind,200,4,4.222354888916016,0.6104349493980408,5.224170207977295,4.594788074493408,0.3636161983013153,5.147321701049805,6,0.4159092307090759,1.8884910345077515,0,0,0
blind,200,5,5.41677713394165,-1.655276894569397,5.562195301055908,5.767920970916748,-1.8014471530914307,5.57889986038208,6,0.4159092307090759,1.8884910345077515,0,0,0
blind,200,6,7.788041591644287,-1.617830514907837,6.510579586029053,8.11418628692627,-1.8014471530914307,6.4420552253723145,6,0.4159092307090759,1.8884910345077515,0,0,0
blind,200,7,9.195513725280762,1.8102856874465942,5.432102203369141,9.490872383117676,1.6136164665222168,5.3502326011657715,6,0.4159092307090759,1.8884910345077515,0,0,0
blind,200,8,7.026341438293457,3.1449012756347656,4.676229953765869,7.458946704864502,2.863616466522217,4.602717876434326,6,0.4159092307090759,1.8884910345077515,0,0,0
blind,200,9,5.005321502685547,1.8718769550323486,3.942911148071289,5.427021503448486,1.6136164665222168,3.85520339012146,6,0.4159092307090759,1.8884910345077515,0,0,0
blind,200,10,5.102200031280518,-0.6820313334465027,3.916660785675049,5.427021503448486,-0.8863840699195862,3.85520339012146,6,0.4159092307090759,1.8884910345077515,0,0,0
blind,200,11,7.0705108642578125,-1.8820207118988037,4.670992851257324,7.45894718170166,-2.136383533477783,4.602717876434326,6,0.4159092307090759,1.8884910345077515,0,0,0
blind,201,0,7.017763137817383,0.48017510771751404,5.337499618530273,7.2360005378723145,0.3374338746070862,5.299924850463867,5,0.41670578718185425,1.8984862565994263,0,0,0
blind,201,1,8.96768856048584,0.5324021577835083,7.023691177368164,9.304618835449219,0.3374338746070862,6.89156436920166,5,0.41670578718185425,1.8984862565994263,0,0,0
blind,201,2,7.946174144744873,2.7831902503967285,6.448207378387451,8.136678695678711,2.502497434616089,6.446126937866211,5,0.41670578718185425,1.8984862565994263,0,0,0
blind,201,3,5.376747131347656,2.793161153793335,5.582679271697998,5.800797462463379,2.5024971961975098,5.555251598358154,5,0.41670578718185425,1.8984862565994263,0,0,0
blind,201,4,4.2605671882629395,0.5898026823997498,5.185765266418457,4.632856845855713,0.33743366599082947,5.109814167022705,5,0.41670578718185425,1.8984862565994263,0,0,0
blind,201,5,5.446639537811279,-1.6971462965011597,5.547428131103516,5.800797462463379,-1.827629804611206,5.555251598358154,5,0.41670578718185425,1.8984862565994263,0,0,0
blind,201,6,7.814647674560547,-1.6307274103164673,6.485254287719727,8.136678695678711,-1.827629804611206,6.446126937866211,5,0.41670578718185425,1.8984862565994263,0,0,0
blind,201,7,9.233288764953613,1.785903811454773,5.454555511474609,9.526195526123047,1.5874338150024414,5.370680809020996,5,0.41670578718185425,1.8984862565994263,0,0,0
blind,201,8,7.071247100830078,3.123445749282837,4.673786163330078,7.503262996673584,2.8374338150024414,4.599160194396973,5,0.41670578718185425,1.8984862565994263,0,0,0
blind,201,9,5.051792621612549,1.854325532913208,3.917633533477783,5.480330467224121,1.5874340534210205,3.8276400566101074,5,0.41670578718185425,1.8984862565994263,0,0,0
blind,201,10,5.157495498657227,-0.7047244310379028,3.8881232738494873,5.480330467224121,-0.912566602230072,3.8276400566101074,5,0.41670578718185425,1.8984862565994263,0,0,0
blind,201,11,7.1164727210998535,-1.904409646987915,4.668252944946289,7.503262996673584,-2.1625661849975586,4.599160194396973,5,0.41670578718185425,1.8984862565994263,0,0,0
blind,202,0,7.053762912750244,0.45619142055511475,5.331223964691162,7.272000312805176,0.31079888343811035,5.293179988861084,6,0.4176977574825287,1.896761417388916,0,0,0
blind,202,1,8.983682632446289,0.5105463862419128,7.037383556365967,9.321952819824219,0.31079888343811035,6.90878963470459,6,0.4176977574825287,1.896761417388916,0,0,0
blind,202,2,7.958874702453613,2.7485337257385254,6.490857124328613,8.159276008605957,2.475862503051758,6.4497880935668945,6,0.4176977574825287,1.896761417388916,0,0,0
blind,202,3,5.41818380355835,2.775766611099243,5.56831693649292,5.833922386169434,2.4758622646331787,5.531784534454346,6,0.4176977574825287,1.896761417388916,0,0,0
blind,202,4,4.298181056976318,0.5684295296669006,5.147390365600586,4.671245574951172,0.31079867482185364,5.072782516479492,6,0.4176977574825287,1.896761417388916,0,0,0
blind,202,5,5.489175319671631,-1.7324483394622803,5.538127422332764,5.833922386169434,-1.854264736175537,5.531784534454346,6,0.4176977574825287,1.896761417388916,0,0,0
blind,202,6,7.839847087860107,-1.642878532409668,6.462040901184082,8.159276008605957,-1.854264736175537,6.449787616729736,6,0.4176977574825287,1.896761417388916,0,0,0
blind,202,7,9.270679473876953,1.7610163688659668,5.476070880889893,9.561216354370117,1.5607988834381104,5.39058780670166,6,0.4176977574825287,1.896761417388916,0,0,0
blind,202,8,7.108821868896484,3.1057636737823486,4.672216892242432,7.547401428222656,2.8107988834381104,4.595573902130127,6,0.4176977574825287,1.896761417388916,0,0,0
blind,202,9,5.107035160064697,1.831769585609436,3.8899033069610596,5.533586025238037,1.5607990026474,3.8005595207214355,6,0.4176977574825287,1.896761417388916,0,0,0
blind,202,10,5.212245941162109,-0.7280888557434082,3.8608953952789307,5.533586025238037,-0.9392015933990479,3.8005595207214355,6,0.4176977574825287,1.896761417388916,0,0,0
blind,202,11,7.161987781524658,-1.9270118474960327,4.665460586547852,7.547401428222656,-2.1892011165618896,4.595573902130127,6,0.4176977574825287,1.896761417388916,0,0,0
blind,203,0,7.089763164520264,0.4317682087421417,5.324872016906738,7.308000564575195,0.28371110558509827,5.2863640785217285,5,0.41869086027145386,1.8896162509918213,0,0,0
blind,203,1,9.005697250366211,0.48296451568603516,7.050741195678711,9.33934497833252,0.28371110558509827,6.925309181213379,5,0.41869086027145386,1.8896162509918213,0,0,0
blind,203,2,7.9607319831848145,2.709693670272827,6.531277179718018,8.181992530822754,2.448774814605713,6.453042030334473,5,0.41869086027145386,1.8896162509918213,0,0,0
blind,203,3,5.458798885345459,2.756709098815918,5.554455757141113,5.867288112640381,2.448774576187134,5.508508682250977,5,0.41869086027145386,1.8896162509918213,0,0,0
blind,203,4,4.335663318634033,0.5461000204086304,5.11008882522583,4.709936141967773,0.28371089696884155,5.03624153137207,5,0.41869086027145386,1.8896162509918213,0,0,0
blind,203,5,5.540681838989258,-1.758133888244629,5.532632827758789,5.867288589477539,-1.8813525438308716,5.508508682250977,5,0.41869086027145386,1.8896162509918213,0,0,0
blind,203,6,7.864421367645264,-1.6553713083267212,6.441159248352051,8.181992530822754,-1.8813525438308716,6.453042030334473,5,0.41869086027145386,1.8896162509918213,0,0,0
blind,203,7,9.300911903381348,1.7403688430786133,5.496851921081543,9.595952987670898,1.5337110757827759,5.409942626953125,5,0.41869086027145386,1.8896162509918213,0,0,0
blind,203,8,7.154710292816162,3.0829150676727295,4.669589042663574,7.591360569000244,2.7837111949920654,4.591952800750732,5,0.41869086027145386,1.8896162509918213,0,0,0
blind,203,9,5.161924839019775,1.8089102506637573,3.862675905227661,5.58676815032959,1.5337111949920654,3.7739627361297607,5,0.41869086027145386,1.8896162509918213,0,0,0
blind,203,10,5.26688289642334,-0.7522217035293579,3.834590196609497,5.58676815032959,-0.9662894010543823,3.7739627361297607,5,0.41869086027145386,1.8896162509918213,0,0,0
blind,203,11,7.207103729248047,-1.9498558044433594,4.6626152992248535,7.591360569000244,-2.2162888050079346,4.591952800750732,5,0.41869086027145386,1.8896162509918213,0,0,0
blind,204,0,7.125762939453125,0.40690410137176514,5.31844425201416,7.344000339508057,0.2561741769313812,5.279478073120117,5,0.4206171929836273,1.8798035383224487,0,0,0
blind,204,1,9.026921272277832,0.4553309679031372,7.063564300537109,9.356818199157715,0.2561741769313812,6.941123008728027,5,0.4206171929836273,1.8798035383224487,0,0,0
blind,204,2,7.955474853515625,2.668396234512329,6.565179824829102,8.204840660095215,2.4212377071380615,6.455893516540527,5,0.4206171929836273,1.8798035383224487,0,0,0
blind,204,3,5.498419284820557,2.735917329788208,5.540667533874512,5.900885105133057,2.4212374687194824,5.485435485839844,5,0.4206171929836273,1.8798035383224487,0,0,0
blind,204,4,4.373117446899414,0.522934079170227,5.073184967041016,4.748907089233398,0.2561739683151245,5.000206470489502,5,0.4206171929836273,1.8798035383224487,0,0,0
blind,204,5,5.596376895904541,-1.7739921808242798,5.528392314910889,5.900885581970215,-1.9088894128799438,5.485435962677002,5,0.4206171929836273,1.8798035383224487,0,0,0
blind,204,6,7.882705211639404,-1.6656476259231567,6.425792217254639,8.204840660095215,-1.9088894128799438,6.455893516540527,5,0.4206171929836273,1.8798035383224487,0,0,0
blind,204,7,9.338091850280762,1.7142020463943481,5.518387317657471,9.63042163848877,1.5061742067337036,5.428732872009277,5,0.4206171929836273,1.8798035383224487,0,0,0
blind,204,8,7.200107574462891,3.0597963333129883,4.666894912719727,7.635137557983398,2.756174087524414,4.588291168212891,5,0.4206171929836273,1.8798035383224487,0,0,0
blind,204,9,5.216508865356445,1.7857352495193481,3.835937261581421,5.6398539543151855,1.5061743259429932,3.747850179672241,5,0.4206171929836273,1.8798035383224487,0,0,0
blind,204,10,5.321345329284668,-0.7769918441772461,3.809054136276245,5.6398539543151855,-0.9938262701034546,3.747850179672241,5,0.4206171929836273,1.8798035383224487,0,0,0
blind,204,11,7.251473426818848,-1.9728996753692627,4.659627437591553,7.635137557983398,-2.243825912475586,4.588291168212891,5,0.4206171929836273,1.8798035383224487,0,0,0
blind,205,0,7.1617631912231445,0.38159802556037903,5.311941623687744,7.380000591278076,0.22818884253501892,5.272522926330566,5,0.42361336946487427,1.8779419660568237,0,0,0
blind,205,1,9.047138214111328,0.42762839794158936,7.076328754425049,9.374398231506348,0.22818884253501892,6.956232070922852,5,0.42361336946487427,1.8779419660568237,0,0,0
blind,205,2,7.946319580078125,2.625753164291382,6.59172248840332,8.22783374786377,2.393252372741699,6.458346843719482,5,0.42361336946487427,1.8779419660568237,0,0,0
blind,205,3,5.536889553070068,2.71341609954834,5.526490211486816,5.934704780578613,2.39325213432312,5.462576389312744,5,0.42361336946487427,1.8779419660568237,0,0,0
blind,205,4,4.410726547241211,0.4989757239818573,5.036880016326904,4.788140296936035,0.228188619017601,4.964690685272217,5,0.42361336946487427,1.8779419660568237,0,0,0
blind,205,5,5.643436431884766,-1.7823448181152344,5.523266792297363,5.9347052574157715,-1.9368747472763062,5.462576389312744,5,0.42361336946487427,1.8779419660568237,0,0,0
blind,205,6,7.908572673797607,-1.6819030046463013,6.410575866699219,8.22783374786377,-1.9368747472763062,6.458346843719482,5,0.42361336946487427,1.8779419660568237,0,0,0
blind,205,7,9.374524116516113,1.6877976655960083,5.539425849914551,9.664639472961426,1.4781888723373413,5.44694709777832,5,0.42361336946487427,1.8779419660568237,0,0,0
blind,205,8,7.245058536529541,3.0363898277282715,4.664125919342041,7.678731918334961,2.7281887531280518,4.5845842361450195,5,0.42361336946487427,1.8779419660568237,0,0,0
blind,205,9,5.270575523376465,1.7620803117752075,3.8102314472198486,5.692823886871338,1.4781889915466309,3.7222213745117188,5,0.42361336946487427,1.8779419660568237,0,0,0
blind,205,10,5.375607490539551,-0.8022785782814026,3.784122943878174,5.692823886871338,-1.021811604499817,3.7222213745117188,5,0.42361336946487427,1.8779419660568237,0,0,0
blind,205,11,7.295619964599609,-1.9963167905807495,4.656565189361572,7.678731918334961,-2.2718112468719482,4.5845842361450195,5,0.42361336946487427,1.8779419660568237,0,0,0
blind,206,0,7.197762966156006,0.3558497726917267,5.305365562438965,7.415999889373779,0.1997600495815277,5.265500068664551,5,0.42779597640037537,1.8593974113464355,0,0,0
blind,206,1,9.06631088256836,0.3998376429080963,7.089258193969727,9.392107009887695,0.1997600495815277,6.970639228820801,5,0.42779597640037537,1.8593974113464355,0,0,0
blind,206,2,7.936461448669434,2.582033634185791,6.610068321228027,8.250984191894531,2.364823579788208,6.46040678024292,5,0.42779597640037537,1.8593974113464355,0,0,0
blind,206,3,5.573947906494141,2.68940806388855,5.5120744705200195,5.96873664855957,2.364823341369629,5.43994140625,5,0.42779597640037537,1.8593974113464355,0,0,0
blind,206,4,4.441843509674072,0.47908908128738403,5.003664970397949,4.827613353729248,0.1997598260641098,4.929708957672119,5,0.42779597640037537,1.8593974113464355,0,0,0
blind,206,5,5.6991496086120605,-1.787927508354187,5.513437747955322,5.9687371253967285,-1.9653035402297974,5.43994140625,5,0.42779597640037537,1.8593974113464355,0,0,0
blind,206,6,7.935320854187012,-1.7012068033218384,6.400274753570557,8.250983238220215,-1.9653035402297974,6.46040678024292,5,0.42779597640037537,1.8593974113464355,0,0,0
blind,206,7,9.410669326782227,1.6609140634536743,5.558313846588135,9.698623657226562,1.44976007938385,5.464574813842773,5,0.42779597640037537,1.8593974113464355,0,0,0
blind,206,8,7.289597511291504,3.012676954269409,4.661274433135986,7.722139358520508,2.6997599601745605,4.5808258056640625,5,0.42779597640037537,1.8593974113464355,0,0,0
blind,206,9,5.324527740478516,1.7379847764968872,3.78501558303833,5.7456560134887695,1.4497601985931396,3.6970772743225098,5,0.42779597640037537,1.8593974113464355,0,0,0
blind,206,10,5.429651260375977,-0.8279768824577332,3.759655714035034,5.7456560134887695,-1.050240397453308,3.6970772743225098,5,0.42779597640037537,1.8593974113464355,0,0,0
blind,206,11,7.332468032836914,-2.015575408935547,4.654481410980225,7.722139358520508,-2.3002400398254395,4.5808258056640625,5,0.42779597640037537,1.8593974113464355,0,0,0
blind,207,0,7.233762741088867,0.32965946197509766,5.2987165451049805,7.452000141143799,0.17088989913463593,5.2584099769592285,6,0.4319586157798767,1.8502826690673828,0,0,0
blind,207,1,9.085102081298828,0.3722858726978302,7.101362228393555,9.409969329833984,0.17088989913463593,6.984346389770508,6,0.4319586157798767,1.8502826690673828,0,0,0
blind,207,2,7.92860746383667,2.5374691486358643,6.6200361251831055,8.274304389953613,2.3359534740448,6.462077617645264,6,0.4319586157798767,1.8502826690673828,0,0,0
blind,207,3,5.603329181671143,2.6688766479492188,5.498111724853516,6.002973556518555,2.3359532356262207,5.417540550231934,6,0.4319586157798767,1.8502826690673828,0,0,0
blind,207,4,4.480854511260986,0.4534187912940979,4.9676008224487305,4.867308616638184,0.17088967561721802,4.8952717781066895,6,0.4319586157798767,1.8502826690673828,0,0,0
blind,207,5,5.751488208770752,-1.7923474311828613,5.498544692993164,6.002974033355713,-1.9941737651824951,5.417540550231934,6,0.4319586157798767,1.8502826690673828,0,0,0
blind,207,6,7.96297550201416,-1.724313497543335,6.396017551422119,8.274304389953613,-1.9941737651824951,6.462077617645264,6,0.4319586157798767,1.8502826690673828,0,0,0
blind,207,7,9.446555137634277,1.6335289478302002,5.576045989990234,9.732391357421875,1.4208898544311523,5.481606483459473,6,0.4319586157798767,1.8502826690673828,0,0,0
blind,207,8,7.333746910095215,2.9886608123779297,4.65834903717041,7.765361309051514,2.6708898544311523,4.577010631561279,6,0.4319586157798767,1.8502826690673828,0,0,0
blind,207,9,5.378350257873535,1.713438630104065,3.760321617126465,5.798331260681152,1.420889973640442,3.672415256500244,6,0.4319586157798767,1.8502826690673828,0,0,0
blind,207,10,5.475950241088867,-0.8490839004516602,3.7374274730682373,5.798331260681152,-1.0791106224060059,3.672415256500244,6,0.4319586157798767,1.8502826690673828,0,0,0
blind,207,11,7.377545356750488,-2.0404412746429443,4.651235103607178,7.765361309051514,-2.3291101455688477,4.577010631561279,6,0.4319586157798767,1.8502826690673828,0,0,0
blind,208,0,7.2697625160217285,0.30302801728248596,5.291996002197266,7.48799991607666,0.14158420264720917,5.251254081726074,5,0.4356153905391693,1.8410922288894653,0,0,0
blind,208,1,9.103200912475586,0.3445611000061035,7.113592147827148,9.428007125854492,0.14158420264720917,6.9973554611206055,5,0.4356153905391693,1.8410922288894653,0,0,0
blind,208,2,7.920760154724121,2.499309539794922,6.625400543212891,8.297806739807129,2.306647777557373,6.463365077972412,5,0.4356153905391693,1.8410922288894653,0,0,0
blind,208,3,5.639406204223633,2.641291856765747,5.481200695037842,6.037404537200928,2.306647539138794,5.395384311676025,5,0.4356153905391693,1.8410922288894653,0,0,0
blind,208,4,4.520111560821533,0.42736002802848816,4.93250036239624,4.907203674316406,0.14158397912979126,4.861393928527832,5,0.4356153905391693,1.8410922288894653,0,0,0
blind,208,5,5.800289154052734,-1.7989085912704468,5.4775390625,6.037405014038086,-2.023479461669922,5.395384311676025,5,0.4356153905391693,1.8410922288894653,0,0,0
blind,208,6,7.990988731384277,-1.7514622211456299,6.39903450012207,8.297806739807129,-2.023479461669922,6.463365077972412,5,0.4356153905391693,1.8410922288894653,0,0,0
blind,208,7,9.482307434082031,1.6055909395217896,5.592260360717773,9.765959739685059,1.3915841579437256,5.4980316162109375,5,0.4356153905391693,1.8410922288894653,0,0,0
blind,208,8,7.37717342376709,2.964433193206787,4.6552815437316895,7.808393955230713,2.6415841579437256,4.57313346862793,5,0.4356153905391693,1.8410922288894653,0,0,0
blind,208,9,5.42446756362915,1.69324791431427,3.7380359172821045,5.850828647613525,1.3915842771530151,3.6482350826263428,5,0.4356153905391693,1.8410922288894653,0,0,0
blind,208,10,5.530878067016602,-0.8750423192977905,3.711843252182007,5.850828647613525,-1.1084163188934326,3.6482350826263428,5,0.4356153905391693,1.8410922288894653,0,0,0
blind,208,11,7.422094345092773,-2.065598964691162,4.6479339599609375,7.808393955230713,-2.3584158420562744,4.57313346862793,5,0.4356153905391693,1.8410922288894653,0,0,0
blind,209,0,7.305762767791748,0.2759568691253662,5.2852044105529785,7.52400016784668,0.11184762418270111,5.244032859802246,6,0.4387333393096924,1.8322244882583618,0,0,0
blind,209,1,9.115056037902832,0.3217523992061615,7.126288890838623,9.446244239807129,0.11184762418270111,7.009670257568359,6,0.4387333393096924,1.8322244882583618,0,0,0
blind,209,2,7.922110080718994,2.4538967609405518,6.620253562927246,8.321503639221191,2.2769112586975098,6.464273929595947,6,0.4387333393096924,1.8322244882583618,0,0,0
blind,209,3,5.674106121063232,2.6126744747161865,5.463226795196533,6.072021007537842,2.2769110202789307,5.373480796813965,6,0.4387333393096924,1.8322244882583618,0,0,0
blind,209,4,4.559690475463867,0.40098702907562256,4.898336887359619,4.947279930114746,0.1118474081158638,4.828084468841553,6,0.4387333393096924,1.8322244882583618,0,0,0
blind,209,5,5.844699382781982,-1.8103994131088257,5.45030403137207,6.072021484375,-2.053215980529785,5.373481273651123,6,0.4387333393096924,1.8322244882583618,0,0,0
blind,209,6,8.018075942993164,-1.7814767360687256,6.409746170043945,8.321503639221191,-2.053215980529785,6.464273929595947,6,0.4387333393096924,1.8322244882583618,0,0,0
blind,209,7,9.51779842376709,1.5772134065628052,5.60727596282959,9.799346923828125,1.3618476390838623,5.513842582702637,6,0.4387333393096924,1.8322244882583618,0,0,0
blind,209,8,7.413343906402588,2.9445018768310547,4.653188705444336,7.851237773895264,2.6118476390838623,4.569188117980957,6,0.4387333393096924,1.8322244882583618,0,0,0
blind,209,9,5.479341983795166,1.667348027229309,3.7135705947875977,5.903129577636719,1.3618477582931519,3.6245336532592773,6,0.4387333393096924,1.8322244882583618,0,0,0
blind,209,10,5.585014820098877,-0.9015529155731201,3.6874167919158936,5.903129577636719,-1.138152837753296,3.6245336532592773,6,0.4387333393096924,1.8322244882583618,0,0,0
blind,209,11,7.466156005859375,-2.0910537242889404,4.6446003913879395,7.851238250732422,-2.3881523609161377,4.569188117980957,6,0.4387333393096924,1.8322244882583618,0,0,0
blind,210,0,7.341763019561768,0.24844804406166077,5.278343200683594,7.560000419616699,0.08168551325798035,5.236748218536377,5,0.44053158164024353,1.824907660484314,0,0,0
blind,210,1,9.132216453552246,0.2927488684654236,7.139754295349121,9.464701652526855,0.08168551325798035,7.021296501159668,5,0.44053158164024353,1.824907660484314,0,0,0
blind,210,2,7.931960105895996,2.4096012115478516,6.607148170471191,8.345405578613281,2.24674916267395,6.464811325073242,5,0.44053158164024353,1.824907660484314,0,0,0
blind,210,3,5.707566261291504,2.5832862854003906,5.444178104400635,6.106812953948975,2.246748924255371,5.351840972900391,5,0.44053158164024353,1.824907660484314,0,0,0
blind,210,4,4.599770545959473,0.3741878569126129,4.8659491539001465,4.987516403198242,0.08168529719114304,4.795355796813965,5,0.44053158164024353,1.824907660484314,0,0,0
blind,210,5,5.883671283721924,-1.8288252353668213,5.417842864990234,6.106813430786133,-2.0833780765533447,5.351840972900391,5,0.44053158164024353,1.824907660484314,0,0,0
blind,210,6,8.043059349060059,-1.8136063814163208,6.4279255867004395,8.345405578613281,-2.0833780765533447,6.464811325073242,5,0.44053158164024353,1.824907660484314,0,0,0
blind,210,7,9.54629135131836,1.553755283355713,5.622006893157959,9.832569122314453,1.3316855430603027,5.529030799865723,5,0.44053158164024353,1.824907660484314,0,0,0
blind,210,8,7.457731246948242,2.9187238216400146,4.649861812591553,7.893891334533691,2.5816855430603027,4.5651702880859375,5,0.44053158164024353,1.824907660484314,0,0,0
blind,210,9,5.533763408660889,1.6411508321762085,3.689701557159424,5.95521354675293,1.3316856622695923,3.6013097763061523,5,0.44053158164024353,1.824907660484314,0,0,0
blind,210,10,5.638848304748535,-0.9288018345832825,3.6638662815093994,5.95521354675293,-1.1683149337768555,3.6013097763061523,5,0.44053158164024353,1.824907660484314,0,0,0
blind,210,11,7.509775161743164,-2.116837501525879,4.641232967376709,7.893891334533691,-2.4183144569396973,4.5651702880859375,5,0.44053158164024353,1.824907660484314,0,0,0
blind,211,0,7.377762794494629,0.22050437331199646,5.2714128494262695,7.5960001945495605,0.05110570788383484,5.229400157928467,5,0.44172629714012146,1.8206061124801636,0,0,0
blind,211,1,9.148852348327637,0.263826847076416,7.15313720703125,9.483402252197266,0.05110570788383484,7.032235145568848,5,0.44172629714012146,1.8206061124801636,0,0,0
blind,211,2,7.95377779006958,2.369396209716797,6.586015701293945,8.369524955749512,2.2161693572998047,6.4649810791015625,5,0.44172629714012146,1.8206061124801636,0,0,0
blind,211,3,5.739975929260254,2.5533864498138428,5.424132823944092,6.141770362854004,2.2161691188812256,5.330471992492676,5,0.44172629714012146,1.8206061124801636,0,0,0
blind,211,4,4.640367031097412,0.3470499813556671,4.834489822387695,5.02789306640625,0.05110548809170723,4.763217449188232,5,0.44172629714012146,1.8206061124801636,0,0,0
blind,211,5,5.916365146636963,-1.8549702167510986,5.382350444793701,6.141770362854004,-2.1139578819274902,5.330471992492676,5,0.44172629714012146,1.8206061124801636,0,0,0
blind,211,6,8.060165405273438,-1.8410347700119019,6.449036121368408,8.369524955749512,-2.1139578819274902,6.4649810791015625,5,0.44172629714012146,1.8206061124801636,0,0,0
blind,211,7,9.581899642944336,1.5240147113800049,5.636774063110352,9.865644454956055,1.3011057376861572,5.5435872077941895,5,0.44172629714012146,1.8206061124801636,0,0,0
blind,211,8,7.501615047454834,2.8926644325256348,4.64645528793335,7.936352729797363,2.5511057376861572,4.5610737800598145,5,0.44172629714012146,1.8206061124801636,0,0,0
blind,211,9,5.587766647338867,1.6146397590637207,3.6663858890533447,6.007061004638672,1.3011058568954468,3.5785603523254395,5,0.44172629714012146,1.8206061124801636,0,0,0
blind,211,10,5.692348957061768,-0.9566997289657593,3.6411142349243164,6.007061004638672,-1.198894739151001,3.5785603523254395,5,0.44172629714012146,1.8206061124801636,0,0,0
blind,211,11,7.552602291107178,-2.1428723335266113,4.6377387046813965,7.936352729797363,-2.4488942623138428,4.5610737800598145,5,0.44172629714012146,1.8206061124801636,0,0,0
blind,212,0,7.413763046264648,0.1921290159225464,5.2644147872924805,7.63200044631958,0.02011340856552124,5.221990585327148,5,0.44301217794418335,1.8268579244613647,0,0,0
blind,212,1,9.164955139160156,0.23497888445854187,7.166555404663086,9.50236701965332,0.02011340856552124,7.0424933433532715,5,0.44301217794418335,1.8268579244613647,0,0,0
blind,212,2,7.98619270324707,2.3360633850097656,6.560186386108398,8.393872261047363,2.1851770877838135,6.464790344238281,5,0.44301217794418335,1.8268579244613647,0,0,0
blind,212,3,5.771535873413086,2.523242235183716,5.403173923492432,6.176884651184082,2.1851768493652344,5.309383869171143,5,0.44301217794418335,1.8268579244613647,0,0,0
blind,212,4,4.681443691253662,0.3196052610874176,4.803958892822266,5.068390369415283,0.02011319063603878,4.731680870056152,5,0.44301217794418335,1.8268579244613647,0,0,0
blind,212,5,5.939550876617432,-1.8800112009048462,5.350161075592041,6.176884651184082,-2.1449501514434814,5.309383869171143,5,0.44301217794418335,1.8268579244613647,0,0,0
blind,212,6,8.079277992248535,-1.8741642236709595,6.477541923522949,8.393872261047363,-2.1449501514434814,6.464790344238281,5,0.44301217794418335,1.8268579244613647,0,0,0
blind,212,7,9.616833686828613,1.4941755533218384,5.651198863983154,9.898590087890625,1.270113468170166,5.5575056076049805,5,0.44301217794418335,1.8268579244613647,0,0,0
blind,212,8,7.545037269592285,2.866300344467163,4.642967700958252,7.9786224365234375,2.520113468170166,4.556894302368164,5,0.44301217794418335,1.8268579244613647,0,0,0
blind,212,9,5.641051292419434,1.5876715183258057,3.6440789699554443,6.05865478515625,1.270113468170166,3.5562829971313477,5,0.44301217794418335,1.8268579244613647,0,0,0
blind,212,10,5.745514869689941,-0.9851574301719666,3.6190526485443115,6.05865478515625,-1.2298870086669922,3.5562829971313477,5,0.44301217794418335,1.8268579244613647,0,0,0
blind,212,11,7.595163345336914,-2.1693637371063232,4.6341776847839355,7.9786224365234375,-2.479886531829834,4.556894302368164,5,0.44301217794418335,1.8268579244613647,0,0,0
blind,213,0,7.44976282119751,0.1633259803056717,5.257349967956543,7.668000221252441,-0.011282235383987427,5.214520454406738,5,0.4455410838127136,1.8226882219314575,0,0,0
blind,213,1,9.1807222366333,0.20618847012519836,7.179887771606445,9.521615982055664,-0.011282235383987427,7.0520758628845215,5,0.4455410838127136,1.8226882219314575,0,0,0
blind,213,2,8.02727222442627,2.311685800552368,6.533067226409912,8.418458938598633,2.1537814140319824,6.464245319366455,5,0.4455410838127136,1.8226882219314575,0,0,0
blind,213,3,5.802417755126953,2.4932472705841064,5.381948947906494,6.21214485168457,2.1537811756134033,5.288583755493164,5,0.4455410838127136,1.8226882219314575,0,0,0
blind,213,4,4.7157673835754395,0.2971043884754181,4.77627420425415,5.108987808227539,-0.011282454244792461,4.700753211975098,5,0.4455410838127136,1.8226882219314575,0,0,0
blind,213,5,5.962697982788086,-1.9168485403060913,5.313893795013428,6.2121453285217285,-2.1763458251953125,5.288584232330322,5,0.4455410838127136,1.8226882219314575,0,0,0
blind,213,6,8.094932556152344,-1.9058244228363037,6.5079851150512695,8.418458938598633,-2.1763458251953125,6.464244842529297,5,0.4455410838127136,1.8226882219314575,0,0,0
blind,213,7,9.651345252990723,1.4642390012741089,5.66381311416626,9.931422233581543,1.238717794418335,5.570778846740723,5,0.4455410838127136,1.8226882219314575,0,0,0
blind,213,8,7.588032245635986,2.8396100997924805,4.639394760131836,8.020698547363281,2.488717794418335,4.552626132965088,5,0.4455410838127136,1.8226882219314575,0,0,0
blind,213,9,5.6940789222717285,1.5602487325668335,3.62227201461792,6.1099748611450195,1.2387179136276245,3.5344738960266113,5,0.4455410838127136,1.8226882219314575,0,0,0
blind,213,10,5.798343181610107,-1.0140870809555054,3.597572088241577,6.1099748611450195,-1.2612826824188232,3.5344738960266113,5,0.4455410838127136,1.8226882219314575,0,0,0
blind,213,11,7.630492210388184,-2.191161870956421,4.631686210632324,8.020698547363281,-2.511282205581665,4.552626132965088,5,0.4455410838127136,1.8226882219314575,0,0,0
blind,214,0,7.485763072967529,0.1340998411178589,5.250218868255615,7.704000473022461,-0.043073296546936035,5.2069902420043945,6,0.44851064682006836,1.8319554328918457,0,0,0
blind,214,1,9.197158813476562,0.17772521078586578,7.1919097900390625,9.541171073913574,-0.043073296546936035,7.06098747253418,6,0.44851064682006836,1.8319554328918457,0,0,0
blind,214,2,8.073629379272461,2.295728921890259,6.5080790519714355,8.443294525146484,2.121990203857422,6.463351726531982,6,0.44851064682006836,1.8319554328918457,0,0,0
blind,214,3,5.827002048492432,2.4686319828033447,5.362394332885742,6.247542858123779,2.121990203857422,5.26807975769043,6,0.44851064682006836,1.8319554328918457,0,0,0
blind,214,4,4.758509159088135,0.2685545086860657,4.746193885803223,5.149666786193848,-0.043073516339063644,4.670444011688232,6,0.44851064682006836,1.8319554328918457,0,0,0
blind,214,5,5.982961177825928,-1.958253026008606,5.282593250274658,6.2475433349609375,-2.208137035369873,5.268080234527588,6,0.44851064682006836,1.8319554328918457,0,0,0
blind,214,6,8.107975959777832,-1.9359865188598633,6.5384392738342285,8.443294525146484,-2.208137035369873,6.463351249694824,6,0.44851064682006836,1.8319554328918457,0,0,0
blind,214,7,9.685572624206543,1.4340286254882812,5.6756157875061035,9.96415901184082,1.206926703453064,5.583400249481201,6,0.44851064682006836,1.8319554328918457,0,0,0
blind,214,8,7.630622863769531,2.8125967979431152,4.635748863220215,8.062582015991211,2.4569268226623535,4.548264503479004,6,0.44851064682006836,1.8319554328918457,0,0,0
blind,214,9,5.74682092666626,1.532362699508667,3.6009724140167236,6.161005020141602,1.2069268226623535,3.5131289958953857,6,0.44851064682006836,1.8319554328918457,0,0,0
blind,214,10,5.843392848968506,-1.0378673076629639,3.5783495903015137,6.161005020141602,-1.2930737733840942,3.5131289958953857,6,0.44851064682006836,1.8319554328918457,0,0,0
blind,214,11,7.673903942108154,-2.2193429470062256,4.627913951873779,8.062582015991211,-2.5430731773376465,4.548264503479004,6,0.44851064682006836,1.8319554328918457,0,0,0
blind,215,0,7.521762847900391,0.10445581376552582,5.243022918701172,7.740000247955322,-0.07525065541267395,5.199401378631592,5,0.4520787000656128,1.843184471130371,0,0,0
blind,215,1,9.214066505432129,0.14917874336242676,7.203201770782471,9.561050415039062,-0.07525065541267395,7.0692338943481445,5,0.4520787000656128,1.843184471130371,0,0,0
blind,215,2,8.113082885742188,2.2870302200317383,6.489106178283691,8.468390464782715,2.089812994003296,6.46211576461792,5,0.4520787000656128,1.843184471130371,0,0,0
blind,215,3,5.858646869659424,2.437821865081787,5.339498043060303,6.283068656921387,2.089812755584717,5.247879981994629,5,0.4520787000656128,1.843184471130371,0,0,0
blind,215,4,4.80124044418335,0.23991306126117706,4.716897487640381,5.190407752990723,-0.07525087147951126,4.640761852264404,5,0.4520787000656128,1.843184471130371,0,0,0
blind,215,5,6.003084659576416,-2.002674102783203,5.256957054138184,6.283068656921387,-2.240314245223999,5.247879981994629,5,0.4520787000656128,1.843184471130371,0,0,0
blind,215,6,8.11948013305664,-1.9650280475616455,6.567512512207031,8.468389511108398,-2.240314245223999,6.46211576461792,5,0.4520787000656128,1.843184471130371,0,0,0
blind,215,7,9.719616889953613,1.403529167175293,5.686305046081543,9.996814727783203,1.1747493743896484,5.595364093780518,5,0.4520787000656128,1.843184471130371,0,0,0
blind,215,8,7.6724772453308105,2.7853875160217285,4.631967544555664,8.104270935058594,2.4247493743896484,4.54380464553833,5,0.4520787000656128,1.843184471130371,0,0,0
blind,215,9,5.791765213012695,1.5094318389892578,3.5819690227508545,6.211727142333984,1.174749493598938,3.492245674133301,5,0.4520787000656128,1.843184471130371,0,0,0
blind,215,10,5.897103786468506,-1.0672932863235474,3.5561630725860596,6.211727142333984,-1.3252511024475098,3.492245674133301,5,0.4520787000656128,1.843184471130371,0,0,0
blind,215,11,7.716761112213135,-2.247828245162964,4.624073505401611,8.104270935058594,-2.5752506256103516,4.543805122375488,5,0.4520787000656128,1.843184471130371,0,0,0
blind,216,0,7.55776309967041,0.07439972460269928,5.2357635498046875,7.776000499725342,-0.10780474543571472,5.191755294799805,6,0.455893337726593,1.8542534112930298,0,0,0
blind,216,1,9.225859642028809,0.1259007453918457,7.214066505432129,9.581276893615723,-0.10780474543571472,7.076822280883789,6,0.455893337726593,1.8542534112930298,0,0,0
blind,216,2,8.163491249084473,2.2806177139282227,6.472474575042725,8.493755340576172,2.0572588443756104,6.460545063018799,6,0.455893337726593,1.8542534112930298,0,0,0
blind,216,3,5.890310764312744,2.407413959503174,5.316564559936523,6.3187127113342285,2.0572586059570312,5.227991104125977,6,0.455893337726593,1.8542534112930298,0,0,0
blind,216,4,4.843904495239258,0.21114379167556763,4.688254356384277,5.231191635131836,-0.10780496150255203,4.611713886260986,6,0.455893337726593,1.8542534112930298,0,0,0
blind,216,5,6.025498390197754,-2.048219680786133,5.237160682678223,6.318713188171387,-2.2728683948516846,5.227991104125977,6,0.455893337726593,1.8542534112930298,0,0,0
blind,216,6,8.13106918334961,-1.9934477806091309,6.593570232391357,8.493755340576172,-2.2728683948516846,6.460545063018799,6,0.455893337726593,1.8542534112930298,0,0,0
blind,216,7,9.753398895263672,1.372805118560791,5.6962127685546875,10.029409408569336,1.142195224761963,5.60666561126709,6,0.455893337726593,1.8542534112930298,0,0,0
blind,216,8,7.707154273986816,2.7630250453948975,4.629265785217285,8.145766258239746,2.392195224761963,4.539242267608643,6,0.455893337726593,1.8542534112930298,0,0,0
blind,216,9,5.845303535461426,1.4800564050674438,3.560906410217285,6.262124538421631,1.1421953439712524,3.4718194007873535,6,0.455893337726593,1.8542534112930298,0,0,0
blind,216,10,5.949802875518799,-1.0972461700439453,3.5351040363311768,6.262124538421631,-1.3578052520751953,3.4718194007873535,6,0.455893337726593,1.8542534112930298,0,0,0
blind,216,11,7.759115219116211,-2.2766060829162598,4.620177745819092,8.145767211914062,-2.607804775238037,4.539242744445801,6,0.455893337726593,1.8542534112930298,0,0,0
blind,217,0,7.59376335144043,0.04393797367811203,5.22844123840332,7.812000751495361,-0.14072564244270325,5.184052467346191,5,0.4593052864074707,1.8631868362426758,0,0,0
blind,217,1,9.244577407836914,0.09611814469099045,7.224050998687744,9.601866722106934,-0.14072564244270325,7.083757400512695,5,0.4593052864074707,1.8631868362426758,0,0,0
blind,217,2,8.213249206542969,2.275583028793335,6.4618353843688965,8.519399642944336,2.0243380069732666,6.458644866943359,5,0.4593052864074707,1.8631868362426758,0,0,0
blind,217,3,5.922247886657715,2.3774237632751465,5.2938008308410645,6.354466438293457,2.0243377685546875,5.2084197998046875,5,0.4593052864074707,1.8631868362426758,0,0,0
blind,217,4,4.886415481567383,0.18211014568805695,4.660976886749268,5.271999359130859,-0.14072586596012115,4.583307266235352,5,0.4593052864074707,1.8631868362426758,0,0,0
blind,217,5,6.052187919616699,-2.093064069747925,5.22271203994751,6.354466438293457,-2.3057892322540283,5.208420276641846,5,0.4593052864074707,1.8631868362426758,0,0,0
blind,217,6,8.143383026123047,-2.022135019302368,6.616573810577393,8.519399642944336,-2.3057892322540283,6.458644866943359,5,0.4593052864074707,1.8631868362426758,0,0,0
blind,217,7,9.78034496307373,1.3475905656814575,5.706385612487793,10.061955451965332,1.1092743873596191,5.6172990798950195,5,0.4593052864074707,1.8631868362426758,0,0,0
blind,217,8,7.749932765960693,2.7341017723083496,4.625190734863281,8.187067985534668,2.359274387359619,4.534572124481201,5,0.4593052864074707,1.8631868362426758,0,0,0
blind,217,9,5.898223876953125,1.4504016637802124,3.5403802394866943,6.312180519104004,1.1092745065689087,3.451845645904541,5,0.4593052864074707,1.8631868362426758,0,0,0
blind,217,10,6.001993179321289,-1.1279429197311401,3.5148911476135254,6.312180519104004,-1.390726089477539,3.451845645904541,5,0.4593052864074707,1.8631868362426758,0,0,0
blind,217,11,7.801021099090576,-2.305691957473755,4.61621618270874,8.187067985534668,-2.640725612640381,4.534572601318359,5,0.4593052864074707,1.8631868362426758,0,0,0
blind,218,0,7.629763126373291,0.013077821582555771,5.221057415008545,7.8480000495910645,-0.17400094866752625,5.176294326782227,5,0.4626232087612152,1.86819589138031,0,0,0
blind,218,1,9.264474868774414,0.06646084785461426,7.232271194458008,9.622838020324707,-0.17400094866752625,7.0900468826293945,5,0.4626232087612152,1.86819589138031,0,0,0
blind,218,2,8.261359214782715,2.2693209648132324,6.457644939422607,8.545331954956055,1.9910626411437988,6.456422328948975,5,0.4626232087612152,1.86819589138031,0,0,0
blind,218,3,5.954666614532471,2.3478283882141113,5.271413803100586,6.390318870544434,1.9910624027252197,5.189173698425293,5,0.4626232087612152,1.86819589138031,0,0,0
blind,218,4,4.9289140701293945,0.15272977948188782,4.634254455566406,5.312812805175781,-0.17400117218494415,4.555549621582031,5,0.4626232087612152,1.86819589138031,0,0,0
blind,218,5,6.084384918212891,-2.135427236557007,5.212625026702881,6.390318870544434,-2.339064598083496,5.189174175262451,5,0.4626232087612152,1.86819589138031,0,0,0
blind,218,6,8.15218448638916,-2.046037435531616,6.635378837585449,8.545331954956055,-2.339064598083496,6.456422328948975,5,0.4626232087612152,1.86819589138031,0,0,0
blind,218,7,9.81449031829834,1.315530776977539,5.716487884521484,10.094470977783203,1.0759990215301514,5.627259731292725,5,0.4626232087612152,1.86819589138031,0,0,0
blind,218,8,7.792198657989502,2.704908847808838,4.621033668518066,8.228174209594727,2.3259990215301514,4.52979040145874,5,0.4626232087612152,1.86819589138031,0,0,0
blind,218,9,5.950566291809082,1.4204521179199219,3.5203464031219482,6.361878871917725,1.075999140739441,3.432321071624756,5,0.4626232087612152,1.86819589138031,0,0,0
blind,218,10,6.053657531738281,-1.1592779159545898,3.4954304695129395,6.361878871917725,-1.4240014553070068,3.432321071624756,5,0.4626232087612152,1.86819589138031,0,0,0
blind,218,11,7.8421430587768555,-2.334947347640991,4.612096786499023,8.228174209594727,-2.6740009784698486,4.52979040145874,5,0.4626232087612152,1.86819589138031,0,0,0
blind,219,0,7.665762901306152,-0.018173132091760635,5.2136125564575195,7.884000301361084,-0.2076210081577301,5.168482303619385,5,0.46602863073349,1.8779041767120361,0,0,0
blind,219,1,9.2855224609375,0.03691968321800232,7.238696575164795,9.644210815429688,-0.2076210081577301,7.095697402954102,5,0.46602863073349,1.8779041767120361,0,0,0
blind,219,2,8.307730674743652,2.2594783306121826,6.459269046783447,8.571561813354492,1.9574426412582397,6.453884601593018,5,0.46602863073349,1.8779041767120361,0,0,0
blind,219,3,5.987679958343506,2.318596363067627,5.249546527862549,6.426263332366943,1.9574424028396606,5.17025899887085,5,0.46602863073349,1.8779041767120361,0,0,0
blind,219,4,4.971341609954834,0.12296172231435776,4.608088970184326,5.35361385345459,-0.207621231675148,4.528446197509766,5,0.46602863073349,1.8779041767120361,0,0,0
blind,219,5,6.11337947845459,-2.168748140335083,5.204995155334473,6.426263809204102,-2.3726847171783447,5.17025899887085,5,0.46602863073349,1.8779041767120361,0,0,0
blind,219,6,8.168773651123047,-2.0777475833892822,6.651065349578857,8.571561813354492,-2.3726847171783447,6.453884601593018,5,0.46602863073349,1.8779041767120361,0,0,0
blind,219,7,9.848081588745117,1.2834678888320923,5.726490020751953,10.126970291137695,1.0423790216445923,5.636545181274414,5,0.46602863073349,1.8779041767120361,0,0,0
blind,219,8,7.833998203277588,2.6754276752471924,4.616787910461426,8.269087791442871,2.2923789024353027,4.524892807006836,5,0.46602863073349,1.8779041767120361,0,0,0
blind,219,9,6.001975059509277,1.3901088237762451,3.501192808151245,6.411205291748047,1.0423791408538818,3.413240432739258,5,0.46602863073349,1.8779041767120361,0,0,0
blind,219,10,6.104812145233154,-1.1911476850509644,3.4766039848327637,6.411205291748047,-1.457621455192566,3.413240432739258,5,0.46602863073349,1.8779041767120361,0,0,0
blind,219,11,7.883009910583496,-2.3646185398101807,4.60786247253418,8.269087791442871,-2.7076210975646973,4.524892807006836,5,0.46602863073349,1.8779041767120361,0,0,0
monitored,0,0,0.0,0.0,4.800000190734863,0.0,0.0,4.800000190734863,1,0.34637510776519775,1.403167486190796,0,0,0
monitored,0,1,2.7838387489318848,0.19808846712112427,5.74570369720459,2.5,0.0,5.550000190734863,1,0.34637510776519775,1.403167486190796,0,0,0
monitored,0,2,1.2841682434082031,2.231339931488037,5.619119644165039,1.2499998807907104,2.1650636196136475,5.550000190734863,1,0.34637510776519775,1.403167486190796,0,0,0
monitored,0,3,-1.3591701984405518,2.1897330284118652,5.295764923095703,-1.2500001192092896,2.1650633811950684,5.550000190734863,1,0.34637510776519775,1.403167486190796,0,0,0
monitored,0,4,-2.629690408706665,0.018598442897200584,5.560069561004639,-2.5,-2.18556948539117e-07,5.550000190734863,1,0.34637510776519775,1.403167486190796,0,0,0
monitored,0,5,-1.4358865022659302,-1.8403503894805908,5.063752174377441,-1.249999761581421,-2.1650636196136475,5.550000190734863,1,0.34637510776519775,1.403167486190796,0,0,0
monitored,0,6,1.4688255786895752,-2.231827974319458,5.432725429534912,1.249999761581421,-2.1650636196136475,5.550000190734863,1,0.34637510776519775,1.403167486190796,0,0,0
monitored,0,7,2.3838157653808594,1.0386730432510376,4.5193915367126465,2.1650633811950684,1.25,4.050000190734863,1,0.34637510776519775,1.403167486190796,0,0,0
monitored,0,8,-0.4279603660106659,2.502108097076416,3.8410403728485107,-1.092784742695585e-07,2.5,4.050000190734863,1,0.34637510776519775,1.403167486190796,0,0,0
monitored,0,9,-2.554191827774048,1.320029854774475,4.245491027832031,-2.1650633811950684,1.2500001192092896,4.050000190734863,1,0.34637510776519775,1.403167486190796,0,0,0
monitored,0,10,-2.5323853492736816,-1.5757778882980347,4.229144096374512,-2.1650633811950684,-1.2500004768371582,4.050000190734863,1,0.34637510776519775,1.403167486190796,0,0,0
monitored,0,11,-0.020922565832734108,-2.8710598945617676,4.119601726531982,2.981220248443606e-08,-2.5,4.050000190734863,1,0.34637510776519775,1.403167486190796,0,0,0
monitored,1,0,0.005097599700093269,0.006260947324335575,4.80127477645874,0.036000002175569534,0.04421573132276535,4.809000015258789,2,0.2735392451286316,1.4996730089187622,0,0,0
monitored,1,1,2.7090117931365967,0.14460766315460205,5.6866536140441895,2.548746347427368,0.04421573132276535,5.515120029449463,2,0.2735392451286316,1.4996730089187622,0,0,0
monitored,1,2,1.263268232345581,2.1872470378875732,5.57002067565918,1.2989379167556763,2.2092792987823486,5.5370025634765625,2,0.2735392451286316,1.4996730089187622,0,0,0
monitored,1,3,-1.321413516998291,2.181627035140991,5.382382392883301,-1.2006789445877075,2.2092790603637695,5.580767631530762,2,0.2735392451286316,1.4996730089187622,0,0,0
monitored,1,4,-2.557079553604126,0.008459886536002159,5.560760498046875,-2.4504873752593994,0.04421551153063774,5.602650165557861,2,0.2735392451286316,1.4996730089187622,0,0,0
monitored,1,5,-1.3926979303359985,-1.9124987125396729,5.174874305725098,-1.2006785869598389,-2.1208479404449463,5.580767631530762,2,0.2735392451286316,1.4996730089187622,0,0,0
monitored,1,6,1.3953334093093872,-2.2088463306427,5.4699788093566895,1.2989377975463867,-2.1208479404449463,5.5370025634765625,2,0.2735392451286316,1.4996730089187622,0,0,0
monitored,1,7,2.3314385414123535,1.0874309539794922,4.4057416915893555,2.1876020431518555,1.2942156791687012,4.021213054656982,2,0.2735392451286316,1.4996730089187622,0,0,0
monitored,1,8,-0.32387301325798035,2.5015861988067627,3.892786979675293,0.022870320826768875,2.544215679168701,4.059114933013916,2,0.2735392451286316,1.4996730089187622,0,0,0
monitored,1,9,-2.456151008605957,1.3020597696304321,4.200709819793701,-2.1418609619140625,1.2942157983779907,4.09701681137085,2,0.2735392451286316,1.4996730089187622,0,0,0
monitored,1,10,-2.4469587802886963,-1.4984060525894165,4.191980361938477,-2.1418609619140625,-1.205784797668457,4.09701681137085,2,0.2735392451286316,1.4996730089187622,0,0,0
monitored,1,11,-0.016986310482025146,-2.7682790756225586,4.100338935852051,0.022870458662509918,-2.455784320831299,4.059114933013916,2,0.2735392451286316,1.4996730089187622,0,0,0
monitored,2,0,0.014570980332791805,0.017892666161060333,4.803642749786377,0.07200000435113907,0.08840585500001907,4.81799840927124,3,0.24476569890975952,1.5949565172195435,0,0,0
monitored,2,1,2.6508147716522217,0.10139574110507965,5.630746841430664,2.5967187881469727,0.08840585500001907,5.480036735534668,3,0.24476569890975952,1.5949565172195435,0,0,0
monitored,2,2,1.2495256662368774,2.152022361755371,5.5256500244140625,1.3474845886230469,2.253469467163086,5.523787975311279,3,0.24476569890975952,1.5949565172195435,0,0,0
monitored,2,3,-1.2885764837265015,2.1751551628112793,5.455816268920898,-1.1509835720062256,2.253469228744507,5.611289978027344,3,0.24476569890975952,1.5949565172195435,0,0,0
monitored,2,4,-2.495821237564087,0.0003440100699663162,5.571053504943848,-2.4002175331115723,0.08840563893318176,5.655040740966797,3,0.24476569890975952,1.5949565172195435,0,0,0
monitored,2,5,-1.355411171913147,-1.9708250761032104,5.268463134765625,-1.150983214378357,-2.076657772064209,5.611289978027344,3,0.24476569890975952,1.5949565172195435,0,0,0
monitored,2,6,1.3370399475097656,-2.1898281574249268,5.496391296386719,1.3474844694137573,-2.076657772064209,5.523787975311279,3,0.24476569890975952,1.5949565172195435,0,0,0
monitored,2,7,2.2868709564208984,1.1266181468963623,4.307758331298828,2.209486246109009,1.3384058475494385,3.9926791191101074,3,0.24476569890975952,1.5949565172195435,0,0,0
monitored,2,8,-0.24116772413253784,2.50115966796875,3.935133218765259,0.04574930667877197,2.5884058475494385,4.068458080291748,3,0.24476569890975952,1.5949565172195435,0,0,0
monitored,2,9,-2.3776280879974365,1.2872573137283325,4.1707763671875,-2.1179873943328857,1.338405966758728,4.144237041473389,3,0.24476569890975952,1.5949565172195435,0,0,0
monitored,2,10,-2.3763232231140137,-1.4322125911712646,4.167771816253662,-2.1179873943328857,-1.1615946292877197,4.144237041473389,3,0.24476569890975952,1.5949565172195435,0,0,0
monitored,2,11,-0.01624191366136074,-2.6846468448638916,4.084719181060791,0.045749448239803314,-2.4115941524505615,4.068458080291748,3,0.24476569890975952,1.5949565172195435,0,0,0
monitored,3,0,0.027800530195236206,0.034127410501241684,4.806949138641357,0.1080000102519989,0.13254481554031372,4.8269944190979,4,0.24856898188591003,1.6910462379455566,0,0,0
monitored,3,1,2.606128454208374,0.06659761071205139,5.577327251434326,2.6439104080200195,0.13254481554031372,5.444779396057129,4,0.24856898188591003,1.6910462379455566,0,0,0
monitored,3,2,1.241795539855957,2.1238157749176025,5.484248638153076,1.395632266998291,2.2976083755493164,5.510370254516602,4,0.24856898188591003,1.6910462379455566,0,0,0
monitored,3,3,-1.2596700191497803,2.170016288757324,5.51848030090332,-1.1009235382080078,2.2976081371307373,5.641551971435547,4,0.24856898188591003,1.6910462379455566,0,0,0
monitored,3,4,-2.4439361095428467,-0.006079192738980055,5.589288234710693,-2.349201202392578,0.1325445920228958,5.7071428298950195,4,0.24856898188591003,1.6910462379455566,0,0,0
monitored,3,5,-1.3183279037475586,-2.02187442779541,5.356853008270264,-1.1009230613708496,-2.0325188636779785,5.641551971435547,4,0.24856898188591003,1.6910462379455566,0,0,0
monitored,3,6,1.2910226583480835,-2.173999547958374,5.513842582702637,1.395632266998291,-2.0325188636779785,5.510370254516602,4,0.24856898188591003,1.6910462379455566,0,0,0
monitored,3,7,2.246952772140503,1.1592161655426025,4.218916893005371,2.2307262420654297,1.382544755935669,3.964421033859253,4,0.24856898188591003,1.6910462379455566,0,0,0
monitored,3,8,-0.17586499452590942,2.500810384750366,3.969888925552368,0.0686454027891159,2.632544755935669,4.078027725219727,4,0.24856898188591003,1.6910462379455566,0,0,0
monitored,3,9,-2.3148484230041504,1.2750167846679688,4.15310001373291,-2.093435287475586,1.382544994354248,4.191634178161621,4,0.24856898188591003,1.6910462379455566,0,0,0
monitored,3,10,-2.3157904148101807,-1.372681975364685,4.1554975509643555,-2.093435287475586,-1.1174557209014893,4.191634178161621,4,0.24856898188591003,1.6910462379455566,0,0,0
monitored,3,11,-0.01813841052353382,-2.616593837738037,4.0721025466918945,0.06864553689956665,-2.367455244064331,4.078027725219727,4,0.24856898188591003,1.6910462379455566,0,0,0
monitored,4,0,0.044254377484321594,0.05430252477526665,4.811060905456543,0.14400000870227814,0.17660704255104065,4.835986137390137,5,0.27425551414489746,1.7793123722076416,0,0,0
monitored,4,1,2.572411060333252,0.03870721161365509,5.525886058807373,2.6903159618377686,0.17660704255104065,5.409375190734863,5,0.27425551414489746,1.7793123722076416,0,0,0
monitored,4,2,1.2409812211990356,2.1019203662872314,5.442401885986328,1.4433742761611938,2.3416707515716553,5.496763229370117,5,0.27425551414489746,1.7793123722076416,0,0,0
monitored,4,3,-1.2338911294937134,2.165964365005493,5.572336673736572,-1.0505088567733765,2.341670513153076,5.671539306640625,5,0.27425551414489746,1.7793123722076416,0,0,0
monitored,4,4,-2.399052619934082,-0.011134479194879532,5.615218162536621,-2.297450304031372,0.17660681903362274,5.758927345275879,5,0.27425551414489746,1.7793123722076416,0,0,0
monitored,4,5,-1.281961441040039,-2.0627028942108154,5.436805725097656,-1.0505084991455078,-1.9884566068649292,5.671539306640625,5,0.27425551414489746,1.7793123722076416,0,0,0
monitored,4,6,1.254903793334961,-2.160729169845581,5.523848056793213,1.4433741569519043,-1.9884566068649292,5.496763229370117,5,0.27425551414489746,1.7793123722076416,0,0,0
monitored,4,7,2.2107057571411133,1.1875710487365723,4.135973930358887,2.251333475112915,1.4266070127487183,3.9364607334136963,5,0.27425551414489746,1.7793123722076416,0,0,0
monitored,4,8,-0.12472793459892273,2.5005240440368652,3.998527765274048,0.09156709909439087,2.676607131958008,4.087821006774902,5,0.27425551414489746,1.7793123722076416,0,0,0
monitored,4,9,-2.2614645957946777,1.2641682624816895,4.14519739151001,-2.0681989192962646,1.4266071319580078,4.2391815185546875,5,0.27425551414489746,1.7793123722076416,0,0,0
monitored,4,10,-2.2680811882019043,-1.3234463930130005,4.153442859649658,-2.0681989192962646,-1.07339346408844,4.2391815185546875,5,0.27425551414489746,1.7793123722076416,0,0,0
monitored,4,11,-0.02222677506506443,-2.561218023300171,4.061971187591553,0.09156723320484161,-2.323392868041992,4.087821006774902,5,0.27425551414489746,1.7793123722076416,0,0,0
monitored,5,0,0.06347595900297165,0.07784559577703476,4.815862655639648,0.18000000715255737,0.22056716680526733,4.844973087310791,5,0.3098946213722229,1.8541021347045898,0,0,0
monitored,5,1,2.546414852142334,0.01538855955004692,5.473388195037842,2.735931873321533,0.22056716680526733,5.373852729797363,5,0.3098946213722229,1.8541021347045898,0,0,0
monitored,5,2,1.244820475578308,2.0858850479125977,5.403278350830078,1.4907042980194092,2.3856308460235596,5.482981204986572,5,0.3098946213722229,1.8541021347045898,0,0,0
monitored,5,3,-1.2105884552001953,2.1627988815307617,5.618978500366211,-0.9997504353523254,2.3856306076049805,5.701237678527832,5,0.3098946213722229,1.8541021347045898,0,0,0
monitored,5,4,-2.3584065437316895,-0.014076845720410347,5.651686668395996,-2.2449774742126465,0.22056694328784943,5.810366153717041,5,0.3098946213722229,1.8541021347045898,0,0,0
monitored,5,5,-1.2449138164520264,-2.093289375305176,5.509840965270996,-0.9997500777244568,-1.9444963932037354,5.701237678527832,5,0.3098946213722229,1.8541021347045898,0,0,0
monitored,5,6,1.2249222993850708,-2.148752212524414,5.527829647064209,1.49070405960083,-1.9444963932037354,5.482981204986572,5,0.3098946213722229,1.8541021347045898,0,0,0
monitored,5,7,2.178471803665161,1.2128630876541138,4.058730125427246,2.27131986618042,1.470567226409912,3.908820867538452,5,0.3098946213722229,1.8541021347045898,0,0,0
monitored,5,8,-0.085123710334301,2.500288486480713,4.022250175476074,0.11452285945415497,2.720567226409912,4.097836494445801,5,0.3098946213722229,1.8541021347045898,0,0,0
monitored,5,9,-2.218815803527832,1.2550822496414185,4.146176815032959,-2.042273998260498,1.470567226409912,4.286852836608887,5,0.3098946213722229,1.8541021347045898,0,0,0
monitored,5,10,-2.2222442626953125,-1.2716668844223022,4.165424346923828,-2.042273998260498,-1.029433250427246,4.286852836608887,5,0.3098946213722229,1.8541021347045898,0,0,0
monitored,5,11,-0.028515784069895744,-2.5134034156799316,4.05340051651001,0.11452300101518631,-2.279432773590088,4.097836494445801,5,0.3098946213722229,1.8541021347045898,0,0,0
monitored,6,0,0.08507336676120758,0.10426166653633118,4.821256160736084,0.2160000205039978,0.26439976692199707,4.8539533615112305,6,0.34874606132507324,1.8415495157241821,0,0,0
monitored,6,1,2.5280277729034424,-0.0029378607869148254,5.422543525695801,2.780754804611206,0.26439976692199707,5.338240146636963,6,0.34874606132507324,1.8415495157241821,0,0,0
monitored,6,2,1.2613210678100586,2.0807416439056396,5.360705375671387,1.5376167297363281,2.4294633865356445,5.469038009643555,6,0.34874606132507324,1.8415495157241821,0,0,0
monitored,6,3,-1.1882805824279785,2.160254716873169,5.661528587341309,-0.9486592411994934,2.4294631481170654,5.7306342124938965,6,0.34874606132507324,1.8415495157241821,0,0,0
monitored,6,4,-2.323136329650879,-0.013768809847533703,5.697851657867432,-2.1917970180511475,0.26439955830574036,5.861432075500488,6,0.34874606132507324,1.8415495157241821,0,0,0
monitored,6,5,-1.2060657739639282,-2.1132805347442627,5.576859474182129,-0.9486588835716248,-1.9006638526916504,5.7306342124938965,6,0.34874606132507324,1.8415495157241821,0,0,0
monitored,6,6,1.1985032558441162,-2.1357760429382324,5.525907039642334,1.537616491317749,-1.9006638526916504,5.469038009643555,6,0.34874606132507324,1.8415495157241821,0,0,0
monitored,6,7,2.1505088806152344,1.236432433128357,3.9867360591888428,2.2906992435455322,1.514399766921997,3.881521701812744,6,0.34874606132507324,1.8415495157241821,0,0,0
monitored,6,8,-0.05491103604435921,2.500094175338745,4.0420331954956055,0.13752108812332153,2.764399766921997,4.108070373535156,6,0.34874606132507324,1.8415495157241821,0,0,0
monitored,6,9,-2.1733922958374023,1.2477431297302246,4.158738136291504,-2.0156567096710205,1.5143998861312866,4.334619522094727,6,0.34874606132507324,1.8415495157241821,0,0,0
monitored,6,10,-2.18410587310791,-1.2233998775482178,4.191988468170166,-2.0156567096710205,-0.9856007099151611,4.334619522094727,6,0.34874606132507324,1.8415495157241821,0,0,0
monitored,6,11,-0.03674985095858574,-2.46903395652771,4.046024322509766,0.13752123713493347,-2.235600233078003,4.108070373535156,6,0.34874606132507324,1.8415495157241821,0,0,0
monitored,7,0,0.10871017724275589,0.1331222951412201,4.8271565437316895,0.25200000405311584,0.30807965993881226,4.862926006317139,5,0.3871014714241028,1.828555941581726,0,0,0
monitored,7,1,2.51676869392395,-0.01669343374669552,5.363824367523193,2.8247838020324707,0.30807965993881226,5.302566051483154,5,0.3871014714241028,1.828555941581726,0,0,0
monitored,7,2,1.2893472909927368,2.0881502628326416,5.319565296173096,1.584106683731079,2.4731433391571045,5.454949378967285,5,0.3871014714241028,1.828555941581726,0,0,0
monitored,7,3,-1.1648322343826294,2.1590609550476074,5.702764987945557,-0.897247314453125,2.4731431007385254,5.7597150802612305,5,0.3871014714241028,1.828555941581726,0,0,0
monitored,7,4,-2.2939741611480713,-0.009194498881697655,5.751432418823242,-2.1379241943359375,0.30807945132255554,5.912098407745361,5,0.3871014714241028,1.828555941581726,0,0,0
monitored,7,5,-1.1645584106445312,-2.1221842765808105,5.638308048248291,-0.8972469568252563,-1.8569839000701904,5.7597150802612305,5,0.3871014714241028,1.828555941581726,0,0,0
monitored,7,6,1.176374912261963,-2.1205697059631348,5.5166497230529785,1.5841065645217896,-1.8569839000701904,5.454949378967285,5,0.3871014714241028,1.828555941581726,0,0,0
monitored,7,7,2.1258115768432617,1.2555652856826782,3.9228739738464355,2.309485912322998,1.558079719543457,3.8545846939086914,5,0.3871014714241028,1.828555941581726,0,0,0
monitored,7,8,-0.024246450513601303,2.500772476196289,4.0636186599731445,0.16057008504867554,2.808079719543457,4.1185197830200195,5,0.3871014714241028,1.828555941581726,0,0,0
monitored,7,9,-2.1323189735412598,1.2439069747924805,4.184348106384277,-1.9883452653884888,1.558079719543457,4.382454872131348,5,0.3871014714241028,1.828555941581726,0,0,0
monitored,7,10,-2.154062032699585,-1.1794177293777466,4.23250675201416,-1.9883452653884888,-0.941920816898346,4.382454872131348,5,0.3871014714241028,1.828555941581726,0,0,0
monitored,7,11,-0.04653983563184738,-2.427668333053589,4.040139198303223,0.16057021915912628,-2.191920280456543,4.1185197830200195,5,0.3871014714241028,1.828555941581726,0,0,0
monitored,8,0,0.134097620844841,0.16405616700649261,4.83349084854126,0.2880000174045563,0.351581871509552,4.871889591217041,5,0.42225903272628784,1.8244705200195312,0,0,0
monitored,8,1,2.5140655040740967,-0.024034010246396065,5.303636074066162,2.8680195808410645,0.351581871509552,5.266859531402588,5,0.42225903272628784,1.8244705200195312,0,0,0
monitored,8,2,1.329162836074829,2.1112518310546875,5.284893989562988,1.630170464515686,2.5166454315185547,5.440729141235352,5,0.42225903272628784,1.8244705200195312,0,0,0
monitored,8,3,-1.139753818511963,2.1600277423858643,5.742320537567139,-0.845526933670044,2.5166451930999756,5.788468360900879,5,0.42225903272628784,1.8244705200195312,0,0,0
monitored,8,4,-2.2704153060913086,0.00031825341284275055,5.80930757522583,-2.0833754539489746,0.3515816628932953,5.962338447570801,5,0.42225903272628784,1.8244705200195312,0,0,0
monitored,8,5,-1.119974970817566,-2.1195294857025146,5.694064617156982,-0.8455266952514648,-1.8134818077087402,5.788468360900879,5,0.42225903272628784,1.8244705200195312,0,0,0
monitored,8,6,1.159885048866272,-2.1062185764312744,5.501535415649414,1.6301703453063965,-1.8134818077087402,5.440729141235352,5,0.42225903272628784,1.8244705200195312,0,0,0
monitored,8,7,2.1062467098236084,1.279065728187561,3.859306573867798,2.327694892883301,1.6015818119049072,3.828029155731201,5,0.42225903272628784,1.8244705200195312,0,0,0
monitored,8,8,0.003178020939230919,2.503131151199341,4.0849761962890625,0.1836780607700348,2.8515818119049072,4.129180431365967,5,0.42225903272628784,1.8244705200195312,0,0,0
monitored,8,9,-2.0971877574920654,1.245353102684021,4.224296569824219,-1.9603387117385864,1.6015820503234863,4.430331707000732,5,0.42225903272628784,1.8244705200195312,0,0,0
monitored,8,10,-2.1324751377105713,-1.141139268875122,4.284219264984131,-1.9603387117385864,-0.8984186053276062,4.430331707000732,5,0.42225903272628784,1.8244705200195312,0,0,0
monitored,8,11,-0.05742478370666504,-2.388911724090576,4.036079406738281,0.18367820978164673,-2.1484181880950928,4.129180431365967,5,0.42225903272628784,1.8244705200195312,0,0,0
monitored,9,0,0.16098779439926147,0.1967410445213318,4.840195655822754,0.3240000307559967,0.3948815166950226,4.880842685699463,5,0.454071581363678,1.8116511106491089,0,0,0
monitored,9,1,2.5199813842773438,-0.024342091754078865,5.243106365203857,2.9104621410369873,0.3948815166950226,5.231147766113281,5,0.454071581363678,1.8116511106491089,0,0,0
monitored,9,2,1.375854730606079,2.1477742195129395,5.261360168457031,1.6758043766021729,2.5599451065063477,5.426392555236816,5,0.454071581363678,1.8116511106491089,0,0,0
monitored,9,3,-1.1125833988189697,2.163900375366211,5.779905319213867,-0.793510913848877,2.5599448680877686,5.816882133483887,5,0.454071581363678,1.8116511106491089,0,0,0
monitored,9,4,-2.2507247924804688,0.014940822497010231,5.868733882904053,-2.0281684398651123,0.39488130807876587,6.012126922607422,5,0.454071581363678,1.8116511106491089,0,0,0
monitored,9,5,-1.0795156955718994,-2.113250732421875,5.741224765777588,-0.7935105562210083,-1.7701821327209473,5.816882133483887,5,0.454071581363678,1.8116511106491089,0,0,0
monitored,9,6,1.1517058610916138,-2.082984447479248,5.471240520477295,1.6758042573928833,-1.7701821327209473,5.426392555236816,5,0.454071581363678,1.8116511106491089,0,0,0
monitored,9,7,2.0913679599761963,1.304067850112915,3.7998318672180176,2.3453431129455566,1.6448814868927002,3.8018743991851807,5,0.454071581363678,1.8116511106491089,0,0,0
monitored,9,8,0.027441933751106262,2.508004665374756,4.106328964233398,0.20685312151908875,2.8948814868927,4.140048027038574,5,0.454071581363678,1.8116511106491089,0,0,0
monitored,9,9,-2.0707762241363525,1.2538456916809082,4.2766523361206055,-1.9316364526748657,1.6448816061019897,4.478221893310547,5,0.454071581363678,1.8116511106491089,0,0,0
monitored,9,10,-2.1183156967163086,-1.1089675426483154,4.342909812927246,-1.9316364526748657,-0.855118989944458,4.478221893310547,5,0.454071581363678,1.8116511106491089,0,0,0
monitored,9,11,-0.06872352957725525,-2.352363109588623,4.034220218658447,0.20685327053070068,-2.1051185131073,4.140048027038574,5,0.454071581363678,1.8116511106491089,0,0,0
monitored,10,0,0.18916791677474976,0.23089677095413208,4.847217559814453,0.36000001430511475,0.4379538297653198,4.889784336090088,5,0.4814886450767517,1.804533839225769,0,0,0
monitored,10,1,2.534303665161133,-0.01720726490020752,5.18337869644165,2.952115058898926,0.4379538297653198,5.195460796356201,5,0.4814886450767517,1.804533839225769,0,0,0
monitored,10,2,1.4241453409194946,2.1931955814361572,5.250267028808594,1.7210057973861694,2.6030173301696777,5.4119553565979,5,0.4814886450767517,1.804533839225769,0,0,0
monitored,10,3,-1.0829198360443115,2.1713836193084717,5.815247058868408,-0.7412127256393433,2.6030173301696777,5.844944477081299,5,0.4814886450767517,1.804533839225769,0,0,0
monitored,10,4,-2.234307289123535,0.028963670134544373,5.923817157745361,-1.97232186794281,0.4379536211490631,6.061439037322998,5,0.4814886450767517,1.804533839225769,0,0,0
monitored,10,5,-1.0304375886917114,-2.0922107696533203,5.786594867706299,-0.7412122488021851,-1.7271097898483276,5.844944477081299,5,0.4814886450767517,1.804533839225769,0,0,0
monitored,10,6,1.158799648284912,-2.055260419845581,5.428008079528809,1.7210057973861694,-1.7271097898483276,5.4119553565979,5,0.4814886450767517,1.804533839225769,0,0,0
monitored,10,7,2.08211088180542,1.33224356174469,3.7445297241210938,2.3624472618103027,1.6879538297653198,3.776139259338379,5,0.4814886450767517,1.804533839225769,0,0,0
monitored,10,8,0.04860951006412506,2.516388177871704,4.12786340713501,0.23010320961475372,2.9379539489746094,4.151118755340576,5,0.4814886450767517,1.804533839225769,0,0,0
monitored,10,9,-2.0550360679626465,1.2698966264724731,4.337667942047119,-1.9022403955459595,1.6879539489746094,4.526098251342773,5,0.4814886450767517,1.804533839225769,0,0,0
monitored,10,10,-2.1091678142547607,-1.0817606449127197,4.404563903808594,-1.9022403955459595,-0.8120466470718384,4.526098251342773,5,0.4814886450767517,1.804533839225769,0,0,0
monitored,10,11,-0.08066398650407791,-2.3227059841156006,4.033929347991943,0.23010334372520447,-2.0620460510253906,4.151118755340576,5,0.4814886450767517,1.804533839225769,0,0,0
monitored,11,0,0.21845534443855286,0.2662794589996338,4.854509353637695,0.3960000276565552,0.48077458143234253,4.898713111877441,6,0.5043074488639832,1.8060706853866577,0,0,0
monitored,11,1,2.5563571453094482,-0.0025801481679081917,5.12595272064209,2.992982864379883,0.48077458143234253,5.159826278686523,6,0.5043074488639832,1.8060706853866577,0,0,0
monitored,11,2,1.4705731868743896,2.242757558822632,5.249060153961182,1.7657731771469116,2.6458382606506348,5.397432804107666,6,0.5043074488639832,1.8060706853866577,0,0,0
monitored,11,3,-1.0551918745040894,2.178956985473633,5.845887660980225,-0.6886459589004517,2.6458380222320557,5.872644901275635,6,0.5043074488639832,1.8060706853866577,0,0,0
monitored,11,4,-2.2152912616729736,0.053051743656396866,5.982275009155273,-1.9158552885055542,0.4807743728160858,6.110251426696777,6,0.5043074488639832,1.8060706853866577,0,0,0
monitored,11,5,-0.9797036051750183,-2.0594003200531006,5.823416709899902,-0.688645601272583,-1.6842889785766602,5.872644901275635,6,0.5043074488639832,1.8060706853866577,0,0,0
monitored,11,6,1.1863653659820557,-2.026935577392578,5.377316474914551,1.765773057937622,-1.6842889785766602,5.397432804107666,6,0.5043074488639832,1.8060706853866577,0,0,0
monitored,11,7,2.0780341625213623,1.3637338876724243,3.6932244300842285,2.379025459289551,1.7307746410369873,3.7508413791656494,6,0.5043074488639832,1.8060706853866577,0,0,0
monitored,11,8,0.0667000561952591,2.529445171356201,4.1495866775512695,0.25343620777130127,2.9807746410369873,4.162387371063232,6,0.5043074488639832,1.8060706853866577,0,0,0
monitored,11,9,-2.0492653846740723,1.2928417921066284,4.401768684387207,-1.8721529245376587,1.7307746410369873,4.5739336013793945,6,0.5043074488639832,1.8060706853866577,0,0,0
monitored,11,10,-2.1045002937316895,-1.0614838600158691,4.461607456207275,-1.8721529245376587,-0.7692258954048157,4.5739336013793945,6,0.5043074488639832,1.8060706853866577,0,0,0
monitored,11,11,-0.09087993949651718,-2.288072347640991,4.037433624267578,0.2534363269805908,-2.0192253589630127,4.162387371063232,6,0.5043074488639832,1.8060706853866577,0,0,0
monitored,12,0,0.24869327247142792,0.30267632007598877,4.862030982971191,0.4320000410079956,0.5233194828033447,4.907627105712891,5,0.5234736800193787,1.8079768419265747,0,0,0
monitored,12,1,2.5851504802703857,0.01915525272488594,5.071847915649414,3.0330700874328613,0.5233194828033447,5.124271869659424,5,0.5234736800193787,1.8079768419265747,0,0,0
monitored,12,2,1.5089842081069946,2.2852251529693604,5.249265670776367,1.8101050853729248,2.688383102416992,5.382839202880859,5,0.5234736800193787,1.8079768419265747,0,0,0
monitored,12,3,-1.0194224119186401,2.195338249206543,5.8766560554504395,-0.6358246803283691,2.688382863998413,5.899972915649414,5,0.5234736800193787,1.8079768419265747,0,0,0
monitored,12,4,-2.193727970123291,0.08146022260189056,6.038361072540283,-1.8587895631790161,0.5233192443847656,6.15854024887085,5,0.5234736800193787,1.8079768419265747,0,0,0
monitored,12,5,-0.9289584755897522,-2.0181031227111816,5.852148532867432,-0.6358243227005005,-1.6417441368103027,5.899972915649414,5,0.5234736800193787,1.8079768419265747,0,0,0
monitored,12,6,1.2316675186157227,-2.001791477203369,5.328233242034912,1.8101049661636353,-1.6417441368103027,5.382839202880859,5,0.5234736800193787,1.8079768419265747,0,0,0
monitored,12,7,2.079296112060547,1.3990201950073242,3.646270513534546,2.395097017288208,1.7733194828033447,3.725996971130371,5,0.5234736800193787,1.8079768419265747,0,0,0
monitored,12,8,0.08166609704494476,2.548325300216675,4.1711554527282715,0.27685970067977905,3.0233194828033447,4.1738481521606445,5,0.5234736800193787,1.8079768419265747,0,0,0
monitored,12,9,-2.0504863262176514,1.3145341873168945,4.461097717285156,-1.8413773775100708,1.7733196020126343,4.621699333190918,5,0.5234736800193787,1.8079768419265747,0,0,0
monitored,12,10,-2.097686290740967,-1.0383625030517578,4.523886203765869,-1.8413773775100708,-0.7266809940338135,4.621699333190918,5,0.5234736800193787,1.8079768419265747,0,0,0
monitored,12,11,-0.09893502295017242,-2.2540557384490967,4.044479846954346,0.2768598198890686,-1.9766805171966553,4.1738481521606445,5,0.5234736800193787,1.8079768419265747,0,0,0
monitored,13,0,0.2797470986843109,0.33990129828453064,4.869747638702393,0.46799999475479126,0.5655646920204163,4.9165263175964355,6,0.5388078093528748,1.823193073272705,0,0,0
monitored,13,1,2.6124167442321777,0.04008956253528595,5.022530555725098,3.072383403778076,0.5655646920204163,5.088826656341553,6,0.5388078093528748,1.823193073272705,0,0,0
monitored,13,2,1.551138162612915,2.336466073989868,5.255904674530029,1.8540008068084717,2.730628252029419,5.368191242218018,6,0.5388078093528748,1.823193073272705,0,0,0
monitored,13,3,-0.9808053970336914,2.2168025970458984,5.904198169708252,-0.5827638506889343,2.73062801361084,5.926919937133789,6,0.5388078093528748,1.823193073272705,0,0,0
monitored,13,4,-2.1680543422698975,0.11360591650009155,6.091677188873291,-1.8011460304260254,0.5655644536018372,6.206284523010254,6,0.5388078093528748,1.823193073272705,0,0,0
monitored,13,5,-0.8792080283164978,-1.9718575477600098,5.8743743896484375,-0.5827633738517761,-1.599498987197876,5.926919937133789,6,0.5388078093528748,1.823193073272705,0,0,0
monitored,13,6,1.2873343229293823,-1.9801135063171387,5.286342144012451,1.8540008068084717,-1.599498987197876,5.368191242218018,6,0.5388078093528748,1.823193073272705,0,0,0
monitored,13,7,2.085585355758667,1.4379528760910034,3.6040661334991455,2.4106812477111816,1.8155646324157715,3.7016234397888184,6,0.5388078093528748,1.823193073272705,0,0,0
monitored,13,8,0.09027595072984695,2.567497730255127,4.189818859100342,0.3003811836242676,3.0655646324157715,4.185496807098389,6,0.5388078093528748,1.823193073272705,0,0,0
monitored,13,9,-2.0551958084106445,1.347309947013855,4.522497653961182,-1.8099188804626465,1.8155648708343506,4.669370174407959,6,0.5388078093528748,1.823193073272705,0,0,0
monitored,13,10,-2.0870707035064697,-1.0129693746566772,4.583261966705322,-1.8099188804626465,-0.6844357848167419,4.669370174407959,6,0.5388078093528748,1.823193073272705,0,0,0
monitored,13,11,-0.10366262495517731,-2.220200538635254,4.055521011352539,0.3003813326358795,-1.9344353675842285,4.185496807098389,6,0.5388078093528748,1.823193073272705,0,0,0
monitored,14,0,0.31150132417678833,0.3777914047241211,4.877629280090332,0.5040000081062317,0.6074867844581604,4.925408363342285,5,0.5502115488052368,1.8387845754623413,0,0,0
monitored,14,1,2.650428533554077,0.07341912388801575,4.976688861846924,3.1109306812286377,0.6074867844581604,5.0535173416137695,5,0.5502115488052368,1.8387845754623413,0,0,0
monitored,14,2,1.5912691354751587,2.386568307876587,5.262363433837891,1.897461175918579,2.772550344467163,5.353503704071045,5,0.5502115488052368,1.8387845754623413,0,0,0
monitored,14,3,-0.9397265315055847,2.2432613372802734,5.928254127502441,-0.5294776558876038,2.772550106048584,5.953476428985596,5,0.5502115488052368,1.8387845754623413,0,0,0
monitored,14,4,-2.137471914291382,0.1493360698223114,6.1414361000061035,-1.7429468631744385,0.6074865460395813,6.253462791442871,5,0.5502115488052368,1.8387845754623413,0,0,0
monitored,14,5,-0.8304860591888428,-1.9234955310821533,5.892394065856934,-0.5294772982597351,-1.5575768947601318,5.953476428985596,5,0.5502115488052368,1.8387845754623413,0,0,0
monitored,14,6,1.3481955528259277,-1.9609702825546265,5.252379417419434,1.8974609375,-1.5575768947601318,5.353503704071045,5,0.5502115488052368,1.8387845754623413,0,0,0
monitored,14,7,2.090090036392212,1.4717415571212769,3.566608428955078,2.4257988929748535,1.8574867248535156,3.677734851837158,5,0.5502115488052368,1.8387845754623413,0,0,0
monitored,14,8,0.09827715903520584,2.601332902908325,4.210707664489746,0.324008047580719,3.1074867248535156,4.19732666015625,5,0.5502115488052368,1.8387845754623413,0,0,0
monitored,14,9,-2.060530185699463,1.383603572845459,4.580446243286133,-1.777782678604126,1.8574869632720947,4.716918468475342,5,0.5502115488052368,1.8387845754623413,0,0,0
monitored,14,10,-2.071145534515381,-0.9838641881942749,4.639533996582031,-1.777782678604126,-0.6425136923789978,4.716918468475342,5,0.5502115488052368,1.8387845754623413,0,0,0
monitored,14,11,-0.10373970121145248,-2.1863248348236084,4.070889949798584,0.32400816679000854,-1.8925132751464844,4.19732666015625,5,0.5502115488052368,1.8387845754623413,0,0,0
monitored,15,0,0.3438567519187927,0.4162033796310425,4.885650157928467,0.5400000214576721,0.6490623950958252,4.934272289276123,5,0.5586294531822205,1.8600152730941772,0,0,0
monitored,15,1,2.6907899379730225,0.11092132329940796,4.9355902671813965,3.14872145652771,0.6490623950958252,5.018371105194092,5,0.5586294531822205,1.8600152730941772,0,0,0
monitored,15,2,1.6296343803405762,2.435214042663574,5.267757892608643,1.9404869079589844,2.8141260147094727,5.338791847229004,5,0.5586294531822205,1.8600152730941772,0,0,0
monitored,15,3,-0.8968102335929871,2.2742419242858887,5.948742866516113,-0.47598201036453247,2.8141257762908936,5.979633808135986,5,0.5586294531822205,1.8600152730941772,0,0,0
monitored,15,4,-2.101483106613159,0.18734772503376007,6.188063621520996,-1.6842162609100342,0.6490621566772461,6.300054550170898,5,0.5586294531822205,1.8600152730941772,0,0,0
monitored,15,5,-0.7822632193565369,-1.8749524354934692,5.908509731292725,-0.4759816527366638,-1.5160012245178223,5.979633808135986,5,0.5586294531822205,1.8600152730941772,0,0,0
monitored,15,6,1.4028751850128174,-1.9468103647232056,5.224027633666992,1.9404866695404053,-1.5160012245178223,5.338791847229004,5,0.5586294531822205,1.8600152730941772,0,0,0
monitored,15,7,2.103346109390259,1.5161553621292114,3.5327041149139404,2.4404709339141846,1.8990623950958252,3.654346466064453,5,0.5586294531822205,1.8600152730941772,0,0,0
monitored,15,8,0.1011231392621994,2.6427602767944336,4.228414535522461,0.3477473556995392,3.149062395095825,4.209331512451172,5,0.5586294531822205,1.8600152730941772,0,0,0
monitored,15,9,-2.0639021396636963,1.422723412513733,4.635216236114502,-1.7449760437011719,1.8990625143051147,4.764317035675049,5,0.5586294531822205,1.8600152730941772,0,0,0
monitored,15,10,-2.049363851547241,-0.9506691694259644,4.692051410675049,-1.7449760437011719,-0.600938081741333,4.764317035675049,5,0.5586294531822205,1.8600152730941772,0,0,0
monitored,15,11,-0.09715193510055542,-2.152745008468628,4.0904436111450195,0.3477475047111511,-1.8509376049041748,4.209331512451172,5,0.5586294531822205,1.8600152730941772,0,0,0
monitored,16,0,0.37672823667526245,0.4550110399723053,4.893787384033203,0.5760000348091125,0.6902687549591064,4.943117141723633,5,0.5645434856414795,1.8777797222137451,0,0,0
monitored,16,1,2.732205867767334,0.15145720541477203,4.898725509643555,3.185765504837036,0.6902687549591064,4.983415603637695,5,0.5645434856414795,1.8777797222137451,0,0,0
monitored,16,2,1.6676554679870605,2.4827332496643066,5.269861221313477,1.9830796718597412,2.855332374572754,5.324072360992432,5,0.5645434856414795,1.8777797222137451,0,0,0
monitored,16,3,-0.8527409434318542,2.3089709281921387,5.965888500213623,-0.42229199409484863,2.855332136154175,6.005385398864746,5,0.5645434856414795,1.8777797222137451,0,0,0
monitored,16,4,-2.060239791870117,0.22677011787891388,6.231598377227783,-1.6249778270721436,0.6902685165405273,6.346041679382324,5,0.5645434856414795,1.8777797222137451,0,0,0
monitored,16,5,-0.7405434846878052,-1.8352183103561401,5.923351287841797,-0.42229163646698,-1.474794864654541,6.005385398864746,5,0.5645434856414795,1.8777797222137451,0,0,0
monitored,16,6,1.4668506383895874,-1.9280019998550415,5.202674865722656,1.983079433441162,-1.474794864654541,5.324072360992432,5,0.5645434856414795,1.8777797222137451,0,0,0
monitored,16,7,2.119286060333252,1.5624173879623413,3.5036139488220215,2.454719066619873,1.9402687549591064,3.6314711570739746,5,0.5645434856414795,1.8777797222137451,0,0,0
monitored,16,8,0.09898366034030914,2.6897385120391846,4.241306304931641,0.3716059923171997,3.1902687549591064,4.221505641937256,5,0.5645434856414795,1.8777797222137451,0,0,0
monitored,16,9,-2.063272476196289,1.4646949768066406,4.686635494232178,-1.7115068435668945,1.940268874168396,4.811540126800537,5,0.5645434856414795,1.8777797222137451,0,0,0
monitored,16,10,-2.0220909118652344,-0.9138259291648865,4.740410327911377,-1.7115068435668945,-0.5597317218780518,4.811540126800537,5,0.5645434856414795,1.8777797222137451,0,0,0
monitored,16,11,-0.08345003426074982,-2.120067596435547,4.1137471199035645,0.37160614132881165,-1.8097312450408936,4.221505641937256,5,0.5645434856414795,1.8777797222137451,0,0,0
monitored,17,0,0.4100427031517029,0.4941028952598572,4.902021884918213,0.6119999885559082,0.7310833930969238,4.951941013336182,5,0.5690363645553589,1.8691850900650024,0,0,0
monitored,17,1,2.7737183570861816,0.19409437477588654,4.865293979644775,3.222074508666992,0.7310833930969238,4.948676586151123,5,0.5690363645553589,1.8691850900650024,0,0,0
monitored,17,2,1.7058262825012207,2.5291242599487305,5.267884731292725,2.0252418518066406,2.8961470127105713,5.309358596801758,5,0.5690363645553589,1.8691850900650024,0,0,0
monitored,17,3,-0.8083372116088867,2.346560478210449,5.979973793029785,-0.3684235215187073,2.896146774291992,6.030722618103027,5,0.5690363645553589,1.8691850900650024,0,0,0
monitored,17,4,-2.021501064300537,0.25939124822616577,6.270582675933838,-1.565256118774414,0.7310831546783447,6.391404628753662,5,0.5690363645553589,1.8691850900650024,0,0,0
monitored,17,5,-0.689831018447876,-1.7887135744094849,5.941971302032471,-0.3684231638908386,-1.4339802265167236,6.030722618103027,5,0.5690363645553589,1.8691850900650024,0,0,0
monitored,17,6,1.529801607131958,-1.907626986503601,5.186189651489258,2.0252416133880615,-1.4339802265167236,5.309358596801758,5,0.5690363645553589,1.8691850900650024,0,0,0
monitored,17,7,2.1386845111846924,1.6104685068130493,3.4810802936553955,2.4685657024383545,1.9810833930969238,3.609121799468994,5,0.5690363645553589,1.8691850900650024,0,0,0
monitored,17,8,0.09310320019721985,2.739532947540283,4.248743534088135,0.3955906331539154,3.231083393096924,4.233841419219971,5,0.5690363645553589,1.8691850900650024,0,0,0
monitored,17,9,-2.05747389793396,1.5085290670394897,4.735843658447266,-1.6773841381072998,1.9810835123062134,4.858561038970947,5,0.5690363645553589,1.8691850900650024,0,0,0
monitored,17,10,-1.990374207496643,-0.8742932677268982,4.784768581390381,-1.6773841381072998,-0.5189170837402344,4.858561038970947,5,0.5690363645553589,1.8691850900650024,0,0,0
monitored,17,11,-0.06950556486845016,-2.094595432281494,4.135836601257324,0.39559078216552734,-1.7689166069030762,4.233841419219971,5,0.5690363645553589,1.8691850900650024,0,0,0
monitored,18,0,0.4437374472618103,0.5333800911903381,4.910336971282959,0.6480000615119934,0.7714841365814209,4.960743427276611,6,0.572106122970581,1.8736580610275269,0,0,0
monitored,18,1,2.8147623538970947,0.23828721046447754,4.835290431976318,3.2576613426208496,0.7714841365814209,4.914180278778076,6,0.572106122970581,1.8736580610275269,0,0,0
monitored,18,2,1.7444921731948853,2.574215888977051,5.26109504699707,2.066976547241211,2.9365477561950684,5.2946672439575195,6,0.572106122970581,1.8736580610275269,0,0,0
monitored,18,3,-0.7695765495300293,2.3786909580230713,5.991746425628662,-0.3143925070762634,2.9365475177764893,6.055641174316406,6,0.572106122970581,1.8736580610275269,0,0,0
monitored,18,4,-1.9707717895507812,0.30012038350105286,6.310375690460205,-1.5050768852233887,0.7714838981628418,6.436127662658691,6,0.572106122970581,1.8736580610275269,0,0,0
monitored,18,5,-0.6389456987380981,-1.7444381713867188,5.961853504180908,-0.3143921494483948,-1.3935794830322266,6.055641174316406,6,0.572106122970581,1.8736580610275269,0,0,0
monitored,18,6,1.5909172296524048,-1.8848299980163574,5.173300743103027,2.066976547241211,-1.3935794830322266,5.2946672439575195,6,0.572106122970581,1.8736580610275269,0,0,0
monitored,18,7,2.1595070362091064,1.6591163873672485,3.4631807804107666,2.482034206390381,2.021484136581421,3.5873100757598877,6,0.572106122970581,1.8736580610275269,0,0,0
monitored,18,8,0.08528231084346771,2.789830446243286,4.251205921173096,0.4197078347206116,3.271484136581421,4.24633264541626,6,0.572106122970581,1.8736580610275269,0,0,0
monitored,18,9,-2.0456883907318115,1.5536247491836548,4.783166408538818,-1.6426184177398682,2.021484375,4.905355453491211,6,0.572106122970581,1.8736580610275269,0,0,0
monitored,18,10,-1.9630504846572876,-0.8411777019500732,4.824450492858887,-1.6426184177398682,-0.4785163402557373,4.905355453491211,6,0.572106122970581,1.8736580610275269,0,0,0
monitored,18,11,-0.041855305433273315,-2.0651774406433105,4.163339614868164,0.4197079539299011,-1.728515863418579,4.24633264541626,6,0.572106122970581,1.8736580610275269,0,0,0
monitored,19,0,0.47775861620903015,0.5727546811103821,4.918717861175537,0.6840000152587891,0.811449408531189,4.969522476196289,5,0.574215292930603,1.8687081336975098,0,0,0
monitored,19,1,2.854856491088867,0.2833096981048584,4.806931018829346,3.292539358139038,0.811449408531189,4.879952430725098,5,0.574215292930603,1.8687081336975098,0,0,0
monitored,19,2,1.7770462036132812,2.610558271408081,5.2502031326293945,2.108287811279297,2.976512908935547,5.280013084411621,5,0.574215292930603,1.8687081336975098,0,0,0
monitored,19,3,-0.7234849333763123,2.42048978805542,6.003068923950195,-0.2602154016494751,2.976512908935547,6.08013391494751,5,0.574215292930603,1.8687081336975098,0,0,0
monitored,19,4,-1.9169317483901978,0.3402659296989441,6.348259449005127,-1.4444668292999268,0.8114491701126099,6.480194091796875,5,0.574215292930603,1.8687081336975098,0,0,0
monitored,19,5,-0.5873239636421204,-1.7020263671875,5.98341703414917,-0.26021504402160645,-1.3536142110824585,6.080133438110352,5,0.574215292930603,1.8687081336975098,0,0,0
monitored,19,6,1.6497104167938232,-1.8590078353881836,5.162927627563477,2.1082875728607178,-1.3536142110824585,5.280013084411621,5,0.574215292930603,1.8687081336975098,0,0,0
monitored,19,7,2.181060791015625,1.707776665687561,3.4493932723999023,2.495147466659546,2.0614495277404785,3.566046714782715,5,0.574215292930603,1.8687081336975098,0,0,0
monitored,19,8,0.07788525521755219,2.8389556407928467,4.249783515930176,0.4439636468887329,3.3114495277404785,4.258971691131592,5,0.574215292930603,1.8687081336975098,0,0,0
monitored,19,9,-2.0339906215667725,1.5911221504211426,4.826233863830566,-1.607219934463501,2.0614495277404785,4.951896667480469,5,0.574215292930603,1.8687081336975098,0,0,0
monitored,19,10,-1.9274487495422363,-0.8000044822692871,4.8678059577941895,-1.607219934463501,-0.43855106830596924,4.951896667480469,5,0.574215292930603,1.8687081336975098,0,0,0
monitored,19,11,-0.008276697248220444,-2.038930892944336,4.190061092376709,0.44396379590034485,-1.688550591468811,4.258971691131592,5,0.574215292930603,1.8687081336975098,0,0,0
monitored,20,0,0.5120599865913391,0.6121482849121094,4.927151679992676,0.7200000286102295,0.8509581685066223,4.978277206420898,6,0.5754193663597107,1.8643176555633545,0,0,0
monitored,20,1,2.887230634689331,0.3207147717475891,4.778781414031982,3.326723575592041,0.8509581685066223,4.846017837524414,6,0.5754193663597107,1.8643176555633545,0,0,0
monitored,20,2,1.8177293539047241,2.6538922786712646,5.233644008636475,2.149179458618164,3.016021728515625,5.265410423278809,6,0.5754193663597107,1.8643176555633545,0,0,0
monitored,20,3,-0.6774248480796814,2.4629080295562744,6.013728618621826,-0.2059081792831421,3.016021490097046,6.104196548461914,6,0.5754193663597107,1.8643176555633545,0,0,0
monitored,20,4,-1.8607622385025024,0.37966790795326233,6.384922027587891,-1.3834519386291504,0.8509579300880432,6.523589134216309,6,0.5754193663597107,1.8643176555633545,0,0,0
monitored,20,5,-0.5350502133369446,-1.6613515615463257,6.006515026092529,-0.20590782165527344,-1.31410551071167,6.104196548461914,6,0.5754193663597107,1.8643176555633545,0,0,0
monitored,20,6,1.7056132555007935,-1.8297374248504639,5.154808044433594,2.149179458618164,-1.31410551071167,5.265410423278809,6,0.5754193663597107,1.8643176555633545,0,0,0
monitored,20,7,2.2022080421447754,1.7559814453125,3.438159465789795,2.507929801940918,2.1009581089019775,3.5453410148620605,6,0.5754193663597107,1.8643176555633545,0,0,0
monitored,20,8,0.06899041682481766,2.8795504570007324,4.246464252471924,0.4683641791343689,3.3509581089019775,4.2717509269714355,6,0.5754193663597107,1.8643176555633545,0,0,0
monitored,20,9,-2.0100886821746826,1.6373780965805054,4.871882915496826,-1.5712013244628906,2.1009583473205566,4.9981608390808105,6,0.5754193663597107,1.8643176555633545,0,0,0
monitored,20,10,-1.890097975730896,-0.7580996155738831,4.908336639404297,-1.5712013244628906,-0.3990423083305359,4.9981608390808105,6,0.5754193663597107,1.8643176555633545,0,0,0
monitored,20,11,0.029311344027519226,-2.0153720378875732,4.214693069458008,0.46836429834365845,-1.6490418910980225,4.2717509269714355,6,0.5754193663597107,1.8643176555633545,0,0,0
monitored,21,0,0.5466018915176392,0.6514905691146851,4.935626983642578,0.7560000419616699,0.8899893164634705,4.987006187438965,5,0.5756134986877441,1.8594210147857666,0,0,0
monitored,21,1,2.925851345062256,0.36740732192993164,4.750729084014893,3.360229730606079,0.8899893164634705,4.812399864196777,5,0.5756134986877441,1.8594210147857666,0,0,0
monitored,21,2,1.8583040237426758,2.6951513290405273,5.213185787200928,2.189657211303711,3.0550529956817627,5.250874996185303,5,0.5756134986877441,1.8594210147857666,0,0,0
monitored,21,3,-0.6312365531921387,2.5055315494537354,6.024441242218018,-0.1514875888824463,3.0550527572631836,6.127824783325195,5,0.5756134986877441,1.8594210147857666,0,0,0
monitored,21,4,-1.8031331300735474,0.4185718297958374,6.4201507568359375,-1.3220598697662354,0.8899890780448914,6.5662994384765625,5,0.5756134986877441,1.8594210147857666,0,0,0
monitored,21,5,-0.48224765062332153,-1.6220932006835938,6.030764579772949,-0.15148723125457764,-1.2750742435455322,6.127824306488037,5,0.5756134986877441,1.8594210147857666,0,0,0
monitored,21,6,1.7588043212890625,-1.7970046997070312,5.14752197265625,2.189657211303711,-1.2750742435455322,5.250874996185303,5,0.5756134986877441,1.8594210147857666,0,0,0
monitored,21,7,2.2162749767303467,1.7955262660980225,3.426290512084961,2.5204060077667236,2.1399893760681152,3.5252020359039307,5,0.5756134986877441,1.8594210147857666,0,0,0
monitored,21,8,0.06486394256353378,2.9274425506591797,4.240776062011719,0.4929150640964508,3.3899893760681152,4.28466272354126,5,0.5756134986877441,1.8594210147857666,0,0,0
monitored,21,9,-1.9806365966796875,1.6826924085617065,4.916125774383545,-1.5345757007598877,2.1399893760681152,5.04412317276001,5,0.5756134986877441,1.8594210147857666,0,0,0
monitored,21,10,-1.8517050743103027,-0.7158538103103638,4.947681427001953,-1.5345757007598877,-0.36001116037368774,5.04412317276001,5,0.5756134986877441,1.8594210147857666,0,0,0
monitored,21,11,0.06926644593477249,-1.9935559034347534,4.23647928237915,0.49291518330574036,-1.6100106239318848,4.28466272354126,5,0.5756134986877441,1.8594210147857666,0,0,0
monitored,22,0,0.5813502669334412,0.6907183527946472,4.944134712219238,0.7920000553131104,0.928523063659668,4.995708465576172,5,0.5757337808609009,1.8545081615447998,0,0,0
monitored,22,1,2.962982654571533,0.41389337182044983,4.72261381149292,3.3930752277374268,0.928523063659668,4.779123306274414,5,0.5757337808609009,1.8545081615447998,0,0,0
monitored,22,2,1.8984183073043823,2.7345244884490967,5.190988063812256,2.229726552963257,3.0935866832733154,5.236420631408691,5,0.5757337808609009,1.8545081615447998,0,0,0
monitored,22,3,-0.5847315192222595,2.5480666160583496,6.035770893096924,-0.0969703197479248,3.0935864448547363,6.15101432800293,5,0.5757337808609009,1.8545081615447998,0,0,0
monitored,22,4,-1.7442388534545898,0.4569771885871887,6.4552321434021,-1.2603185176849365,0.9285228252410889,6.608311653137207,5,0.5757337808609009,1.8545081615447998,0,0,0
monitored,22,5,-0.4290465712547302,-1.5838327407836914,6.055666923522949,-0.09696996212005615,-1.2365405559539795,6.15101432800293,5,0.5757337808609009,1.8545081615447998,0,0,0
monitored,22,6,1.8020983934402466,-1.768802285194397,5.138988018035889,2.2297263145446777,-1.2365405559539795,5.236420631408691,5,0.5757337808609009,1.8545081615447998,0,0,0
monitored,22,7,2.2345221042633057,1.8441160917282104,3.414846658706665,2.5326004028320312,2.178523063659668,3.5056378841400146,5,0.5757337808609009,1.8545081615447998,0,0,0
monitored,22,8,0.06403491646051407,2.9741015434265137,4.234309196472168,0.5176217555999756,3.428523063659668,4.297699451446533,5,0.5757337808609009,1.8545081615447998,0,0,0
monitored,22,9,-1.9465584754943848,1.7266308069229126,4.959199905395508,-1.497356653213501,2.178523063659668,5.089761257171631,5,0.5757337808609009,1.8545081615447998,0,0,0
monitored,22,10,-1.8129931688308716,-0.6738055944442749,4.986966609954834,-1.497356653213501,-0.32147741317749023,5.089761257171631,5,0.5757337808609009,1.8545081615447998,0,0,0
monitored,22,11,0.1100829690694809,-1.9724305868148804,4.254664897918701,0.5176218748092651,-1.571476936340332,4.297699451446533,5,0.5757337808609009,1.8545081615447998,0,0,0
monitored,23,0,0.6162758469581604,0.7297745943069458,4.95266580581665,0.828000009059906,0.9665393829345703,5.004382133483887,5,0.5756158828735352,1.8494893312454224,0,0,0
monitored,23,1,2.9986352920532227,0.4599617123603821,4.693934917449951,3.4252769947052,0.9665393829345703,4.746210098266602,5,0.5756158828735352,1.8494893312454224,0,0,0
monitored,23,2,1.9383578300476074,2.772692918777466,5.1674580574035645,2.2693936824798584,3.1316030025482178,5.2220611572265625,5,0.5756158828735352,1.8494893312454224,0,0,0
monitored,23,3,-0.5377358794212341,2.5902750492095947,6.048147678375244,-0.04237276315689087,3.1316027641296387,6.173763275146484,5,0.5756158828735352,1.8494893312454224,0,0,0
monitored,23,4,-1.6844885349273682,0.49502032995224,6.490468978881836,-1.1982557773590088,0.9665391445159912,6.649613857269287,5,0.5756158828735352,1.8494893312454224,0,0,0
monitored,23,5,-0.38297802209854126,-1.5530900955200195,6.078170299530029,-0.04237240552902222,-1.1985242366790771,6.173762798309326,5,0.5756158828735352,1.8494893312454224,0,0,0
monitored,23,6,1.8512071371078491,-1.7288645505905151,5.1313652992248535,2.2693934440612793,-1.1985242366790771,5.2220611572265625,5,0.5756158828735352,1.8494893312454224,0,0,0
monitored,23,7,2.250269889831543,1.8919084072113037,3.4021124839782715,2.5445377826690674,2.2165393829345703,3.486654281616211,5,0.5756158828735352,1.8494893312454224,0,0,0
monitored,23,8,0.06728072464466095,3.0198686122894287,4.228011608123779,0.5424893498420715,3.4665393829345703,4.31085205078125,5,0.5756158828735352,1.8494893312454224,0,0,0
monitored,23,9,-1.9085394144058228,1.7691534757614136,5.000339508056641,-1.4595587253570557,2.2165393829345703,5.135050296783447,5,0.5756158828735352,1.8494893312454224,0,0,0
monitored,23,10,-1.7743933200836182,-0.632296621799469,5.027019500732422,-1.4595587253570557,-0.2834610939025879,5.135050296783447,5,0.5756158828735352,1.8494893312454224,0,0,0
monitored,23,11,0.15107214450836182,-1.950748324394226,4.269844055175781,0.5424894690513611,-1.5334606170654297,4.31085205078125,5,0.5756158828735352,1.8494893312454224,0,0,0
monitored,24,0,0.6513535976409912,0.7686076164245605,4.961213111877441,0.8640000820159912,1.0040192604064941,5.013026714324951,5,0.5759943723678589,1.8376060724258423,0,0,0
monitored,24,1,3.032893657684326,0.505501925945282,4.664463520050049,3.4568543434143066,1.0040192604064941,4.713683128356934,5,0.5759943723678589,1.8376060724258423,0,0,0
monitored,24,2,1.978131890296936,2.8101727962493896,5.143772125244141,2.3086655139923096,3.1690828800201416,5.20781135559082,5,0.5759943723678589,1.8376060724258423,0,0,0
monitored,24,3,-0.49053674936294556,2.6318981647491455,6.061564922332764,0.012288391590118408,3.1690826416015625,6.196068286895752,5,0.5759943723678589,1.8376060724258423,0,0,0
monitored,24,4,-1.6319057941436768,0.5257306098937988,6.523502349853516,-1.1359000205993652,1.004019021987915,6.690196990966797,5,0.5759943723678589,1.8376060724258423,0,0,0
monitored,24,5,-0.32749131321907043,-1.5155537128448486,6.104423999786377,0.01228863000869751,-1.1610443592071533,6.196068286895752,5,0.5759943723678589,1.8376060724258423,0,0,0
monitored,24,6,1.8971976041793823,-1.6863371133804321,5.12321138381958,2.3086655139923096,-1.1610443592071533,5.20781135559082,5,0.5759943723678589,1.8376060724258423,0,0,0
monitored,24,7,2.264601707458496,1.9384853839874268,3.3891751766204834,2.556243896484375,2.254019260406494,3.4682581424713135,5,0.5759943723678589,1.8376060724258423,0,0,0
monitored,24,8,0.07522416114807129,3.064995527267456,4.222721576690674,0.5675230026245117,3.504019260406494,4.324113845825195,5,0.5759943723678589,1.8376060724258423,0,0,0
monitored,24,9,-1.8678467273712158,1.8102468252182007,5.040837287902832,-1.4211978912353516,2.254019260406494,5.17996883392334,5,0.5759943723678589,1.8376060724258423,0,0,0
monitored,24,10,-1.7361091375350952,-0.5915303826332092,5.068282127380371,-1.4211978912353516,-0.24598121643066406,5.17996883392334,5,0.5759943723678589,1.8376060724258423,0,0,0
monitored,24,11,0.18380650877952576,-1.933260202407837,4.281356334686279,0.5675231218338013,-1.4959807395935059,4.324113368988037,5,0.5759943723678589,1.8376060724258423,0,0,0
monitored,25,0,0.6865619421005249,0.8071704506874084,4.969769477844238,0.9000000357627869,1.0409438610076904,5.021640300750732,6,0.5758485794067383,1.841385006904602,0,0,0
monitored,25,1,3.0658934116363525,0.5504323244094849,4.635051727294922,3.4878268241882324,1.0409438610076904,4.681563377380371,6,0.5758485794067383,1.841385006904602,0,0,0
monitored,25,2,2.0177218914031982,2.8473799228668213,5.120673179626465,2.3475496768951416,3.206007480621338,5.193685054779053,6,0.5758485794067383,1.841385006904602,0,0,0
monitored,25,3,-0.4494330585002899,2.665607213973999,6.074642181396484,0.06699591875076294,3.206007242202759,6.217927932739258,6,0.5758485794067383,1.841385006904602,0,0,0
monitored,25,4,-1.5698003768920898,0.5642188787460327,6.560515880584717,-1.0732808113098145,1.0409436225891113,6.7300496101379395,6,0.5758485794067383,1.841385006904602,0,0,0
monitored,25,5,-0.2726610004901886,-1.4777060747146606,6.129251480102539,0.06699627637863159,-1.124119758605957,6.217927932739258,6,0.5758485794067383,1.841385006904602,0,0,0
monitored,25,6,1.9402730464935303,-1.641817569732666,5.114164352416992,2.3475496768951416,-1.124119758605957,5.193685054779053,6,0.5758485794067383,1.841385006904602,0,0,0
monitored,25,7,2.2769269943237305,1.9843589067459106,3.3744843006134033,2.567744493484497,2.2909438610076904,3.450453519821167,6,0.5758485794067383,1.841385006904602,0,0,0
monitored,25,8,0.08820175379514694,3.1095359325408936,4.21919584274292,0.59272700548172,3.5409438610076904,4.337474346160889,6,0.5758485794067383,1.841385006904602,0,0,0
monitored,25,9,-1.8253506422042847,1.850062608718872,5.080959796905518,-1.3822903633117676,2.2909440994262695,5.224494457244873,6,0.5758485794067383,1.841385006904602,0,0,0
monitored,25,10,-1.7046983242034912,-0.5586798191070557,5.107381343841553,-1.3822903633117676,-0.20905661582946777,5.224494457244873,6,0.5758485794067383,1.841385006904602,0,0,0
monitored,25,11,0.22438383102416992,-1.9068430662155151,4.292150020599365,0.5927271246910095,-1.4590561389923096,4.3374738693237305,6,0.5758485794067383,1.841385006904602,0,0,0
monitored,26,0,0.7218823432922363,0.8454201221466064,4.978329658508301,0.9359999895095825,1.077295184135437,5.030222415924072,5,0.5750829577445984,1.8355727195739746,0,0,0
monitored,26,1,3.0978286266326904,0.594834566116333,4.604736328125,3.518214702606201,1.077295184135437,4.649871826171875,5,0.5750829577445984,1.8355727195739746,0,0,0
monitored,26,2,2.0503532886505127,2.8776047229766846,5.098750114440918,2.386054515838623,3.242358684539795,5.179695129394531,5,0.5750829577445984,1.8355727195739746,0,0,0
monitored,26,3,-0.3992699980735779,2.7074739933013916,6.091201305389404,0.12173348665237427,3.242358684539795,6.239342212677002,5,0.5750829577445984,1.8355727195739746,0,0,0
monitored,26,4,-1.5077502727508545,0.6024566292762756,6.597825050354004,-1.0104268789291382,1.077294945716858,6.769165515899658,5,0.5750829577445984,1.8355727195739746,0,0,0
monitored,26,5,-0.21794471144676208,-1.4391591548919678,6.152807712554932,0.12173384428024292,-1.0877684354782104,6.239341735839844,5,0.5750829577445984,1.8355727195739746,0,0,0
monitored,26,6,1.9807357788085938,-1.5958830118179321,5.10407829284668,2.386054039001465,-1.0877684354782104,5.179695129394531,5,0.5750829577445984,1.8355727195739746,0,0,0
monitored,26,7,2.2876169681549072,2.0294203758239746,3.3581626415252686,2.5790653228759766,2.3272953033447266,3.4332451820373535,5,0.5750829577445984,1.8355727195739746,0,0,0
monitored,26,8,0.10680583119392395,3.1529972553253174,4.21814489364624,0.6181058883666992,3.5772953033447266,4.350926399230957,5,0.5750829577445984,1.8355727195739746,0,0,0
monitored,26,9,-1.7893774509429932,1.881908655166626,5.118327617645264,-1.3428534269332886,2.3272953033447266,5.268607139587402,5,0.5750829577445984,1.8355727195739746,0,0,0
monitored,26,10,-1.6668893098831177,-0.5196263194084167,5.153895854949951,-1.3428534269332886,-0.1727052927017212,5.268607139587402,5,0.5750829577445984,1.8355727195739746,0,0,0
monitored,26,11,0.26299551129341125,-1.8773407936096191,4.300715923309326,0.6181060075759888,-1.422704815864563,4.350926399230957,5,0.5750829577445984,1.8355727195739746,0,0,0
monitored,27,0,0.75729900598526,0.8833172917366028,4.986888408660889,0.9720000624656677,1.11305570602417,5.038771152496338,6,0.5737433433532715,1.8311256170272827,0,0,0
monitored,27,1,3.122594118118286,0.6309612989425659,4.574057102203369,3.548039674758911,1.11305570602417,4.618628025054932,6,0.5737433433532715,1.8311256170272827,0,0,0
monitored,27,2,2.0905520915985107,2.9160447120666504,5.076905727386475,2.4241878986358643,3.2781193256378174,5.165855407714844,6,0.5737433433532715,1.8311256170272827,0,0,0
monitored,27,3,-0.34861645102500916,2.7484822273254395,6.108992576599121,0.17648452520370483,3.2781190872192383,6.260309219360352,6,0.5737433433532715,1.8311256170272827,0,0,0
monitored,27,4,-1.4457687139511108,0.6405460834503174,6.635374069213867,-0.9473670125007629,1.1130554676055908,6.8075361251831055,6,0.5737433433532715,1.8311256170272827,0,0,0
monitored,27,5,-0.1633322387933731,-1.4000506401062012,6.175126552581787,0.1764848828315735,-1.0520079135894775,6.260309219360352,6,0.5737433433532715,1.8311256170272827,0,0,0
monitored,27,6,2.018596649169922,-1.5492618083953857,5.093487739562988,2.424187660217285,-1.0520079135894775,5.165855407714844,6,0.5737433433532715,1.8311256170272827,0,0,0
monitored,27,7,2.296607732772827,2.073500633239746,3.33990478515625,2.5902318954467773,2.36305570602417,3.416635036468506,6,0.5737433433532715,1.8311256170272827,0,0,0
monitored,27,8,0.12335443496704102,3.188119649887085,4.2188215255737305,0.643663763999939,3.61305570602417,4.364459991455078,6,0.5737433433532715,1.8311256170272827,0,0,0
monitored,27,9,-1.744382381439209,1.9208236932754517,5.159819602966309,-1.3029041290283203,2.36305570602417,5.312285423278809,6,0.5737433433532715,1.8311256170272827,0,0,0
monitored,27,10,-1.6289303302764893,-0.4810318350791931,5.199569225311279,-1.3029041290283203,-0.13694477081298828,5.312285423278809,6,0.5737433433532715,1.8311256170272827,0,0,0
monitored,27,11,0.2991277873516083,-1.844355583190918,4.307648658752441,0.6436638832092285,-1.38694429397583,4.364459991455078,6,0.5737433433532715,1.8311256170272827,0,0,0
monitored,28,0,0.7927982807159424,0.9208258986473083,4.995440483093262,1.0080000162124634,1.1482086181640625,5.047285079956055,5,0.5708576440811157,1.8271102905273438,0,0,0
monitored,28,1,3.153500556945801,0.675281286239624,4.541350841522217,3.5773229598999023,1.1482086181640625,4.587850570678711,5,0.5708576440811157,1.8271102905273438,0,0,0
monitored,28,2,2.130350112915039,2.9548521041870117,5.0569233894348145,2.4619593620300293,3.31327223777771,5.152176856994629,5,0.5708576440811157,1.8271102905273438,0,0,0
monitored,28,3,-0.2974841892719269,2.7886641025543213,6.127848148345947,0.2312321662902832,3.313271999359131,6.280829429626465,5,0.5708576440811157,1.8271102905273438,0,0,0
monitored,28,4,-1.384200930595398,0.6787519454956055,6.672449111938477,-0.8841314315795898,1.1482083797454834,6.845155715942383,5,0.5708576440811157,1.8271102905273438,0,0,0
monitored,28,5,-0.10876969993114471,-1.3605889081954956,6.196352958679199,0.2312324047088623,-1.016855001449585,6.280829429626465,5,0.5708576440811157,1.8271102905273438,0,0,0
monitored,28,6,2.054762601852417,-1.5021640062332153,5.081871032714844,2.46195912361145,-1.016855001449585,5.152176856994629,5,0.5708576440811157,1.8271102905273438,0,0,0
monitored,28,7,2.299544334411621,2.1091670989990234,3.320462942123413,2.6012704372406006,2.3982086181640625,3.400625228881836,5,0.5708576440811157,1.8271102905273438,0,0,0
monitored,28,8,0.15198057889938354,3.230768918991089,4.223704814910889,0.669404149055481,3.6482086181640625,4.3780670166015625,5,0.5708576440811157,1.8271102905273438,0,0,0
monitored,28,9,-1.6995222568511963,1.9589602947235107,5.201478004455566,-1.2624620199203491,2.3982086181640625,5.355508804321289,5,0.5708576440811157,1.8271102905273438,0,0,0
monitored,28,10,-1.590320110321045,-0.44251784682273865,5.244653224945068,-1.2624620199203491,-0.1017918586730957,5.355508804321289,5,0.5708576440811157,1.8271102905273438,0,0,0
monitored,28,11,0.33236685395240784,-1.807790756225586,4.3134846687316895,0.6694042682647705,-1.3517913818359375,4.3780670166015625,5,0.5708576440811157,1.8271102905273438,0,0,0
monitored,29,0,0.8283684253692627,0.9579126238822937,5.0039825439453125,1.0440000295639038,1.1827378273010254,5.055764198303223,5,0.5678532719612122,1.8240245580673218,0,0,0
monitored,29,1,3.183481454849243,0.7187525629997253,4.508317470550537,3.6060872077941895,1.1827378273010254,4.557559013366699,5,0.5678532719612122,1.8240245580673218,0,0,0
monitored,29,2,2.1697514057159424,2.9943625926971436,5.040406703948975,2.499378204345703,3.347801446914673,5.138674736022949,5,0.5678532719612122,1.8240245580673218,0,0,0
monitored,29,3,-0.24590571224689484,2.8280816078186035,6.147550106048584,0.28595995903015137,3.3478012084960938,6.300905227661133,5,0.5678532719612122,1.8240245580673218,0,0,0
monitored,29,4,-1.3224972486495972,0.7170115113258362,6.709567546844482,-0.820749044418335,1.1827375888824463,6.882019996643066,5,0.5678532719612122,1.8240245580673218,0,0,0
monitored,29,5,-0.054196830838918686,-1.321018934249878,6.216684341430664,0.28596019744873047,-0.9823257923126221,6.300904750823975,5,0.5678532719612122,1.8240245580673218,0,0,0
monitored,29,6,2.0836052894592285,-1.4632362127304077,5.068884372711182,2.499378204345703,-0.9823257923126221,5.138674736022949,5,0.5678532719612122,1.8240245580673218,0,0,0
monitored,29,7,2.3049046993255615,2.1520111560821533,3.2974929809570312,2.6122074127197266,2.4327378273010254,3.3852176666259766,5,0.5678532719612122,1.8240245580673218,0,0,0
monitored,29,8,0.18466278910636902,3.2712385654449463,4.232070446014404,0.695330798625946,3.6827378273010254,4.3917388916015625,5,0.5678532719612122,1.8240245580673218,0,0,0
monitored,29,9,-1.6550463438034058,1.9965866804122925,5.2434163093566895,-1.2215455770492554,2.4327378273010254,5.39825963973999,5,0.5678532719612122,1.8240245580673218,0,0,0
monitored,29,10,-1.5509698390960693,-0.4041201174259186,5.289029121398926,-1.2215455770492554,-0.06726264953613281,5.39825963973999,5,0.5678532719612122,1.8240245580673218,0,0,0
monitored,29,11,0.3621818721294403,-1.7682421207427979,4.318533897399902,0.6953309178352356,-1.3172621726989746,4.3917388916015625,5,0.5678532719612122,1.8240245580673218,0,0,0
monitored,30,0,0.8639994859695435,0.9945465922355652,5.012510299682617,1.0800000429153442,1.2166271209716797,5.064205646514893,5,0.5645627975463867,1.8217535018920898,0,0,0
monitored,30,1,3.212639093399048,0.761367917060852,4.475039958953857,3.6343564987182617,1.2166271209716797,4.527769565582275,5,0.5645627975463867,1.8217535018920898,0,0,0
monitored,30,2,2.2089059352874756,3.034569025039673,5.026314735412598,2.536454677581787,3.381690740585327,5.1253581047058105,5,0.5645627975463867,1.8217535018920898,0,0,0
monitored,30,3,-0.19392693042755127,2.866786003112793,6.167871475219727,0.3406514525413513,3.381690502166748,6.320535182952881,5,0.5645627975463867,1.8217535018920898,0,0,0
monitored,30,4,-1.2606397867202759,0.7553084492683411,6.7465596199035645,-0.7572499513626099,1.2166268825531006,6.918123722076416,5,0.5645627975463867,1.8217535018920898,0,0,0
monitored,30,5,-0.007098015397787094,-1.288748860359192,6.234486103057861,0.34065181016921997,-0.9484364986419678,6.320535182952881,5,0.5645627975463867,1.8217535018920898,0,0,0
monitored,30,6,2.1187264919281006,-1.4150426387786865,5.0550713539123535,2.536454677581787,-0.9484364986419678,5.1253581047058105,5,0.5645627975463867,1.8217535018920898,0,0,0
monitored,30,7,2.3088881969451904,2.1931378841400146,3.2732231616973877,2.623068332672119,2.4666271209716797,3.370410919189453,5,0.5645627975463867,1.8217535018920898,0,0,0
monitored,30,8,0.22034136950969696,3.3092474937438965,4.243779182434082,0.7214468717575073,3.7166271209716797,4.4054646492004395,5,0.5645627975463867,1.8217535018920898,0,0,0
monitored,30,9,-1.6110432147979736,2.0340332984924316,5.2847466468811035,-1.1801742315292358,2.4666271209716797,5.440518379211426,5,0.5645627975463867,1.8217535018920898,0,0,0
monitored,30,10,-1.510828971862793,-0.3658889830112457,5.3326616287231445,-1.1801742315292358,-0.033373355865478516,5.440518379211426,5,0.5645627975463867,1.8217535018920898,0,0,0
monitored,30,11,0.38887250423431396,-1.7258504629135132,4.323507785797119,0.7214469909667969,-1.2833728790283203,4.4054646492004395,5,0.5645627975463867,1.8217535018920898,0,0,0
monitored,31,0,0.8996827602386475,1.0306992530822754,5.021020412445068,1.1160000562667847,1.2498619556427002,5.072609901428223,5,0.5617383122444153,1.8124215602874756,0,0,0
monitored,31,1,3.2411186695098877,0.8032015562057495,4.4417009353637695,3.662153720855713,1.2498619556427002,4.498499393463135,5,0.5617383122444153,1.8124215602874756,0,0,0
monitored,31,2,2.2477495670318604,3.0753490924835205,5.014686584472656,2.5731992721557617,3.4149255752563477,5.112240791320801,5,0.5617383122444153,1.8124215602874756,0,0,0
monitored,31,3,-0.14201582968235016,2.9047768115997314,6.188329696655273,0.3952906131744385,3.4149253368377686,6.339724063873291,5,0.5617383122444153,1.8124215602874756,0,0,0
monitored,31,4,-1.206403136253357,0.7864764332771301,6.780419826507568,-0.6936637163162231,1.249861717224121,6.953465461730957,5,0.5617383122444153,1.8124215602874756,0,0,0
monitored,31,5,0.04955977946519852,-1.2495086193084717,6.254942893981934,0.3952908515930176,-0.9152016639709473,6.339723587036133,5,0.5617383122444153,1.8124215602874756,0,0,0
monitored,31,6,2.153085947036743,-1.367705225944519,5.040648937225342,2.5731990337371826,-0.9152016639709473,5.112241268157959,5,0.5617383122444153,1.8124215602874756,0,0,0
monitored,31,7,2.3139336109161377,2.233043670654297,3.249819040298462,2.6338791847229004,2.4998619556427,3.356205940246582,5,0.5617383122444153,1.8124215602874756,0,0,0
monitored,31,8,0.25790995359420776,3.3447656631469727,4.258470058441162,0.7477550506591797,3.7498619556427,4.41923713684082,5,0.5617383122444153,1.8124215602874756,0,0,0
monitored,31,9,-1.5674068927764893,2.0714385509490967,5.326340675354004,-1.1383687257766724,2.4998621940612793,5.482268810272217,5,0.5617383122444153,1.8124215602874756,0,0,0
monitored,31,10,-1.4698972702026367,-0.3278947174549103,5.375564098358154,-1.1383687257766724,-0.0001385211944580078,5.482268810272217,5,0.5617383122444153,1.8124215602874756,0,0,0
monitored,31,11,0.40750324726104736,-1.6896816492080688,4.3279571533203125,0.7477551698684692,-1.2501380443572998,4.41923713684082,5,0.5617383122444153,1.8124215602874756,0,0,0
monitored,32,0,0.9354108572006226,1.0663440227508545,5.029510021209717,1.152000069618225,1.2824277877807617,5.080974102020264,6,0.5584911108016968,1.8203966617584229,0,0,0
monitored,32,1,3.269251585006714,0.8443819880485535,4.409424781799316,3.6895031929016113,1.2824277877807617,4.469763278961182,6,0.5584911108016968,1.8203966617584229,0,0,0
monitored,32,2,2.2861709594726562,3.116364002227783,5.004886627197266,2.6096224784851074,3.447491407394409,5.099332809448242,6,0.5584911108016968,1.8203966617584229,0,0,0
monitored,32,3,-0.0970325767993927,2.935396432876587,6.206689834594727,0.4498611092567444,3.44749116897583,6.358471870422363,6,0.5584911108016968,1.8203966617584229,0,0,0
monitored,32,4,-1.1426650285720825,0.825485348701477,6.8177385330200195,-0.6300193071365356,1.2824275493621826,6.988041877746582,6,0.5584911108016968,1.8203966617584229,0,0,0
monitored,32,5,0.10546951740980148,-1.210614562034607,6.274353504180908,0.44986146688461304,-0.8826358318328857,6.358471870422363,6,0.5584911108016968,1.8203966617584229,0,0,0
monitored,32,6,2.1870880126953125,-1.3214517831802368,5.025717258453369,2.609622001647949,-0.8826358318328857,5.099332809448242,6,0.5584911108016968,1.8203966617584229,0,0,0
monitored,32,7,2.319694995880127,2.272167921066284,3.226943016052246,2.6446661949157715,2.5324277877807617,3.342599391937256,6,0.5584911108016968,1.8203966617584229,0,0,0
monitored,32,8,0.2962947487831116,3.3780767917633057,4.275640964508057,0.7742582559585571,3.7824277877807617,4.433045864105225,6,0.5584911108016968,1.8203966617584229,0,0,0
monitored,32,9,-1.524111270904541,2.108863592147827,5.368068695068359,-1.0961495637893677,2.5324277877807617,5.523492336273193,6,0.5584911108016968,1.8203966617584229,0,0,0
monitored,32,10,-1.4353924989700317,-0.29705482721328735,5.414863586425781,-1.0961495637893677,0.032427310943603516,5.523492336273193,6,0.5584911108016968,1.8203966617584229,0,0,0
monitored,32,11,0.4294784665107727,-1.642334222793579,4.33437442779541,0.7742583751678467,-1.2175722122192383,4.433045864105225,6,0.5584911108016968,1.8203966617584229,0,0,0
monitored,33,0,0.9711774587631226,1.1014561653137207,5.037976264953613,1.1880000829696655,1.3143110275268555,5.089298248291016,5,0.5549113750457764,1.8188130855560303,0,0,0
monitored,33,1,3.2970495223999023,0.8850643634796143,4.3773932456970215,3.7164297103881836,1.3143110275268555,4.4415764808654785,5,0.5549113750457764,1.8188130855560303,0,0,0
monitored,33,2,2.317401647567749,3.150038480758667,4.994851589202881,2.645735502243042,3.479374647140503,5.086645603179932,5,0.5549113750457764,1.8188130855560303,0,0,0
monitored,33,3,-0.04280336946249008,2.973728895187378,6.22794771194458,0.5043473243713379,3.479374408721924,6.376783847808838,5,0.5549113750457764,1.8188130855560303,0,0,0
monitored,33,4,-1.078967571258545,0.8641512393951416,6.854419231414795,-0.5663466453552246,1.3143107891082764,7.021852970123291,5,0.5549113750457764,1.8188130855560303,0,0,0
monitored,33,5,0.16124020516872406,-1.1719110012054443,6.293116569519043,0.5043476819992065,-0.850752592086792,6.376783847808838,5,0.5549113750457764,1.8188130855560303,0,0,0
monitored,33,6,2.221062421798706,-1.276389718055725,5.010449409484863,2.645735263824463,-0.850752592086792,5.086645603179932,5,0.5549113750457764,1.8188130855560303,0,0,0
monitored,33,7,2.3272018432617188,2.3109772205352783,3.205587387084961,2.6554551124572754,2.5643110275268555,3.329589366912842,5,0.5549113750457764,1.8188130855560303,0,0,0
monitored,33,8,0.33448100090026855,3.4092588424682617,4.294492721557617,0.800958514213562,3.8143110275268555,4.4468817710876465,5,0.5549113750457764,1.8188130855560303,0,0,0
monitored,33,9,-1.4880486726760864,2.1393353939056396,5.406660079956055,-1.0535379648208618,2.5643110275268555,5.564174175262451,5,0.5549113750457764,1.8188130855560303,0,0,0
monitored,33,10,-1.3930109739303589,-0.260003000497818,5.4595232009887695,-1.0535379648208618,0.06431055068969727,5.564174175262451,5,0.5549113750457764,1.8188130855560303,0,0,0
monitored,33,11,0.4489228129386902,-1.594538927078247,4.341920375823975,0.8009586334228516,-1.1856889724731445,4.4468817710876465,5,0.5549113750457764,1.8188130855560303,0,0,0
monitored,34,0,1.0069770812988281,1.1360125541687012,5.046416282653809,1.2239999771118164,1.3454983234405518,5.097580909729004,6,0.550878643989563,1.8183661699295044,0,0,0
monitored,34,1,3.318298816680908,0.9181386828422546,4.34621524810791,3.7429585456848145,1.3454983234405518,4.413952827453613,6,0.550878643989563,1.8183661699295044,0,0,0
monitored,34,2,2.356060743331909,3.1919198036193848,4.985842227935791,2.6815502643585205,3.510561943054199,5.07418966293335,6,0.550878643989563,1.8183661699295044,0,0,0
monitored,34,3,0.011486303061246872,3.0115342140197754,6.2489495277404785,0.558733344078064,3.51056170463562,6.394662380218506,6,0.550878643989563,1.8183661699295044,0,0,0
monitored,34,4,-1.0152382850646973,0.9024473428726196,6.890414237976074,-0.50267493724823,1.3454980850219727,7.054899215698242,6,0.550878643989563,1.8183661699295044,0,0,0
monitored,34,5,0.21691179275512695,-1.1336140632629395,6.311398506164551,0.5587335824966431,-0.8195652961730957,6.394662380218506,6,0.550878643989563,1.8183661699295044,0,0,0
monitored,34,6,2.2550907135009766,-1.232814073562622,4.995659828186035,2.6815500259399414,-0.8195652961730957,5.07418966293335,6,0.550878643989563,1.8183661699295044,0,0,0
monitored,34,7,2.3366029262542725,2.349639654159546,3.1861705780029297,2.666271209716797,2.5954983234405518,3.3171727657318115,6,0.550878643989563,1.8183661699295044,0,0,0
monitored,34,8,0.36495473980903625,3.4335479736328125,4.311927318572998,0.8278579711914062,3.8454983234405518,4.46073579788208,6,0.550878643989563,1.8183661699295044,0,0,0
monitored,34,9,-1.4441770315170288,2.1775503158569336,5.449594974517822,-1.0105552673339844,2.595498561859131,5.604299068450928,6,0.550878643989563,1.8183661699295044,0,0,0
monitored,34,10,-1.3497774600982666,-0.22301572561264038,5.501935958862305,-1.0105552673339844,0.09549784660339355,5.604299068450928,6,0.550878643989563,1.8183661699295044,0,0,0
monitored,34,11,0.46660706400871277,-1.5469636917114258,4.35089635848999,0.8278580904006958,-1.1545016765594482,4.46073579788208,6,0.550878643989563,1.8183661699295044,0,0,0
monitored,35,0,1.0428050756454468,1.1699916124343872,5.05482816696167,1.2599999904632568,1.3759777545928955,5.105820655822754,5,0.5456405282020569,1.8179858922958374,0,0,0
monitored,35,1,3.3462462425231934,0.9589079022407532,4.31415319442749,3.769115686416626,1.3759777545928955,4.386905670166016,5,0.5456405282020569,1.8179858922958374,0,0,0
monitored,35,2,2.394130229949951,3.233090877532959,4.97684907913208,2.71707820892334,3.541041374206543,5.06197452545166,5,0.5456405282020569,1.8179858922958374,0,0,0
monitored,35,3,0.06583145260810852,3.048902750015259,6.269565582275391,0.6130039691925049,3.541041135787964,6.412111759185791,5,0.5456405282020569,1.8179858922958374,0,0,0
monitored,35,4,-0.9518439769744873,0.9405209422111511,6.9251556396484375,-0.43903326988220215,1.3759775161743164,7.087180137634277,5,0.5456405282020569,1.8179858922958374,0,0,0
monitored,35,5,0.27254170179367065,-1.0958818197250366,6.3293328285217285,0.613004207611084,-0.789085865020752,6.412111282348633,5,0.5456405282020569,1.8179858922958374,0,0,0
monitored,35,6,2.289602518081665,-1.1903598308563232,4.98087215423584,2.71707820892334,-0.789085865020752,5.06197452545166,5,0.5456405282020569,1.8179858922958374,0,0,0
monitored,35,7,2.3418660163879395,2.3813531398773193,3.1683969497680664,2.677140474319458,2.6259777545928955,3.305345058441162,5,0.5456405282020569,1.8179858922958374,0,0,0
monitored,35,8,0.4032275378704071,3.464012384414673,4.333832263946533,0.8549586534500122,3.8759777545928955,4.474598407745361,5,0.5456405282020569,1.8179858922958374,0,0,0
monitored,35,9,-1.4005951881408691,2.2154624462127686,5.492165565490723,-0.9672229290008545,2.6259779930114746,5.6438517570495605,5,0.5456405282020569,1.8179858922958374,0,0,0
monitored,35,10,-1.3055524826049805,-0.18598997592926025,5.542789459228516,-0.9672229290008545,0.1259772777557373,5.6438517570495605,5,0.5456405282020569,1.8179858922958374,0,0,0
monitored,35,11,0.48333820700645447,-1.5000908374786377,4.361476421356201,0.8549587726593018,-1.1240222454071045,4.474598407745361,5,0.5456405282020569,1.8179858922958374,0,0,0
monitored,36,0,1.0786575078964233,1.2033733129501343,5.063209056854248,1.2960001230239868,1.4057377576828003,5.114016056060791,5,0.5404329299926758,1.81806480884552,0,0,0
monitored,36,1,3.373929738998413,0.9990942478179932,4.2829484939575195,3.794926166534424,1.4057377576828003,4.360445499420166,5,0.5404329299926758,1.81806480884552,0,0,0
monitored,36,2,2.4315919876098633,3.2732574939727783,4.968760967254639,2.7523322105407715,3.570801258087158,5.050009250640869,5,0.5404329299926758,1.81806480884552,0,0,0
monitored,36,3,0.12022212147712708,3.0859036445617676,6.2896952629089355,0.6671441197395325,3.570801258087158,6.429136276245117,5,0.5404329299926758,1.81806480884552,0,0,0
monitored,36,4,-0.8882147669792175,0.9782742857933044,6.959211826324463,-0.3754497766494751,1.4057375192642212,7.118699073791504,5,0.5404329299926758,1.81806480884552,0,0,0
monitored,36,5,0.3281678855419159,-1.0588290691375732,6.347006320953369,0.6671443581581116,-0.7593258619308472,6.429135799407959,5,0.5404329299926758,1.81806480884552,0,0,0
monitored,36,6,2.3178789615631104,-1.1560909748077393,4.965899467468262,2.7523322105407715,-0.7593258619308472,5.050009250640869,5,0.5404329299926758,1.81806480884552,0,0,0
monitored,36,7,2.3540198802948,2.4209060668945312,3.1522903442382812,2.6880879402160645,2.65573787689209,3.294100761413574,5,0.5404329299926758,1.81806480884552,0,0,0
monitored,36,8,0.440243124961853,3.4940240383148193,4.356301307678223,0.8822619915008545,3.90573787689209,4.488459587097168,5,0.5404329299926758,1.81806480884552,0,0,0
monitored,36,9,-1.3571271896362305,2.2530319690704346,5.534302711486816,-0.9235635995864868,2.65573787689209,5.682818412780762,5,0.5404329299926758,1.81806480884552,0,0,0
monitored,36,10,-1.2605907917022705,-0.14917300641536713,5.582418918609619,-0.9235635995864868,0.1557372808456421,5.682818412780762,5,0.5404329299926758,1.81806480884552,0,0,0
monitored,36,11,0.500084638595581,-1.4547868967056274,4.373528003692627,0.882262110710144,-1.0942622423171997,4.488459587097168,5,0.5404329299926758,1.81806480884552,0,0,0
monitored,37,0,1.1145308017730713,1.2361385822296143,5.071557521820068,1.3320000171661377,1.4347668886184692,5.122166633605957,5,0.5349591970443726,1.8184231519699097,0,0,0
monitored,37,1,3.4013421535491943,1.0386890172958374,4.252556324005127,3.820416212081909,1.4347668886184692,4.334585189819336,5,0.5349591970443726,1.8184231519699097,0,0,0
monitored,37,2,2.4688591957092285,3.3126461505889893,4.960437297821045,2.7873237133026123,3.5998306274414062,5.038303852081299,5,0.5349591970443726,1.8184231519699097,0,0,0
monitored,37,3,0.17463690042495728,3.122554302215576,6.309274196624756,0.7211383581161499,3.599830150604248,6.445740699768066,5,0.5349591970443726,1.8184231519699097,0,0,0
monitored,37,4,-0.824377179145813,1.0156583786010742,6.9925408363342285,-0.311954140663147,1.4347666501998901,7.149458885192871,5,0.5349591970443726,1.8184231519699097,0,0,0
monitored,37,5,0.3760969936847687,-1.0288625955581665,6.362521171569824,0.721138596534729,-0.7302967309951782,6.445740699768066,5,0.5349591970443726,1.8184231519699097,0,0,0
monitored,37,6,2.354536771774292,-1.1146632432937622,4.950984477996826,2.787323474884033,-0.7302967309951782,5.038303852081299,5,0.5349591970443726,1.8184231519699097,0,0,0
monitored,37,7,2.367720365524292,2.460381269454956,3.1390185356140137,2.6991376876831055,2.6847667694091797,3.283435106277466,5,0.5349591970443726,1.8184231519699097,0,0,0
monitored,37,8,0.47589799761772156,3.5240914821624756,4.378957748413086,0.90976881980896,3.9347667694091797,4.5023112297058105,5,0.5349591970443726,1.8184231519699097,0,0,0
monitored,37,9,-1.313658595085144,2.2903671264648438,5.575112819671631,-0.8795998096466064,2.684767007827759,5.721187114715576,5,0.5349591970443726,1.8184231519699097,0,0,0
monitored,37,10,-1.2150980234146118,-0.11277124285697937,5.621174335479736,-0.8795998096466064,0.18476641178131104,5.721187114715576,5,0.5349591970443726,1.8184231519699097,0,0,0
monitored,37,11,0.5174344182014465,-1.4106348752975464,4.38723611831665,0.9097689390182495,-1.0652331113815308,4.5023112297058105,5,0.5349591970443726,1.8184231519699097,0,0,0
monitored,38,0,1.1504220962524414,1.2682700157165527,5.07987117767334,1.3680000305175781,1.4630553722381592,5.130270481109619,5,0.5297799110412598,1.8110778331756592,0,0,0
monitored,38,1,3.4285383224487305,1.0777404308319092,4.223015785217285,3.8456125259399414,1.4630553722381592,4.309334754943848,5,0.5297799110412598,1.8110778331756592,0,0,0
monitored,38,2,2.5060231685638428,3.351160764694214,4.951870441436768,2.822065830230713,3.6281189918518066,5.026866436004639,5,0.5297799110412598,1.8110778331756592,0,0,0
monitored,38,3,0.22862784564495087,3.158799409866333,6.328040599822998,0.7749723792076111,3.6281187534332275,6.461930274963379,5,0.5297799110412598,1.8110778331756592,0,0,0
monitored,38,4,-0.7684317827224731,1.0460184812545776,7.022542476654053,-0.24857425689697266,1.46305513381958,7.179462432861328,5,0.5297799110412598,1.8110778331756592,0,0,0
monitored,38,5,0.43360435962677,-0.9930931329727173,6.3806962966918945,0.7749726176261902,-0.7020082473754883,6.461930274963379,5,0.5297799110412598,1.8110778331756592,0,0,0
monitored,38,6,2.391610860824585,-1.074643611907959,4.936604022979736,2.822065830230713,-0.7020082473754883,5.026866912841797,5,0.5297799110412598,1.8110778331756592,0,0,0
monitored,38,7,2.384852409362793,2.499497413635254,3.1306886672973633,2.710315704345703,2.713055372238159,3.2733407020568848,5,0.5297799110412598,1.8110778331756592,0,0,0
monitored,38,8,0.5101830959320068,3.554610013961792,4.4014763832092285,0.9374808073043823,3.963055372238159,4.51614236831665,5,0.5297799110412598,1.8110778331756592,0,0,0
monitored,38,9,-1.2698897123336792,2.3273885250091553,5.615390777587891,-0.8353540897369385,2.7130556106567383,5.758944034576416,5,0.5297799110412598,1.8110778331756592,0,0,0
monitored,38,10,-1.1692379713058472,-0.07695239782333374,5.6593499183654785,-0.8353540897369385,0.21305489540100098,5.758944034576416,5,0.5297799110412598,1.8110778331756592,0,0,0
monitored,38,11,0.5304434299468994,-1.37494695186615,4.400107383728027,0.9374809265136719,-1.0369446277618408,4.51614236831665,5,0.5297799110412598,1.8110778331756592,0,0,0
monitored,39,0,1.1863287687301636,1.2997510433197021,5.088148593902588,1.4040000438690186,1.490593671798706,5.138326644897461,6,0.5240471363067627,1.8206429481506348,0,0,0
monitored,39,1,3.455852746963501,1.1163156032562256,4.195328712463379,3.8705413341522217,1.490593671798706,4.284702301025391,6,0.5240471363067627,1.8206429481506348,0,0,0
monitored,39,2,2.5430965423583984,3.388674259185791,4.942669868469238,2.856571674346924,3.6556572914123535,5.015705585479736,6,0.5240471363067627,1.8206429481506348,0,0,0
monitored,39,3,0.2751467525959015,3.188227415084839,6.344225883483887,0.828632116317749,3.6556570529937744,6.4777116775512695,6,0.5240471363067627,1.8206429481506348,0,0,0
monitored,39,4,-0.7027431130409241,1.0832836627960205,7.055276393890381,-0.18533742427825928,1.490593433380127,7.208714485168457,6,0.5240471363067627,1.8206429481506348,0,0,0
monitored,39,5,0.49025022983551025,-0.9580703973770142,6.398158073425293,0.8286323547363281,-0.6744699478149414,6.4777116775512695,6,0.5240471363067627,1.8206429481506348,0,0,0
monitored,39,6,2.4290406703948975,-1.0359675884246826,4.922760486602783,2.8565714359283447,-0.6744699478149414,5.015705585479736,6,0.5240471363067627,1.8206429481506348,0,0,0
monitored,39,7,2.4041924476623535,2.538130521774292,3.126488208770752,2.7216451168060303,2.740593671798706,3.263810396194458,6,0.5240471363067627,1.8206429481506348,0,0,0
monitored,39,8,0.5431156158447266,3.5858640670776367,4.423579692840576,0.9653980731964111,3.990593671798706,4.529944896697998,6,0.5240471363067627,1.8206429481506348,0,0,0
monitored,39,9,-1.2257364988327026,2.364021062850952,5.6550469398498535,-0.7908487319946289,2.740593910217285,5.796079158782959,6,0.5240471363067627,1.8206429481506348,0,0,0
monitored,39,10,-1.1304925680160522,-0.04796574264764786,5.694377422332764,-0.7908487319946289,0.24059319496154785,5.796079158782959,6,0.5240471363067627,1.8206429481506348,0,0,0
monitored,39,11,0.551088273525238,-1.332237720489502,4.417252063751221,0.9653981924057007,-1.009406328201294,4.529944896697998,6,0.5240471363067627,1.8206429481506348,0,0,0
monitored,40,0,1.2222486734390259,1.3305662870407104,5.09638786315918,1.440000057220459,1.5173730850219727,5.146334648132324,5,0.517720103263855,1.8203142881393433,0,0,0
monitored,40,1,3.4831252098083496,1.1545047760009766,4.16853666305542,3.895228862762451,1.5173730850219727,4.260698318481445,5,0.517720103263855,1.8203142881393433,0,0,0
monitored,40,2,2.5731887817382812,3.41894793510437,4.932209491729736,2.8908536434173584,3.68243670463562,5.004829406738281,5,0.517720103263855,1.8203142881393433,0,0,0
monitored,40,3,0.33087533712387085,3.225048303604126,6.3623948097229,0.8821031451225281,3.682436466217041,6.493090629577637,5,0.517720103263855,1.8203142881393433,0,0,0
monitored,40,4,-0.6372200846672058,1.1198182106018066,7.087135314941406,-0.12227201461791992,1.5173728466033936,7.2372212409973145,5,0.517720103263855,1.8203142881393433,0,0,0
monitored,40,5,0.5466117858886719,-0.923500657081604,6.415099143981934,0.8821035027503967,-0.6476905345916748,6.493090629577637,5,0.517720103263855,1.8203142881393433,0,0,0
monitored,40,6,2.4667749404907227,-0.9985267519950867,4.909511566162109,2.8908534049987793,-0.6476905345916748,5.004829406738281,5,0.517720103263855,1.8203142881393433,0,0,0
monitored,40,7,2.4257383346557617,2.575645685195923,3.1268415451049805,2.7331504821777344,2.7673730850219727,3.2548375129699707,5,0.517720103263855,1.8203142881393433,0,0,0
monitored,40,8,0.5746151804924011,3.617790937423706,4.444639682769775,0.9935215711593628,4.017373085021973,4.543709754943848,5,0.517720103263855,1.8203142881393433,0,0,0
monitored,40,9,-1.1883752346038818,2.393771171569824,5.691157341003418,-0.7461071014404297,2.7673730850219727,5.832581520080566,5,0.517720103263855,1.8203142881393433,0,0,0
monitored,40,10,-1.0837862491607666,-0.013687826693058014,5.734623908996582,-0.7461071014404297,0.26737260818481445,5.832581520080566,5,0.517720103263855,1.8203142881393433,0,0,0
monitored,40,11,0.5737606883049011,-1.2916208505630493,4.4355926513671875,0.9935216903686523,-0.9826269149780273,4.543709754943848,5,0.517720103263855,1.8203142881393433,0,0,0
monitored,41,0,1.2581799030303955,1.3607014417648315,5.104587078094482,1.4760000705718994,1.5433852672576904,5.154292583465576,6,0.510911762714386,1.8206913471221924,0,0,0
monitored,41,1,3.5038766860961914,1.185666799545288,4.142626762390137,3.9197018146514893,1.5433852672576904,4.237329006195068,6,0.510911762714386,1.8206913471221924,0,0,0
monitored,41,2,2.611095905303955,3.4555046558380127,4.920443534851074,2.9249253273010254,3.708448886871338,4.994243621826172,6,0.510911762714386,1.8206913471221924,0,0,0
monitored,41,3,0.3863791823387146,3.261392116546631,6.3798828125,0.9353722929954529,3.708448648452759,6.508073329925537,6,0.510911762714386,1.8206913471221924,0,0,0
monitored,41,4,-0.5718446373939514,1.1556236743927002,7.118163108825684,-0.05940413475036621,1.5433850288391113,7.264987945556641,6,0.510911762714386,1.8206913471221924,0,0,0
monitored,41,5,0.6026973128318787,-0.8894668221473694,6.431539058685303,0.9353725910186768,-0.621678352355957,6.508072853088379,6,0.510911762714386,1.8206913471221924,0,0,0
monitored,41,6,2.504579544067383,-0.9624168872833252,4.897556304931641,2.9249253273010254,-0.621678352355957,4.99424409866333,6,0.510911762714386,1.8206913471221924,0,0,0
monitored,41,7,2.448503017425537,2.611623525619507,3.1310064792633057,2.74485445022583,2.7933852672576904,3.2464120388031006,6,0.510911762714386,1.8206913471221924,0,0,0
monitored,41,8,0.5987284779548645,3.6442720890045166,4.462551116943359,1.0218511819839478,4.0433855056762695,4.557426929473877,6,0.510911762714386,1.8206913471221924,0,0,0
monitored,41,9,-1.1423181295394897,2.4301671981811523,5.730712413787842,-0.7011520862579346,2.7933855056762695,5.868441581726074,6,0.510911762714386,1.8206913471221924,0,0,0
monitored,41,10,-1.0369709730148315,0.019992168992757797,5.7732038497924805,-0.7011520862579346,0.2933847904205322,5.868441581726074,6,0.510911762714386,1.8206913471221924,0,0,0
monitored,41,11,0.5986279845237732,-1.2531718015670776,4.454841613769531,1.0218513011932373,-0.9566147327423096,4.557426452636719,6,0.510911762714386,1.8206913471221924,0,0,0
monitored,42,0,1.2941207885742188,1.3901431560516357,5.1127448081970215,1.5120000839233398,1.5686233043670654,5.162199020385742,5,0.5030831694602966,1.8208272457122803,0,0,0
monitored,42,1,3.5316367149353027,1.223950982093811,4.116694927215576,3.9439868927001953,1.5686233043670654,4.214601993560791,5,0.5030831694602966,1.8208272457122803,0,0,0
monitored,42,2,2.6486635208129883,3.490678548812866,4.907691955566406,2.9587998390197754,3.733686923980713,4.983956336975098,5,0.5030831694602966,1.8208272457122803,0,0,0
monitored,42,3,0.4416707158088684,3.297255039215088,6.396724700927734,0.9884257912635803,3.733686685562134,6.522665977478027,5,0.5030831694602966,1.8208272457122803,0,0,0
monitored,42,4,-0.5070489645004272,1.1908447742462158,7.147935390472412,0.0032389163970947266,1.5686230659484863,7.292020797729492,5,0.5030831694602966,1.8208272457122803,0,0,0
monitored,42,5,0.6585443615913391,-0.8560409545898438,6.447510242462158,0.9884260892868042,-0.596440315246582,6.522665977478027,5,0.5030831694602966,1.8208272457122803,0,0,0
monitored,42,6,2.5426366329193115,-0.9272123575210571,4.886265754699707,2.9587998390197754,-0.596440315246582,4.983956813812256,5,0.5030831694602966,1.8208272457122803,0,0,0
monitored,42,7,2.464749813079834,2.64031982421875,3.134692430496216,2.7567811012268066,2.8186233043670654,3.238525390625,5,0.5030831694602966,1.8208272457122803,0,0,0
monitored,42,8,0.6294293999671936,3.6792874336242676,4.482746124267578,1.0503871440887451,4.0686235427856445,4.571086883544922,5,0.5030831694602966,1.8208272457122803,0,0,0
monitored,42,9,-1.0960111618041992,2.4657204151153564,5.769436836242676,-0.6560065746307373,2.8186235427856445,5.903648376464844,5,0.5030831694602966,1.8208272457122803,0,0,0
monitored,42,10,-0.9897276759147644,0.05326540023088455,5.810644626617432,-0.6560065746307373,0.3186228275299072,5.903648376464844,5,0.5030831694602966,1.8208272457122803,0,0,0
monitored,42,11,0.6257835030555725,-1.2169300317764282,4.474677085876465,1.0503872632980347,-0.9313766956329346,4.571086883544922,5,0.5030831694602966,1.8208272457122803,0,0,0
monitored,43,0,1.3300701379776,1.4188790321350098,5.120859622955322,1.5479999780654907,1.5930805206298828,5.170053958892822,5,0.4952084720134735,1.8212167024612427,0,0,0
monitored,43,1,3.5592563152313232,1.261584997177124,4.091859340667725,3.9681100845336914,1.5930805206298828,4.19252347946167,5,0.4952084720134735,1.8212167024612427,0,0,0
monitored,43,2,2.685926914215088,3.524362087249756,4.8953728675842285,2.992490291595459,3.7581441402435303,4.973974704742432,5,0.4952084720134735,1.8212167024612427,0,0,0
monitored,43,3,0.49675706028938293,3.332624673843384,6.412960529327393,1.0412509441375732,3.758143901824951,6.536877155303955,5,0.4952084720134735,1.8212167024612427,0,0,0
monitored,43,4,-0.44226697087287903,1.225450038909912,7.1769914627075195,0.06563115119934082,1.5930802822113037,7.318328380584717,5,0.4952084720134735,1.8212167024612427,0,0,0
monitored,43,5,0.7141837477684021,-0.823293924331665,6.4630446434021,1.0412511825561523,-0.5719830989837646,6.536876678466797,5,0.4952084720134735,1.8212167024612427,0,0,0
monitored,43,6,2.5736541748046875,-0.8988564014434814,4.87486457824707,2.992490291595459,-0.5719830989837646,4.973974704742432,5,0.4952084720134735,1.8212167024612427,0,0,0
monitored,43,7,2.487684965133667,2.6749398708343506,3.1431519985198975,2.7689521312713623,2.843080520629883,3.2311689853668213,5,0.4952084720134735,1.8212167024612427,0,0,0
monitored,43,8,0.6591171622276306,3.715023994445801,4.501748561859131,1.0791290998458862,4.093080520629883,4.584681987762451,5,0.4952084720134735,1.8212167024612427,0,0,0
monitored,43,9,-1.0494264364242554,2.5004138946533203,5.807374477386475,-0.6106938123703003,2.843080520629883,5.93819522857666,5,0.4952084720134735,1.8212167024612427,0,0,0
monitored,43,10,-0.9421694278717041,0.08599618077278137,5.847114562988281,-0.6106938123703003,0.3430800437927246,5.93819522857666,5,0.4952084720134735,1.8212167024612427,0,0,0
monitored,43,11,0.6552549600601196,-1.183267593383789,4.494358539581299,1.0791292190551758,-0.9069194793701172,4.584681987762451,5,0.4952084720134735,1.8212167024612427,0,0,0
monitored,44,0,1.3660266399383545,1.4468977451324463,5.12893009185791,1.5840001106262207,1.6167510747909546,5.177855491638184,5,0.4873492121696472,1.8217872381210327,0,0,0
monitored,44,1,3.5866684913635254,1.2985031604766846,4.067931175231934,3.9920992851257324,1.6167510747909546,4.171098709106445,5,0.4873492121696472,1.8217872381210327,0,0,0
monitored,44,2,2.723160982131958,3.5569639205932617,4.882960796356201,3.0260109901428223,3.7818145751953125,4.964303493499756,5,0.4873492121696472,1.8217872381210327,0,0,0
monitored,44,3,0.5516341924667358,3.367452383041382,6.428639888763428,1.0938348770141602,3.7818145751953125,6.550713539123535,5,0.4873492121696472,1.8217872381210327,0,0,0
monitored,44,4,-0.37754732370376587,1.259423017501831,7.2053303718566895,0.12774693965911865,1.6167508363723755,7.3439178466796875,5,0.4873492121696472,1.8217872381210327,0,0,0
monitored,44,5,0.7619123458862305,-0.7968081831932068,6.476417541503906,1.0938352346420288,-0.5483125448226929,6.550713062286377,5,0.4873492121696472,1.8217872381210327,0,0,0
monitored,44,6,2.6129918098449707,-0.8641515970230103,4.864362716674805,3.0260109901428223,-0.5483125448226929,4.964303493499756,5,0.4873492121696472,1.8217872381210327,0,0,0
monitored,44,7,2.5094196796417236,2.7083144187927246,3.152419090270996,2.78139066696167,2.866751194000244,3.2243316173553467,5,0.4873492121696472,1.8217872381210327,0,0,0
monitored,44,8,0.6879966855049133,3.7513232231140137,4.5195088386535645,1.108077049255371,4.116751194000244,4.598202705383301,5,0.4873492121696472,1.8217872381210327,0,0,0
monitored,44,9,-1.002646803855896,2.534360408782959,5.843785762786865,-0.5652363300323486,2.866751194000244,5.972073554992676,5,0.4873492121696472,1.8217872381210327,0,0,0
monitored,44,10,-0.8943747282028198,0.11807319521903992,5.882787704467773,-0.5652363300323486,0.3667505979537964,5.972073554992676,5,0.4873492121696472,1.8217872381210327,0,0,0
monitored,44,11,0.68686443567276,-1.1516352891921997,4.513977527618408,1.1080771684646606,-0.8832489252090454,4.598202705383301,5,0.4873492121696472,1.8217872381210327,0,0,0
monitored,45,0,1.401989221572876,1.4741885662078857,5.1369547843933105,1.6200001239776611,1.63962984085083,5.185602188110352,5,0.48032617568969727,1.8147825002670288,0,0,0
monitored,45,1,3.613898754119873,1.334697961807251,4.0448503494262695,4.015978813171387,1.63962984085083,4.150331020355225,5,0.48032617568969727,1.8147825002670288,0,0,0
monitored,45,2,2.7604281902313232,3.5885722637176514,4.8709516525268555,3.0593743324279785,3.8046934604644775,4.9549479484558105,5,0.48032617568969727,1.8147825002670288,0,0,0
monitored,45,3,0.6058651804924011,3.401627540588379,6.443635940551758,1.1461658477783203,3.8046932220458984,6.564181804656982,5,0.48032617568969727,1.8147825002670288,0,0,0
monitored,45,4,-0.3211049735546112,1.2869486808776855,7.23061990737915,0.1895618438720703,1.639629602432251,7.36879825592041,5,0.48032617568969727,1.8147825002670288,0,0,0
monitored,45,5,0.8189817070960999,-0.7653824090957642,6.491925239562988,1.146166205406189,-0.5254337787628174,6.564181327819824,5,0.48032617568969727,1.8147825002670288,0,0,0
monitored,45,6,2.652068614959717,-0.8303688764572144,4.854617118835449,3.0593743324279785,-0.5254337787628174,4.9549479484558105,5,0.48032617568969727,1.8147825002670288,0,0,0
monitored,45,7,2.530548334121704,2.739698886871338,3.162087917327881,2.794116973876953,2.88962984085083,3.2180023193359375,5,0.48032617568969727,1.8147825002670288,0,0,0
monitored,45,8,0.7162874341011047,3.787973165512085,4.536027908325195,1.1372299194335938,4.13962984085083,4.611639499664307,5,0.48032617568969727,1.8147825002670288,0,0,0
monitored,45,9,-0.9554656744003296,2.5675675868988037,5.879487037658691,-0.5196571350097656,2.88962984085083,6.005276679992676,5,0.48032617568969727,1.8147825002670288,0,0,0
monitored,45,10,-0.8464073538780212,0.1494024395942688,5.9178056716918945,-0.5196571350097656,0.3896293640136719,6.005276679992676,5,0.48032617568969727,1.8147825002670288,0,0,0
monitored,45,11,0.7129495143890381,-1.1269663572311401,4.530905723571777,1.1372300386428833,-0.8603701591491699,4.611639499664307,5,0.48032617568969727,1.8147825002670288,0,0,0
monitored,46,0,1.4379571676254272,1.500741958618164,5.144932270050049,1.656000018119812,1.6617127656936646,5.193293571472168,6,0.47318851947784424,1.8243544101715088,0,0,0
monitored,46,1,3.641284227371216,1.3700939416885376,4.023571968078613,4.039775848388672,1.6617127656936646,4.130226135253906,6,0.47318851947784424,1.8243544101715088,0,0,0
monitored,46,2,2.7976574897766113,3.6192424297332764,4.859395503997803,3.0925943851470947,3.8267765045166016,4.945914268493652,6,0.47318851947784424,1.8243544101715088,0,0,0
monitored,46,3,0.6523488759994507,3.42935848236084,6.456423282623291,1.1982313394546509,3.8267760276794434,6.5772905349731445,6,0.47318851947784424,1.8243544101715088,0,0,0
monitored,46,4,-0.2550809383392334,1.320296049118042,7.2583231925964355,0.25104987621307373,1.6617125272750854,7.392978668212891,6,0.47318851947784424,1.8243544101715088,0,0,0
monitored,46,5,0.8750719428062439,-0.7347711324691772,6.5067057609558105,1.19823157787323,-0.5033508539199829,6.5772905349731445,6,0.47318851947784424,1.8243544101715088,0,0,0
monitored,46,6,2.690796136856079,-0.7974273562431335,4.8454694747924805,3.0925941467285156,-0.5033508539199829,4.945914268493652,6,0.47318851947784424,1.8243544101715088,0,0,0
monitored,46,7,2.550591468811035,2.7705047130584717,3.170863151550293,2.8071534633636475,2.911712646484375,3.2121713161468506,6,0.47318851947784424,1.8243544101715088,0,0,0
monitored,46,8,0.7441913485527039,3.824708938598633,4.551390647888184,1.166586995124817,4.161712646484375,4.6249847412109375,6,0.47318851947784424,1.8243544101715088,0,0,0
monitored,46,9,-0.9079251289367676,2.6000218391418457,5.914462089538574,-0.4739793539047241,2.911712884902954,6.037797927856445,6,0.47318851947784424,1.8243544101715088,0,0,0
monitored,46,10,-0.8057886958122253,0.17469528317451477,5.949664115905762,-0.4739793539047241,0.41171228885650635,6.037797927856445,6,0.47318851947784424,1.8243544101715088,0,0,0
monitored,46,11,0.7488095760345459,-1.0978502035140991,4.550267219543457,1.1665871143341064,-0.8382872343063354,4.6249847412109375,6,0.47318851947784424,1.8243544101715088,0,0,0
monitored,47,0,1.4739296436309814,1.5265491008758545,5.152861595153809,1.6920000314712524,1.6829960346221924,5.200928688049316,5,0.46594104170799255,1.8244906663894653,0,0,0
monitored,47,1,3.6686718463897705,1.4048402309417725,4.003103256225586,4.063516616821289,1.6829960346221924,4.110786437988281,5,0.46594104170799255,1.8244906663894653,0,0,0
monitored,47,2,2.827803611755371,3.643920421600342,4.847823143005371,3.1256842613220215,3.84805965423584,4.937207221984863,5,0.46594104170799255,1.8244906663894653,0,0,0
monitored,47,3,0.7079447507858276,3.463467597961426,6.471024990081787,1.2500202655792236,3.8480594158172607,6.590048789978027,5,0.46594104170799255,1.8244906663894653,0,0,0
monitored,47,4,-0.1895143687725067,1.3527449369430542,7.285233974456787,0.3121882677078247,1.6829957962036133,7.416469573974609,5,0.46594104170799255,1.8244906663894653,0,0,0
monitored,47,5,0.9307562112808228,-0.7047295570373535,6.5209527015686035,1.2500205039978027,-0.4820675849914551,6.590048313140869,5,0.46594104170799255,1.8244906663894653,0,0,0
monitored,47,6,2.72914457321167,-0.7652384042739868,4.836856365203857,3.1256842613220215,-0.4820675849914551,4.937207221984863,5,0.46594104170799255,1.8244906663894653,0,0,0
monitored,47,7,2.5697402954101562,2.8009936809539795,3.177893877029419,2.8205204010009766,2.9329960346221924,3.20682692527771,5,0.46594104170799255,1.8244906663894653,0,0,0
monitored,47,8,0.771859884262085,3.860940933227539,4.565374851226807,1.1961475610733032,4.182995796203613,4.6382293701171875,5,0.46594104170799255,1.8244906663894653,0,0,0
monitored,47,9,-0.8675785064697266,2.626239538192749,5.9461236000061035,-0.42822515964508057,2.9329962730407715,6.069632053375244,5,0.46594104170799255,1.8244906663894653,0,0,0
monitored,47,10,-0.7570631504058838,0.2043246179819107,5.986085891723633,-0.42822515964508057,0.4329955577850342,6.069632053375244,5,0.46594104170799255,1.8244906663894653,0,0,0
monitored,47,11,0.785772442817688,-1.070551872253418,4.568643569946289,1.1961476802825928,-0.8170039653778076,4.6382293701171875,5,0.46594104170799255,1.8244906663894653,0,0,0
monitored,48,0,1.5099060535430908,1.5516021251678467,5.160740852355957,1.7280001640319824,1.703476905822754,5.208505630493164,6,0.45867276191711426,1.825340747833252,0,0,0
monitored,48,1,3.6894943714141846,1.4331097602844238,3.983074188232422,4.087225914001465,1.703476905822754,4.092014312744141,6,0.45867276191711426,1.825340747833252,0,0,0
monitored,48,2,2.8657889366149902,3.6739003658294678,4.836358070373535,3.158658027648926,3.8685405254364014,4.928830623626709,6,0.45867276191711426,1.825340747833252,0,0,0
monitored,48,3,0.7631518244743347,3.4968035221099854,6.485171794891357,1.3015215396881104,3.8685402870178223,6.6024627685546875,6,0.45867276191711426,1.825340747833252,0,0,0
monitored,48,4,-0.1243797317147255,1.3843135833740234,7.3113932609558105,0.3729534149169922,1.7034766674041748,7.439278602600098,6,0.45867276191711426,1.825340747833252,0,0,0
monitored,48,5,0.986044704914093,-0.6753463745117188,6.5347137451171875,1.3015217781066895,-0.46158671379089355,6.6024627685546875,6,0.45867276191711426,1.825340747833252,0,0,0
monitored,48,6,2.7668890953063965,-0.7339484691619873,4.829336166381836,3.1586577892303467,-0.46158671379089355,4.928830623626709,6,0.45867276191711426,1.825340747833252,0,0,0
monitored,48,7,2.5876927375793457,2.831817626953125,3.181922674179077,2.834237575531006,2.953476905822754,3.2019567489624023,6,0.45867276191711426,1.825340747833252,0,0,0
monitored,48,8,0.7934430241584778,3.890712261199951,4.5769805908203125,1.2259104251861572,4.203476905822754,4.651364803314209,6,0.45867276191711426,1.825340747833252,0,0,0
monitored,48,9,-0.8183758854866028,2.657848596572876,5.9808173179626465,-0.3824167251586914,2.953476905822754,6.100772857666016,6,0.45867276191711426,1.825340747833252,0,0,0
monitored,48,10,-0.7083908915519714,0.23320941627025604,6.020750522613525,-0.3824167251586914,0.4534764289855957,6.100772857666016,6,0.45867276191711426,1.825340747833252,0,0,0
monitored,48,11,0.8234106302261353,-1.0447053909301758,4.58596658706665,1.2259104251861572,-0.7965230941772461,4.651364803314209,6,0.45867276191711426,1.825340747833252,0,0,0
monitored,49,0,1.5458858013153076,1.575893759727478,5.168569087982178,1.7640000581741333,1.7231532335281372,5.216023921966553,5,0.450664222240448,1.8260295391082764,0,0,0
monitored,49,1,3.7174978256225586,1.4673717021942139,3.963236093521118,4.110929489135742,1.7231532335281372,4.073911190032959,5,0.450664222240448,1.8260295391082764,0,0,0
monitored,49,2,2.9034080505371094,3.7029683589935303,4.825511932373047,3.191527843475342,3.888216972351074,4.920788288116455,5,0.450664222240448,1.8260295391082764,0,0,0
monitored,49,3,0.817996621131897,3.52936053276062,6.498908042907715,1.352724313735962,3.888216495513916,6.614542007446289,5,0.450664222240448,1.8260295391082764,0,0,0
monitored,49,4,-0.060103192925453186,1.4151376485824585,7.336454391479492,0.4333226680755615,1.723152995109558,7.461418628692627,5,0.450664222240448,1.8260295391082764,0,0,0
monitored,49,5,1.0409772396087646,-0.6467021107673645,6.548046112060547,1.352724552154541,-0.44191038608551025,6.614542007446289,5,0.450664222240448,1.8260295391082764,0,0,0
monitored,49,6,2.804356098175049,-0.7032095193862915,4.822285175323486,3.191527843475342,-0.44191038608551025,4.920788288116455,5,0.450664222240448,1.8260295391082764,0,0,0
monitored,49,7,2.598766803741455,2.8575704097747803,3.1817657947540283,2.8483242988586426,2.9731531143188477,3.1975491046905518,5,0.450664222240448,1.8260295391082764,0,0,0
monitored,49,8,0.8224852681159973,3.9274072647094727,4.5898871421813965,1.2558739185333252,4.223153114318848,4.6643829345703125,5,0.450664222240448,1.8260295391082764,0,0,0
monitored,49,9,-0.7692071199417114,2.6884522438049316,6.014723300933838,-0.33657658100128174,2.9731533527374268,6.131216526031494,5,0.450664222240448,1.8260295391082764,0,0,0
monitored,49,10,-0.6594053506851196,0.2615477442741394,6.054092884063721,-0.33657658100128174,0.473152756690979,6.131216526031494,5,0.450664222240448,1.8260295391082764,0,0,0
monitored,49,11,0.8614165186882019,-1.019956350326538,4.602200508117676,1.2558739185333252,-0.7768467664718628,4.6643829345703125,5,0.450664222240448,1.8260295391082764,0,0,0
monitored,50,0,1.5818684101104736,1.599417805671692,5.176344871520996,1.8000000715255737,1.7420238256454468,5.223482131958008,5,0.44305190443992615,1.8270258903503418,0,0,0
monitored,50,1,3.7454514503479004,1.5006641149520874,3.944300889968872,4.134652614593506,1.7420238256454468,4.056478500366211,5,0.44305190443992615,1.8270258903503418,0,0,0
monitored,50,2,2.940725564956665,3.7310776710510254,4.816683769226074,3.2243080139160156,3.9070873260498047,4.913084030151367,5,0.44305190443992615,1.8270258903503418,0,0,0
monitored,50,3,0.8724981546401978,3.5611329078674316,6.512270450592041,1.403618335723877,3.9070873260498047,6.626294136047363,5,0.44305190443992615,1.8270258903503418,0,0,0
monitored,50,4,0.0039000138640403748,1.4452131986618042,7.360858917236328,0.49327361583709717,1.7420235872268677,7.4828996658325195,5,0.44305190443992615,1.8270258903503418,0,0,0
monitored,50,5,1.0955876111984253,-0.6188755631446838,6.561002731323242,1.403618574142456,-0.4230397939682007,6.626294136047363,5,0.44305190443992615,1.8270258903503418,0,0,0
monitored,50,6,2.8345134258270264,-0.6782944798469543,4.814686298370361,3.2243077754974365,-0.4230397939682007,4.913084030151367,5,0.44305190443992615,1.8270258903503418,0,0,0
monitored,50,7,2.6132802963256836,2.8915088176727295,3.1765482425689697,2.862800359725952,2.9920239448547363,3.193591594696045,5,0.44305190443992615,1.8270258903503418,0,0,0
monitored,50,8,0.8518606424331665,3.963144302368164,4.602053165435791,1.2860369682312012,4.242023944854736,4.67727518081665,5,0.44305190443992615,1.8270258903503418,0,0,0
monitored,50,9,-0.7200794816017151,2.7180800437927246,6.047898769378662,-0.29072630405426025,2.9920239448547363,6.160958766937256,5,0.44305190443992615,1.8270258903503418,0,0,0
monitored,50,10,-0.6102100014686584,0.2892416715621948,6.086252212524414,-0.29072630405426025,0.4920233488082886,6.160958766937256,5,0.44305190443992615,1.8270258903503418,0,0,0
monitored,50,11,0.8993223905563354,-0.9961799383163452,4.616971969604492,1.2860369682312012,-0.7579761743545532,4.67727518081665,5,0.44305190443992615,1.8270258903503418,0,0,0
monitored,51,0,1.6178534030914307,1.6221686601638794,5.1840667724609375,1.8360000848770142,1.7600878477096558,5.230879306793213,5,0.4358435273170471,1.8282567262649536,0,0,0
monitored,51,1,3.773301601409912,1.5329351425170898,3.926056146621704,4.158419609069824,1.7600878477096558,4.039717197418213,5,0.4358435273170471,1.8282567262649536,0,0,0
monitored,51,2,2.9779891967773438,3.7585291862487793,4.809211730957031,3.2570109367370605,3.9251513481140137,4.9057207107543945,5,0.4358435273170471,1.8282567262649536,0,0,0
monitored,51,3,0.9266618490219116,3.5920863151550293,6.525294780731201,1.4541935920715332,3.9251513481140137,6.637728214263916,5,0.4358435273170471,1.8282567262649536,0,0,0
monitored,51,4,0.06759308278560638,1.474534273147583,7.384603500366211,0.55278480052948,1.7600876092910767,7.503731727600098,5,0.4358435273170471,1.8282567262649536,0,0,0
monitored,51,5,1.1422033309936523,-0.5964511632919312,6.572017669677734,1.4541938304901123,-0.4049757719039917,6.637727737426758,5,0.4358435273170471,1.8282567262649536,0,0,0
monitored,51,6,2.872528553009033,-0.6476740837097168,4.8080058097839355,3.2570109367370605,-0.4049757719039917,4.905721187591553,5,0.4358435273170471,1.8282567262649536,0,0,0
monitored,51,7,2.62459659576416,2.9255549907684326,3.1643199920654297,2.877683639526367,3.0100879669189453,3.1900718212127686,5,0.4358435273170471,1.8282567262649536,0,0,0
monitored,51,8,0.8817560076713562,3.9977502822875977,4.613665580749512,1.316397786140442,4.260087966918945,4.690033912658691,5,0.4358435273170471,1.8282567262649536,0,0,0
monitored,51,9,-0.6711446642875671,2.7468550205230713,6.079685211181641,-0.24488770961761475,3.0100879669189453,6.189996242523193,5,0.4358435273170471,1.8282567262649536,0,0,0
monitored,51,10,-0.5608867406845093,0.3162024915218353,6.117400646209717,-0.24488770961761475,0.5100873708724976,6.189996242523193,5,0.4358435273170471,1.8282567262649536,0,0,0
monitored,51,11,0.9372488856315613,-0.9728171825408936,4.630761623382568,1.3163979053497314,-0.7399121522903442,4.690033912658691,5,0.4358435273170471,1.8282567262649536,0,0,0
monitored,52,0,1.6538405418395996,1.644141674041748,5.191734313964844,1.871999979019165,1.7773455381393433,5.238214492797852,5,0.42981967329978943,1.8222774267196655,0,0,0
monitored,52,1,3.8010997772216797,1.5641767978668213,3.9084508419036865,4.182254791259766,1.7773455381393433,4.023626327514648,5,0.42981967329978943,1.8222774267196655,0,0,0
monitored,52,2,3.0152406692504883,3.7853169441223145,4.803432941436768,3.2896499633789062,3.942409038543701,4.8987016677856445,5,0.42981967329978943,1.8222774267196655,0,0,0
monitored,52,3,0.9800674319267273,3.6221323013305664,6.5378804206848145,1.5044405460357666,3.942409038543701,6.648852825164795,5,0.42981967329978943,1.8222774267196655,0,0,0
monitored,52,4,0.12279345840215683,1.498242974281311,7.405580520629883,0.6118359565734863,1.7773452997207642,7.523928165435791,5,0.42981967329978943,1.8222774267196655,0,0,0
monitored,52,5,1.1979111433029175,-0.5702025890350342,6.584887504577637,1.5044407844543457,-0.3877180814743042,6.648852348327637,5,0.42981967329978943,1.8222774267196655,0,0,0
monitored,52,6,2.9100353717803955,-0.6178361177444458,4.801758289337158,3.289649724960327,-0.3877180814743042,4.898702144622803,5,0.42981967329978943,1.8222774267196655,0,0,0
monitored,52,7,2.633910894393921,2.957470417022705,3.145855188369751,2.892991065979004,3.027345657348633,3.186976671218872,5,0.42981967329978943,1.8222774267196655,0,0,0
monitored,52,8,0.9123222827911377,4.031073570251465,4.624897480010986,1.346954584121704,4.277345657348633,4.7026519775390625,5,0.42981967329978943,1.8222774267196655,0,0,0
monitored,52,9,-0.6221312880516052,2.7748239040374756,6.110803127288818,-0.1990816593170166,3.027345657348633,6.218326568603516,5,0.42981967329978943,1.8222774267196655,0,0,0
monitored,52,10,-0.5115119218826294,0.342347115278244,6.147702693939209,-0.1990816593170166,0.5273450613021851,6.218326568603516,5,0.42981967329978943,1.8222774267196655,0,0,0
monitored,52,11,0.9677137732505798,-0.9540606141090393,4.642218112945557,1.3469547033309937,-0.7226544618606567,4.702651500701904,5,0.42981967329978943,1.8222774267196655,0,0,0
monitored,53,0,1.6898295879364014,1.6653329133987427,5.199345588684082,1.908000111579895,1.7937977313995361,5.245486736297607,6,0.42421287298202515,1.8320623636245728,0,0,0
monitored,53,1,3.829188108444214,1.5942203998565674,3.8924570083618164,4.206181526184082,1.7937977313995361,4.008206367492676,6,0.42421287298202515,1.8320623636245728,0,0,0
monitored,53,2,3.0523924827575684,3.8113815784454346,4.799099445343018,3.322237730026245,3.9588613510131836,4.892029762268066,6,0.42421287298202515,1.8320623636245728,0,0,0
monitored,53,3,1.0255922079086304,3.6464130878448486,6.548534870147705,1.5543502569198608,3.9588611125946045,6.659676551818848,6,0.42421287298202515,1.8320623636245728,0,0,0
monitored,53,4,0.1873173713684082,1.5266218185424805,7.428677558898926,0.6704065799713135,1.793797492980957,7.54349946975708,6,0.42421287298202515,1.8320623636245728,0,0,0
monitored,53,5,1.2526073455810547,-0.5449869632720947,6.597248077392578,1.55435049533844,-0.37126588821411133,6.6596760749816895,6,0.42421287298202515,1.8320623636245728,0,0,0
monitored,53,6,2.9470677375793457,-0.588798463344574,4.795791149139404,3.322237491607666,-0.37126588821411133,4.892029762268066,6,0.42421287298202515,1.8320623636245728,0,0,0
monitored,53,7,2.6404502391815186,2.9863038063049316,3.120971441268921,2.9087414741516113,3.043797731399536,3.184293746948242,6,0.42421287298202515,1.8320623636245728,0,0,0
monitored,53,8,0.9436283111572266,4.062981128692627,4.635944843292236,1.3777060508728027,4.293797492980957,4.715120315551758,6,0.42421287298202515,1.8320623636245728,0,0,0
monitored,53,9,-0.5730725526809692,2.8019938468933105,6.141227722167969,-0.1533292531967163,3.0437979698181152,6.245946884155273,6,0.42421287298202515,1.8320623636245728,0,0,0
monitored,53,10,-0.4697176516056061,0.3633941113948822,6.175019264221191,-0.1533292531967163,0.5437972545623779,6.245946884155273,6,0.42421287298202515,1.8320623636245728,0,0,0
monitored,53,11,1.0063273906707764,-0.9300617575645447,4.65493631362915,1.3777061700820923,-0.7062022686004639,4.715120315551758,6,0.42421287298202515,1.8320623636245728,0,0,0
monitored,54,0,1.7258201837539673,1.685739278793335,5.206899642944336,1.9440001249313354,1.809445858001709,5.252695083618164,5,0.41904187202453613,1.832985758781433,0,0,0
monitored,54,1,3.8574912548065186,1.6232999563217163,3.8771724700927734,4.230223655700684,1.809445858001709,3.9934558868408203,5,0.41904187202453613,1.832985758781433,0,0,0
monitored,54,2,3.082395553588867,3.832399845123291,4.794495105743408,3.3547868728637695,3.9745094776153564,4.885706424713135,5,0.41904187202453613,1.832985758781433,0,0,0
monitored,54,3,1.0801184177398682,3.675802230834961,6.560976982116699,1.6039137840270996,3.9745092391967773,6.670207500457764,5,0.41904187202453613,1.832985758781433,0,0,0
monitored,54,4,0.2511727213859558,1.5540199279785156,7.451046943664551,0.7284773588180542,1.8094456195831299,7.562458038330078,5,0.41904187202453613,1.832985758781433,0,0,0
monitored,54,5,1.3068428039550781,-0.520567774772644,6.609246730804443,1.6039140224456787,-0.3556177616119385,6.6702070236206055,5,0.41904187202453613,1.832985758781433,0,0,0
monitored,54,6,2.9837026596069336,-0.5605713725090027,4.790062427520752,3.3547868728637695,-0.3556177616119385,4.885706424713135,5,0.41904187202453613,1.832985758781433,0,0,0
monitored,54,7,2.6450605392456055,3.0104055404663086,3.0911660194396973,2.924950122833252,3.059445858001709,3.1820101737976074,5,0.41904187202453613,1.832985758781433,0,0,0
monitored,54,8,0.9756097197532654,4.0930304527282715,4.6467156410217285,1.4086496829986572,4.309445858001709,4.727433204650879,5,0.41904187202453613,1.832985758781433,0,0,0
monitored,54,9,-0.5315608978271484,2.8238916397094727,6.168581485748291,-0.10765063762664795,3.059445858001709,6.27285623550415,5,0.41904187202453613,1.832985758781433,0,0,0
monitored,54,10,-0.4197641611099243,0.3877762258052826,6.206235408782959,-0.10765063762664795,0.5594453811645508,6.27285623550415,5,0.41904187202453613,1.832985758781433,0,0,0
monitored,54,11,1.0442415475845337,-0.9060682654380798,4.666870594024658,1.4086498022079468,-0.690554141998291,4.727433204650879,5,0.41904187202453613,1.832985758781433,0,0,0
monitored,55,0,1.7618120908737183,1.7053583860397339,5.214395523071289,1.9800000190734863,1.8242921829223633,5.259837627410889,6,0.4143046736717224,1.8345366716384888,0,0,0
monitored,55,1,3.8792941570281982,1.6467394828796387,3.8620781898498535,4.254403114318848,1.8242921829223633,3.979372978210449,6,0.4143046736717224,1.8345366716384888,0,0,0
monitored,55,2,3.1203205585479736,3.857814073562622,4.791473388671875,3.3873097896575928,3.9893558025360107,4.879733562469482,6,0.4143046736717224,1.8345366716384888,0,0,0
monitored,55,3,1.134155511856079,3.7042300701141357,6.573110103607178,1.6531225442886353,3.9893555641174316,6.680454254150391,6,0.4143046736717224,1.8345366716384888,0,0,0
monitored,55,4,0.3143956661224365,1.5804550647735596,7.472723960876465,0.7860291004180908,1.8242919445037842,7.580814361572266,6,0.4143046736717224,1.8345366716384888,0,0,0
monitored,55,5,1.36061429977417,-0.49698421359062195,6.6209025382995605,1.653122901916504,-0.3407714366912842,6.680454254150391,6,0.4143046736717224,1.8345366716384888,0,0,0
monitored,55,6,3.0198047161102295,-0.5334140658378601,4.785106658935547,3.3873095512390137,-0.3407714366912842,4.879733562469482,6,0.4143046736717224,1.8345366716384888,0,0,0
monitored,55,7,2.648196220397949,3.0287203788757324,3.0581870079040527,2.941633701324463,3.0742921829223633,3.1801116466522217,6,0.4143046736717224,1.8345366716384888,0,0,0
monitored,55,8,1.0015767812728882,4.116934776306152,4.656094551086426,1.4397838115692139,4.324292182922363,4.73958158493042,6,0.4143046736717224,1.8345366716384888,0,0,0
monitored,55,9,-0.4813492000102997,2.850050449371338,6.198624134063721,-0.062066078186035156,3.0742921829223633,6.299051284790039,6,0.4143046736717224,1.8345366716384888,0,0,0
monitored,55,10,-0.3701377809047699,0.411233514547348,6.235848903656006,-0.062066078186035156,0.5742917060852051,6.299051284790039,6,0.4143046736717224,1.8345366716384888,0,0,0
monitored,55,11,1.081368088722229,-0.881977915763855,4.678253650665283,1.4397838115692139,-0.6757078170776367,4.73958158493042,6,0.4143046736717224,1.8345366716384888,0,0,0
monitored,56,0,1.7978050708770752,1.7241885662078857,5.221832275390625,2.0160000324249268,1.8383398056030273,5.266914367675781,5,0.40881067514419556,1.835915207862854,0,0,0
monitored,56,1,3.9087448120117188,1.6746834516525269,3.84739089012146,4.278743743896484,1.8383398056030273,3.965956687927246,5,0.40881067514419556,1.835915207862854,0,0,0
monitored,56,2,3.157876968383789,3.882185220718384,4.788967132568359,3.419818878173828,4.003403663635254,4.874113082885742,5,0.40881067514419556,1.835915207862854,0,0,0
monitored,56,3,1.1877319812774658,3.7317097187042236,6.584953308105469,1.701968789100647,4.003403186798096,6.690425872802734,5,0.40881067514419556,1.835915207862854,0,0,0
monitored,56,4,0.37658414244651794,1.6060413122177124,7.493431568145752,0.8430438041687012,1.8383395671844482,7.5985822677612305,5,0.40881067514419556,1.835915207862854,0,0,0
monitored,56,5,1.4139471054077148,-0.4742705821990967,6.632238864898682,1.701969027519226,-0.3267238140106201,6.690425395965576,5,0.40881067514419556,1.835915207862854,0,0,0
monitored,56,6,3.05578875541687,-0.5070444941520691,4.780425071716309,3.419818639755249,-0.3267238140106201,4.874113082885742,5,0.40881067514419556,1.835915207862854,0,0,0
monitored,56,7,2.647028684616089,3.0402462482452393,3.026960611343384,2.958807945251465,3.0883398056030273,3.178586483001709,5,0.40881067514419556,1.835915207862854,0,0,0
monitored,56,8,1.0363795757293701,4.145055770874023,4.667541027069092,1.4711061716079712,4.338339805603027,4.751559257507324,5,0.40881067514419556,1.835915207862854,0,0,0
monitored,56,9,-0.43142881989479065,2.8752059936523438,6.227885723114014,-0.01659536361694336,3.0883398056030273,6.3245320320129395,5,0.40881067514419556,1.835915207862854,0,0,0
monitored,56,10,-0.32043206691741943,0.4339573085308075,6.264215469360352,-0.01659536361694336,0.5883393287658691,6.3245320320129395,5,0.40881067514419556,1.835915207862854,0,0,0
monitored,56,11,1.117696762084961,-0.8577420711517334,4.689266204833984,1.4711062908172607,-0.6616601943969727,4.751559257507324,5,0.40881067514419556,1.835915207862854,0,0,0
monitored,57,0,1.833799123764038,1.7422288656234741,5.229208469390869,2.052000045776367,1.8515920639038086,5.273923873901367,5,0.4043516516685486,1.8375625610351562,0,0,0
monitored,57,1,3.9384207725524902,1.7013524770736694,3.8336105346679688,4.3032660484313965,1.8515920639038086,3.9532039165496826,5,0.4043516516685486,1.8375625610351562,0,0,0
monitored,57,2,3.1949808597564697,3.9051778316497803,4.787740707397461,3.4523255825042725,4.016655921936035,4.8688459396362305,5,0.4043516516685486,1.8375625610351562,0,0,0
monitored,57,3,1.240868330001831,3.758253335952759,6.596520900726318,1.750444769859314,4.016655445098877,6.700130462646484,5,0.4043516516685486,1.8375625610351562,0,0,0
monitored,57,4,0.4383160471916199,1.6307892799377441,7.5135273933410645,0.8995044231414795,1.8515918254852295,7.615772247314453,5,0.4043516516685486,1.8375625610351562,0,0,0
monitored,57,5,1.4668630361557007,-0.4524647891521454,6.643276691436768,1.750445008277893,-0.31347155570983887,6.700129985809326,5,0.4043516516685486,1.8375625610351562,0,0,0
monitored,57,6,3.084754467010498,-0.4858066439628601,4.775061130523682,3.4523255825042725,-0.31347155570983887,4.868846416473389,5,0.4043516516685486,1.8375625610351562,0,0,0
monitored,57,7,2.648904800415039,3.046855926513672,2.9927139282226562,2.9764866828918457,3.1015920639038086,3.1774210929870605,5,0.4043516516685486,1.8375625610351562,0,0,0
monitored,57,8,1.0718753337860107,4.17130184173584,4.679169654846191,1.5026147365570068,4.351592063903809,4.763359546661377,5,0.4043516516685486,1.8375625610351562,0,0,0
monitored,57,9,-0.38177770376205444,2.899378776550293,6.256404399871826,0.02874279022216797,3.1015920639038086,6.349298477172852,5,0.4043516516685486,1.8375625610351562,0,0,0
monitored,57,10,-0.27072662115097046,0.45589280128479004,6.291433811187744,0.02874279022216797,0.6015915870666504,6.349298477172852,5,0.4043516516685486,1.8375625610351562,0,0,0
monitored,57,11,1.1530052423477173,-0.8335962295532227,4.699783802032471,1.5026147365570068,-0.6484079360961914,4.763359546661377,5,0.4043516516685486,1.8375625610351562,0,0,0
monitored,58,0,1.8697940111160278,1.7594791650772095,5.236523151397705,2.0880000591278076,1.8640533685684204,5.28086519241333,5,0.4001031517982483,1.8394181728363037,0,0,0
monitored,58,1,3.9682705402374268,1.7267221212387085,3.8205528259277344,4.327991485595703,1.8640533685684204,3.9411122798919678,5,0.4001031517982483,1.8394181728363037,0,0,0
monitored,58,2,3.2320351600646973,3.9270265102386475,4.787007808685303,3.484842300415039,4.029117107391357,4.863933563232422,5,0.4001031517982483,1.8394181728363037,0,0,0
monitored,58,3,1.2935702800750732,3.783846616744995,6.607825756072998,1.7985434532165527,4.029116630554199,6.70957612991333,5,0.4001031517982483,1.8394181728363037,0,0,0
monitored,58,4,0.49956268072128296,1.654697060585022,7.533010959625244,0.9553940296173096,1.8640531301498413,7.632397651672363,5,0.4001031517982483,1.8394181728363037,0,0,0
monitored,58,5,1.51175057888031,-0.4350075423717499,6.652541160583496,1.7985436916351318,-0.30101025104522705,6.70957612991333,5,0.4001031517982483,1.8394181728363037,0,0,0
monitored,58,6,3.121760368347168,-0.46030041575431824,4.770571708679199,3.48484206199646,-0.30101025104522705,4.863933563232422,5,0.4001031517982483,1.8394181728363037,0,0,0
monitored,58,7,2.652210235595703,3.0474977493286133,2.9602489471435547,2.9946846961975098,3.114053249359131,3.176602363586426,5,0.4001031517982483,1.8394181728363037,0,0,0
monitored,58,8,1.1079974174499512,4.195684432983398,4.6910400390625,1.5343072414398193,4.364053249359131,4.774975776672363,5,0.4001031517982483,1.8394181728363037,0,0,0
monitored,58,9,-0.33255404233932495,2.9226605892181396,6.283586502075195,0.0739295482635498,3.11405348777771,6.373348712921143,5,0.4001031517982483,1.8394181728363037,0,0,0
monitored,58,10,-0.2210814505815506,0.4769890606403351,6.317636489868164,0.0739295482635498,0.6140528917312622,6.373348712921143,5,0.4001031517982483,1.8394181728363037,0,0,0
monitored,58,11,1.1877295970916748,-0.8093398809432983,4.710235118865967,1.5343072414398193,-0.6359466314315796,4.774975776672363,5,0.4001031517982483,1.8394181728363037,0,0,0
monitored,59,0,1.9057896137237549,1.7759400606155396,5.243774890899658,2.124000072479248,1.8757288455963135,5.287736892700195,5,0.39639389514923096,1.8345698118209839,0,0,0
monitored,59,1,3.9983482360839844,1.7507851123809814,3.8082077503204346,4.352940559387207,1.8757288455963135,3.929678201675415,5,0.39639389514923096,1.8345698118209839,0,0,0
monitored,59,2,3.269110918045044,3.947593927383423,4.78679084777832,3.5173797607421875,4.040792465209961,4.859375953674316,5,0.39639389514923096,1.8345698118209839,0,0,0
monitored,59,3,1.34543776512146,3.80843186378479,6.618782043457031,1.8462574481964111,4.040792465209961,6.718770980834961,5,0.39639389514923096,1.8345698118209839,0,0,0
monitored,59,4,0.5522369146347046,1.673959732055664,7.5500168800354,1.0106964111328125,1.8757286071777344,7.648468971252441,5,0.39639389514923096,1.8345698118209839,0,0,0
monitored,59,5,1.565426230430603,-0.41484877467155457,6.66341495513916,1.8462576866149902,-0.289334774017334,6.718770980834961,5,0.39639389514923096,1.8345698118209839,0,0,0
monitored,59,6,3.158594846725464,-0.4359780251979828,4.766448497772217,3.5173795223236084,-0.289334774017334,4.859375953674316,5,0.39639389514923096,1.8345698118209839,0,0,0
monitored,59,7,2.6610918045043945,3.0426089763641357,2.9309613704681396,3.013415575027466,3.1257288455963135,3.176116704940796,5,0.39639389514923096,1.8345698118209839,0,0,0
monitored,59,8,1.144657015800476,4.218238353729248,4.703175067901611,1.5661814212799072,4.375728607177734,4.786400318145752,5,0.39639389514923096,1.8345698118209839,0,0,0
monitored,59,9,-0.2834261953830719,2.9450929164886475,6.310046672821045,0.11894726753234863,3.1257290840148926,6.396683692932129,5,0.39639389514923096,1.8345698118209839,0,0,0
monitored,59,10,-0.17155608534812927,0.4971940815448761,6.342957496643066,0.11894726753234863,0.6257283687591553,6.396683692932129,5,0.39639389514923096,1.8345698118209839,0,0,0
monitored,59,11,1.2152504920959473,-0.7893606424331665,4.719298362731934,1.5661814212799072,-0.6242711544036865,4.786400318145752,5,0.39639389514923096,1.8345698118209839,0,0,0
monitored,60,0,1.9417858123779297,1.7916128635406494,5.25096321105957,2.1600000858306885,1.886623740196228,5.294538497924805,6,0.3922160863876343,1.8442604541778564,0,0,0
monitored,60,1,4.028872966766357,1.7733066082000732,3.7975423336029053,4.378133773803711,1.886623740196228,3.9188992977142334,6,0.3922160863876343,1.8442604541778564,0,0,0
monitored,60,2,3.3062186241149902,3.966794967651367,4.786665439605713,3.5499491691589355,4.051687240600586,4.8551740646362305,6,0.3922160863876343,1.8442604541778564,0,0,0
monitored,60,3,1.3893589973449707,3.828197717666626,6.627950191497803,1.893580675125122,4.051687240600586,6.727724075317383,6,0.3922160863876343,1.8442604541778564,0,0,0
monitored,60,4,0.6139448285102844,1.6966667175292969,7.568853855133057,1.0653963088989258,1.886623501777649,7.663998603820801,6,0.3922160863876343,1.8442604541778564,0,0,0
monitored,60,5,1.6180514097213745,-0.39579081535339355,6.6738786697387695,1.8935809135437012,-0.27843987941741943,6.727724075317383,6,0.3922160863876343,1.8442604541778564,0,0,0
monitored,60,6,3.195312738418579,-0.41288113594055176,4.762597560882568,3.5499491691589355,-0.27843987941741943,4.855174541473389,6,0.3922160863876343,1.8442604541778564,0,0,0
monitored,60,7,2.677403688430786,3.0320310592651367,2.9063222408294678,3.0326924324035645,3.1366238594055176,3.175952196121216,6,0.3922160863876343,1.8442604541778564,0,0,0
monitored,60,8,1.1817071437835693,4.239043712615967,4.715596675872803,1.5982351303100586,4.386623859405518,4.797627925872803,6,0.3922160863876343,1.8442604541778564,0,0,0
monitored,60,9,-0.23440894484519958,2.9666748046875,6.335751056671143,0.16377782821655273,3.1366238594055176,6.4193034172058105,6,0.3922160863876343,1.8442604541778564,0,0,0
monitored,60,10,-0.12977814674377441,0.5133515000343323,6.365550994873047,0.16377782821655273,0.6366232633590698,6.4193034172058105,6,0.3922160863876343,1.8442604541778564,0,0,0
monitored,60,11,1.2501347064971924,-0.7644869089126587,4.730396270751953,1.5982351303100586,-0.613376259803772,4.797627925872803,6,0.3922160863876343,1.8442604541778564,0,0,0
monitored,61,0,1.9777826070785522,1.8064994812011719,5.258086681365967,2.196000099182129,1.896744728088379,5.301269054412842,5,0.3871476650238037,1.845802664756775,0,0,0
monitored,61,1,4.059885025024414,1.7945412397384644,3.7877957820892334,4.403589248657227,1.896744728088379,3.908771276473999,5,0.3871476650238037,1.845802664756775,0,0,0
monitored,61,2,3.3362910747528076,3.9817614555358887,4.785209655761719,3.582561731338501,4.0618085861206055,4.851328372955322,5,0.3871476650238037,1.845802664756775,0,0,0
monitored,61,3,1.4421262741088867,3.851763963699341,6.638791561126709,1.940506935119629,4.061808109283447,6.736442565917969,5,0.3871476650238037,1.845802664756775,0,0,0
monitored,61,4,0.674832284450531,1.71834397315979,7.587033748626709,1.1194794178009033,1.8967444896697998,7.678999900817871,5,0.3871476650238037,1.845802664756775,0,0,0
monitored,61,5,1.6701576709747314,-0.37763023376464844,6.684049129486084,1.940507173538208,-0.26831889152526855,6.736442565917969,5,0.3871476650238037,1.845802664756775,0,0,0
monitored,61,6,3.2319953441619873,-0.3910422921180725,4.759028434753418,3.582561731338501,-0.26831889152526855,4.851328372955322,5,0.3871476650238037,1.845802664756775,0,0,0
monitored,61,7,2.7053184509277344,3.0159528255462646,2.8904290199279785,3.0525269508361816,3.146744728088379,3.176095724105835,5,0.3871476650238037,1.845802664756775,0,0,0
monitored,61,8,1.2187796831130981,4.258006572723389,4.728036880493164,1.6304657459259033,4.396744728088379,4.808652877807617,5,0.3871476650238037,1.845802664756775,0,0,0
monitored,61,9,-0.19308888912200928,2.9839887619018555,6.358598709106445,0.208404541015625,3.146744728088379,6.441209316253662,5,0.3871476650238037,1.845802664756775,0,0,0
monitored,61,10,-0.07989707589149475,0.5317981243133545,6.391425132751465,0.208404541015625,0.6467442512512207,6.441209316253662,5,0.3871476650238037,1.845802664756775,0,0,0
monitored,61,11,1.2844398021697998,-0.7401536703109741,4.741668701171875,1.6304657459259033,-0.6032552719116211,4.808652400970459,5,0.3871476650238037,1.845802664756775,0,0,0
monitored,62,0,2.013779878616333,1.8206026554107666,5.265144348144531,2.2320001125335693,1.9060983657836914,5.30792760848999,6,0.3808753192424774,1.8478978872299194,0,0,0
monitored,62,1,4.084339618682861,1.8112438917160034,3.778134346008301,4.429326057434082,1.9060983657836914,3.8992910385131836,6,0.3808753192424774,1.8478978872299194,0,0,0
monitored,62,2,3.3746957778930664,3.998927116394043,4.783932685852051,3.615227699279785,4.071162223815918,4.847838878631592,6,0.3808753192424774,1.8478978872299194,0,0,0
monitored,62,3,1.4943194389343262,3.874305248260498,6.649358749389648,1.987030029296875,4.07116174697876,6.744935035705566,6,0.3808753192424774,1.8478978872299194,0,0,0
monitored,62,4,0.7349397540092468,1.7390083074569702,7.6045918464660645,1.1729313135147095,1.9060981273651123,7.693482875823975,6,0.3808753192424774,1.8478978872299194,0,0,0
monitored,62,5,1.7217347621917725,-0.3603779077529907,6.693934917449951,1.987030267715454,-0.25896525382995605,6.744934558868408,6,0.3808753192424774,1.8478978872299194,0,0,0
monitored,62,6,3.2684690952301025,-0.37070542573928833,4.756255149841309,3.615227460861206,-0.25896525382995605,4.84783935546875,6,0.3808753192424774,1.8478978872299194,0,0,0
monitored,62,7,2.7455713748931885,2.9966394901275635,2.8903400897979736,3.0729317665100098,3.1560983657836914,3.176535129547119,6,0.3808753192424774,1.8478978872299194,0,0,0
monitored,62,8,1.248944640159607,4.272543430328369,4.738954544067383,1.6628713607788086,4.406098365783691,4.8194684982299805,6,0.3808753192424774,1.8478978872299194,0,0,0
monitored,62,9,-0.14316588640213013,3.0043399333953857,6.383663654327393,0.2528109550476074,3.1560983657836914,6.462401390075684,6,0.3808753192424774,1.8478978872299194,0,0,0
monitored,62,10,-0.030580978840589523,0.5492002964019775,6.415869235992432,0.2528109550476074,0.6560978889465332,6.462401390075684,6,0.3808753192424774,1.8478978872299194,0,0,0
monitored,62,11,1.3183236122131348,-0.716568648815155,4.753228664398193,1.6628713607788086,-0.5939016342163086,4.8194684982299805,6,0.3808753192424774,1.8478978872299194,0,0,0
monitored,63,0,2.0497775077819824,1.833925724029541,5.272134780883789,2.2680001258850098,1.9146921634674072,5.314512729644775,5,0.3732008934020996,1.8498347997665405,0,0,0
monitored,63,1,4.117131233215332,1.830595850944519,3.7696049213409424,4.4553632736206055,1.9146921634674072,3.890453815460205,5,0.3732008934020996,1.8498347997665405,0,0,0
monitored,63,2,3.4129698276519775,4.014422416687012,4.781713008880615,3.6479568481445312,4.079755783081055,4.844705104827881,5,0.3732008934020996,1.8498347997665405,0,0,0
monitored,63,3,1.5459678173065186,3.8958418369293213,6.659663677215576,2.03314471244812,4.079755783081055,6.753207683563232,5,0.3732008934020996,1.8498347997665405,0,0,0
monitored,63,4,0.7938961386680603,1.7587456703186035,7.621313095092773,1.225738763809204,1.9146919250488281,7.707458972930908,5,0.3732008934020996,1.8498347997665405,0,0,0
monitored,63,5,1.772800087928772,-0.3440437316894531,6.703550338745117,2.033144950866699,-0.25037145614624023,6.753207206726074,5,0.3732008934020996,1.8498347997665405,0,0,0
monitored,63,6,3.305143356323242,-0.3516286611557007,4.753898620605469,3.6479568481445312,-0.25037145614624023,4.844705104827881,5,0.3732008934020996,1.8498347997665405,0,0,0
monitored,63,7,2.783501386642456,2.9790804386138916,2.901768684387207,3.0939176082611084,3.1646921634674072,3.177257537841797,5,0.3732008934020996,1.8498347997665405,0,0,0
monitored,63,8,1.2877044677734375,4.289416313171387,4.7522759437561035,1.6954493522644043,4.414691925048828,4.830069065093994,5,0.3732008934020996,1.8498347997665405,0,0,0
monitored,63,9,-0.09365750849246979,3.0236496925354004,6.407888889312744,0.2969810962677002,3.1646924018859863,6.482880592346191,5,0.3732008934020996,1.8498347997665405,0,0,0
monitored,63,10,0.01861976832151413,0.5657292604446411,6.439134120941162,0.2969810962677002,0.664691686630249,6.482880592346191,5,0.3732008934020996,1.8498347997665405,0,0,0
monitored,63,11,1.3519799709320068,-0.6939310431480408,4.7651286125183105,1.6954493522644043,-0.5853078365325928,4.830069065093994,5,0.3732008934020996,1.8498347997665405,0,0,0
monitored,64,0,2.085775375366211,1.8464727401733398,5.279057502746582,2.30400013923645,1.9225342273712158,5.321023941040039,5,0.3647778034210205,1.852038025856018,0,0,0
monitored,64,1,4.150300025939941,1.848341941833496,3.762291193008423,4.481716156005859,1.9225342273712158,3.882256269454956,5,0.3647778034210205,1.852038025856018,0,0,0
monitored,64,2,3.450883150100708,4.028026580810547,4.779221057891846,3.6807594299316406,4.087597846984863,4.8419270515441895,5,0.3647778034210205,1.852038025856018,0,0,0
monitored,64,3,1.5970934629440308,3.9163918495178223,6.6697163581848145,2.078845977783203,4.087597846984863,6.7612690925598145,5,0.3647778034210205,1.852038025856018,0,0,0
monitored,64,4,0.8522554039955139,1.7775834798812866,7.637485504150391,1.2778891324996948,1.9225339889526367,7.720939636230469,5,0.3647778034210205,1.852038025856018,0,0,0
monitored,64,5,1.8233681917190552,-0.3286444842815399,6.7129106521606445,2.078845977783203,-0.24252939224243164,6.761268615722656,5,0.3647778034210205,1.852038025856018,0,0,0
monitored,64,6,3.334908962249756,-0.3367134630680084,4.750937461853027,3.6807594299316406,-0.24252939224243164,4.841927528381348,5,0.3647778034210205,1.852038025856018,0,0,0
monitored,64,7,2.8292269706726074,2.9688637256622314,2.9385201930999756,3.115495204925537,3.172534227371216,3.178251266479492,5,0.3647778034210205,1.852038025856018,0,0,0
monitored,64,8,1.3263404369354248,4.304864883422852,4.765657901763916,1.7281975746154785,4.422533988952637,4.840449810028076,5,0.3647778034210205,1.852038025856018,0,0,0
monitored,64,9,-0.04453562572598457,3.041930913925171,6.431312084197998,0.34089982509613037,3.172534465789795,6.50264835357666,5,0.3647778034210205,1.852038025856018,0,0,0
monitored,64,10,0.06765611469745636,0.5813679099082947,6.4612555503845215,0.34089982509613037,0.6725337505340576,6.50264835357666,5,0.3647778034210205,1.852038025856018,0,0,0
monitored,64,11,1.3854106664657593,-0.6726909875869751,4.77710485458374,1.7281975746154785,-0.5774657726287842,4.840449810028076,5,0.3647778034210205,1.852038025856018,0,0,0
monitored,65,0,2.1217737197875977,1.858248233795166,5.2859110832214355,2.3400001525878906,1.929633378982544,5.327459812164307,5,0.3562580347061157,1.8544650077819824,0,0,0
monitored,65,1,4.18375301361084,1.8644911050796509,3.756014823913574,4.5084028244018555,1.929633378982544,3.8746931552886963,5,0.3562580347061157,1.8544650077819824,0,0,0
monitored,65,2,3.48883056640625,4.03995418548584,4.776031017303467,3.713644504547119,4.094696998596191,4.839504241943359,5,0.3562580347061157,1.8544650077819824,0,0,0
monitored,65,3,1.6477022171020508,3.9359493255615234,6.679525852203369,2.1241283416748047,4.094696998596191,6.769125461578369,5,0.3562580347061157,1.8544650077819824,0,0,0
monitored,65,4,0.9099939465522766,1.795524001121521,7.653111934661865,1.329370379447937,1.9296331405639648,7.733936309814453,5,0.3562580347061157,1.8544650077819824,0,0,0
monitored,65,5,1.8659358024597168,-0.31646740436553955,6.720667362213135,2.124128580093384,-0.23543024063110352,6.769124984741211,5,0.3562580347061157,1.8544650077819824,0,0,0
monitored,65,6,3.3731448650360107,-0.3195478916168213,4.749222278594971,3.713644504547119,-0.23543024063110352,4.839504241943359,5,0.3562580347061157,1.8544650077819824,0,0,0
monitored,65,7,2.867915630340576,2.9695887565612793,2.987551212310791,3.1376750469207764,3.179633378982544,3.179503917694092,5,0.3562580347061157,1.8544650077819824,0,0,0
monitored,65,8,1.3647959232330322,4.319066524505615,4.779034614562988,1.7611136436462402,4.429633140563965,4.850605010986328,5,0.3562580347061157,1.8544650077819824,0,0,0
monitored,65,9,0.004022218286991119,3.0592403411865234,6.453421592712402,0.3845524787902832,3.179633617401123,6.5217061042785645,5,0.3562580347061157,1.8544650077819824,0,0,0
monitored,65,10,0.11649277806282043,0.5961004495620728,6.482308864593506,0.3845524787902832,0.6796329021453857,6.5217061042785645,5,0.3562580347061157,1.8544650077819824,0,0,0
monitored,65,11,1.4190999269485474,-0.6527215838432312,4.7894134521484375,1.7611137628555298,-0.570366621017456,4.850605010986328,5,0.3562580347061157,1.8544650077819824,0,0,0
monitored,66,0,2.1577720642089844,1.8692576885223389,5.292695045471191,2.376000165939331,1.9359989166259766,5.33381986618042,5,0.3488011360168457,1.8508915901184082,0,0,0
monitored,66,1,4.217479228973389,1.879046082496643,3.7507705688476562,4.535438537597656,1.9359989166259766,3.8677611351013184,5,0.3488011360168457,1.8508915901184082,0,0,0
monitored,66,2,3.526777505874634,4.0501861572265625,4.772423267364502,3.7466213703155518,4.101062774658203,4.837435722351074,5,0.3488011360168457,1.8508915901184082,0,0,0
monitored,66,3,1.6974197626113892,3.9544785022735596,6.689029216766357,2.168987989425659,4.101062297821045,6.776784420013428,5,0.3488011360168457,1.8508915901184082,0,0,0
monitored,66,4,0.9591723084449768,1.809874176979065,7.666561603546143,1.3801714181900024,1.9359986782073975,7.746458530426025,5,0.3488011360168457,1.8508915901184082,0,0,0
monitored,66,5,1.9169752597808838,-0.3026871085166931,6.729828834533691,2.1689882278442383,-0.2290647029876709,6.7767839431762695,5,0.3488011360168457,1.8508915901184082,0,0,0
monitored,66,6,3.4113705158233643,-0.30393627285957336,4.7480902671813965,3.7466213703155518,-0.2290647029876709,4.837435722351074,5,0.3488011360168457,1.8508915901184082,0,0,0
monitored,66,7,2.8971073627471924,2.9819602966308594,3.040719747543335,3.160465955734253,3.1859989166259766,3.181004762649536,5,0.3488011360168457,1.8508915901184082,0,0,0
monitored,66,8,1.4030356407165527,4.33219051361084,4.792327880859375,1.7941954135894775,4.435998916625977,4.860529899597168,5,0.3488011360168457,1.8508915901184082,0,0,0
monitored,66,9,0.052374061197042465,3.0756263732910156,6.474740505218506,0.42792510986328125,3.1859989166259766,6.540055274963379,5,0.3488011360168457,1.8508915901184082,0,0,0
monitored,66,10,0.16508668661117554,0.6099064946174622,6.50238561630249,0.42792510986328125,0.6859984397888184,6.540055274963379,5,0.3488011360168457,1.8508915901184082,0,0,0
monitored,66,11,1.4463661909103394,-0.6370307207107544,4.800198554992676,1.794195532798767,-0.5640010833740234,4.860529899597168,5,0.3488011360168457,1.8508915901184082,0,0,0
monitored,67,0,2.19377064704895,1.879507064819336,5.299407958984375,2.4120001792907715,1.9416401386260986,5.3401031494140625,6,0.34201520681381226,1.8552050590515137,0,0,0
monitored,67,1,4.251335144042969,1.891823649406433,3.747332811355591,4.562837600708008,1.9416401386260986,3.8614556789398193,6,0.34201520681381226,1.8552050590515137,0,0,0
monitored,67,2,3.5646274089813232,4.05879545211792,4.7684221267700195,3.779698371887207,4.106703758239746,4.835721015930176,6,0.34201520681381226,1.8552050590515137,0,0,0
monitored,67,3,1.7391852140426636,3.969252586364746,6.69688606262207,2.2134203910827637,4.106703758239746,6.784252166748047,6,0.34201520681381226,1.8552050590515137,0,0,0
monitored,67,4,1.0170623064041138,1.8264185190200806,7.681585788726807,1.4302815198898315,1.9416399002075195,7.758517265319824,6,0.34201520681381226,1.8552050590515137,0,0,0
monitored,67,5,1.9669268131256104,-0.2900228798389435,6.7386698722839355,2.2134206295013428,-0.22342348098754883,6.784251689910889,6,0.34201520681381226,1.8552050590515137,0,0,0
monitored,67,6,3.4495649337768555,-0.2898509204387665,4.74746036529541,3.779698371887207,-0.22342348098754883,4.835721015930176,6,0.34201520681381226,1.8552050590515137,0,0,0
monitored,67,7,2.9181740283966064,3.0033175945281982,3.0923149585723877,3.183877468109131,3.1916401386260986,3.1827425956726074,6,0.34201520681381226,1.8552050590515137,0,0,0
monitored,67,8,1.4410128593444824,4.344402313232422,4.805479526519775,1.8274407386779785,4.4416399002075195,4.870219707489014,6,0.34201520681381226,1.8552050590515137,0,0,0
monitored,67,9,0.10050417482852936,3.0910894870758057,6.495239734649658,0.4710043668746948,3.1916403770446777,6.55769681930542,6,0.34201520681381226,1.8552050590515137,0,0,0
monitored,67,10,0.2058575451374054,0.6207887530326843,6.519999027252197,0.4710043668746948,0.6916396617889404,6.55769681930542,6,0.34201520681381226,1.8552050590515137,0,0,0
monitored,67,11,1.481969952583313,-0.619405210018158,4.813450336456299,1.827440857887268,-0.5583598613739014,4.870219707489014,6,0.34201520681381226,1.8552050590515137,0,0,0
monitored,68,0,2.229769468307495,1.889002799987793,5.30604887008667,2.447999954223633,1.9465675354003906,5.346308708190918,5,0.3359806537628174,1.8625341653823853,0,0,0
monitored,68,1,4.28552770614624,1.9030327796936035,3.7451250553131104,4.590615272521973,1.9465675354003906,3.855772018432617,5,0.3359806537628174,1.8625341653823853,0,0,0
monitored,68,2,3.5952799320220947,4.064760684967041,4.7637939453125,3.8128838539123535,4.111631393432617,4.834359645843506,5,0.3359806537628174,1.8625341653823853,0,0,0
monitored,68,3,1.789605736732483,3.9865145683288574,6.706273078918457,2.2574212551116943,4.111630916595459,6.791535377502441,5,0.3359806537628174,1.8625341653823853,0,0,0
monitored,68,4,1.0740137100219727,1.841921091079712,7.696034908294678,1.4796900749206543,1.9465672969818115,7.77012300491333,5,0.3359806537628174,1.8625341653823853,0,0,0
monitored,68,5,2.0163068771362305,-0.278331995010376,6.747297286987305,2.2574214935302734,-0.21849608421325684,6.791535377502441,5,0.3359806537628174,1.8625341653823853,0,0,0
monitored,68,6,3.4877302646636963,-0.27725738286972046,4.747340679168701,3.8128838539123535,-0.21849608421325684,4.834360122680664,5,0.3359806537628174,1.8625341653823853,0,0,0
monitored,68,7,2.9331772327423096,3.0317115783691406,3.138888120651245,3.2079174518585205,3.1965675354003906,3.184706211090088,5,0.3359806537628174,1.8625341653823853,0,0,0
monitored,68,8,1.4784408807754517,4.355797290802002,4.8181610107421875,1.8608472347259521,4.446567535400391,4.879670143127441,5,0.3359806537628174,1.8625341653823853,0,0,0
monitored,68,9,0.14084497094154358,3.103346824645996,6.513168811798096,0.5137772560119629,3.1965675354003906,6.574633598327637,5,0.3359806537628174,1.8625341653823853,0,0,0
monitored,68,10,0.25467565655708313,0.6329333782196045,6.540151119232178,0.5137772560119629,0.6965670585632324,6.574633598327637,5,0.3359806537628174,1.8625341653823853,0,0,0
monitored,68,11,1.517966866493225,-0.6038053035736084,4.826723575592041,1.8608472347259521,-0.5534324645996094,4.879669666290283,5,0.3359806537628174,1.8625341653823853,0,0,0
monitored,69,0,2.265768527984619,1.8977521657943726,5.312617301940918,2.4839999675750732,1.950791835784912,5.352435111999512,6,0.330843448638916,1.8652256727218628,0,0,0
monitored,69,1,4.312821865081787,1.9111379384994507,3.7426586151123047,4.6187849044799805,1.950791835784912,3.8507049083709717,6,0.330843448638916,1.8652256727218628,0,0,0
monitored,69,2,3.633953094482422,4.070947647094727,4.758968830108643,3.8461856842041016,4.1158552169799805,4.833349704742432,6,0.330843448638916,1.8652256727218628,0,0,0
monitored,69,3,1.839382290840149,4.002739906311035,6.715414047241211,2.300987720489502,4.1158552169799805,6.798639297485352,6,0.330843448638916,1.8652256727218628,0,0,0
monitored,69,4,1.1300691366195679,1.856398582458496,7.7099409103393555,1.5283887386322021,1.950791597366333,7.781284332275391,6,0.330843448638916,1.8652256727218628,0,0,0
monitored,69,5,2.065103054046631,-0.267616331577301,6.755721569061279,2.300987958908081,-0.21427178382873535,6.798639297485352,6,0.330843448638916,1.8652256727218628,0,0,0
monitored,69,6,3.5255353450775146,-0.26621103286743164,4.748106956481934,3.8461856842041016,-0.21427178382873535,4.83335018157959,6,0.330843448638916,1.8652256727218628,0,0,0
monitored,69,7,2.944575548171997,3.065066337585449,3.178579568862915,3.2325940132141113,3.200791835784912,3.186885118484497,6,0.330843448638916,1.8652256727218628,0,0,0
monitored,69,8,1.5087172985076904,4.364583492279053,4.828914165496826,1.8944129943847656,4.450791835784912,4.888875961303711,6,0.330843448638916,1.8652256727218628,0,0,0
monitored,69,9,0.18967530131340027,3.1173553466796875,6.532786846160889,0.5562323331832886,3.200791835784912,6.5908660888671875,6,0.330843448638916,1.8652256727218628,0,0,0
monitored,69,10,0.30272766947746277,0.64400315284729,6.558997631072998,0.5562323331832886,0.7007913589477539,6.5908660888671875,6,0.330843448638916,1.8652256727218628,0,0,0
monitored,69,11,1.5543913841247559,-0.5903145670890808,4.839922904968262,1.8944131135940552,-0.5492081642150879,4.888875484466553,6,0.330843448638916,1.8652256727218628,0,0,0
monitored,70,0,2.301767587661743,1.905762791633606,5.3191118240356445,2.5199999809265137,1.9543246030807495,5.358482360839844,5,0.32569268345832825,1.8677935600280762,0,0,0
monitored,70,1,4.348541736602783,1.919817566871643,3.7424216270446777,4.647359371185303,1.9543246030807495,3.8462514877319336,5,0.32569268345832825,1.8677935600280762,0,0,0
monitored,70,2,3.672140121459961,4.075906276702881,4.754280090332031,3.8796114921569824,4.119388103485107,4.832691192626953,5,0.32569268345832825,1.8677935600280762,0,0,0
monitored,70,3,1.8885453939437866,4.017948150634766,6.724323272705078,2.344115972518921,4.119388103485107,6.805570602416992,5,0.32569268345832825,1.8677935600280762,0,0,0
monitored,70,4,1.1848912239074707,1.8699032068252563,7.723140239715576,1.5763683319091797,1.9543243646621704,7.792010307312012,5,0.32569268345832825,1.8677935600280762,0,0,0
monitored,70,5,2.113327741622925,-0.2578730881214142,6.763955593109131,2.3441162109375,-0.21073901653289795,6.805570602416992,5,0.32569268345832825,1.8677935600280762,0,0,0
monitored,70,6,3.5633931159973145,-0.25652220845222473,4.749485015869141,3.8796114921569824,-0.21073901653289795,4.832691669464111,5,0.32569268345832825,1.8677935600280762,0,0,0
monitored,70,7,2.9507904052734375,3.095740556716919,3.208932399749756,3.2579140663146973,3.204324722290039,3.18927001953125,5,0.32569268345832825,1.8677935600280762,0,0,0
monitored,70,8,1.547153115272522,4.375291347503662,4.841485023498535,1.9281361103057861,4.454324722290039,4.897833824157715,5,0.32569268345832825,1.8677935600280762,0,0,0
monitored,70,9,0.2379712462425232,3.1303038597106934,6.551531791687012,0.5983580350875854,3.204324722290039,6.60639762878418,5,0.32569268345832825,1.8677935600280762,0,0,0
monitored,70,10,0.35048386454582214,0.6541205048561096,6.576715469360352,0.5983580350875854,0.7043241262435913,6.60639762878418,5,0.32569268345832825,1.8677935600280762,0,0,0
monitored,70,11,1.5912753343582153,-0.5789852142333984,4.852911472320557,1.9281361103057861,-0.5456753969192505,4.897833824157715,5,0.32569268345832825,1.8677935600280762,0,0,0
monitored,71,0,2.3377668857574463,1.9130431413650513,5.325531482696533,2.556000232696533,1.9571774005889893,5.364449501037598,5,0.3214327096939087,1.8706409931182861,0,0,0
monitored,71,1,4.3841400146484375,1.9268343448638916,3.743516206741333,4.676351070404053,1.9571774005889893,3.842406988143921,5,0.3214327096939087,1.8706409931182861,0,0,0
monitored,71,2,3.7096612453460693,4.0800042152404785,4.750932216644287,3.913168430328369,4.122241020202637,4.832383155822754,5,0.3214327096939087,1.8706409931182861,0,0,0
monitored,71,3,1.9371182918548584,4.032157897949219,6.733013153076172,2.386803150177002,4.122241020202637,6.812335014343262,5,0.3214327096939087,1.8706409931182861,0,0,0
monitored,71,4,1.2390053272247314,1.8824774026870728,7.7358574867248535,1.6236207485198975,1.9571771621704102,7.802310943603516,5,0.3214327096939087,1.8706409931182861,0,0,0
monitored,71,5,2.160989284515381,-0.2491007000207901,6.77200984954834,2.386803388595581,-0.2078862190246582,6.812335014343262,5,0.3214327096939087,1.8706409931182861,0,0,0
monitored,71,6,3.5941338539123535,-0.24949829280376434,4.750161170959473,3.91316819190979,-0.2078862190246582,4.832383155822754,5,0.3214327096939087,1.8706409931182861,0,0,0
monitored,71,7,2.9608237743377686,3.1348073482513428,3.2342798709869385,3.2838854789733887,3.2071774005889893,3.1918513774871826,5,0.3214327096939087,1.8706409931182861,0,0,0
monitored,71,8,1.585248351097107,4.38546895980835,4.853560924530029,1.9620145559310913,4.45717716217041,4.9065399169921875,5,0.3214327096939087,1.8706409931182861,0,0,0
monitored,71,9,0.2857583463191986,3.142209529876709,6.569443702697754,0.640143632888794,3.2071776390075684,6.6212286949157715,5,0.3214327096939087,1.8706409931182861,0,0,0
monitored,71,10,0.3979117274284363,0.66328364610672,6.5933051109313965,0.640143632888794,0.707176923751831,6.6212286949157715,5,0.3214327096939087,1.8706409931182861,0,0,0
monitored,71,11,1.6283552646636963,-0.5699019432067871,4.865249156951904,1.9620146751403809,-0.5428225994110107,4.9065399169921875,5,0.3214327096939087,1.8706409931182861,0,0,0
monitored,72,0,2.3737664222717285,1.9196019172668457,5.331875801086426,2.5920002460479736,1.9593623876571655,5.370335102081299,8,0.33752405643463135,1.8722859621047974,0,0,0
monitored,72,1,4.398523807525635,1.929057240486145,3.74088191986084,4.705770015716553,1.9593623876571655,3.8391666412353516,8,0.33752405643463135,1.8722859621047974,0,0,0
monitored,72,2,3.726473808288574,4.080825328826904,4.746223449707031,3.94686222076416,4.124425888061523,4.832423210144043,8,0.33752405643463135,1.8722859621047974,0,0,0
monitored,72,3,1.9626057147979736,4.038825511932373,6.73738956451416,2.429046154022217,4.124425888061523,6.818936347961426,8,0.33752405643463135,1.8722859621047974,0,0,0
monitored,72,4,1.2693935632705688,1.8885407447814941,7.743746757507324,1.6701383590698242,1.9593621492385864,7.812192916870117,8,0.33752405643463135,1.8722859621047974,0,0,0
monitored,72,5,2.178485870361328,-0.2467045933008194,6.774752616882324,2.429046392440796,-0.20570123195648193,6.818936347961426,8,0.33752405643463135,1.8722859621047974,0,0,0
monitored,72,6,3.6119143962860107,-0.2459869384765625,4.7487664222717285,3.946861982345581,-0.20570123195648193,4.832423210144043,8,0.33752405643463135,1.8722859621047974,0,0,0
monitored,72,7,2.9594929218292236,3.1581292152404785,3.249992609024048,3.3105132579803467,3.209362506866455,3.1946194171905518,8,0.33752405643463135,1.8722859621047974,0,0,0
monitored,72,8,1.6021367311477661,4.38962984085083,4.860437870025635,1.9960461854934692,4.459362506866455,4.914990425109863,8,0.33752405643463135,1.8722859621047974,0,0,0
monitored,72,9,0.31072190403938293,3.147854804992676,6.581442356109619,0.6815791130065918,3.209362506866455,6.635361194610596,8,0.33752405643463135,1.8722859621047974,0,0,0
monitored,72,10,0.42245256900787354,0.6675202250480652,6.604775905609131,0.6815791130065918,0.7093619108200073,6.635361194610596,8,0.33752405643463135,1.8722859621047974,0,0,0
monitored,72,11,1.644974708557129,-0.5664120316505432,4.872514724731445,1.9960463047027588,-0.5406376123428345,4.914990425109863,8,0.33752405643463135,1.8722859621047974,0,0,0
monitored,73,0,2.4097659587860107,1.9254486560821533,5.338143348693848,2.628000259399414,1.9608922004699707,5.376138210296631,8,0.3510088324546814,1.8681434392929077,0,0,0
monitored,73,1,4.416507720947266,1.9316365718841553,3.738694429397583,4.7356276512146,1.9608922004699707,3.8365259170532227,8,0.3510088324546814,1.8681434392929077,0,0,0
monitored,73,2,3.7467212677001953,4.0819172859191895,4.7413458824157715,3.980699300765991,4.125955581665039,4.832810401916504,8,0.3510088324546814,1.8681434392929077,0,0,0
monitored,73,3,1.9917774200439453,4.046344757080078,6.74239444732666,2.4708425998687744,4.125955581665039,6.825380325317383,8,0.3510088324546814,1.8681434392929077,0,0,0
monitored,73,4,1.295552134513855,1.893209457397461,7.750732421875,1.7159143686294556,1.9608919620513916,7.821664810180664,8,0.3510088324546814,1.8681434392929077,0,0,0
monitored,73,5,2.2084808349609375,-0.24208834767341614,6.7796125411987305,2.4708428382873535,-0.20417141914367676,6.825379848480225,8,0.3510088324546814,1.8681434392929077,0,0,0
monitored,73,6,3.633314371109009,-0.2420114427804947,4.747812747955322,3.980699300765991,-0.20417141914367676,4.832810878753662,8,0.3510088324546814,1.8681434392929077,0,0,0
monitored,73,7,2.9596407413482666,3.1842973232269287,3.262484312057495,3.337803602218628,3.2108922004699707,3.1975655555725098,8,0.3510088324546814,1.8681434392929077,0,0,0
monitored,73,8,1.6226037740707397,4.394776344299316,4.868163108825684,2.030229330062866,4.460892200469971,4.923181056976318,8,0.3510088324546814,1.8681434392929077,0,0,0
monitored,73,9,0.33916500210762024,3.1540653705596924,6.594320774078369,0.7226552963256836,3.2108922004699707,6.648797035217285,8,0.3510088324546814,1.8681434392929077,0,0,0
monitored,73,10,0.4505056142807007,0.6721266508102417,6.617236614227295,0.7226552963256836,0.7108917236328125,6.648797035217285,8,0.3510088324546814,1.8681434392929077,0,0,0
monitored,73,11,1.65837824344635,-0.56415855884552,4.879039287567139,2.0302295684814453,-0.5391077995300293,4.923181056976318,8,0.3510088324546814,1.8681434392929077,0,0,0
monitored,74,0,2.445765495300293,1.9305931329727173,5.344333648681641,2.6640000343322754,1.9617799520492554,5.381858825683594,9,0.36588454246520996,1.8758455514907837,0,0,0
monitored,74,1,4.437466621398926,1.9342087507247925,3.737013339996338,4.765933036804199,1.9617799520492554,3.834481716156006,9,0.36588454246520996,1.8758455514907837,0,0,0
monitored,74,2,3.769447088241577,4.083215236663818,4.7368083000183105,4.01468563079834,4.126843452453613,4.833544731140137,9,0.36588454246520996,1.8758455514907837,0,0,0
monitored,74,3,2.01635479927063,4.05220365524292,6.746512413024902,2.5121898651123047,4.126843452453613,6.831670761108398,9,0.36588454246520996,1.8758455514907837,0,0,0
monitored,74,4,1.3333790302276611,1.9005056619644165,7.759947776794434,1.7609422206878662,1.9617797136306763,7.830733299255371,9,0.36588454246520996,1.8758455514907837,0,0,0
monitored,74,5,2.3237860202789307,-0.23746341466903687,6.666946887969971,2.512190103530884,-0.2032836675643921,6.83167028427124,9,0.36588454246520996,1.8758455514907837,0,0,0
monitored,74,6,3.574981689453125,-0.2379075139760971,4.86517333984375,4.01468563079834,-0.2032836675643921,4.833544731140137,9,0.36588454246520996,1.8758455514907837,0,0,0
monitored,74,7,2.961681842803955,3.2126026153564453,3.2711212635040283,3.3657615184783936,3.211780071258545,3.2006824016571045,9,0.36588454246520996,1.8758455514907837,0,0,0
monitored,74,8,1.6459816694259644,4.400638580322266,4.876481056213379,2.0645623207092285,4.461780071258545,4.931110382080078,9,0.36588454246520996,1.8758455514907837,0,0,0
monitored,74,9,0.37036198377609253,3.1605398654937744,6.607821464538574,0.7633631229400635,3.211780071258545,6.661538124084473,9,0.36588454246520996,1.8758455514907837,0,0,0
monitored,74,10,0.4739048182964325,0.6755590438842773,6.628750801086426,0.7633631229400635,0.7117794752120972,6.661538124084473,9,0.36588454246520996,1.8758455514907837,0,0,0
monitored,74,11,1.6828467845916748,-0.5603073835372925,4.888154029846191,2.0645623207092285,-0.5382200479507446,4.93110990524292,9,0.36588454246520996,1.8758455514907837,0,0,0
monitored,75,0,2.481765031814575,1.935045838356018,5.35044527053833,2.700000047683716,1.9620388746261597,5.387495517730713,8,0.38844022154808044,1.8228613138198853,0,0,0
monitored,75,1,4.460850715637207,1.936527967453003,3.735685348510742,4.796695709228516,1.9620388746261597,3.83302903175354,8,0.38844022154808044,1.8228613138198853,0,0,0
monitored,75,2,3.787658214569092,4.08388090133667,4.732117176055908,4.048826217651367,4.127102375030518,4.834623336791992,8,0.38844022154808044,1.8228613138198853,0,0,0
monitored,75,3,2.052105188369751,4.060863971710205,6.752600193023682,2.553086757659912,4.127102375030518,6.837811470031738,8,0.38844022154808044,1.8228613138198853,0,0,0
monitored,75,4,1.3731495141983032,1.9078086614608765,7.769410610198975,1.8052172660827637,1.9620386362075806,7.8394060134887695,8,0.38844022154808044,1.8228613138198853,0,0,0
monitored,75,5,2.421381950378418,-0.23676565289497375,6.545027256011963,2.553086996078491,-0.2030247449874878,6.837811470031738,8,0.38844022154808044,1.8228613138198853,0,0,0
monitored,75,6,3.5203094482421875,-0.23135188221931458,4.996732711791992,4.048826217651367,-0.2030247449874878,4.834623336791992,8,0.38844022154808044,1.8228613138198853,0,0,0
monitored,75,7,2.965975284576416,3.242307186126709,3.2754006385803223,3.3943915367126465,3.212038993835449,3.2039616107940674,8,0.38844022154808044,1.8228613138198853,0,0,0
monitored,75,8,1.6717312335968018,4.407007217407227,4.885170936584473,2.099043369293213,4.462038993835449,4.9387736320495605,8,0.38844022154808044,1.8228613138198853,0,0,0
monitored,75,9,0.39638423919677734,3.165499210357666,6.619822978973389,0.8036953210830688,3.212038993835449,6.673585891723633,8,0.38844022154808044,1.8228613138198853,0,0,0
monitored,75,10,0.5077925324440002,0.6803256273269653,6.643789768218994,0.8036953210830688,0.7120383977890015,6.673585891723633,8,0.38844022154808044,1.8228613138198853,0,0,0
monitored,75,11,1.7098510265350342,-0.5571343898773193,4.897632122039795,2.099043369293213,-0.5379611253738403,4.9387736320495605,8,0.38844022154808044,1.8228613138198853,0,0,0
monitored,76,0,2.5177648067474365,1.9388176202774048,5.356477737426758,2.7360000610351562,1.9616830348968506,5.393047332763672,9,0.41428110003471375,1.6211637258529663,0,0,0
monitored,76,1,4.479353904724121,1.9376938343048096,3.733680009841919,4.827923774719238,1.9616830348968506,3.8321645259857178,9,0.41428110003471375,1.6211637258529663,0,0,0
monitored,76,2,3.8157222270965576,4.085326194763184,4.72721004486084,4.083126068115234,4.126746654510498,4.836045265197754,9,0.41428110003471375,1.6211637258529663,0,0,0
monitored,76,3,2.088994264602661,4.069389820098877,6.758843898773193,2.5935306549072266,4.12674617767334,6.843806743621826,9,0.41428110003471375,1.6211637258529663,0,0,0
monitored,76,4,1.414348840713501,1.9149377346038818,7.7789998054504395,1.8487330675125122,1.9616827964782715,7.847687721252441,9,0.41428110003471375,1.6211637258529663,0,0,0
monitored,76,5,2.5016767978668213,-0.23714317381381989,6.435100555419922,2.5935308933258057,-0.20338058471679688,6.843806266784668,9,0.41428110003471375,1.6211637258529663,0,0,0
monitored,76,6,3.4503908157348633,-0.2304631769657135,5.120540142059326,4.083126068115234,-0.20338058471679688,4.836045265197754,9,0.41428110003471375,1.6211637258529663,0,0,0
monitored,76,7,2.973690986633301,3.272418737411499,3.274515151977539,3.423699140548706,3.2116830348968506,3.2073965072631836,9,0.41428110003471375,1.6211637258529663,0,0,0
monitored,76,8,1.692531943321228,4.412038803100586,4.892475128173828,2.133671522140503,4.46168327331543,4.946168899536133,9,0.41428110003471375,1.6211637258529663,0,0,0
monitored,76,9,0.43248939514160156,3.1721529960632324,6.6342267990112305,0.8436441421508789,3.2116832733154297,6.684940814971924,9,0.41428110003471375,1.6211637258529663,0,0,0
monitored,76,10,0.5426032543182373,0.6846473217010498,6.66010856628418,0.8436441421508789,0.7116825580596924,6.684940814971924,9,0.41428110003471375,1.6211637258529663,0,0,0
monitored,76,11,1.7389302253723145,-0.5548503398895264,4.9072442054748535,2.133671760559082,-0.5383169651031494,4.946168899536133,9,0.41428110003471375,1.6211637258529663,0,0,0
monitored,77,0,2.553764581680298,1.9419199228286743,5.362430095672607,2.7720000743865967,1.9607261419296265,5.398514270782471,8,0.4371708333492279,1.3848694562911987,0,0,0
monitored,77,1,4.507274627685547,1.9393346309661865,3.7329559326171875,4.859623908996582,1.9607261419296265,3.83188533782959,8,0.4371708333492279,1.3848694562911987,0,0,0
monitored,77,2,3.844841241836548,4.086705684661865,4.721831321716309,4.117589473724365,4.125789642333984,4.837810039520264,8,0.4371708333492279,1.3848694562911987,0,0,0
monitored,77,3,2.12716007232666,4.077694892883301,6.765254974365234,2.6335203647613525,4.125789642333984,6.8496599197387695,8,0.4371708333492279,1.3848694562911987,0,0,0
monitored,77,4,1.4565398693084717,1.9217272996902466,7.788633823394775,1.8914861679077148,1.9607259035110474,7.855584621429443,8,0.4371708333492279,1.3848694562911987,0,0,0
monitored,77,5,2.5708982944488525,-0.23705697059631348,6.343772888183594,2.6335206031799316,-0.204337477684021,6.8496599197387695,8,0.4371708333492279,1.3848694562911987,0,0,0
monitored,77,6,3.381662368774414,-0.23282445967197418,5.221049785614014,4.117588996887207,-0.204337477684021,4.837810516357422,8,0.4371708333492279,1.3848694562911987,0,0,0
monitored,77,7,2.9805567264556885,3.2982048988342285,3.2699787616729736,3.453686475753784,3.210726261138916,3.2109806537628174,8,0.4371708333492279,1.3848694562911987,0,0,0
monitored,77,8,1.7230194807052612,4.419252872467041,4.901836395263672,2.168445110321045,4.460726261138916,4.953293800354004,8,0.4371708333492279,1.3848694562911987,0,0,0
monitored,77,9,0.46972155570983887,3.1784369945526123,6.648678302764893,0.8832037448883057,3.210726261138916,6.695606231689453,8,0.4371708333492279,1.3848694562911987,0,0,0
monitored,77,10,0.5776782631874084,0.6886799335479736,6.675610542297363,0.8832037448883057,0.7107256650924683,6.695606231689453,8,0.4371708333492279,1.3848694562911987,0,0,0
monitored,77,11,1.7696855068206787,-0.5535637140274048,4.916784763336182,2.168445110321045,-0.5392738580703735,4.953293800354004,8,0.4371708333492279,1.3848694562911987,0,0,0
monitored,78,0,2.589764356613159,1.9443644285202026,5.3683013916015625,2.808000087738037,1.9591830968856812,5.403894424438477,8,0.4565979838371277,1.1874268054962158,0,0,0
monitored,78,1,4.536401271820068,1.9402810335159302,3.7322371006011963,4.891802787780762,1.9591830968856812,3.832186460494995,8,0.4565979838371277,1.1874268054962158,0,0,0
monitored,78,2,3.874378204345703,4.088776588439941,4.718565940856934,4.152219772338867,4.124246597290039,4.8399152755737305,8,0.4565979838371277,1.1874268054962158,0,0,0
monitored,78,3,2.166266441345215,4.085638523101807,6.771773815155029,2.6730546951293945,4.124246597290039,6.855372905731201,8,0.4565979838371277,1.1874268054962158,0,0,0
monitored,78,4,1.4993884563446045,1.9280576705932617,7.798247814178467,1.933471918106079,1.959182858467102,7.863101959228516,8,0.4565979838371277,1.1874268054962158,0,0,0
monitored,78,5,2.63149356842041,-0.23672619462013245,6.268257141113281,2.6730549335479736,-0.2058805227279663,6.855372428894043,8,0.4565979838371277,1.1874268054962158,0,0,0
monitored,78,6,3.3204832077026367,-0.2360115796327591,5.30116081237793,4.152219772338867,-0.2058805227279663,4.8399152755737305,8,0.4565979838371277,1.1874268054962158,0,0,0
monitored,78,7,2.997410774230957,3.3265671730041504,3.2585995197296143,3.4843575954437256,3.2091832160949707,3.214707374572754,8,0.4565979838371277,1.1874268054962158,0,0,0
monitored,78,8,1.7543052434921265,4.426424980163574,4.91079568862915,2.2033627033233643,4.459183216094971,4.960144996643066,8,0.4565979838371277,1.1874268054962158,0,0,0
monitored,78,9,0.5077564716339111,3.1842377185821533,6.663094520568848,0.922368049621582,3.2091832160949707,6.705582618713379,8,0.4565979838371277,1.1874268054962158,0,0,0
monitored,78,10,0.6131106615066528,0.6924052238464355,6.690288543701172,0.922368049621582,0.709182620048523,6.705582618713379,8,0.4565979838371277,1.1874268054962158,0,0,0
monitored,78,11,1.801771879196167,-0.5532872080802917,4.926084995269775,2.2033627033233643,-0.5408169031143188,4.960144996643066,8,0.4565979838371277,1.1874268054962158,0,0,0
monitored,79,0,2.6005642414093018,1.944904088973999,5.370038032531738,2.8439998626708984,1.9570685625076294,5.409188270568848,8,0.4817754924297333,1.1367130279541016,1,1,0
monitored,79,1,4.5490264892578125,1.940396785736084,3.731802463531494,4.924466133117676,1.9570685625076294,3.833065986633301,8,0.4817754924297333,1.1367130279541016,1,1,0
monitored,79,2,3.8870303630828857,4.0899481773376465,4.7181549072265625,4.187021255493164,4.122132301330566,4.842360496520996,8,0.4817754924297333,1.1367130279541016,1,1,0
monitored,79,3,2.1829710006713867,4.088776588439941,6.774537563323975,2.712131977081299,4.122131824493408,6.860949516296387,8,0.4817754924297333,1.1367130279541016,1,1,0
monitored,79,4,1.5171095132827759,1.930547833442688,7.802059650421143,1.9746873378753662,1.9570683240890503,7.870244026184082,8,0.4817754924297333,1.1367130279541016,1,1,0
monitored,79,5,2.6476409435272217,-0.23678423464298248,6.248356819152832,2.712132215499878,-0.20799505710601807,6.860949516296387,8,0.4817754924297333,1.1367130279541016,1,1,0
monitored,79,6,3.3062820434570312,-0.23675334453582764,5.3219075202941895,4.187021255493164,-0.20799505710601807,4.842360496520996,8,0.4817754924297333,1.1367130279541016,1,1,0
monitored,79,7,3.007514238357544,3.336803913116455,3.2514688968658447,3.515714645385742,3.20706844329834,3.2185721397399902,8,0.4817754924297333,1.1367130279541016,1,1,0
monitored,79,8,1.7678757905960083,4.429399013519287,4.914461612701416,2.2384231090545654,4.45706844329834,4.966721534729004,8,0.4817754924297333,1.1367130279541016,1,1,0
monitored,79,9,0.5236837267875671,3.186493396759033,6.668591499328613,0.9611316919326782,3.207068681716919,6.714870929718018,8,0.4817754924297333,1.1367130279541016,1,1,0
monitored,79,10,0.6281110048294067,0.6938793659210205,6.695844650268555,0.9611316919326782,0.7070680856704712,6.714870929718018,8,0.4817754924297333,1.1367130279541016,1,1,0
monitored,79,11,1.8156704902648926,-0.5535615086555481,4.929853916168213,2.2384231090545654,-0.5429314374923706,4.966721534729004,8,0.4817754924297333,1.1367130279541016,1,1,0
monitored,80,0,2.6124346256256104,1.9453073740005493,5.371922492980957,2.880000114440918,1.9543970823287964,5.414393901824951,8,0.501766562461853,1.1440136432647705,1,1,0
monitored,80,1,4.562950134277344,1.9406466484069824,3.731813430786133,4.957618713378906,1.9543970823287964,3.834520101547241,8,0.501766562461853,1.1440136432647705,1,1,0
monitored,80,2,3.901268482208252,4.0914411544799805,4.7183451652526855,4.221996307373047,4.119460582733154,4.845143795013428,8,0.501766562461853,1.1440136432647705,1,1,0
monitored,80,3,2.2016518115997314,4.092094421386719,6.777614116668701,2.7507519721984863,4.119460582733154,6.866391181945801,8,0.501766562461853,1.1440136432647705,1,1,0
monitored,80,4,1.5337210893630981,1.932796597480774,7.80563497543335,2.015130043029785,1.9543968439102173,7.87701416015625,8,0.501766562461853,1.1440136432647705,1,1,0
monitored,80,5,2.6526083946228027,-0.23638199269771576,6.250538349151611,2.7507522106170654,-0.21066653728485107,6.866390705108643,8,0.501766562461853,1.1440136432647705,1,1,0
monitored,80,6,3.3126988410949707,-0.2371239960193634,5.316168308258057,4.221996307373047,-0.21066653728485107,4.845143795013428,8,0.501766562461853,1.1440136432647705,1,1,0
monitored,80,7,3.020719528198242,3.3462133407592773,3.2426247596740723,3.5477609634399414,3.204397201538086,3.222569227218628,8,0.501766562461853,1.1440136432647705,1,1,0
monitored,80,8,1.7832304239273071,4.432641506195068,4.918503284454346,2.2736258506774902,4.454397201538086,4.973020553588867,8,0.501766562461853,1.1440136432647705,1,1,0
monitored,80,9,0.541293203830719,3.188873052597046,6.674274921417236,0.9994909763336182,3.204397201538086,6.723471641540527,8,0.501766562461853,1.1440136432647705,1,1,0
monitored,80,10,0.6449449062347412,0.6954302191734314,6.701658725738525,0.9994909763336182,0.7043966054916382,6.723471641540527,8,0.501766562461853,1.1440136432647705,1,1,0
monitored,80,11,1.8284860849380493,-0.5539923906326294,4.933285236358643,2.2736258506774902,-0.5456029176712036,4.973020553588867,8,0.501766562461853,1.1440136432647705,1,1,0
monitored,81,0,2.6253299713134766,1.9455569982528687,5.373944282531738,2.9160001277923584,1.9511842727661133,5.419511318206787,9,0.5210955142974854,1.139640212059021,1,1,0
monitored,81,1,4.578160762786865,1.9409637451171875,3.7322704792022705,4.991264343261719,1.9511842727661133,3.8365464210510254,9,0.5210955142974854,1.139640212059021,1,1,0
monitored,81,2,3.9169273376464844,4.093308925628662,4.71950101852417,4.257147312164307,4.11624813079834,4.848263740539551,9,0.5210955142974854,1.139640212059021,1,1,0
monitored,81,3,2.21901535987854,4.0950751304626465,6.780457496643066,2.7889137268066406,4.116247653961182,6.871699333190918,9,0.5210955142974854,1.139640212059021,1,1,0
monitored,81,4,1.5548025369644165,1.93557608127594,7.809907913208008,2.0547971725463867,1.9511840343475342,7.883416652679443,9,0.5210955142974854,1.139640212059021,1,1,0
monitored,81,5,2.6640501022338867,-0.235738605260849,6.247702121734619,2.7889139652252197,-0.21387934684753418,6.87169885635376,9,0.5210955142974854,1.139640212059021,1,1,0
monitored,81,6,3.318162679672241,-0.23717720806598663,5.314474105834961,4.257147312164307,-0.21387934684753418,4.848263740539551,9,0.5210955142974854,1.139640212059021,1,1,0
monitored,81,7,3.0373337268829346,3.3539915084838867,3.23209285736084,3.5804970264434814,3.2011842727661133,3.2266950607299805,9,0.5210955142974854,1.139640212059021,1,1,0
monitored,81,8,1.799891710281372,4.436056137084961,4.922548294067383,2.308969497680664,4.451184272766113,4.97904109954834,9,0.5210955142974854,1.139640212059021,1,1,0
monitored,81,9,0.560494601726532,3.19130802154541,6.6800665855407715,1.0374419689178467,3.2011842727661133,6.731387138366699,9,0.5210955142974854,1.139640212059021,1,1,0
monitored,81,10,0.6606598496437073,0.6968166828155518,6.706997394561768,1.0374419689178467,0.7011837959289551,6.731387138366699,9,0.5210955142974854,1.139640212059021,1,1,0
monitored,81,11,1.8453125953674316,-0.5541179180145264,4.937021732330322,2.308969497680664,-0.5488157272338867,4.97904109954834,9,0.5210955142974854,1.139640212059021,1,1,0
monitored,82,0,2.639206886291504,1.9456372261047363,5.37609338760376,2.952000141143799,1.9474455118179321,5.424539566040039,8,0.5387837290763855,1.1364669799804688,1,1,0
monitored,82,1,4.594634532928467,1.9413063526153564,3.733182668685913,5.025406837463379,1.9474455118179321,3.839142084121704,8,0.5387837290763855,1.1364669799804688,1,1,0
monitored,82,2,3.931366443634033,4.095177173614502,4.720999240875244,4.292476654052734,4.112509250640869,4.851719856262207,8,0.5387837290763855,1.1364669799804688,1,1,0
monitored,82,3,2.240492343902588,4.098575592041016,6.783999919891357,2.8266167640686035,4.112508773803711,6.876875400543213,8,0.5387837290763855,1.1364669799804688,1,1,0
monitored,82,4,1.5773462057113647,1.938366413116455,7.814347743988037,2.093686819076538,1.947445273399353,7.889452934265137,8,0.5387837290763855,1.1364669799804688,1,1,0
monitored,82,5,2.677987813949585,-0.23482167720794678,6.247090816497803,2.8266167640686035,-0.21761810779571533,6.876874923706055,8,0.5387837290763855,1.1364669799804688,1,1,0
monitored,82,6,3.3256726264953613,-0.23696739971637726,5.31325101852417,4.292476654052734,-0.21761810779571533,4.851719856262207,8,0.5387837290763855,1.1364669799804688,1,1,0
monitored,82,7,3.0575053691864014,3.3591713905334473,3.220174551010132,3.6139254570007324,3.1974453926086426,3.230945587158203,8,0.5387837290763855,1.1364669799804688,1,1,0
monitored,82,8,1.817844033241272,4.439573287963867,4.926576137542725,2.3444533348083496,4.447445392608643,4.984781742095947,8,0.5387837290763855,1.1364669799804688,1,1,0
monitored,82,9,0.5783544778823853,3.1934814453125,6.685378551483154,1.074981689453125,3.1974456310272217,6.738617420196533,8,0.5387837290763855,1.1364669799804688,1,1,0
monitored,82,10,0.681172788143158,0.6984429955482483,6.712581157684326,1.074981689453125,0.6974450349807739,6.738617420196533,8,0.5387837290763855,1.1364669799804688,1,1,0
monitored,82,11,1.8635244369506836,-0.5543172955513,4.940696716308594,2.3444535732269287,-0.5525544881820679,4.984781742095947,8,0.5387837290763855,1.1364669799804688,1,1,0
monitored,83,0,2.6540236473083496,1.9455335140228271,5.378361225128174,2.9880001544952393,1.9431965351104736,5.429477691650391,9,0.5543667078018188,1.1368985176086426,1,1,0
monitored,83,1,4.609745502471924,1.9415578842163086,3.734128952026367,5.0600481033325195,1.9431965351104736,3.8423047065734863,9,0.5543667078018188,1.1368985176086426,1,1,0
monitored,83,2,3.9500651359558105,4.097929000854492,4.7248101234436035,4.327985763549805,4.108260154724121,4.855510234832764,9,0.5543667078018188,1.1368985176086426,1,1,0
monitored,83,3,2.2629990577697754,4.102060317993164,6.787716865539551,2.863860845565796,4.108260154724121,6.881920337677002,9,0.5543667078018188,1.1368985176086426,1,1,0
monitored,83,4,1.601223349571228,1.9411053657531738,7.818902015686035,2.131798505783081,1.9431962966918945,7.895125389099121,9,0.5543667078018188,1.1368985176086426,1,1,0
monitored,83,5,2.6972501277923584,-0.23321394622325897,6.254726409912109,2.863861083984375,-0.22186708450317383,6.881919860839844,9,0.5543667078018188,1.1368985176086426,1,1,0
monitored,83,6,3.3342318534851074,-0.23674845695495605,5.3130364418029785,4.327985763549805,-0.22186708450317383,4.855510234832764,9,0.5543667078018188,1.1368985176086426,1,1,0
monitored,83,7,3.081200122833252,3.36063289642334,3.207768201828003,3.6480462551116943,3.1931965351104736,3.2353177070617676,9,0.5543667078018188,1.1368985176086426,1,1,0
monitored,83,8,1.8344240188598633,4.442755699157715,4.93017578125,2.3800768852233887,4.4431962966918945,4.990240573883057,9,0.5543667078018188,1.1368985176086426,1,1,0
monitored,83,9,0.6005764603614807,3.1959011554718018,6.691060543060303,1.1121079921722412,3.1931967735290527,6.7451629638671875,9,0.5543667078018188,1.1368985176086426,1,1,0
monitored,83,10,0.7033082842826843,0.6999915242195129,6.717493534088135,1.1121079921722412,0.6931960582733154,6.7451629638671875,9,0.5543667078018188,1.1368985176086426,1,1,0
monitored,83,11,1.8830689191818237,-0.554602861404419,4.944248199462891,2.3800771236419678,-0.5568034648895264,4.990240097045898,9,0.5543667078018188,1.1368985176086426,1,1,0
monitored,84,0,2.6697402000427246,1.9452327489852905,5.380738735198975,3.0240001678466797,1.9384530782699585,5.434325218200684,8,0.5679639577865601,1.1441917419433594,1,1,0
monitored,84,1,4.628714561462402,1.9419937133789062,3.7362239360809326,5.095190048217773,1.9384530782699585,3.8460326194763184,8,0.5679639577865601,1.1441917419433594,1,1,0
monitored,84,2,3.969848871231079,4.101153373718262,4.730635166168213,4.363675117492676,4.103516578674316,4.859633445739746,8,0.5679639577865601,1.1441917419433594,1,1,0
monitored,84,3,2.2866554260253906,4.105456829071045,6.791617393493652,2.9006459712982178,4.103516578674316,6.886834621429443,8,0.5679639577865601,1.1441917419433594,1,1,0
monitored,84,4,1.6263086795806885,1.9437355995178223,7.823507785797119,2.1691315174102783,1.9384528398513794,7.900435447692871,8,0.5679639577865601,1.1441917419433594,1,1,0
monitored,84,5,2.717449426651001,-0.2309553623199463,6.273881435394287,2.900646209716797,-0.22661054134368896,6.886834621429443,8,0.5679639577865601,1.1441917419433594,1,1,0
monitored,84,6,3.3431572914123535,-0.23656854033470154,5.3159499168396,4.363675117492676,-0.22661054134368896,4.859633445739746,8,0.5679639577865601,1.1441917419433594,1,1,0
monitored,84,7,3.1041765213012695,3.3600029945373535,3.1960268020629883,3.6828598976135254,3.188453197479248,3.2398085594177246,8,0.5679639577865601,1.1441917419433594,1,1,0
monitored,84,8,1.855064034461975,4.446320533752441,4.934132099151611,2.415839672088623,4.438453197479248,4.995416641235352,8,0.5679639577865601,1.1441917419433594,1,1,0
monitored,84,9,0.6241472363471985,3.198190927505493,6.6964826583862305,1.1488194465637207,3.188453197479248,6.75102424621582,8,0.5679639577865601,1.1441917419433594,1,1,0
monitored,84,10,0.7249284982681274,0.7013395428657532,6.721510887145996,1.1488194465637207,0.6884526014328003,6.75102424621582,8,0.5679639577865601,1.1441917419433594,1,1,0
monitored,84,11,1.9038903713226318,-0.5549611449241638,4.947601795196533,2.415839672088623,-0.5615469217300415,4.995416641235352,8,0.5679639577865601,1.1441917419433594,1,1,0
monitored,85,0,2.6863183975219727,1.9447228908538818,5.3832173347473145,3.06000018119812,1.9332313537597656,5.439081192016602,8,0.5810537338256836,1.14655601978302,1,1,0
monitored,85,1,4.64884090423584,1.942435383796692,3.738999366760254,5.130832672119141,1.9332313537597656,3.85032320022583,8,0.5810537338256836,1.14655601978302,1,1,0
monitored,85,2,3.988743782043457,4.104473114013672,4.737579822540283,4.399546146392822,4.098295211791992,4.86408805847168,8,0.5810537338256836,1.14655601978302,1,1,0
monitored,85,3,2.311367988586426,4.108699321746826,6.795683860778809,2.9369723796844482,4.098294734954834,6.891618728637695,8,0.5810537338256836,1.14655601978302,1,1,0
monitored,85,4,1.6524829864501953,1.946204423904419,7.828084945678711,2.205685615539551,1.9332311153411865,7.905383586883545,8,0.5810537338256836,1.14655601978302,1,1,0
monitored,85,5,2.737975597381592,-0.22873644530773163,6.292403697967529,2.9369726181030273,-0.23183226585388184,6.891618251800537,8,0.5810537338256836,1.14655601978302,1,1,0
monitored,85,6,3.3500924110412598,-0.23632779717445374,5.322947025299072,4.399545669555664,-0.23183226585388184,4.86408805847168,8,0.5810537338256836,1.14655601978302,1,1,0
monitored,85,7,3.1308138370513916,3.3543684482574463,3.1847991943359375,3.718367099761963,3.1832313537597656,3.2444164752960205,8,0.5810537338256836,1.14655601978302,1,1,0
monitored,85,8,1.8767551183700562,4.449766635894775,4.93788480758667,2.4517409801483154,4.433231353759766,5.000308990478516,8,0.5810537338256836,1.14655601978302,1,1,0
monitored,85,9,0.649000883102417,3.200295925140381,6.701406478881836,1.1851152181625366,3.1832313537597656,6.75620174407959,8,0.5810537338256836,1.14655601978302,1,1,0
monitored,85,10,0.7461231350898743,0.7024912238121033,6.724654197692871,1.1851152181625366,0.6832308769226074,6.75620174407959,8,0.5810537338256836,1.14655601978302,1,1,0
monitored,85,11,1.9259324073791504,-0.5553503632545471,4.9506707191467285,2.4517412185668945,-0.5667686462402344,5.000308990478516,8,0.5810537338256836,1.14655601978302,1,1,0
monitored,86,0,2.703721761703491,1.9439932107925415,5.385788440704346,3.0959999561309814,1.9275472164154053,5.4437456130981445,8,0.5917837023735046,1.1671591997146606,1,1,0
monitored,86,1,4.670058250427246,1.9429430961608887,3.7426552772521973,5.1669769287109375,1.9275472164154053,3.8551759719848633,8,0.5917837023735046,1.1671591997146606,1,1,0
monitored,86,2,4.006827354431152,4.107843399047852,4.745573043823242,4.435598373413086,4.092610836029053,4.868874549865723,8,0.5917837023735046,1.1671591997146606,1,1,0
monitored,86,3,2.3370521068573,4.111726760864258,6.799901485443115,2.9728400707244873,4.0926103591918945,6.896271705627441,8,0.5917837023735046,1.1671591997146606,1,1,0
monitored,86,4,1.6776174306869507,1.9483906030654907,7.832334041595459,2.2414610385894775,1.9275469779968262,7.909970283508301,8,0.5917837023735046,1.1671591997146606,1,1,0
monitored,86,5,2.756394624710083,-0.22670774161815643,6.310276985168457,2.9728403091430664,-0.2375164031982422,6.896271228790283,8,0.5917837023735046,1.1671591997146606,1,1,0
monitored,86,6,3.3872246742248535,-0.23539923131465912,5.328320503234863,4.435597896575928,-0.2375164031982422,4.868874549865723,8,0.5917837023735046,1.1671591997146606,1,1,0
monitored,86,7,3.1571061611175537,3.346238851547241,3.1749236583709717,3.754566192626953,3.1775472164154053,3.249140739440918,8,0.5917837023735046,1.1671591997146606,1,1,0
monitored,86,8,1.8996206521987915,4.453026294708252,4.941437721252441,2.487780809402466,4.427547454833984,5.004918098449707,8,0.5917837023735046,1.1671591997146606,1,1,0
monitored,86,9,0.6730022430419922,3.202117443084717,6.705641746520996,1.220995306968689,3.1775474548339844,6.760695457458496,8,0.5917837023735046,1.1671591997146606,1,1,0
monitored,86,10,0.7669219374656677,0.703443169593811,6.726891994476318,1.220995306968689,0.6775467395782471,6.760695457458496,8,0.5917837023735046,1.1671591997146606,1,1,0
monitored,86,11,1.9491382837295532,-0.5556979775428772,4.953350067138672,2.487780809402466,-0.5724527835845947,5.004918098449707,8,0.5917837023735046,1.1671591997146606,1,1,0
monitored,87,0,2.7219150066375732,1.9430341720581055,5.388444423675537,3.131999969482422,1.921416997909546,5.448317050933838,5,0.6006191968917847,1.176512360572815,1,1,0
monitored,87,1,4.6935553550720215,1.9435606002807617,3.7480201721191406,5.203621864318848,1.921416997909546,3.860588550567627,5,0.6006191968917847,1.176512360572815,1,1,0
monitored,87,2,4.027030944824219,4.11161470413208,4.757286548614502,4.471831321716309,4.086480617523193,4.873990058898926,5,0.6006191968917847,1.176512360572815,1,1,0
monitored,87,3,2.3667707443237305,4.11447286605835,6.804762363433838,3.0082502365112305,4.086480140686035,6.900793075561523,5,0.6006191968917847,1.176512360572815,1,1,0
monitored,87,4,1.704245686531067,1.9502583742141724,7.836552143096924,2.2764594554901123,1.9214167594909668,7.914194583892822,5,0.6006191968917847,1.176512360572815,1,1,0
monitored,87,5,2.7823173999786377,-0.22487635910511017,6.323401927947998,3.0082502365112305,-0.24364662170410156,6.900792598724365,5,0.6006191968917847,1.176512360572815,1,1,0
monitored,87,6,3.421696186065674,-0.23361459374427795,5.335829257965088,4.471831321716309,-0.24364662170410156,4.873990058898926,5,0.6006191968917847,1.176512360572815,1,1,0
monitored,87,7,3.186818838119507,3.33219313621521,3.1678404808044434,3.7914576530456543,3.171416997909546,3.2539799213409424,5,0.6006191968917847,1.176512360572815,1,1,0
monitored,87,8,1.9267125129699707,4.456001281738281,4.944852828979492,2.523959159851074,4.421417236328125,5.009242534637451,5,0.6006191968917847,1.176512360572815,1,1,0
monitored,87,9,0.7000622153282166,3.203510046005249,6.709167003631592,1.2564606666564941,3.171417236328125,6.764505386352539,5,0.6006191968917847,1.176512360572815,1,1,0
monitored,87,10,0.791663646697998,0.7039375305175781,6.7276387214660645,1.2564606666564941,0.6714165210723877,6.764505386352539,5,0.6006191968917847,1.176512360572815,1,1,0
monitored,87,11,1.9736311435699463,-0.5559344291687012,4.955465316772461,2.523959159851074,-0.5785830020904541,5.009242534637451,5,0.6006191968917847,1.176512360572815,1,1,0
monitored,88,0,2.7408647537231445,1.941837191581726,5.391178131103516,3.1680002212524414,1.9148567914962769,5.452795028686523,6,0.6111869812011719,1.1665019989013672,1,1,0
monitored,88,1,4.716316223144531,1.9441746473312378,3.7540881633758545,5.240766525268555,1.9148567914962769,3.8665599822998047,6,0.6111869812011719,1.1665019989013672,1,1,0
monitored,88,2,4.046173572540283,4.115081787109375,4.770279884338379,4.508245468139648,4.079920291900635,4.879434108734131,6,0.6111869812011719,1.1665019989013672,1,1,0
monitored,88,3,2.394127130508423,4.116790771484375,6.809236526489258,3.043203592300415,4.079920291900635,6.905181407928467,6,0.6111869812011719,1.1665019989013672,1,1,0
monitored,88,4,1.731499195098877,1.9517019987106323,7.8405985832214355,2.310682773590088,1.9148565530776978,7.918055057525635,6,0.6111869812011719,1.1665019989013672,1,1,0
monitored,88,5,2.814786911010742,-0.22359642386436462,6.325627326965332,3.043203830718994,-0.2502068281173706,6.905180931091309,6,0.6111869812011719,1.1665019989013672,1,1,0
monitored,88,6,3.45116925239563,-0.23170596361160278,5.348039150238037,4.508245468139648,-0.2502068281173706,4.879434108734131,6,0.6111869812011719,1.1665019989013672,1,1,0
monitored,88,7,3.2156059741973877,3.316399574279785,3.1632940769195557,3.8290393352508545,3.1648569107055664,3.2589337825775146,6,0.6111869812011719,1.1665019989013672,1,1,0
monitored,88,8,1.9530091285705566,4.4584126472473145,4.947729587554932,2.5602760314941406,4.414856910705566,5.013282775878906,6,0.6111869812011719,1.1665019989013672,1,1,0
monitored,88,9,0.726486325263977,3.2044808864593506,6.71184778213501,1.2915127277374268,3.1648569107055664,6.7676310539245605,6,0.6111869812011719,1.1665019989013672,1,1,0
monitored,88,10,0.8145034909248352,0.7040805220603943,6.7273054122924805,1.2915127277374268,0.6648563146591187,6.7676310539245605,6,0.6111869812011719,1.1665019989013672,1,1,0
monitored,88,11,1.9987468719482422,-0.556152880191803,4.957052707672119,2.5602760314941406,-0.5851432085037231,5.013282299041748,6,0.6111869812011719,1.1665019989013672,1,1,0
monitored,89,0,2.7605388164520264,1.9403948783874512,5.39398193359375,3.204000234603882,1.9078832864761353,5.457179069519043,5,0.6222519874572754,1.159743309020996,1,1,0
monitored,89,1,4.738531589508057,1.9447494745254517,3.760812282562256,5.278407096862793,1.9078832864761353,3.8730900287628174,5,0.6222519874572754,1.159743309020996,1,1,0
monitored,89,2,4.063416957855225,4.118161201477051,4.783178329467773,4.544837951660156,4.072947025299072,4.885205268859863,5,0.6222519874572754,1.159743309020996,1,1,0
monitored,89,3,2.4218385219573975,4.118642807006836,6.813751697540283,3.077700614929199,4.072946548461914,6.909435272216797,5,0.6222519874572754,1.159743309020996,1,1,0
monitored,89,4,1.7580008506774902,1.9527379274368286,7.8443169593811035,2.3441319465637207,1.9078830480575562,7.921550750732422,5,0.6222519874572754,1.159743309020996,1,1,0
monitored,89,5,2.845393657684326,-0.2229105532169342,6.324552536010742,3.077700614929199,-0.2571803331375122,6.909435272216797,5,0.6222519874572754,1.159743309020996,1,1,0
monitored,89,6,3.482306957244873,-0.22983328998088837,5.3553786277771,4.544837951660156,-0.2571803331375122,4.885205268859863,5,0.6222519874572754,1.159743309020996,1,1,0
monitored,89,7,3.2433998584747314,3.2995364665985107,3.1613025665283203,3.8673095703125,3.1578831672668457,3.264003038406372,5,0.6222519874572754,1.159743309020996,1,1,0
monitored,89,8,1.978589653968811,4.460288047790527,4.950125217437744,2.596731185913086,4.407883167266846,5.017037868499756,5,0.6222519874572754,1.159743309020996,1,1,0
monitored,89,9,0.75082927942276,3.205188035964966,6.7138352394104,1.3261529207229614,3.157883405685425,6.7700724601745605,5,0.6222519874572754,1.159743309020996,1,1,0
monitored,89,10,0.8385071754455566,0.7035627961158752,6.725436210632324,1.3261529207229614,0.657882809638977,6.7700724601745605,5,0.6222519874572754,1.159743309020996,1,1,0
monitored,89,11,2.023310422897339,-0.55633145570755,4.958143711090088,2.596731185913086,-0.5921167135238647,5.017037868499756,5,0.6222519874572754,1.159743309020996,1,1,0
monitored,90,0,2.7809064388275146,1.9387006759643555,5.396848678588867,3.2400002479553223,1.9005126953125,5.461468696594238,6,0.6334909200668335,1.160213589668274,1,1,0
monitored,90,1,4.759042263031006,1.9452813863754272,3.76759934425354,5.316540718078613,1.9005126953125,3.8801779747009277,6,0.6334909200668335,1.160213589668274,1,1,0
monitored,90,2,4.081018924713135,4.120728492736816,4.797786712646484,4.581607818603516,4.065576553344727,4.891303062438965,6,0.6334909200668335,1.160213589668274,1,1,0
monitored,90,3,2.4486780166625977,4.120070457458496,6.818115711212158,3.1117427349090576,4.065576076507568,6.913553714752197,6,0.6334909200668335,1.160213589668274,1,1,0
monitored,90,4,1.7837899923324585,1.953347086906433,7.847708225250244,2.376810312271118,1.900512456893921,7.924678802490234,6,0.6334909200668335,1.160213589668274,1,1,0
monitored,90,5,2.873074531555176,-0.22264398634433746,6.325085163116455,3.1117429733276367,-0.26455092430114746,6.913553237915039,6,0.6334909200668335,1.160213589668274,1,1,0
monitored,90,6,3.5143485069274902,-0.2280939519405365,5.358217239379883,4.581607818603516,-0.26455092430114746,4.891303062438965,6,0.6334909200668335,1.160213589668274,1,1,0
monitored,90,7,3.270486354827881,3.282538890838623,3.161241054534912,3.9062657356262207,3.1505126953125,3.2691891193389893,6,0.6334909200668335,1.160213589668274,1,1,0
monitored,90,8,2.002258777618408,4.461791515350342,4.952077865600586,2.6333250999450684,4.4005126953125,5.020509243011475,6,0.6334909200668335,1.160213589668274,1,1,0
monitored,90,9,0.7762542963027954,3.2053534984588623,6.715001106262207,1.3603845834732056,3.1505126953125,6.771829128265381,6,0.6334909200668335,1.160213589668274,1,1,0
monitored,90,10,0.8620123267173767,0.7023876309394836,6.7222900390625,1.3603845834732056,0.6505122184753418,6.771829128265381,6,0.6334909200668335,1.160213589668274,1,1,0
monitored,90,11,2.0474326610565186,-0.5564780235290527,4.9587931632995605,2.6333250999450684,-0.5994873046875,5.020509243011475,6,0.6334909200668335,1.160213589668274,1,1,0
monitored,91,0,2.801938056945801,1.9367492198944092,5.399771690368652,3.2760002613067627,1.892761468887329,5.465662956237793,5,0.6449905633926392,1.1612213850021362,1,1,0
monitored,91,1,4.780609607696533,1.9457342624664307,3.7756471633911133,5.35516357421875,1.892761468887329,3.8878226280212402,5,0.6449905633926392,1.1612213850021362,1,1,0
monitored,91,2,4.098162651062012,4.122661113739014,4.812721252441406,4.618553161621094,4.057825088500977,4.897726058959961,5,0.6449905633926392,1.1612213850021362,1,1,0
monitored,91,3,2.4747536182403564,4.121091365814209,6.822345733642578,3.145331382751465,4.057825088500977,6.917532920837402,5,0.6449905633926392,1.1612213850021362,1,1,0
monitored,91,4,1.808943510055542,1.9535468816757202,7.850794315338135,2.4087207317352295,1.89276123046875,7.927435874938965,5,0.6449905633926392,1.1612213850021362,1,1,0
monitored,91,5,2.9004456996917725,-0.2227165400981903,6.3268513679504395,3.145331621170044,-0.27230215072631836,6.917532444000244,5,0.6449905633926392,1.1612213850021362,1,1,0
monitored,91,6,3.5453896522521973,-0.22637562453746796,5.361207008361816,4.618553161621094,-0.27230215072631836,4.897726058959961,5,0.6449905633926392,1.1612213850021362,1,1,0
monitored,91,7,3.2955801486968994,3.266605854034424,3.1619739532470703,3.9459054470062256,3.142761468887329,3.2744927406311035,5,0.6449905633926392,1.1612213850021362,1,1,0
monitored,91,8,2.0269675254821777,4.462698459625244,4.953702926635742,2.670058250427246,4.39276123046875,5.023696422576904,5,0.6449905633926392,1.1612213850021362,1,1,0
monitored,91,9,0.8012200593948364,3.2051329612731934,6.715473175048828,1.3942110538482666,3.142761707305908,6.772900581359863,5,0.6449905633926392,1.1612213850021362,1,1,0
monitored,91,10,0.8850154280662537,0.7005740404129028,6.718091011047363,1.3942110538482666,0.6427609920501709,6.772900581359863,5,0.6449905633926392,1.1612213850021362,1,1,0
monitored,91,11,2.071213722229004,-0.5566149353981018,4.959053993225098,2.670058250427246,-0.6072385311126709,5.023696422576904,5,0.6449905633926392,1.1612213850021362,1,1,0
monitored,92,0,2.823605537414551,1.9345358610153198,5.402744770050049,3.312000036239624,1.884645700454712,5.469760894775391,5,0.6567847728729248,1.1615160703659058,1,1,0
monitored,92,1,4.801977634429932,1.9460722208023071,3.784306526184082,5.394270896911621,1.884645700454712,3.896023988723755,5,0.6567847728729248,1.1615160703659058,1,1,0
monitored,92,2,4.115060806274414,4.123779773712158,4.827733039855957,4.655670166015625,4.049709320068359,4.904472827911377,5,0.6567847728729248,1.1615160703659058,1,1,0
monitored,92,3,2.5001611709594727,4.12171745300293,6.8264570236206055,3.1784682273864746,4.049709320068359,6.921370029449463,5,0.6567847728729248,1.1615160703659058,1,1,0
monitored,92,4,1.8335152864456177,1.9533511400222778,7.853587627410889,2.4398672580718994,1.8846454620361328,7.929819107055664,5,0.6567847728729248,1.1615160703659058,1,1,0
monitored,92,5,2.927640438079834,-0.2231045663356781,6.329203128814697,3.1784684658050537,-0.28041791915893555,6.921370029449463,5,0.6567847728729248,1.1615160703659058,1,1,0
monitored,92,6,3.5737578868865967,-0.22484852373600006,5.363983631134033,4.655670166015625,-0.28041791915893555,4.904472827911377,5,0.6567847728729248,1.1615160703659058,1,1,0
monitored,92,7,3.3220503330230713,3.2505922317504883,3.164715528488159,3.986225128173828,3.134645700454712,3.2799160480499268,5,0.6567847728729248,1.1615160703659058,1,1,0
monitored,92,8,2.051335096359253,4.463112831115723,4.954980373382568,2.706930637359619,4.384645462036133,5.026600360870361,5,0.6567847728729248,1.1615160703659058,1,1,0
monitored,92,9,0.8257477879524231,3.2045276165008545,6.715268135070801,1.4276366233825684,3.134645938873291,6.773284435272217,5,0.6567847728729248,1.1615160703659058,1,1,0
monitored,92,10,0.9075107574462891,0.6981483697891235,6.7130560874938965,1.4276366233825684,0.6346452236175537,6.773284435272217,5,0.6567847728729248,1.1615160703659058,1,1,0
monitored,92,11,2.094747304916382,-0.556780993938446,4.959000587463379,2.7069308757781982,-0.6153542995452881,5.026600360870361,5,0.6567847728729248,1.1615160703659058,1,1,0
monitored,93,0,2.845881700515747,1.9320570230484009,5.40576171875,3.3480000495910645,1.8761820793151855,5.4737629890441895,5,0.6687094569206238,1.1647621393203735,1,1,0
monitored,93,1,4.823213577270508,1.9462581872940063,3.793532371520996,5.4338579177856445,1.8761820793151855,3.904783248901367,5,0.6687094569206238,1.1647621393203735,1,1,0
monitored,93,2,4.132050037384033,4.124054431915283,4.842523574829102,4.692956924438477,4.041245460510254,4.911543369293213,5,0.6687094569206238,1.1647621393203735,1,1,0
monitored,93,3,2.525043487548828,4.121984481811523,6.830472946166992,3.211155414581299,4.041245460510254,6.925063610076904,5,0.6687094569206238,1.1647621393203735,1,1,0
monitored,93,4,1.8575290441513062,1.9527517557144165,7.856083869934082,2.47025465965271,1.8761818408966064,7.93182373046875,5,0.6687094569206238,1.1647621393203735,1,1,0
monitored,93,5,2.952517509460449,-0.22353123128414154,6.33168363571167,3.211155414581299,-0.2888815402984619,6.925063610076904,5,0.6687094569206238,1.1647621393203735,1,1,0
monitored,93,6,3.6035516262054443,-0.2235693633556366,5.365854740142822,4.692956924438477,-0.2888815402984619,4.911543369293213,5,0.6687094569206238,1.1647621393203735,1,1,0
monitored,93,7,3.3485355377197266,3.2355899810791016,3.168553590774536,4.0272216796875,3.1261820793151855,3.2854628562927246,5,0.6687094569206238,1.1647621393203735,1,1,0
monitored,93,8,2.075505018234253,4.463072299957275,4.955964088439941,2.743943929672241,4.3761820793151855,5.02922248840332,5,0.6687094569206238,1.1647621393203735,1,1,0
monitored,93,9,0.8498291969299316,3.2034997940063477,6.714362144470215,1.4606661796569824,3.1261820793151855,6.772982120513916,5,0.6687094569206238,1.1647621393203735,1,1,0
monitored,93,10,0.9295183420181274,0.6951428055763245,6.707388401031494,1.4606661796569824,0.6261816024780273,6.772982120513916,5,0.6687094569206238,1.1647621393203735,1,1,0
monitored,93,11,2.1181092262268066,-0.556999683380127,4.958688735961914,2.743943929672241,-0.6238179206848145,5.02922248840332,5,0.6687094569206238,1.1647621393203735,1,1,0
monitored,94,0,2.868741035461426,1.9293098449707031,5.408816337585449,3.384000062942505,1.8673866987228394,5.477667808532715,5,0.681186318397522,1.1639938354492188,1,1,0
monitored,94,1,4.844386100769043,1.9462578296661377,3.8032805919647217,5.473917007446289,1.8673866987228394,3.9140992164611816,5,0.681186318397522,1.1639938354492188,1,1,0
monitored,94,2,4.149401664733887,4.123405456542969,4.856842517852783,4.730409622192383,4.032450199127197,4.918935775756836,5,0.681186318397522,1.1639938354492188,1,1,0
monitored,94,3,2.549412727355957,4.1218767166137695,6.83439302444458,3.243394374847412,4.032450199127197,6.9286088943481445,5,0.681186318397522,1.1639938354492188,1,1,0
monitored,94,4,1.8792948722839355,1.9520196914672852,7.858148097991943,2.4998867511749268,1.8673864603042603,7.933445453643799,5,0.681186318397522,1.1639938354492188,1,1,0
monitored,94,5,2.9800596237182617,-0.2243264764547348,6.333108425140381,3.243394613265991,-0.2976769208908081,6.9286088943481445,5,0.681186318397522,1.1639938354492188,1,1,0
monitored,94,6,3.631776809692383,-0.2225860059261322,5.368669033050537,4.730409622192383,-0.2976769208908081,4.918935775756836,5,0.681186318397522,1.1639938354492188,1,1,0
monitored,94,7,3.375218152999878,3.221874475479126,3.173504590988159,4.0688910484313965,3.117386817932129,3.291135311126709,5,0.681186318397522,1.1639938354492188,1,1,0
monitored,94,8,2.0995168685913086,4.462581634521484,4.956680774688721,2.7810981273651123,4.367386817932129,5.0315632820129395,5,0.681186318397522,1.1639938354492188,1,1,0
monitored,94,9,0.8735122084617615,3.2020835876464844,6.712798118591309,1.4933053255081177,3.117386817932129,6.77199125289917,5,0.681186318397522,1.1639938354492188,1,1,0
monitored,94,10,0.9510778784751892,0.6915951371192932,6.701274394989014,1.4933053255081177,0.6173862218856812,6.77199125289917,5,0.681186318397522,1.1639938354492188,1,1,0
monitored,94,11,2.139711380004883,-0.5572137236595154,4.95815896987915,2.7810981273651123,-0.6326133012771606,5.0315632820129395,5,0.681186318397522,1.1639938354492188,1,1,0
monitored,95,0,2.8921585083007812,1.9262923002243042,5.411902904510498,3.4200000762939453,1.8582755327224731,5.481475353240967,6,0.6937789916992188,1.163207769393921,1,1,0
monitored,95,1,4.865538120269775,1.9460293054580688,3.8134989738464355,5.514442443847656,1.8582755327224731,3.923973560333252,6,0.6937789916992188,1.163207769393921,1,1,0
monitored,95,2,4.167374610900879,4.121808052062988,4.870426177978516,4.76802396774292,4.02333927154541,4.926650047302246,6,0.6937789916992188,1.163207769393921,1,1,0
monitored,95,3,2.5716280937194824,4.1216230392456055,6.837977409362793,3.2751874923706055,4.023338794708252,6.932003021240234,6,0.6937789916992188,1.163207769393921,1,1,0
monitored,95,4,1.9023852348327637,1.9506508111953735,7.860058784484863,2.5287694931030273,1.858275294303894,7.93467903137207,6,0.6937789916992188,1.163207769393921,1,1,0
monitored,95,5,3.006850004196167,-0.22542385756969452,6.333937644958496,3.2751877307891846,-0.3067880868911743,6.932002544403076,6,0.6937789916992188,1.163207769393921,1,1,0
monitored,95,6,3.659923553466797,-0.2219143956899643,5.371370792388916,4.76802396774292,-0.3067880868911743,4.926650047302246,6,0.6937789916992188,1.163207769393921,1,1,0
monitored,95,7,3.402263879776001,3.2095303535461426,3.1792614459991455,4.1112284660339355,3.1082754135131836,3.296938180923462,6,0.6937789916992188,1.163207769393921,1,1,0
monitored,95,8,2.1234076023101807,4.461648464202881,4.957157135009766,2.818394184112549,4.358275413513184,5.033624649047852,6,0.6937789916992188,1.163207769393921,1,1,0
monitored,95,9,0.8968114852905273,3.2002739906311035,6.710572242736816,1.5255600214004517,3.1082756519317627,6.770310401916504,6,0.6937789916992188,1.163207769393921,1,1,0
monitored,95,10,0.9706176519393921,0.6880401372909546,6.695061206817627,1.5255600214004517,0.6082750558853149,6.770310401916504,6,0.6937789916992188,1.163207769393921,1,1,0
monitored,95,11,2.1630005836486816,-0.5576236248016357,4.957470417022705,2.818394184112549,-0.6417244672775269,5.033624172210693,6,0.6937789916992188,1.163207769393921,1,1,0
monitored,96,0,2.9161105155944824,1.9230031967163086,5.415015697479248,3.456000328063965,1.8488647937774658,5.485184669494629,5,0.7064105868339539,1.1630016565322876,1,1,0
monitored,96,1,4.886779308319092,1.9455437660217285,3.824127197265625,5.555425643920898,1.8488647937774658,3.934406280517578,5,0.7064105868339539,1.1630016565322876,1,1,0
monitored,96,2,4.184308052062988,4.1198625564575195,4.882871627807617,4.805796146392822,4.013928413391113,4.9346842765808105,5,0.7064105868339539,1.1630016565322876,1,1,0
monitored,96,3,2.595249652862549,4.120814323425293,6.841749668121338,3.3065378665924072,4.013928413391113,6.935240268707275,5,0.7064105868339539,1.1630016565322876,1,1,0
monitored,96,4,1.9249629974365234,1.9488587379455566,7.8616414070129395,2.55690860748291,1.8488645553588867,7.935518264770508,5,0.7064105868339539,1.1630016565322876,1,1,0
monitored,96,5,3.0329389572143555,-0.22683171927928925,6.3348565101623535,3.3065381050109863,-0.31619882583618164,6.935239791870117,5,0.7064105868339539,1.1630016565322876,1,1,0
monitored,96,6,3.6880199909210205,-0.22161591053009033,5.3739118576049805,4.805796146392822,-0.31619882583618164,4.9346842765808105,5,0.7064105868339539,1.1630016565322876,1,1,0
monitored,96,7,3.4297702312469482,3.1986467838287354,3.18569016456604,4.154229164123535,3.098864793777466,3.302874803543091,5,0.7064105868339539,1.1630016565322876,1,1,0
monitored,96,8,2.1471877098083496,4.460259437561035,4.957411289215088,2.8558335304260254,4.348864555358887,5.035407066345215,5,0.7064105868339539,1.1630016565322876,1,1,0
monitored,96,9,0.9180163145065308,3.198411703109741,6.707837104797363,1.557437777519226,3.098865032196045,6.767939567565918,5,0.7064105868339539,1.1630016565322876,1,1,0
monitored,96,10,0.9915181398391724,0.6837135553359985,6.688199520111084,1.557437777519226,0.5988643169403076,6.767939567565918,5,0.7064105868339539,1.1630016565322876,1,1,0
monitored,96,11,2.186246871948242,-0.5581883788108826,4.956664562225342,2.8558335304260254,-0.6511352062225342,5.035407066345215,5,0.7064105868339539,1.1630016565322876,1,1,0
monitored,97,0,2.9405744075775146,1.9194419384002686,5.418149948120117,3.4920003414154053,1.8391704559326172,5.488795280456543,6,0.7189976572990417,1.163112998008728,1,1,0
monitored,97,1,4.9065937995910645,1.9449872970581055,3.8345494270324707,5.596858024597168,1.8391704559326172,3.9453976154327393,6,0.7189976572990417,1.163112998008728,1,1,0
monitored,97,2,4.203920364379883,4.116574287414551,4.89471435546875,4.84372091293335,4.004234313964844,4.943037509918213,6,0.7189976572990417,1.163112998008728,1,1,0
monitored,97,3,2.618464469909668,4.119637966156006,6.845437526702881,3.33744740486145,4.0042338371276855,6.93831729888916,6,0.7189976572990417,1.163112998008728,1,1,0
monitored,97,4,1.9470412731170654,1.9466303586959839,7.86287784576416,2.58431077003479,1.839170217514038,7.935956954956055,6,0.7189976572990417,1.163112998008728,1,1,0
monitored,97,5,3.0585570335388184,-0.2285689413547516,6.336121559143066,3.3374476432800293,-0.3258931636810303,6.938316822052002,6,0.7189976572990417,1.163112998008728,1,1,0
monitored,97,6,3.715864896774292,-0.22173970937728882,5.3765740394592285,4.84372091293335,-0.3258931636810303,4.943037509918213,6,0.7189976572990417,1.163112998008728,1,1,0
monitored,97,7,3.457794189453125,3.189232587814331,3.1925997734069824,4.197887420654297,3.089170455932617,3.308950424194336,6,0.7189976572990417,1.163112998008728,1,1,0
monitored,97,8,2.169201374053955,4.458766460418701,4.957404613494873,2.893416404724121,4.339170455932617,5.0369133949279785,6,0.7189976572990417,1.163112998008728,1,1,0
monitored,97,9,0.9407179355621338,3.195855140686035,6.704259872436523,1.5889453887939453,3.089170455932617,6.764875888824463,6,0.7189976572990417,1.163112998008728,1,1,0
monitored,97,10,1.0121228694915771,0.6789770722389221,6.681375026702881,1.5889453887939453,0.589169979095459,6.764875888824463,6,0.7189976572990417,1.163112998008728,1,1,0
monitored,97,11,2.209493398666382,-0.5589431524276733,4.955784797668457,2.893416404724121,-0.6608295440673828,5.0369133949279785,6,0.7189976572990417,1.163112998008728,1,1,0
monitored,98,0,2.9655282497406006,1.9156087636947632,5.421299934387207,3.5280001163482666,1.8292080163955688,5.492306232452393,5,0.7314090728759766,1.1631466150283813,1,1,0
monitored,98,1,4.928341388702393,1.9439321756362915,3.845916748046875,5.638729095458984,1.8292080163955688,3.956948757171631,5,0.7314090728759766,1.1631466150283813,1,1,0
monitored,98,2,4.224485397338867,4.112487316131592,4.905328273773193,4.8817925453186035,3.994271755218506,4.951708793640137,5,0.7314090728759766,1.1631466150283813,1,1,0
monitored,98,3,2.641298532485962,4.118092060089111,6.84904146194458,3.3679192066192627,3.9942712783813477,6.941227912902832,5,0.7314090728759766,1.1631466150283813,1,1,0
monitored,98,4,1.9685933589935303,1.9439078569412231,7.86374568939209,2.610982656478882,1.8292077779769897,7.935987949371338,5,0.7314090728759766,1.1631466150283813,1,1,0
monitored,98,5,3.083833932876587,-0.2306516468524933,6.337760925292969,3.367919445037842,-0.3358556032180786,6.941227912902832,5,0.7314090728759766,1.1631466150283813,1,1,0
monitored,98,6,3.7434182167053223,-0.22230176627635956,5.3797478675842285,4.8817925453186035,-0.3358556032180786,4.951708793640137,5,0.7314090728759766,1.1631466150283813,1,1,0
monitored,98,7,3.4842965602874756,3.181108236312866,3.199331283569336,4.242197036743164,3.0792078971862793,3.3151698112487793,5,0.7314090728759766,1.1631466150283813,1,1,0
monitored,98,8,2.193056106567383,4.45657205581665,4.957300186157227,2.9311442375183105,4.329207897186279,5.038144111633301,5,0.7314090728759766,1.1631466150283813,1,1,0
monitored,98,9,0.9630486369132996,3.1929125785827637,6.699991226196289,1.6200915575027466,3.0792081356048584,6.7611188888549805,5,0.7314090728759766,1.1631466150283813,1,1,0
monitored,98,10,1.0325350761413574,0.6738759279251099,6.674683094024658,1.6200915575027466,0.5792075395584106,6.7611188888549805,5,0.7314090728759766,1.1631466150283813,1,1,0
monitored,98,11,2.232780694961548,-0.5599236488342285,4.954870700836182,2.9311442375183105,-0.6707919836044312,5.038144111633301,5,0.7314090728759766,1.1631466150283813,1,1,0
monitored,99,0,2.9909512996673584,1.9115045070648193,5.424461364746094,3.564000129699707,1.818993330001831,5.495718002319336,5,0.7387610673904419,1.266124963760376,1,1,0
monitored,99,1,4.950385570526123,1.9425464868545532,3.8575327396392822,5.681030750274658,1.818993330001831,3.9690611362457275,5,0.7387610673904419,1.266124963760376,1,1,0
monitored,99,2,4.2461066246032715,4.107585906982422,4.914323329925537,4.920006275177002,3.9840569496154785,4.960697174072266,5,0.7387610673904419,1.266124963760376,1,1,0
monitored,99,3,2.6637773513793945,4.116168975830078,6.8525614738464355,3.3979568481445312,3.9840567111968994,6.943968772888184,5,0.7387610673904419,1.266124963760376,1,1,0
monitored,99,4,1.9896624088287354,1.9406932592391968,7.864219665527344,2.636932373046875,1.818993091583252,7.935604095458984,5,0.7387610673904419,1.266124963760376,1,1,0
monitored,99,5,3.0744636058807373,-0.23352712392807007,6.389627456665039,3.3979570865631104,-0.3460702896118164,6.943968296051025,5,0.7387610673904419,1.266124963760376,1,1,0
monitored,99,6,3.7888667583465576,-0.22252801060676575,5.344362258911133,4.920005798339844,-0.3460702896118164,4.960697174072266,5,0.7387610673904419,1.266124963760376,1,1,0
monitored,99,7,3.5134851932525635,3.1742019653320312,3.206796407699585,4.28715181350708,3.068993330001831,3.321539878845215,5,0.7387610673904419,1.266124963760376,1,1,0
monitored,99,8,2.216918468475342,4.45398473739624,4.957047462463379,2.9690186977386475,4.31899356842041,5.0391035079956055,5,0.7387610673904419,1.266124963760376,1,1,0
monitored,99,9,0.9850103855133057,3.189589023590088,6.69502067565918,1.6508854627609253,3.06899356842041,6.756666660308838,5,0.7387610673904419,1.266124963760376,1,1,0
monitored,99,10,1.0528156757354736,0.6684684753417969,6.668198108673096,1.6508854627609253,0.5689928531646729,6.756666660308838,5,0.7387610673904419,1.266124963760376,1,1,0
monitored,99,11,2.256114959716797,-0.5611724257469177,4.953973770141602,2.9690186977386475,-0.681006669998169,5.039103031158447,5,0.7387610673904419,1.266124963760376,1,1,0
monitored,100,0,3.077192544937134,1.8969249725341797,5.435020446777344,3.6000001430511475,1.8085415363311768,5.499029636383057,5,0.707842230796814,1.5041921138763428,0,0,0
monitored,100,1,5.003743648529053,1.9384355545043945,3.8856592178344727,5.723752021789551,1.8085415363311768,3.981735944747925,5,0.707842230796814,1.5041921138763428,0,0,0
monitored,100,2,4.29976749420166,4.094478130340576,4.932220458984375,4.95835542678833,3.973605155944824,4.970001697540283,5,0.707842230796814,1.5041921138763428,0,0,0
monitored,100,3,2.716503381729126,4.110681056976318,6.860738277435303,3.427563428878784,3.973604917526245,6.946533203125,5,0.707842230796814,1.5041921138763428,0,0,0
monitored,100,4,2.0386719703674316,1.9317995309829712,7.864334583282471,2.662167549133301,1.8085412979125977,7.934798240661621,5,0.707842230796814,1.5041921138763428,0,0,0
monitored,100,5,3.045677661895752,-0.23979468643665314,6.506217956542969,3.4275636672973633,-0.3565220832824707,6.946532726287842,5,0.707842230796814,1.5041921138763428,0,0,0
monitored,100,6,3.9012861251831055,-0.22505196928977966,5.269160747528076,4.95835542678833,-0.3565220832824707,4.970001697540283,5,0.707842230796814,1.5041921138763428,0,0,0
monitored,100,7,3.584235668182373,3.160541296005249,3.2247817516326904,4.332745552062988,3.0585415363311768,3.328065872192383,5,0.707842230796814,1.5041921138763428,0,0,0
monitored,100,8,2.2738258838653564,4.446934223175049,4.956141471862793,3.0070407390594482,4.308541297912598,5.039792060852051,5,0.707842230796814,1.5041921138763428,0,0,0
monitored,100,9,1.0363565683364868,3.180710554122925,6.681638240814209,1.6813359260559082,3.058541774749756,6.751518249511719,5,0.707842230796814,1.5041921138763428,0,0,0
monitored,100,10,1.1009122133255005,0.65501469373703,6.653340816497803,1.6813359260559082,0.5585410594940186,6.751518249511719,5,0.707842230796814,1.5041921138763428,0,0,0
monitored,100,11,2.311948299407959,-0.5648428201675415,4.951920986175537,3.0070407390594482,-0.6914584636688232,5.039792060852051,5,0.707842230796814,1.5041921138763428,0,0,0
monitored,101,0,3.1563196182250977,1.8828984498977661,5.444538593292236,3.636000156402588,1.797867774963379,5.502240180969238,5,0.688555121421814,1.6888601779937744,0,0,0
monitored,101,1,5.052325248718262,1.9336700439453125,3.911123275756836,5.766879558563232,1.797867774963379,3.994973659515381,5,0.688555121421814,1.6888601779937744,0,0,0
monitored,101,2,4.34975528717041,4.081465721130371,4.9439826011657715,4.996833801269531,3.9629313945770264,4.979620456695557,5,0.688555121421814,1.6888601779937744,0,0,0
monitored,101,3,2.762671709060669,4.104419231414795,6.8677659034729,3.456742763519287,3.9629311561584473,6.948914527893066,5,0.688555121421814,1.6888601779937744,0,0,0
monitored,101,4,2.0767667293548584,1.9233120679855347,7.862929344177246,2.686697006225586,1.7978675365447998,7.933561325073242,5,0.688555121421814,1.6888601779937744,0,0,0
monitored,101,5,3.0009148120880127,-0.24427610635757446,6.6049981117248535,3.456742763519287,-0.36719584465026855,6.948914527893066,5,0.688555121421814,1.6888601779937744,0,0,0
monitored,101,6,3.9933462142944336,-0.22808657586574554,5.196720600128174,4.996833801269531,-0.36719584465026855,4.979620933532715,5,0.688555121421814,1.6888601779937744,0,0,0
monitored,101,7,3.648653268814087,3.151623249053955,3.240816354751587,4.378970146179199,3.047867774963379,3.334754228591919,5,0.688555121421814,1.6888601779937744,0,0,0
monitored,101,8,2.324699640274048,4.439416408538818,4.954936981201172,3.0452117919921875,4.297867774963379,5.040212631225586,5,0.688555121421814,1.6888601779937744,0,0,0
monitored,101,9,1.081111192703247,3.171572208404541,6.667531490325928,1.7114537954330444,3.047867774963379,6.745671272277832,5,0.688555121421814,1.6888601779937744,0,0,0
monitored,101,10,1.1437065601348877,0.6425961256027222,6.64067268371582,1.7114537954330444,0.5478672981262207,6.745671272277832,5,0.688555121421814,1.6888601779937744,0,0,0
monitored,101,11,2.357647180557251,-0.5683856010437012,4.949872970581055,3.0452117919921875,-0.7021322250366211,5.040212631225586,5,0.688555121421814,1.6888601779937744,0,0,0
monitored,102,0,3.229340076446533,1.8693174123764038,5.453149318695068,3.6720001697540283,1.786987066268921,5.505350112915039,6,0.6769062876701355,1.710874319076538,0,0,0
monitored,102,1,5.097231388092041,1.9284610748291016,3.934216022491455,5.810402870178223,1.786987066268921,4.0087761878967285,6,0.6769062876701355,1.710874319076538,0,0,0
monitored,102,2,4.39620304107666,4.06923246383667,4.952085018157959,5.035434722900391,3.9520506858825684,4.989553451538086,6,0.6769062876701355,1.710874319076538,0,0,0
monitored,102,3,2.7991466522216797,4.098557949066162,6.873281478881836,3.4854984283447266,3.9520504474639893,6.951108455657959,6,0.6769062876701355,1.710874319076538,0,0,0
monitored,102,4,2.1146490573883057,1.9130483865737915,7.860428333282471,2.7105302810668945,1.7869868278503418,7.931885719299316,6,0.6769062876701355,1.710874319076538,0,0,0
monitored,102,5,2.9650516510009766,-0.24968290328979492,6.688746929168701,3.4854986667633057,-0.37807655334472656,6.951107978820801,6,0.6769062876701355,1.710874319076538,0,0,0
monitored,102,6,4.070155143737793,-0.23132021725177765,5.133766174316406,5.035434722900391,-0.37807655334472656,4.989553928375244,6,0.6769062876701355,1.710874319076538,0,0,0
monitored,102,7,3.707873821258545,3.1454036235809326,3.255114793777466,4.425817966461182,3.036987066268921,3.3416130542755127,6,0.6769062876701355,1.710874319076538,0,0,0
monitored,102,8,2.3707549571990967,4.43173360824585,4.953606605529785,3.083533763885498,4.2869873046875,5.040369510650635,6,0.6769062876701355,1.710874319076538,0,0,0
monitored,102,9,1.1205322742462158,3.162416458129883,6.653125762939453,1.7412495613098145,3.0369873046875,6.7391252517700195,6,0.6769062876701355,1.710874319076538,0,0,0
monitored,102,10,1.177656650543213,0.6322436332702637,6.629297256469727,1.7412495613098145,0.5369865894317627,6.7391252517700195,6,0.6769062876701355,1.710874319076538,0,0,0
monitored,102,11,2.4040439128875732,-0.5731162428855896,4.948456764221191,3.083533763885498,-0.7130129337310791,5.040369033813477,6,0.6769062876701355,1.710874319076538,0,0,0
monitored,103,0,3.2971181869506836,1.8560914993286133,5.460967063903809,3.7079999446868896,1.7759138345718384,5.508358001708984,5,0.6678913831710815,1.7287147045135498,0,0,0
monitored,103,1,5.139396667480469,1.9229680299758911,3.955444574356079,5.854308128356934,1.7759138345718384,4.023143768310547,5,0.6678913831710815,1.7287147045135498,0,0,0
monitored,103,2,4.434742450714111,4.059008598327637,4.95805025100708,5.074150085449219,3.9409775733947754,4.99979829788208,5,0.6678913831710815,1.7287147045135498,0,0,0
monitored,103,3,2.836566925048828,4.0913310050964355,6.878728866577148,3.5138347148895264,3.940977096557617,6.9531073570251465,5,0.6678913831710815,1.7287147045135498,0,0,0
monitored,103,4,2.1478474140167236,1.9024168252944946,7.856937885284424,2.7336769104003906,1.7759135961532593,7.9297614097595215,5,0.6678913831710815,1.7287147045135498,0,0,0
monitored,103,5,2.945035696029663,-0.2572382092475891,6.762927532196045,3.5138349533081055,-0.3891497850418091,6.953106880187988,5,0.6678913831710815,1.7287147045135498,0,0,0
monitored,103,6,4.135614395141602,-0.23467272520065308,5.0810675621032715,5.074150085449219,-0.3891497850418091,4.99979829788208,5,0.6678913831710815,1.7287147045135498,0,0,0
monitored,103,7,3.773447036743164,3.1399240493774414,3.2693862915039062,4.47327995300293,3.025913715362549,3.3486483097076416,5,0.6678913831710815,1.7287147045135498,0,0,0
monitored,103,8,2.4129064083099365,4.424032688140869,4.952266216278076,3.122007131576538,4.275913715362549,5.0402631759643555,5,0.6678913831710815,1.7287147045135498,0,0,0
monitored,103,9,1.1512678861618042,3.154386520385742,6.638915061950684,1.7707343101501465,3.025913953781128,6.731878280639648,5,0.6678913831710815,1.7287147045135498,0,0,0
monitored,103,10,1.2311782836914062,0.6178032755851746,6.61881685256958,1.7707343101501465,0.5259133577346802,6.731878280639648,5,0.6678913831710815,1.7287147045135498,0,0,0
monitored,103,11,2.446669816970825,-0.5782636404037476,4.9474029541015625,3.122007369995117,-0.7240861654281616,5.0402631759643555,5,0.6678913831710815,1.7287147045135498,0,0,0
monitored,104,0,3.36039662361145,1.8431451320648193,5.4680891036987305,3.74399995803833,1.7646626234054565,5.511264324188232,6,0.6574416756629944,1.7454173564910889,0,0,0
monitored,104,1,5.17491340637207,1.9181268215179443,3.974255323410034,5.898582458496094,1.7646626234054565,4.038079261779785,6,0.6574416756629944,1.7454173564910889,0,0,0
monitored,104,2,4.4952921867370605,4.044832706451416,4.9639081954956055,5.112973690032959,3.9297261238098145,5.010354518890381,6,0.6574416756629944,1.7454173564910889,0,0,0
monitored,104,3,2.8703062534332275,4.083775520324707,6.883483409881592,3.5417563915252686,3.9297261238098145,6.954904556274414,6,0.6574416756629944,1.7454173564910889,0,0,0
monitored,104,4,2.186683177947998,1.8889575004577637,7.852895736694336,2.756147861480713,1.7646623849868774,7.92717981338501,6,0.6574416756629944,1.7454173564910889,0,0,0
monitored,104,5,2.943556308746338,-0.2676354646682739,6.830429553985596,3.5417566299438477,-0.4004009962081909,6.954904556274414,6,0.6574416756629944,1.7454173564910889,0,0,0
monitored,104,6,4.19476318359375,-0.23830623924732208,5.037968158721924,5.112973690032959,-0.4004009962081909,5.010354518890381,6,0.6574416756629944,1.7454173564910889,0,0,0
monitored,104,7,3.8429384231567383,3.1345415115356445,3.2828991413116455,4.52134895324707,3.014662742614746,3.3558692932128906,6,0.6574416756629944,1.7454173564910889,0,0,0
monitored,104,8,2.4475011825561523,4.417327880859375,4.950594425201416,3.160634756088257,4.264662742614746,5.0398993492126465,6,0.6574416756629944,1.7454173564910889,0,0,0
monitored,104,9,1.1930131912231445,3.1431779861450195,6.623680591583252,1.7999207973480225,3.014662742614746,6.723928928375244,6,0.6574416756629944,1.7454173564910889,0,0,0
monitored,104,10,1.2876561880111694,0.6048458218574524,6.615911960601807,1.7999207973480225,0.5146621465682983,6.723928928375244,6,0.6574416756629944,1.7454173564910889,0,0,0
monitored,104,11,2.4863131046295166,-0.5837644934654236,4.946651458740234,3.160634756088257,-0.7353373765945435,5.039898872375488,6,0.6574416756629944,1.7454173564910889,0,0,0
monitored,105,0,3.4198124408721924,1.8304156064987183,5.474599838256836,3.7800002098083496,1.7532470226287842,5.514068126678467,5,0.644088864326477,1.7618610858917236,0,0,0
monitored,105,1,5.22417688369751,1.9103798866271973,3.9949934482574463,5.943211555480957,1.7532470226287842,4.053582668304443,5,0.644088864326477,1.7618610858917236,0,0,0
monitored,105,2,4.557920455932617,4.031625270843506,4.969079971313477,5.151896953582764,3.9183106422424316,5.021219730377197,5,0.644088864326477,1.7618610858917236,0,0,0
monitored,105,3,2.9010298252105713,4.075935363769531,6.887643337249756,3.569267988204956,3.9183104038238525,6.956493854522705,5,0.644088864326477,1.7618610858917236,0,0,0
monitored,105,4,2.22849440574646,1.8735970258712769,7.848901748657227,2.777953624725342,1.753246784210205,7.924130916595459,5,0.644088864326477,1.7618610858917236,0,0,0
monitored,105,5,2.9626781940460205,-0.2812395393848419,6.891081809997559,3.569268226623535,-0.4118165969848633,6.956493377685547,5,0.644088864326477,1.7618610858917236,0,0,0
monitored,105,6,4.259961128234863,-0.24384862184524536,5.0014119148254395,5.1518964767456055,-0.4118165969848633,5.021219730377197,5,0.644088864326477,1.7618610858917236,0,0,0
monitored,105,7,3.901418924331665,3.1304545402526855,3.2939319610595703,4.570014953613281,3.003247022628784,3.363283157348633,5,0.644088864326477,1.7618610858917236,0,0,0
monitored,105,8,2.4851770401000977,4.409677982330322,4.9492621421813965,3.19941782951355,4.253247261047363,5.039279460906982,5,0.644088864326477,1.7618610858917236,0,0,0
monitored,105,9,1.2386252880096436,3.130584478378296,6.6096038818359375,1.8288211822509766,3.0032472610473633,6.715275764465332,5,0.644088864326477,1.7618610858917236,0,0,0
monitored,105,10,1.3459341526031494,0.593545138835907,6.619889736175537,1.8288211822509766,0.503246545791626,6.715275764465332,5,0.644088864326477,1.7618610858917236,0,0,0
monitored,105,11,2.5335853099823,-0.5914705395698547,4.947189807891846,3.199418067932129,-0.7467529773712158,5.039279460906982,5,0.644088864326477,1.7618610858917236,0,0,0
monitored,106,0,3.475912570953369,1.8178508281707764,5.4805707931518555,3.81600022315979,1.7416812181472778,5.516768932342529,5,0.6266389489173889,1.7643985748291016,0,0,0
monitored,106,1,5.279388427734375,1.901007890701294,4.015073776245117,5.9881792068481445,1.7416812181472778,4.069655418395996,5,0.6266389489173889,1.7643985748291016,0,0,0
monitored,106,2,4.6210479736328125,4.01970100402832,4.974349498748779,5.190910816192627,3.906744956970215,5.032392501831055,5,0.6266389489173889,1.7643985748291016,0,0,0
monitored,106,3,2.9391026496887207,4.0656328201293945,6.892459869384766,3.596374273300171,3.9067444801330566,6.957867622375488,5,0.6266389489173889,1.7643985748291016,0,0,0
monitored,106,4,2.271890163421631,1.8571653366088867,7.845422744750977,2.7991058826446533,1.7416809797286987,7.920604705810547,5,0.6266389489173889,1.7643985748291016,0,0,0
monitored,106,5,3.002913236618042,-0.297683447599411,6.941277980804443,3.59637451171875,-0.42338240146636963,6.95786714553833,5,0.6266389489173889,1.7643985748291016,0,0,0
monitored,106,6,4.314262866973877,-0.24870797991752625,4.973997592926025,5.190910816192627,-0.42338240146636963,5.032392978668213,5,0.6266389489173889,1.7643985748291016,0,0,0
monitored,106,7,3.9767274856567383,3.123516798019409,3.305969476699829,4.619266986846924,2.9916810989379883,3.3708980083465576,5,0.6266389489173889,1.7643985748291016,0,0,0
monitored,106,8,2.5308542251586914,4.400178909301758,4.948889255523682,3.2383577823638916,4.241681098937988,5.038407802581787,5,0.6266389489173889,1.7643985748291016,0,0,0
monitored,106,9,1.2869871854782104,3.117180824279785,6.59808874130249,1.8574485778808594,2.9916813373565674,6.705917835235596,5,0.6266389489173889,1.7643985748291016,0,0,0
monitored,106,10,1.4041225910186768,0.5837402939796448,6.628609657287598,1.8574485778808594,0.49168074131011963,6.705917835235596,5,0.6266389489173889,1.7643985748291016,0,0,0
monitored,106,11,2.585587978363037,-0.6010854244232178,4.949182987213135,3.2383577823638916,-0.7583187818527222,5.038407802581787,5,0.6266389489173889,1.7643985748291016,0,0,0
monitored,107,0,3.5291666984558105,1.8054081201553345,5.486064434051514,3.8520002365112305,1.7299782037734985,5.519366264343262,5,0.6063191890716553,1.7848405838012695,0,0,0
monitored,107,1,5.338695049285889,1.890386939048767,4.033847808837891,6.03347110748291,1.7299782037734985,4.086297988891602,5,0.6063191890716553,1.7848405838012695,0,0,0
monitored,107,2,4.684784889221191,4.008656978607178,4.980844974517822,5.230007648468018,3.8950419425964355,5.0438714027404785,5,0.6063191890716553,1.7848405838012695,0,0,0
monitored,107,3,2.9817607402801514,4.053388595581055,6.897491455078125,3.6230804920196533,3.8950414657592773,6.959017753601074,5,0.6063191890716553,1.7848405838012695,0,0,0
monitored,107,4,2.31583309173584,1.8406130075454712,7.843057632446289,2.81961727142334,1.7299779653549194,7.916590690612793,5,0.6063191890716553,1.7848405838012695,0,0,0
monitored,107,5,3.0432400703430176,-0.31231388449668884,6.977841854095459,3.6230807304382324,-0.4350854158401489,6.959017276763916,5,0.6063191890716553,1.7848405838012695,0,0,0
monitored,107,6,4.389881610870361,-0.25779882073402405,4.952185153961182,5.230007648468018,-0.4350854158401489,5.0438714027404785,5,0.6063191890716553,1.7848405838012695,0,0,0
monitored,107,7,4.052175521850586,3.1153416633605957,3.3171184062957764,4.669095993041992,2.979978084564209,3.378722667694092,5,0.6063191890716553,1.7848405838012695,0,0,0
monitored,107,8,2.581813335418701,4.389405250549316,4.949527740478516,3.277456283569336,4.229978084564209,5.037288188934326,5,0.6063191890716553,1.7848405838012695,0,0,0
monitored,107,9,1.3371191024780273,3.1035735607147217,6.590454578399658,1.8858166933059692,2.979978322982788,6.695853233337402,5,0.6063191890716553,1.7848405838012695,0,0,0
monitored,107,10,1.4611915349960327,0.5748344659805298,6.639294147491455,1.8858166933059692,0.47997772693634033,6.695853233337402,5,0.6063191890716553,1.7848405838012695,0,0,0
monitored,107,11,2.6405882835388184,-0.6122400760650635,4.952463150024414,3.277456283569336,-0.7700217962265015,5.037288188934326,5,0.6063191890716553,1.7848405838012695,0,0,0
monitored,108,0,3.579977512359619,1.7930525541305542,5.491133213043213,3.888000249862671,1.7181512117385864,5.521860599517822,5,0.5852593183517456,1.8164057731628418,0,0,0
monitored,108,1,5.400574684143066,1.8788752555847168,4.051105499267578,6.079071044921875,1.7181512117385864,4.103513240814209,5,0.5852593183517456,1.8164057731628418,0,0,0
monitored,108,2,4.748446941375732,3.998244285583496,4.989123821258545,5.2691779136657715,3.8832149505615234,5.055655002593994,5,0.5852593183517456,1.8164057731628418,0,0,0
monitored,108,3,3.0268049240112305,4.039869785308838,6.902407646179199,3.6493921279907227,3.8832144737243652,6.959938049316406,5,0.5852593183517456,1.8164057731628418,0,0,0
monitored,108,4,2.349283218383789,1.8269963264465332,7.840658187866211,2.8394994735717773,1.7181509733200073,7.912079811096191,5,0.5852593183517456,1.8164057731628418,0,0,0
monitored,108,5,3.1075384616851807,-0.33061331510543823,7.002843379974365,3.649392604827881,-0.44691240787506104,6.959937572479248,5,0.5852593183517456,1.8164057731628418,0,0,0
monitored,108,6,4.467287063598633,-0.26837071776390076,4.9396796226501465,5.2691779136657715,-0.44691240787506104,5.055655002593994,5,0.5852593183517456,1.8164057731628418,0,0,0
monitored,108,7,4.126700401306152,3.1057517528533936,3.32741379737854,4.719491004943848,2.968151092529297,3.3867673873901367,5,0.5852593183517456,1.8164057731628418,0,0,0
monitored,108,8,2.636047840118408,4.377849102020264,4.951192378997803,3.3167152404785156,4.218151092529297,5.035924911499023,5,0.5852593183517456,1.8164057731628418,0,0,0
monitored,108,9,1.3884317874908447,3.0899100303649902,6.586015701293945,1.9139397144317627,2.968151330947876,6.68508243560791,5,0.5852593183517456,1.8164057731628418,0,0,0
monitored,108,10,1.5168451070785522,0.5660590529441833,6.649272918701172,1.9139397144317627,0.4681507349014282,6.68508243560791,5,0.5852593183517456,1.8164057731628418,0,0,0
monitored,108,11,2.685685873031616,-0.6219014525413513,4.955273628234863,3.3167152404785156,-0.7818487882614136,5.035924911499023,5,0.5852593183517456,1.8164057731628418,0,0,0
monitored,109,0,3.6286911964416504,1.7807559967041016,5.495822429656982,3.9240000247955322,1.7062125205993652,5.524250507354736,6,0.5631395578384399,1.8348654508590698,0,0,0
monitored,109,1,5.463624477386475,1.8668090105056763,4.0668110847473145,6.124960899353027,1.7062125205993652,4.121299743652344,6,0.5631395578384399,1.8348654508590698,0,0,0
monitored,109,2,4.811460971832275,3.988128662109375,4.999541282653809,5.308412551879883,3.8712761402130127,5.067739963531494,6,0.5631395578384399,1.8348654508590698,0,0,0
monitored,109,3,3.0619192123413086,4.028355598449707,6.905910968780518,3.6753153800964355,3.8712759017944336,6.960619926452637,6,0.5631395578384399,1.8348654508590698,0,0,0
monitored,109,4,2.394876480102539,1.8101798295974731,7.839969635009766,2.858766794204712,1.7062122821807861,7.907059669494629,6,0.5631395578384399,1.8348654508590698,0,0,0
monitored,109,5,3.1777806282043457,-0.34774717688560486,7.009247779846191,3.6753153800964355,-0.4588510990142822,6.9606194496154785,6,0.5631395578384399,1.8348654508590698,0,0,0
monitored,109,6,4.544846534729004,-0.2801741361618042,4.936060905456543,5.308412551879883,-0.4588510990142822,5.067739963531494,6,0.5631395578384399,1.8348654508590698,0,0,0
monitored,109,7,4.200748443603516,3.094895362854004,3.3374311923980713,4.770439624786377,2.9562125205993652,3.3950395584106445,6,0.5631395578384399,1.8348654508590698,0,0,0
monitored,109,8,2.6920831203460693,4.365901947021484,4.95379638671875,3.3561360836029053,4.206212520599365,5.034321308135986,6,0.5631395578384399,1.8348654508590698,0,0,0
monitored,109,9,1.4401808977127075,3.0764071941375732,6.584336280822754,1.941832423210144,2.9562125205993652,6.673603057861328,6,0.5631395578384399,1.8348654508590698,0,0,0
monitored,109,10,1.5609954595565796,0.5588743686676025,6.65522575378418,1.941832423210144,0.45621204376220703,6.673603057861328,6,0.5631395578384399,1.8348654508590698,0,0,0
monitored,109,11,2.7448341846466064,-0.6352710127830505,4.960417747497559,3.3561360836029053,-0.7937874794006348,5.034321308135986,6,0.5631395578384399,1.8348654508590698,0,0,0
monitored,110,0,3.6756045818328857,1.768496036529541,5.500171661376953,3.9600000381469727,1.6941745281219482,5.526536464691162,5,0.5410112142562866,1.8524235486984253,0,0,0
monitored,110,1,5.527496337890625,1.854344367980957,4.081823825836182,6.171125411987305,1.6941745281219482,4.139660358428955,5,0.5410112142562866,1.8524235486984253,0,0,0
monitored,110,2,4.863101959228516,3.9800522327423096,5.010298252105713,5.3477020263671875,3.8592381477355957,5.080125331878662,5,0.5410112142562866,1.8524235486984253,0,0,0
monitored,110,3,3.11041522026062,4.013087272644043,6.910467624664307,3.7008557319641113,3.8592379093170166,6.961055755615234,5,0.5410112142562866,1.8524235486984253,0,0,0
monitored,110,4,2.439526081085205,1.7941253185272217,7.840187072753906,2.8774328231811523,1.6941742897033691,7.901520729064941,5,0.5410112142562866,1.8524235486984253,0,0,0
monitored,110,5,3.247133255004883,-0.36315879225730896,7.00188684463501,3.7008562088012695,-0.4708890914916992,6.961055278778076,5,0.5410112142562866,1.8524235486984253,0,0,0
monitored,110,6,4.621451377868652,-0.29291293025016785,4.940065383911133,5.3477020263671875,-0.4708890914916992,5.080125331878662,5,0.5410112142562866,1.8524235486984253,0,0,0
monitored,110,7,4.2740278244018555,3.0829286575317383,3.3473963737487793,4.821931838989258,2.9441745281219482,3.4035494327545166,5,0.5410112142562866,1.8524235486984253,0,0,0
monitored,110,8,2.7486484050750732,4.353883743286133,4.957210063934326,3.395720958709717,4.194174766540527,5.032482624053955,5,0.5410112142562866,1.8524235486984253,0,0,0
monitored,110,9,1.4813443422317505,3.0654969215393066,6.58254337310791,1.9695103168487549,2.9441747665405273,6.6614155769348145,5,0.5410112142562866,1.8524235486984253,0,0,0
monitored,110,10,1.615876317024231,0.5483595728874207,6.657944679260254,1.9695103168487549,0.44417405128479004,6.6614155769348145,5,0.5410112142562866,1.8524235486984253,0,0,0
monitored,110,11,2.803779363632202,-0.6491014361381531,4.965977191925049,3.395720958709717,-0.8058254718780518,5.032482624053955,5,0.5410112142562866,1.8524235486984253,0,0,0
monitored,111,0,3.7209725379943848,1.7562551498413086,5.504213809967041,3.996000051498413,1.682049036026001,5.528717994689941,6,0.5197202563285828,1.8677140474319458,0,0,0
monitored,111,1,5.581084251403809,1.8440346717834473,4.095756530761719,6.2175445556640625,1.682049036026001,4.158594131469727,6,0.5197202563285828,1.8677140474319458,0,0,0
monitored,111,2,4.925690174102783,3.969439744949341,5.025396347045898,5.387036323547363,3.8471126556396484,5.092808723449707,6,0.5197202563285828,1.8677140474319458,0,0,0
monitored,111,3,3.158015251159668,3.9979817867279053,6.914573669433594,3.726020574569702,3.8471124172210693,6.96123743057251,6,0.5197202563285828,1.8677140474319458,0,0,0
monitored,111,4,2.4829599857330322,1.7788218259811401,7.84092903137207,2.895512580871582,1.6820487976074219,7.895451545715332,6,0.5197202563285828,1.8677140474319458,0,0,0
monitored,111,5,3.3122453689575195,-0.3771117627620697,6.986238956451416,3.7260208129882812,-0.4830145835876465,6.961236953735352,6,0.5197202563285828,1.8677140474319458,0,0,0
monitored,111,6,4.695523262023926,-0.3062584698200226,4.950533866882324,5.387036323547363,-0.4830145835876465,5.092808723449707,6,0.5197202563285828,1.8677140474319458,0,0,0
monitored,111,7,4.346329212188721,3.070115804672241,3.3575401306152344,4.873953342437744,2.932049036026001,3.412306547164917,6,0.5197202563285828,1.8677140474319458,0,0,0
monitored,111,8,2.795177459716797,4.344088554382324,4.959853172302246,3.435471296310425,4.182048797607422,5.0304131507873535,6,0.5197202563285828,1.8677140474319458,0,0,0
monitored,111,9,1.53390371799469,3.0520169734954834,6.5833420753479,1.996989369392395,2.93204927444458,6.648519515991211,6,0.5197202563285828,1.8677140474319458,0,0,0
monitored,111,10,1.6683340072631836,0.5361908078193665,6.654454231262207,1.996989369392395,0.4320485591888428,6.648519515991211,6,0.5197202563285828,1.8677140474319458,0,0,0
monitored,111,11,2.862353801727295,-0.6631933450698853,4.971575736999512,3.435471534729004,-0.817950963973999,5.0304131507873535,6,0.5197202563285828,1.8677140474319458,0,0,0
monitored,112,0,3.7650139331817627,1.744019865989685,5.507977485656738,4.0320000648498535,1.6698474884033203,5.530794143676758,5,0.49864763021469116,1.8812458515167236,0,0,0
monitored,112,1,5.647149562835693,1.8308131694793701,4.111436367034912,6.2642011642456055,1.6698474884033203,4.178101539611816,5,0.49864763021469116,1.8812458515167236,0,0,0
monitored,112,2,4.986352443695068,3.9584269523620605,5.042436122894287,5.426405906677246,3.8349111080169678,5.105786323547363,5,0.49864763021469116,1.8812458515167236,0,0,0
monitored,112,3,3.204716682434082,3.983022451400757,6.918250560760498,3.7508156299591064,3.8349108695983887,6.961156368255615,5,0.49864763021469116,1.8812458515167236,0,0,0
monitored,112,4,2.5246362686157227,1.7646968364715576,7.842188358306885,2.913020610809326,1.6698472499847412,7.888841152191162,5,0.49864763021469116,1.8812458515167236,0,0,0
monitored,112,5,3.372352361679077,-0.3902536630630493,6.966702461242676,3.7508158683776855,-0.49521613121032715,6.961155891418457,5,0.49864763021469116,1.8812458515167236,0,0,0
monitored,112,6,4.767394065856934,-0.3200947940349579,4.965970039367676,5.426405906677246,-0.49521613121032715,5.105786323547363,5,0.49864763021469116,1.8812458515167236,0,0,0
monitored,112,7,4.407411575317383,3.059316873550415,3.36684513092041,4.926492691040039,2.9198474884033203,3.4213197231292725,5,0.49864763021469116,1.8812458515167236,0,0,0
monitored,112,8,2.8536391258239746,4.3316969871521,4.964103698730469,3.475389003753662,4.16984748840332,5.0281171798706055,5,0.49864763021469116,1.8812458515167236,0,0,0
monitored,112,9,1.585037112236023,3.0388431549072266,6.584188938140869,2.024285316467285,2.9198474884033203,6.634914398193359,5,0.49864763021469116,1.8812458515167236,0,0,0
monitored,112,10,1.7184035778045654,0.5220558047294617,6.644015312194824,2.024285316467285,0.4198470115661621,6.634914398193359,5,0.49864763021469116,1.8812458515167236,0,0,0
monitored,112,11,2.9204230308532715,-0.6773961186408997,4.976908206939697,3.475389003753662,-0.8301525115966797,5.0281171798706055,5,0.49864763021469116,1.8812458515167236,0,0,0
monitored,113,0,3.8079168796539307,1.7317800521850586,5.5114874839782715,4.068000316619873,1.6575803756713867,5.532764911651611,5,0.47918128967285156,1.8835692405700684,0,0,0
monitored,113,1,5.712498664855957,1.8175835609436035,4.127719402313232,6.3110761642456055,1.6575803756713867,4.198182582855225,5,0.47918128967285156,1.8835692405700684,0,0,0
monitored,113,2,5.044648170471191,3.9468400478363037,5.060657024383545,5.4658002853393555,3.822643995285034,5.119056701660156,5,0.47918128967285156,1.8835692405700684,0,0,0
monitored,113,3,3.2504665851593018,3.9682228565216064,6.921504974365234,3.7752487659454346,3.822643756866455,6.960804462432861,5,0.47918128967285156,1.8835692405700684,0,0,0
monitored,113,4,2.5649399757385254,1.7511574029922485,7.843320369720459,2.9299728870391846,1.6575801372528076,7.881678581237793,5,0.47918128967285156,1.8835692405700684,0,0,0
monitored,113,5,3.4278385639190674,-0.40328294038772583,6.946361064910889,3.7752490043640137,-0.5074832439422607,6.960803985595703,5,0.47918128967285156,1.8835692405700684,0,0,0
monitored,113,6,4.82624626159668,-0.3316795825958252,4.982358455657959,5.4658002853393555,-0.5074832439422607,5.119056701660156,5,0.47918128967285156,1.8835692405700684,0,0,0
monitored,113,7,4.479492664337158,3.0452818870544434,3.378056764602661,4.979536533355713,2.9075803756713867,3.4305989742279053,5,0.47918128967285156,1.8835692405700684,0,0,0
monitored,113,8,2.911574363708496,4.319372653961182,4.968371391296387,3.5154757499694824,4.157580375671387,5.025599479675293,5,0.47918128967285156,1.8835692405700684,0,0,0
monitored,113,9,1.634622573852539,3.0258336067199707,6.584067344665527,2.051415205001831,2.9075803756713867,6.620599746704102,5,0.47918128967285156,1.8835692405700684,0,0,0
monitored,113,10,1.7651190757751465,0.5060699582099915,6.6265034675598145,2.051415205001831,0.4075798988342285,6.620599746704102,5,0.47918128967285156,1.8835692405700684,0,0,0
monitored,113,11,2.9773566722869873,-0.6914574503898621,4.981758117675781,3.5154759883880615,-0.8424196243286133,5.025599479675293,5,0.47918128967285156,1.8835692405700684,0,0,0
monitored,114,0,3.8498423099517822,1.7195286750793457,5.514764785766602,4.104000091552734,1.6452586650848389,5.53463077545166,5,0.46112796664237976,1.8921535015106201,0,0,0
monitored,114,1,5.77692985534668,1.8043956756591797,4.144991874694824,6.358149528503418,1.6452586650848389,4.218838214874268,5,0.46112796664237976,1.8921535015106201,0,0,0
monitored,114,2,5.1012091636657715,3.9345664978027344,5.080050468444824,5.505208492279053,3.8103222846984863,5.132616996765137,5,0.46112796664237976,1.8921535015106201,0,0,0
monitored,114,3,3.295175552368164,3.953596353530884,6.924338340759277,3.799326181411743,3.8103220462799072,6.960174083709717,5,0.46112796664237976,1.8921535015106201,0,0,0
monitored,114,4,2.6037187576293945,1.738048791885376,7.843913555145264,2.946384906768799,1.6452584266662598,7.873952865600586,5,0.46112796664237976,1.8921535015106201,0,0,0
monitored,114,5,3.4709200859069824,-0.41418927907943726,6.92858362197876,3.7993264198303223,-0.5198049545288086,6.960174083709717,5,0.46112796664237976,1.8921535015106201,0,0,0
monitored,114,6,4.894855976104736,-0.3464113771915436,5.004683494567871,5.5052080154418945,-0.5198049545288086,5.132616996765137,5,0.46112796664237976,1.8921535015106201,0,0,0
monitored,114,7,4.550136566162109,3.0310850143432617,3.3897061347961426,5.033070087432861,2.895258665084839,3.440155029296875,5,0.46112796664237976,1.8921535015106201,0,0,0
monitored,114,8,2.968912363052368,4.307086944580078,4.972443103790283,3.5557327270507812,4.145258903503418,5.022866249084473,5,0.46112796664237976,1.8921535015106201,0,0,0
monitored,114,9,1.6821781396865845,3.013052225112915,6.5826849937438965,2.0783956050872803,2.895258903503418,6.605576992034912,5,0.46112796664237976,1.8921535015106201,0,0,0
monitored,114,10,1.8075289726257324,0.4886053800582886,6.602503776550293,2.0783956050872803,0.39525818824768066,6.605576992034912,5,0.46112796664237976,1.8921535015106201,0,0,0
monitored,114,11,3.033769130706787,-0.7054969072341919,4.985921859741211,3.5557327270507812,-0.8547413349151611,5.022866249084473,5,0.46112796664237976,1.8921535015106201,0,0,0
monitored,115,0,3.8909287452697754,1.7072609663009644,5.517827033996582,4.140000343322754,1.63289213180542,5.53639030456543,5,0.44569095969200134,1.8905118703842163,0,0,0
monitored,115,1,5.84032678604126,1.7912695407867432,4.163496971130371,6.405401706695557,1.63289213180542,4.240065574645996,5,0.44569095969200134,1.8905118703842163,0,0,0
monitored,115,2,5.156075954437256,3.921572685241699,5.100226402282715,5.544620037078857,3.7979557514190674,5.146462440490723,5,0.44569095969200134,1.8905118703842163,0,0,0
monitored,115,3,3.338304042816162,3.939424514770508,6.926760196685791,3.823056936264038,3.7979555130004883,6.959256172180176,5,0.44569095969200134,1.8905118703842163,0,0,0
monitored,115,4,2.6324334144592285,1.727434754371643,7.842854976654053,2.962275505065918,1.6328918933868408,7.865653038024902,5,0.44569095969200134,1.8905118703842163,0,0,0
monitored,115,5,3.5204250812530518,-0.4287066161632538,6.910144329071045,3.823057174682617,-0.5321714878082275,6.959256172180176,5,0.44569095969200134,1.8905118703842163,0,0,0
monitored,115,6,4.96042537689209,-0.3612076938152313,5.028924465179443,5.544619560241699,-0.5321714878082275,5.146462440490723,5,0.44569095969200134,1.8905118703842163,0,0,0
monitored,115,7,4.618978500366211,3.0167555809020996,3.401573419570923,5.0870795249938965,2.88289213180542,3.449995994567871,5,0.44569095969200134,1.8905118703842163,0,0,0
monitored,115,8,3.0255789756774902,4.294806957244873,4.976132869720459,3.5961620807647705,4.13289213180542,5.01992130279541,5,0.44569095969200134,1.8905118703842163,0,0,0
monitored,115,9,1.7283040285110474,3.0001187324523926,6.5789408683776855,2.1052451133728027,2.88289213180542,6.589846611022949,5,0.44569095969200134,1.8905118703842163,0,0,0
monitored,115,10,1.8449952602386475,0.47020605206489563,6.5732293128967285,2.1052451133728027,0.3828916549682617,6.589846611022949,5,0.44569095969200134,1.8905118703842163,0,0,0
monitored,115,11,3.0802810192108154,-0.7169901132583618,4.988458633422852,3.5961623191833496,-0.8671078681945801,5.01992130279541,5,0.44569095969200134,1.8905118703842163,0,0,0
monitored,116,0,3.9312949180603027,1.6949741840362549,5.520689964294434,4.176000118255615,1.6204900741577148,5.538043975830078,6,0.43148013949394226,1.8887662887573242,0,0,0
monitored,116,1,5.902218341827393,1.778252363204956,4.182981967926025,6.452811241149902,1.6204900741577148,4.261865615844727,6,0.43148013949394226,1.8887662887573242,0,0,0
monitored,116,2,5.209301948547363,3.907923698425293,5.120904445648193,5.584023475646973,3.7855536937713623,5.160591125488281,6,0.43148013949394226,1.8887662887573242,0,0,0
monitored,116,3,3.371593475341797,3.9278342723846436,6.928140640258789,3.846447467803955,3.785553455352783,6.958042144775391,6,0.43148013949394226,1.8887662887573242,0,0,0
monitored,116,4,2.669306993484497,1.7138184309005737,7.840853214263916,2.9776597023010254,1.6204898357391357,7.856767654418945,6,0.43148013949394226,1.8887662887573242,0,0,0
monitored,116,5,3.5669729709625244,-0.4447453022003174,6.896285533905029,3.8464479446411133,-0.5445735454559326,6.958042144775391,6,0.43148013949394226,1.8887662887573242,0,0,0
monitored,116,6,5.023159980773926,-0.3760097920894623,5.054279327392578,5.5840229988098145,-0.5445735454559326,5.160591125488281,6,0.43148013949394226,1.8887662887573242,0,0,0
monitored,116,7,4.686774730682373,3.0024118423461914,3.413846969604492,5.141549110412598,2.870490074157715,3.4601328372955322,6,0.43148013949394226,1.8887662887573242,0,0,0
monitored,116,8,3.0814990997314453,4.282498836517334,4.979273796081543,3.6367647647857666,4.120490074157715,5.01677131652832,6,0.43148013949394226,1.8887662887573242,0,0,0
monitored,116,9,1.772918701171875,2.9869163036346436,6.572227954864502,2.1319801807403564,2.870490074157715,6.573409557342529,6,0.43148013949394226,1.8887662887573242,0,0,0
monitored,116,10,1.8720017671585083,0.45456305146217346,6.5438232421875,2.1319801807403564,0.37048959732055664,6.573409557342529,6,0.43148013949394226,1.8887662887573242,0,0,0
monitored,116,11,3.1371190547943115,-0.7312630414962769,4.990967750549316,3.6367647647857666,-0.8795099258422852,5.01677131652832,6,0.43148013949394226,1.8887662887573242,0,0,0
monitored,117,0,3.9710428714752197,1.6826673746109009,5.523366451263428,4.212000370025635,1.6080619096755981,5.539591312408447,5,0.4190050959587097,1.8875432014465332,0,0,0
monitored,117,1,5.9631428718566895,1.7652610540390015,4.203928470611572,6.500358581542969,1.6080619096755981,4.284235954284668,5,0.4190050959587097,1.8875432014465332,0,0,0
monitored,117,2,5.252818584442139,3.896404981613159,5.139988422393799,5.623408317565918,3.773125648498535,5.174998760223389,5,0.4190050959587097,1.8875432014465332,0,0,0
monitored,117,3,3.414168119430542,3.9132487773895264,6.929792881011963,3.8695077896118164,3.773125171661377,6.95652437210083,5,0.4190050959587097,1.8875432014465332,0,0,0
monitored,117,4,2.703995943069458,1.6998562812805176,7.836694240570068,2.9925577640533447,1.608061671257019,7.847287178039551,5,0.4190050959587097,1.8875432014465332,0,0,0
monitored,117,5,3.6113979816436768,-0.462805837392807,6.887725353240967,3.8695080280303955,-0.5570017099380493,6.956523895263672,5,0.4190050959587097,1.8875432014465332,0,0,0
monitored,117,6,5.083339214324951,-0.3907984793186188,5.080182075500488,5.623408317565918,-0.5570017099380493,5.174998760223389,5,0.4190050959587097,1.8875432014465332,0,0,0
monitored,117,7,4.753592491149902,2.9881179332733154,3.426478624343872,5.196465015411377,2.8580617904663086,3.4705748558044434,5,0.4190050959587097,1.8875432014465332,0,0,0
monitored,117,8,3.1361615657806396,4.270223140716553,4.9817986488342285,3.6775426864624023,4.108061790466309,5.013421058654785,5,0.4190050959587097,1.8875432014465332,0,0,0
monitored,117,9,1.807737112045288,2.975900650024414,6.562722206115723,2.1586203575134277,2.8580620288848877,6.556267738342285,5,0.4190050959587097,1.8875432014465332,0,0,0
monitored,117,10,1.8999172449111938,0.4359496831893921,6.506795883178711,2.1586203575134277,0.35806143283843994,6.556267738342285,5,0.4190050959587097,1.8875432014465332,0,0,0
monitored,117,11,3.1928999423980713,-0.7453402280807495,4.992431163787842,3.6775426864624023,-0.8919380903244019,5.013421058654785,5,0.4190050959587097,1.8875432014465332,0,0,0
monitored,118,0,4.010260105133057,1.670340895652771,5.525867938995361,4.248000144958496,1.5956158638000488,5.541032314300537,6,0.407884418964386,1.8789470195770264,0,0,0
monitored,118,1,6.014179229736328,1.7546590566635132,4.224583148956299,6.54802131652832,1.5956158638000488,4.307175636291504,6,0.407884418964386,1.8789470195770264,0,0,0
monitored,118,2,5.304512023925781,3.8814947605133057,5.161908149719238,5.662762641906738,3.7606794834136963,5.189681529998779,6,0.407884418964386,1.8789470195770264,0,0,0
monitored,118,3,3.455209732055664,3.8987553119659424,6.930938243865967,3.892244815826416,3.760679244995117,6.954693794250488,6,0.407884418964386,1.8789470195770264,0,0,0
monitored,118,4,2.7363576889038086,1.6851837635040283,7.829746246337891,3.006986141204834,1.5956156253814697,7.837199687957764,6,0.407884418964386,1.8789470195770264,0,0,0
monitored,118,5,3.65356707572937,-0.48304483294487,6.885223865509033,3.892245054244995,-0.5694477558135986,6.95469331741333,6,0.407884418964386,1.8789470195770264,0,0,0
monitored,118,6,5.140843868255615,-0.4055005609989166,5.105876922607422,5.662762641906738,-0.5694477558135986,5.1896820068359375,6,0.407884418964386,1.8789470195770264,0,0,0
monitored,118,7,4.819494724273682,2.97398042678833,3.439455032348633,5.251809597015381,2.845615863800049,3.4813318252563477,6,0.407884418964386,1.8789470195770264,0,0,0
monitored,118,8,3.1813206672668457,4.260159015655518,4.982963562011719,3.718496561050415,4.095615863800049,5.0098772048950195,6,0.407884418964386,1.8789470195770264,0,0,0
monitored,118,9,1.8503435850143433,2.9615237712860107,6.548321723937988,2.185183525085449,2.845615863800049,6.538422107696533,6,0.407884418964386,1.8789470195770264,0,0,0
monitored,118,10,1.9243775606155396,0.4179495871067047,6.4700446128845215,2.185183525085449,0.3456153869628906,6.538422107696533,6,0.407884418964386,1.8789470195770264,0,0,0
monitored,118,11,3.2476367950439453,-0.7592363953590393,4.992828845977783,3.718496561050415,-0.9043841361999512,5.0098772048950195,6,0.407884418964386,1.8789470195770264,0,0,0
monitored,119,0,4.0490217208862305,1.6579960584640503,5.528203964233398,4.283999919891357,1.5831600427627563,5.5423665046691895,5,0.3970034122467041,1.8877973556518555,0,0,0
monitored,119,1,6.074594497680664,1.7413959503173828,4.24896240234375,6.595778465270996,1.5831600427627563,4.330681800842285,5,0.3970034122467041,1.8877973556518555,0,0,0
monitored,119,2,5.35463809967041,3.866305351257324,5.183741092681885,5.702075004577637,3.7482237815856934,5.204635143280029,5,0.3970034122467041,1.8877973556518555,0,0,0
monitored,119,3,3.4947304725646973,3.884276866912842,6.931554317474365,3.914668560028076,3.748223304748535,6.952541828155518,5,0.3970034122467041,1.8877973556518555,0,0,0
monitored,119,4,2.7660083770751953,1.6700111627578735,7.820133686065674,3.020965099334717,1.5831598043441772,7.826495170593262,5,0.3970034122467041,1.8877973556518555,0,0,0
monitored,119,5,3.6929404735565186,-0.5053743124008179,6.889294624328613,3.9146687984466553,-0.5819035768508911,6.952541351318359,5,0.3970034122467041,1.8877973556518555,0,0,0
monitored,119,6,5.196518898010254,-0.4202209711074829,5.131453990936279,5.702075004577637,-0.5819035768508911,5.204635143280029,5,0.3970034122467041,1.8877973556518555,0,0,0
monitored,119,7,4.875856399536133,2.9624593257904053,3.451585531234741,5.307567596435547,2.833159923553467,3.49241304397583,5,0.3970034122467041,1.8877973556518555,0,0,0
monitored,119,8,3.236327648162842,4.2472429275512695,4.984066009521484,3.7596278190612793,4.083159923553467,5.0061445236206055,5,0.3970034122467041,1.8877973556518555,0,0,0
monitored,119,9,1.8904331922531128,2.9468212127685547,6.529633522033691,2.21168851852417,2.833160161972046,6.519876003265381,5,0.3970034122467041,1.8877973556518555,0,0,0
monitored,119,10,1.9473503828048706,0.40045568346977234,6.4344377517700195,2.21168851852417,0.33315956592559814,6.519876003265381,5,0.3970034122467041,1.8877973556518555,0,0,0
monitored,119,11,3.301380157470703,-0.7729782462120056,4.992185592651367,3.7596278190612793,-0.9168399572372437,5.0061445236206055,5,0.3970034122467041,1.8877973556518555,0,0,0
monitored,120,0,4.087392330169678,1.6456352472305298,5.530383110046387,4.320000171661377,1.5707018375396729,5.543593883514404,5,0.3872348666191101,1.8878297805786133,0,0,0
monitored,120,1,6.133612632751465,1.728216528892517,4.274595260620117,6.643609046936035,1.5707018375396729,4.354752540588379,5,0.3872348666191101,1.8878297805786133,0,0,0
monitored,120,2,5.403278827667236,3.8508758544921875,5.204595565795898,5.741334915161133,3.7357654571533203,5.219855308532715,5,0.3872348666191101,1.8878297805786133,0,0,0
monitored,120,3,3.5327517986297607,3.869731903076172,6.93161153793335,3.9367880821228027,3.735765218734741,6.950060844421387,5,0.3872348666191101,1.8878297805786133,0,0,0
monitored,120,4,2.7929139137268066,1.6536468267440796,7.806775093078613,3.0345146656036377,1.5707015991210938,7.8151631355285645,5,0.3872348666191101,1.8878297805786133,0,0,0
monitored,120,5,3.728621482849121,-0.5293929576873779,6.900042533874512,3.936788320541382,-0.5943617820739746,6.9500603675842285,5,0.3872348666191101,1.8878297805786133,0,0,0
monitored,120,6,5.2420783042907715,-0.43236610293388367,5.154592514038086,5.741334915161133,-0.5943617820739746,5.219855308532715,5,0.3872348666191101,1.8878297805786133,0,0,0
monitored,120,7,4.941836833953857,2.948521852493286,3.4656288623809814,5.36372184753418,2.820701837539673,3.5038280487060547,5,0.3872348666191101,1.8878297805786133,0,0,0
monitored,120,8,3.2903177738189697,4.23422908782959,4.984321117401123,3.800938606262207,4.070701599121094,5.002229690551758,5,0.3872348666191101,1.8878297805786133,0,0,0
monitored,120,9,1.9276835918426514,2.931870222091675,6.506678104400635,2.2381551265716553,2.820702075958252,6.500631332397461,5,0.3872348666191101,1.8878297805786133,0,0,0
monitored,120,10,1.9706954956054688,0.3834522068500519,6.400960922241211,2.2381551265716553,0.32070136070251465,6.500631332397461,5,0.3872348666191101,1.8878297805786133,0,0,0
monitored,120,11,3.353752374649048,-0.7865109443664551,4.990674018859863,3.800938606262207,-0.9292981624603271,5.002229690551758,5,0.3872348666191101,1.8878297805786133,0,0,0
monitored,121,0,4.12542724609375,1.6332612037658691,5.532412528991699,4.3560004234313965,1.5582481622695923,5.544713973999023,5,0.37838977575302124,1.8882664442062378,0,0,0
monitored,121,1,6.191279888153076,1.7151172161102295,4.301397323608398,6.691489219665527,1.5582481622695923,4.379384994506836,5,0.37838977575302124,1.8882664442062378,0,0,0
monitored,121,2,5.450972080230713,3.835283041000366,5.224964618682861,5.7805304527282715,3.7233119010925293,5.235337257385254,5,0.37838977575302124,1.8882664442062378,0,0,0
monitored,121,3,3.5692689418792725,3.855020761489868,6.931066989898682,3.9586129188537598,3.723311424255371,6.94724178314209,5,0.37838977575302124,1.8882664442062378,0,0,0
monitored,121,4,2.8163869380950928,1.6359751224517822,7.789142608642578,3.047654390335083,1.5582479238510132,7.803194046020508,5,0.37838977575302124,1.8882664442062378,0,0,0
monitored,121,5,3.754164695739746,-0.5503785610198975,6.912336349487305,3.958613395690918,-0.6068154573440552,6.947241306304932,5,0.37838977575302124,1.8882664442062378,0,0,0
monitored,121,6,5.296133518218994,-0.44747689366340637,5.180013179779053,5.7805304527282715,-0.6068154573440552,5.235337257385254,5,0.37838977575302124,1.8882664442062378,0,0,0
monitored,121,7,5.006863117218018,2.9349093437194824,3.479926586151123,5.420255661010742,2.8082480430603027,3.5155858993530273,5,0.37838977575302124,1.8882664442062378,0,0,0
monitored,121,8,3.3433449268341064,4.221096992492676,4.983729362487793,3.8424289226531982,4.058248043060303,4.998138904571533,5,0.37838977575302124,1.8882664442062378,0,0,0
monitored,121,9,1.9619067907333374,2.9169232845306396,6.480806827545166,2.2646021842956543,2.808248281478882,6.480691432952881,5,0.37838977575302124,1.8882664442062378,0,0,0
monitored,121,10,1.9963066577911377,0.366925448179245,6.370532512664795,2.2646021842956543,0.3082476854324341,6.480691432952881,5,0.37838977575302124,1.8882664442062378,0,0,0
monitored,121,11,3.4053874015808105,-0.7999909520149231,4.988271713256836,3.8424291610717773,-0.9417518377304077,4.998138904571533,5,0.37838977575302124,1.8882664442062378,0,0,0
monitored,122,0,4.163174152374268,1.6208775043487549,5.534297943115234,4.392000198364258,1.5458056926727295,5.545727252960205,5,0.37142214179039,1.889358639717102,0,0,0
monitored,122,1,6.247693061828613,1.702080488204956,4.329249858856201,6.739397048950195,1.5458056926727295,4.404574394226074,5,0.37142214179039,1.889358639717102,0,0,0
monitored,122,2,5.4978790283203125,3.8196187019348145,5.244696140289307,5.819648742675781,3.710869312286377,5.251075267791748,5,0.37142214179039,1.889358639717102,0,0,0
monitored,122,3,3.603985548019409,3.8403446674346924,6.9299821853637695,3.9801526069641113,3.710869073867798,6.944077014923096,5,0.37142214179039,1.889358639717102,0,0,0
monitored,122,4,2.8303351402282715,1.6204180717468262,7.769677639007568,3.0604045391082764,1.5458054542541504,7.7905778884887695,5,0.37142214179039,1.889358639717102,0,0,0
monitored,122,5,3.7809903621673584,-0.5771813988685608,6.932927131652832,3.9801526069641113,-0.619257926940918,6.9440765380859375,5,0.37142214179039,1.889358639717102,0,0,0
monitored,122,6,5.348605155944824,-0.46252942085266113,5.204712867736816,5.819648742675781,-0.619257926940918,5.251075744628906,5,0.37142214179039,1.889358639717102,0,0,0
monitored,122,7,5.070693016052246,2.92146635055542,3.4941182136535645,5.477149963378906,2.7958056926727295,3.527696132659912,5,0.37142214179039,1.889358639717102,0,0,0
monitored,122,8,3.395463466644287,4.207834243774414,4.9823150634765625,3.8840997219085693,4.045805931091309,4.993878364562988,5,0.37142214179039,1.889358639717102,0,0,0
monitored,122,9,1.9931514263153076,2.9019389152526855,6.45164155960083,2.2910494804382324,2.7958059310913086,6.4600605964660645,5,0.37142214179039,1.889358639717102,0,0,0
monitored,122,10,2.0258684158325195,0.35101318359375,6.344254970550537,2.2910494804382324,0.2958052158355713,6.4600605964660645,5,0.37142214179039,1.889358639717102,0,0,0
monitored,122,11,3.4481732845306396,-0.8110119700431824,4.985116004943848,3.8840997219085693,-0.9541943073272705,4.993878364562988,5,0.37142214179039,1.889358639717102,0,0,0
monitored,123,0,4.200673580169678,1.608487844467163,5.536044597625732,4.428000450134277,1.5333800315856934,5.546632766723633,6,0.3661155104637146,1.8902534246444702,0,0,0
monitored,123,1,6.30271053314209,1.6890840530395508,4.357545852661133,6.787309646606445,1.5333800315856934,4.430316925048828,6,0.3661155104637146,1.8902534246444702,0,0,0
monitored,123,2,5.544046401977539,3.8040459156036377,5.263920783996582,5.858678817749023,3.698443651199341,5.267064094543457,6,0.3661155104637146,1.8902534246444702,0,0,0
monitored,123,3,3.630006790161133,3.8280446529388428,6.928123950958252,4.001418113708496,3.6984434127807617,6.940558433532715,6,0.3661155104637146,1.8902534246444702,0,0,0
monitored,123,4,2.844435930252075,1.599963903427124,7.741924285888672,3.0727880001068115,1.5333797931671143,7.7773051261901855,6,0.3661155104637146,1.8902534246444702,0,0,0
monitored,123,5,3.8017218112945557,-0.6030913591384888,6.9568352699279785,4.001418590545654,-0.6316835880279541,6.940557956695557,6,0.3661155104637146,1.8902534246444702,0,0,0
monitored,123,6,5.399661540985107,-0.47751370072364807,5.228670120239258,5.858678817749023,-0.6316835880279541,5.267064094543457,6,0.3661155104637146,1.8902534246444702,0,0,0
monitored,123,7,5.133975982666016,2.9081809520721436,3.5084755420684814,5.534387111663818,2.7833800315856934,3.540166139602661,6,0.3661155104637146,1.8902534246444702,0,0,0
monitored,123,8,3.4467084407806396,4.194446086883545,4.9801130294799805,3.925952196121216,4.033380031585693,4.989454746246338,6,0.3661155104637146,1.8902534246444702,0,0,0
monitored,123,9,2.021414279937744,2.887068271636963,6.419874668121338,2.3175172805786133,2.7833800315856934,6.438742637634277,6,0.3661155104637146,1.8902534246444702,0,0,0
monitored,123,10,2.051295042037964,0.33830586075782776,6.322074890136719,2.3175172805786133,0.28337955474853516,6.438742637634277,6,0.3661155104637146,1.8902534246444702,0,0,0
monitored,123,11,3.4998998641967773,-0.8248124718666077,4.981127738952637,3.925952196121216,-0.9666199684143066,4.98945426940918,6,0.3661155104637146,1.8902534246444702,0,0,0
monitored,124,0,4.2379608154296875,1.5960962772369385,5.537656784057617,4.464000225067139,1.5209767818450928,5.547430992126465,5,0.36273300647735596,1.8914309740066528,0,0,0
monitored,124,1,6.356830596923828,1.6760870218276978,4.386691093444824,6.835204124450684,1.5209767818450928,4.456608772277832,5,0.36273300647735596,1.8914309740066528,0,0,0
monitored,124,2,5.582024574279785,3.7912678718566895,5.2816314697265625,5.897608757019043,3.6860404014587402,5.283298492431641,5,0.36273300647735596,1.8914309740066528,0,0,0
monitored,124,3,3.66351056098938,3.8120205402374268,6.925602436065674,4.022418975830078,3.686040163040161,6.936677932739258,5,0.36273300647735596,1.8914309740066528,0,0,0
monitored,124,4,2.8510165214538574,1.5794765949249268,7.70998477935791,3.0848240852355957,1.5209765434265137,7.763367176055908,5,0.36273300647735596,1.8914309740066528,0,0,0
monitored,124,5,3.81681489944458,-0.627794086933136,6.982612133026123,4.022418975830078,-0.6440868377685547,6.9366774559021,5,0.36273300647735596,1.8914309740066528,0,0,0
monitored,124,6,5.449474334716797,-0.49243393540382385,5.251899242401123,5.897608757019043,-0.6440868377685547,5.283298492431641,5,0.36273300647735596,1.8914309740066528,0,0,0
monitored,124,7,5.196775436401367,2.8950023651123047,3.5229616165161133,5.591948509216309,2.7709767818450928,3.5530056953430176,5,0.36273300647735596,1.8914309740066528,0,0,0
monitored,124,8,3.4967434406280518,4.18101167678833,4.977299213409424,3.9679863452911377,4.020977020263672,4.984874248504639,5,0.36273300647735596,1.8914309740066528,0,0,0
monitored,124,9,2.041510581970215,2.874897003173828,6.388908386230469,2.344024419784546,2.770977020263672,6.416742324829102,5,0.36273300647735596,1.8914309740066528,0,0,0
monitored,124,10,2.0870864391326904,0.32445773482322693,6.301398754119873,2.344024419784546,0.27097630500793457,6.416742324829102,5,0.36273300647735596,1.8914309740066528,0,0,0
monitored,124,11,3.5506591796875,-0.8385366797447205,4.976527214050293,3.967986583709717,-0.9790232181549072,4.9848737716674805,5,0.36273300647735596,1.8914309740066528,0,0,0
monitored,125,0,4.2750654220581055,1.5837068557739258,5.5391387939453125,4.5,1.5086004734039307,5.548121452331543,6,0.3612605035305023,1.8856489658355713,0,0,0
monitored,125,1,6.402298450469971,1.665469765663147,4.414559364318848,6.883057117462158,1.5086004734039307,4.483443260192871,6,0.3612605035305023,1.8856489658355713,0,0,0
monitored,125,2,5.6279754638671875,3.7758700847625732,5.3013200759887695,5.936427116394043,3.673664093017578,5.299771785736084,6,0.3612605035305023,1.8856489658355713,0,0,0
monitored,125,3,3.695432186126709,3.7955942153930664,6.922266483306885,4.043166637420654,3.673663854598999,6.932427406311035,6,0.3612605035305023,1.8856489658355713,0,0,0
monitored,125,4,2.8492984771728516,1.5600814819335938,7.675406455993652,3.09653639793396,1.5086002349853516,7.74875545501709,6,0.3612605035305023,1.8856489658355713,0,0,0
monitored,125,5,3.826828956604004,-0.6510119438171387,7.008546352386475,4.043166637420654,-0.6564631462097168,6.932427406311035,6,0.3612605035305023,1.8856489658355713,0,0,0
monitored,125,6,5.4979567527771,-0.5072492957115173,5.273974418640137,5.936427116394043,-0.6564631462097168,5.299771785736084,6,0.3612605035305023,1.8856489658355713,0,0,0
monitored,125,7,5.259129047393799,2.8819525241851807,3.5376298427581787,5.649814605712891,2.7586004734039307,3.5662219524383545,6,0.3612605035305023,1.8856489658355713,0,0,0
monitored,125,8,3.538276433944702,4.169921875,4.973865509033203,4.010202884674072,4.008600234985352,4.9801435470581055,6,0.3612605035305023,1.8856489658355713,0,0,0
monitored,125,9,2.0649025440216064,2.8603310585021973,6.352972984313965,2.370591640472412,2.7586007118225098,6.394064903259277,6,0.3612605035305023,1.8856489658355713,0,0,0
monitored,125,10,2.1275720596313477,0.3127451539039612,6.288127899169922,2.370591640472412,0.25859999656677246,6.394064903259277,6,0.3612605035305023,1.8856489658355713,0,0,0
monitored,125,11,3.60052752494812,-0.8521978855133057,4.97142219543457,4.0102033615112305,-0.9913995265960693,4.9801435470581055,6,0.3612605035305023,1.8856489658355713,0,0,0
monitored,126,0,4.312013626098633,1.5713237524032593,5.540493011474609,4.5360002517700195,1.4962553977966309,5.548704147338867,5,0.3602703809738159,1.895487904548645,0,0,0
monitored,126,1,6.456105709075928,1.6521798372268677,4.445778846740723,6.930846214294434,1.4962553977966309,4.5108160972595215,5,0.3602703809738159,1.895487904548645,0,0,0
monitored,126,2,5.67302942276001,3.7609784603118896,5.321004390716553,5.97512149810791,3.6613190174102783,5.3164777755737305,5,0.3602703809738159,1.895487904548645,0,0,0
monitored,126,3,3.725802421569824,3.7787063121795654,6.918057441711426,4.0636725425720215,3.661318778991699,6.927800178527832,5,0.3602703809738159,1.895487904548645,0,0,0
monitored,126,4,2.8412981033325195,1.5427043437957764,7.640986442565918,3.107947826385498,1.4962551593780518,7.733461856842041,5,0.3602703809738159,1.895487904548645,0,0,0
monitored,126,5,3.8326425552368164,-0.6729642748832703,7.033045768737793,4.0636725425720215,-0.6688082218170166,6.927800178527832,5,0.3602703809738159,1.895487904548645,0,0,0
monitored,126,6,5.545584201812744,-0.5220388174057007,5.295469760894775,5.97512149810791,-0.6688082218170166,5.3164777755737305,5,0.3602703809738159,1.895487904548645,0,0,0
monitored,126,7,5.312963008880615,2.8713526725769043,3.5515098571777344,5.7079668045043945,2.746255397796631,3.5798227787017822,5,0.3602703809738159,1.895487904548645,0,0,0
monitored,126,8,3.588651418685913,4.155831813812256,4.969738483428955,4.052603244781494,3.996255397796631,4.975269317626953,5,0.3602703809738159,1.895487904548645,0,0,0
monitored,126,9,2.0859994888305664,2.8462657928466797,6.316550254821777,2.3972396850585938,2.746255397796631,6.370716094970703,5,0.3602703809738159,1.895487904548645,0,0,0
monitored,126,10,2.171210765838623,0.3036805987358093,6.282636642456055,2.3972396850585938,0.24625492095947266,6.370716094970703,5,0.3602703809738159,1.895487904548645,0,0,0
monitored,126,11,3.6496078968048096,-0.8658153414726257,4.9659295082092285,4.052603244781494,-1.0037446022033691,4.975269317626953,5,0.3602703809738159,1.895487904548645,0,0,0
monitored,127,0,4.348827838897705,1.5589509010314941,5.541722774505615,4.572000026702881,1.4839450120925903,5.5491790771484375,5,0.36052531003952026,1.8970425128936768,0,0,0
monitored,127,1,6.508951187133789,1.638946533203125,4.477384090423584,6.9785475730896,1.4839450120925903,4.538719177246094,5,0.36052531003952026,1.8970425128936768,0,0,0
monitored,127,2,5.717268943786621,3.746591567993164,5.339864253997803,6.013680458068848,3.6490087509155273,5.333409309387207,5,0.36052531003952026,1.8970425128936768,0,0,0
monitored,127,3,3.754640817642212,3.761320114135742,6.9129157066345215,4.08394718170166,3.649008274078369,6.922789096832275,5,0.36052531003952026,1.8970425128936768,0,0,0
monitored,127,4,2.8267338275909424,1.5279613733291626,7.607548236846924,3.1190803050994873,1.4839447736740112,7.7174787521362305,5,0.36052531003952026,1.8970425128936768,0,0,0
monitored,127,5,3.835317373275757,-0.6944907903671265,7.0545125007629395,4.08394718170166,-0.6811186075210571,6.922788619995117,5,0.36052531003952026,1.8970425128936768,0,0,0
monitored,127,6,5.584702968597412,-0.5342031121253967,5.3151631355285645,6.013680458068848,-0.6811186075210571,5.333409309387207,5,0.36052531003952026,1.8970425128936768,0,0,0
monitored,127,7,5.376083850860596,2.8583691120147705,3.5672245025634766,5.766384124755859,2.733944892883301,3.593815803527832,5,0.36052531003952026,1.8970425128936768,0,0,0
monitored,127,8,3.6382086277008057,4.141709804534912,4.9650959968566895,4.09518575668335,3.983944892883301,4.970259189605713,5,0.36052531003952026,1.8970425128936768,0,0,0
monitored,127,9,2.105513572692871,2.832685947418213,6.280189037322998,2.423987865447998,2.73394513130188,6.3467020988464355,5,0.36052531003952026,1.8970425128936768,0,0,0
monitored,127,10,2.2154688835144043,0.29744020104408264,6.283930778503418,2.423987865447998,0.23394453525543213,6.3467020988464355,5,0.36052531003952026,1.8970425128936768,0,0,0
monitored,127,11,3.697634696960449,-0.8793502449989319,4.960356712341309,4.095186233520508,-1.0160549879074097,4.970259189605713,5,0.36052531003952026,1.8970425128936768,0,0,0
monitored,128,0,4.385526657104492,1.546592354774475,5.542830467224121,4.6080002784729,1.471672773361206,5.549546241760254,5,0.3612733781337738,1.858018159866333,0,0,0
monitored,128,1,6.56091833114624,1.6257820129394531,4.509339332580566,7.0261383056640625,1.471672773361206,4.567146301269531,5,0.3612733781337738,1.858018159866333,0,0,0
monitored,128,2,5.760992050170898,3.732651472091675,5.358663082122803,6.052093029022217,3.6367363929748535,5.350560188293457,5,0.3612733781337738,1.858018159866333,0,0,0
monitored,128,3,3.7819254398345947,3.7434041500091553,6.90676736831665,4.104003429412842,3.6367361545562744,6.917386531829834,5,0.3612733781337738,1.858018159866333,0,0,0
monitored,128,4,2.8071775436401367,1.5161925554275513,7.576482772827148,3.129958391189575,1.471672534942627,7.700799942016602,5,0.3612733781337738,1.858018159866333,0,0,0
monitored,128,5,3.8330180644989014,-0.7132925987243652,7.070435523986816,4.104003429412842,-0.6933908462524414,6.917386531829834,5,0.3612733781337738,1.858018159866333,0,0,0
monitored,128,6,5.63201904296875,-0.5492612719535828,5.336404800415039,6.052093029022217,-0.6933908462524414,5.350560188293457,5,0.3612733781337738,1.858018159866333,0,0,0
monitored,128,7,5.438628196716309,2.845578193664551,3.5832231044769287,5.825047492980957,2.721672773361206,3.6082077026367188,5,0.3612733781337738,1.858018159866333,0,0,0
monitored,128,8,3.6870412826538086,4.127575874328613,4.960027694702148,4.1379523277282715,3.971672773361206,4.965119361877441,5,0.3612733781337738,1.858018159866333,0,0,0
monitored,128,9,2.1251161098480225,2.819350481033325,6.245192050933838,2.450856924057007,2.721673011779785,6.322031021118164,5,0.3612733781337738,1.858018159866333,0,0,0
monitored,128,10,2.258345127105713,0.29356658458709717,6.289548397064209,2.450856924057007,0.22167229652404785,6.322031021118164,5,0.3612733781337738,1.858018159866333,0,0,0
monitored,128,11,3.74519944190979,-0.8929029107093811,4.95461368560791,4.1379523277282715,-1.028327226638794,4.965119361877441,5,0.3612733781337738,1.858018159866333,0,0,0
monitored,129,0,4.422126293182373,1.5342516899108887,5.54381799697876,4.644000053405762,1.45944082736969,5.549805164337158,5,0.36401575803756714,1.8127206563949585,0,0,0
monitored,129,1,6.612119674682617,1.6126799583435059,4.541598320007324,7.073594093322754,1.45944082736969,4.5960893630981445,5,0.36401575803756714,1.8127206563949585,0,0,0
monitored,129,2,5.804260730743408,3.7191264629364014,5.3773393630981445,6.090346336364746,3.624504566192627,5.367921829223633,5,0.36401575803756714,1.8127206563949585,0,0,0
monitored,129,3,3.807551860809326,3.725395917892456,6.8998799324035645,4.123851776123047,3.6245040893554688,6.911585807800293,5,0.36401575803756714,1.8127206563949585,0,0,0
monitored,129,4,2.7835071086883545,1.508179783821106,7.549132823944092,3.1406044960021973,1.4594405889511108,7.683417320251465,5,0.36401575803756714,1.8127206563949585,0,0,0
monitored,129,5,3.8274896144866943,-0.7382994890213013,7.080828666687012,4.123851776123047,-0.7056227922439575,6.911585330963135,5,0.36401575803756714,1.8127206563949585,0,0,0
monitored,129,6,5.678366661071777,-0.5641750693321228,5.357175827026367,6.090346336364746,-0.7056227922439575,5.367921829223633,5,0.36401575803756714,1.8127206563949585,0,0,0
monitored,129,7,5.500372409820557,2.832770824432373,3.5990700721740723,5.88393497467041,2.7094407081604004,3.62300443649292,5,0.36401575803756714,1.8127206563949585,0,0,0
monitored,129,8,3.7352375984191895,4.1134538650512695,4.954625129699707,4.180900573730469,3.9594407081604004,4.959856986999512,5,0.36401575803756714,1.8127206563949585,0,0,0
monitored,129,9,2.145110607147217,2.806215763092041,6.211084842681885,2.4778666496276855,2.7094409465789795,6.296709060668945,5,0.36401575803756714,1.8127206563949585,0,0,0
monitored,129,10,2.29903244972229,0.2911013066768646,6.296152114868164,2.4778666496276855,0.20944035053253174,6.296709060668945,5,0.36401575803756714,1.8127206563949585,0,0,0
monitored,129,11,3.7848339080810547,-0.9040074348449707,4.949007034301758,4.180901050567627,-1.04055917263031,4.959856986999512,5,0.36401575803756714,1.8127206563949585,0,0,0
monitored,130,0,4.458641052246094,1.5219324827194214,5.544687271118164,4.680000305175781,1.4472514390945435,5.549956321716309,6,0.36758410930633545,1.7766714096069336,0,0,0
monitored,130,1,6.662539958953857,1.5995911359786987,4.573577880859375,7.120892524719238,1.4472514390945435,4.625540256500244,6,0.36758410930633545,1.7766714096069336,0,0,0
monitored,130,2,5.846986293792725,3.7060160636901855,5.396160125732422,6.128430366516113,3.6123151779174805,5.385487079620361,6,0.36758410930633545,1.7766714096069336,0,0,0
monitored,130,3,3.8255727291107178,3.7100584506988525,6.892592430114746,4.143506050109863,3.6123147010803223,6.9053802490234375,6,0.36758410930633545,1.7766714096069336,0,0,0
monitored,130,4,2.758640766143799,1.5023037195205688,7.524824142456055,3.1510438919067383,1.4472512006759644,7.665327072143555,6,0.36758410930633545,1.7766714096069336,0,0,0
monitored,130,5,3.8199877738952637,-0.7690636515617371,7.0748138427734375,4.143506050109863,-0.717812180519104,6.9053802490234375,6,0.36758410930633545,1.7766714096069336,0,0,0
monitored,130,6,5.723778247833252,-0.5789205431938171,5.377648830413818,6.128430366516113,-0.717812180519104,5.385487079620361,6,0.36758410930633545,1.7766714096069336,0,0,0
monitored,130,7,5.561864376068115,2.8199844360351562,3.6151578426361084,5.943027496337891,2.697251319885254,3.6382129192352295,6,0.36758410930633545,1.7766714096069336,0,0,0
monitored,130,8,3.782865524291992,4.099380016326904,4.9489641189575195,4.224032402038574,3.947251319885254,4.954479217529297,6,0.36758410930633545,1.7766714096069336,0,0,0
monitored,130,9,2.1663718223571777,2.7931766510009766,6.17822265625,2.505037546157837,2.697251558303833,6.270745277404785,6,0.36758410930633545,1.7766714096069336,0,0,0
monitored,130,10,2.3308300971984863,0.2898721992969513,6.298631191253662,2.505037546157837,0.19725096225738525,6.270745277404785,6,0.36758410930633545,1.7766714096069336,0,0,0
monitored,130,11,3.833024263381958,-0.9179298281669617,4.942979335784912,4.224032402038574,-1.0527485609054565,4.954479217529297,6,0.36758410930633545,1.7766714096069336,0,0,0
monitored,131,0,4.495082855224609,1.5096378326416016,5.545439720153809,4.716000080108643,1.4351060390472412,5.549999713897705,5,0.37040290236473083,1.7505629062652588,0,0,0
monitored,131,1,6.712493419647217,1.5865236520767212,4.605859279632568,7.1680097579956055,1.4351060390472412,4.655488967895508,5,0.37040290236473083,1.7505629062652588,0,0,0
monitored,131,2,5.881991386413574,3.6954967975616455,5.414122581481934,6.166332244873047,3.6001696586608887,5.403247833251953,5,0.37040290236473083,1.7505629062652588,0,0,0
monitored,131,3,3.8493847846984863,3.6902542114257812,6.8831562995910645,4.162977695465088,3.6001694202423096,6.898764610290527,5,0.37040290236473083,1.7505629062652588,0,0,0
monitored,131,4,2.7333552837371826,1.498903751373291,7.504061222076416,3.1613006591796875,1.435105800628662,7.6465229988098145,5,0.37040290236473083,1.7505629062652588,0,0,0
monitored,131,5,3.8147120475769043,-0.7996439933776855,7.039203643798828,4.162978172302246,-0.7299575805664062,6.898764610290527,5,0.37040290236473083,1.7505629062652588,0,0,0
monitored,131,6,5.7683186531066895,-0.5934934616088867,5.397949695587158,6.166332244873047,-0.7299575805664062,5.403247833251953,5,0.37040290236473083,1.7505629062652588,0,0,0
monitored,131,7,5.623137474060059,2.807180643081665,3.631462812423706,6.002301216125488,2.685106039047241,3.6538376808166504,5,0.37040290236473083,1.7505629062652588,0,0,0
monitored,131,8,3.8296637535095215,4.085442066192627,4.943293571472168,4.267344951629639,3.935106039047241,4.94899320602417,5,0.37040290236473083,1.7505629062652588,0,0,0
monitored,131,9,2.18312668800354,2.782543659210205,6.1481218338012695,2.5323891639709473,2.6851062774658203,6.2441487312316895,5,0.37040290236473083,1.7505629062652588,0,0,0
monitored,131,10,2.370124101638794,0.28705212473869324,6.294123649597168,2.5323891639709473,0.185105562210083,6.2441487312316895,5,0.37040290236473083,1.7505629062652588,0,0,0
monitored,131,11,3.8806376457214355,-0.9317595362663269,4.9370646476745605,4.267344951629639,-1.0648939609527588,4.94899320602417,5,0.37040290236473083,1.7505629062652588,0,0,0
monitored,132,0,4.5314621925354,1.4973706007003784,5.54607629776001,4.752000331878662,1.4230051040649414,5.5499348640441895,6,0.37208932638168335,1.7419244050979614,0,0,0
monitored,132,1,6.75455904006958,1.5758633613586426,4.636603832244873,7.21492338180542,1.4230051040649414,4.68592643737793,6,0.37208932638168335,1.7419244050979614,0,0,0
monitored,132,2,5.92445182800293,3.682792901992798,5.434875011444092,6.204042434692383,3.588068723678589,5.421195030212402,6,0.37208932638168335,1.7419244050979614,0,0,0
monitored,132,3,3.8714568614959717,3.670135498046875,6.8725175857543945,4.182280540466309,3.5880684852600098,6.891732215881348,6,0.37208932638168335,1.7419244050979614,0,0,0
monitored,132,4,2.708791732788086,1.4975303411483765,7.486423969268799,3.1713995933532715,1.4230048656463623,7.62700080871582,6,0.37208932638168335,1.7419244050979614,0,0,0
monitored,132,5,3.8194260597229004,-0.8110662698745728,6.978470325469971,4.182280540466309,-0.742058515548706,6.8917317390441895,6,0.37208932638168335,1.7419244050979614,0,0,0
monitored,132,6,5.8118896484375,-0.6078612208366394,5.41764497756958,6.204042434692383,-0.742058515548706,5.421195030212402,6,0.37208932638168335,1.7419244050979614,0,0,0
monitored,132,7,5.684192180633545,2.7944161891937256,3.6480846405029297,6.061736106872559,2.6730051040649414,3.6698837280273438,6,0.37208932638168335,1.7419244050979614,0,0,0
monitored,132,8,3.8687546253204346,4.074037075042725,4.937742710113525,4.3108391761779785,3.9230051040649414,4.943406581878662,6,0.37208932638168335,1.7419244050979614,0,0,0
monitored,132,9,2.2083218097686768,2.7694761753082275,6.117149829864502,2.5599422454833984,2.6730051040649414,6.216928958892822,6,0.37208932638168335,1.7419244050979614,0,0,0
monitored,132,10,2.4072067737579346,0.28119751811027527,6.276514053344727,2.5599422454833984,0.1730046272277832,6.216928958892822,6,0.37208932638168335,1.7419244050979614,0,0,0
monitored,132,11,3.9277586936950684,-0.9454736113548279,4.9312896728515625,4.3108391761779785,-1.0769948959350586,4.943406105041504,6,0.37208932638168335,1.7419244050979614,0,0,0
monitored,133,0,4.567788124084473,1.485133409500122,5.546597957611084,4.788000106811523,1.4109493494033813,5.549761772155762,5,0.372122585773468,1.7543861865997314,0,0,0
monitored,133,1,6.804767608642578,1.562592625617981,4.670249938964844,7.261609077453613,1.4109493494033813,4.716840744018555,5,0.372122585773468,1.7543861865997314,0,0,0
monitored,133,2,5.965884685516357,3.6704466342926025,5.456360340118408,6.241548538208008,3.5760130882263184,5.439319610595703,5,0.372122585773468,1.7543861865997314,0,0,0
monitored,133,3,3.891805410385132,3.649810791015625,6.860659599304199,4.2014265060424805,3.57601261138916,6.88427734375,5,0.372122585773468,1.7543861865997314,0,0,0
monitored,133,4,2.6861448287963867,1.4973485469818115,7.470932960510254,3.181365728378296,1.4109491109848022,7.606756210327148,5,0.372122585773468,1.7543861865997314,0,0,0
monitored,133,5,3.835935354232788,-0.7984656095504761,6.914337635040283,4.2014265060424805,-0.7541142702102661,6.88427734375,5,0.372122585773468,1.7543861865997314,0,0,0
monitored,133,6,5.854822635650635,-0.622096598148346,5.437385082244873,6.241548538208008,-0.7541142702102661,5.439319610595703,5,0.372122585773468,1.7543861865997314,0,0,0
monitored,133,7,5.737156391143799,2.7840306758880615,3.6640946865081787,6.121310234069824,2.660949230194092,3.6863551139831543,5,0.372122585773468,1.7543861865997314,0,0,0
monitored,133,8,3.9164581298828125,4.0598344802856445,4.931724548339844,4.354512691497803,3.910949230194092,4.937725067138672,5,0.372122585773468,1.7543861865997314,0,0,0
monitored,133,9,2.236067533493042,2.7565548419952393,6.088109016418457,2.5877153873443604,2.660949468612671,6.189095497131348,5,0.372122585773468,1.7543861865997314,0,0,0
monitored,133,10,2.4379117488861084,0.270783931016922,6.241384029388428,2.5877153873443604,0.16094887256622314,6.189095497131348,5,0.372122585773468,1.7543861865997314,0,0,0
monitored,133,11,3.9744863510131836,-0.959062933921814,4.925688743591309,4.354512691497803,-1.0890506505966187,4.937725067138672,5,0.372122585773468,1.7543861865997314,0,0,0
monitored,134,0,4.604067802429199,1.4729281663894653,5.547006130218506,4.824000358581543,1.3989384174346924,5.549481391906738,5,0.3724936842918396,1.7855298519134521,0,0,0
monitored,134,1,6.8543500900268555,1.5494215488433838,4.7040114402771,7.308046340942383,1.3989384174346924,4.748222351074219,5,0.3724936842918396,1.7855298519134521,0,0,0
monitored,134,2,6.0064520835876465,3.6582608222961426,5.477528095245361,6.2788405418396,3.56400203704834,5.457613468170166,5,0.3724936842918396,1.7855298519134521,0,0,0
monitored,134,3,3.9104652404785156,3.629424810409546,6.847589015960693,4.220429420471191,3.5640017986297607,6.876396179199219,5,0.3724936842918396,1.7855298519134521,0,0,0
monitored,134,4,2.665919065475464,1.498094916343689,7.456775188446045,3.1912240982055664,1.3989381790161133,7.585787296295166,5,0.3724936842918396,1.7855298519134521,0,0,0
monitored,134,5,3.861438035964966,-0.7704215049743652,6.859995365142822,4.220429420471191,-0.7661252021789551,6.876396179199219,5,0.3724936842918396,1.7855298519134521,0,0,0
monitored,134,6,5.889888763427734,-0.6337155699729919,5.456128120422363,6.2788405418396,-0.7661252021789551,5.457613468170166,5,0.3724936842918396,1.7855298519134521,0,0,0
monitored,134,7,5.799253463745117,2.771272897720337,3.6821820735931396,6.181001663208008,2.6489384174346924,3.703256368637085,5,0.3724936842918396,1.7855298519134521,0,0,0
monitored,134,8,3.9637153148651123,4.045821666717529,4.925744533538818,4.398365497589111,3.8989384174346924,4.931958198547363,5,0.3724936842918396,1.7855298519134521,0,0,0
monitored,134,9,2.2664079666137695,2.74385404586792,6.061092853546143,2.615729331970215,2.6489386558532715,6.1606597900390625,5,0.3724936842918396,1.7855298519134521,0,0,0
monitored,134,10,2.4549694061279297,0.2561741769313812,6.191370010375977,2.615729331970215,0.14893794059753418,6.1606597900390625,5,0.3724936842918396,1.7855298519134521,0,0,0
monitored,134,11,4.020569324493408,-0.9724827408790588,4.920491695404053,4.398365497589111,-1.1010615825653076,4.931958198547363,5,0.3724936842918396,1.7855298519134521,0,0,0
monitored,135,0,4.640307903289795,1.4607566595077515,5.547301292419434,4.8600006103515625,1.3869714736938477,5.5490922927856445,5,0.37423574924468994,1.8254863023757935,0,0,0
monitored,135,1,6.903310775756836,1.536371111869812,4.737965106964111,7.35421085357666,1.3869714736938477,4.780057430267334,5,0.37423574924468994,1.8254863023757935,0,0,0
monitored,135,2,6.046363353729248,3.6461031436920166,5.499059677124023,6.315908432006836,3.552035093307495,5.476065635681152,5,0.37423574924468994,1.8254863023757935,0,0,0
monitored,135,3,3.9274137020111084,3.6091179847717285,6.833287239074707,4.239302635192871,3.552034854888916,6.868082046508789,5,0.37423574924468994,1.8254863023757935,0,0,0
monitored,135,4,2.6488373279571533,1.4992355108261108,7.442580699920654,3.2009999752044678,1.3869712352752686,7.564090251922607,5,0.37423574924468994,1.8254863023757935,0,0,0
monitored,135,5,3.883704423904419,-0.741090714931488,6.817618370056152,4.239303112030029,-0.7780921459197998,6.868082046508789,5,0.37423574924468994,1.8254863023757935,0,0,0
monitored,135,6,5.932693958282471,-0.648017168045044,5.476901054382324,6.315907955169678,-0.7780921459197998,5.476065635681152,5,0.37423574924468994,1.8254863023757935,0,0,0
monitored,135,7,5.8609137535095215,2.758704423904419,3.7007243633270264,6.240788459777832,2.6369714736938477,3.7205891609191895,5,0.37423574924468994,1.8254863023757935,0,0,0
monitored,135,8,4.01061487197876,4.032011032104492,4.919851779937744,4.4423956871032715,3.8869714736938477,4.926110744476318,5,0.37423574924468994,1.8254863023757935,0,0,0
monitored,135,9,2.300001382827759,2.731316566467285,6.03733491897583,2.644002676010132,2.6369714736938477,6.131631851196289,5,0.37423574924468994,1.8254863023757935,0,0,0
monitored,135,10,2.456392526626587,0.23946234583854675,6.135547161102295,2.644002676010132,0.13697099685668945,6.131631851196289,5,0.37423574924468994,1.8254863023757935,0,0,0
monitored,135,11,4.0665388107299805,-0.9858020544052124,4.915499210357666,4.4423956871032715,-1.1130285263061523,4.926110744476318,5,0.37423574924468994,1.8254863023757935,0,0,0
monitored,136,0,4.676513671875,1.4486202001571655,5.547484397888184,4.895999908447266,1.375046968460083,5.548595905303955,5,0.3778039813041687,1.865429401397705,0,0,0
monitored,136,1,6.951693058013916,1.5234366655349731,4.772148132324219,7.400080680847168,1.375046968460083,4.8123345375061035,5,0.3778039813041687,1.865429401397705,0,0,0
monitored,136,2,6.085734844207764,3.633838415145874,5.520684719085693,6.3527398109436035,3.5401105880737305,5.4946675300598145,5,0.3778039813041687,1.865429401397705,0,0,0
monitored,136,3,3.9431614875793457,3.589560031890869,6.818451881408691,4.258059024810791,3.5401103496551514,6.859333038330078,5,0.3778039813041687,1.865429401397705,0,0,0
monitored,136,4,2.6317648887634277,1.5008649826049805,7.427165508270264,3.210718870162964,1.375046730041504,7.541666030883789,5,0.3778039813041687,1.865429401397705,0,0,0
monitored,136,5,3.915790557861328,-0.7072666883468628,6.784446716308594,4.258059501647949,-0.7900166511535645,6.859333038330078,5,0.3778039813041687,1.865429401397705,0,0,0
monitored,136,6,5.974641799926758,-0.6620820164680481,5.497817039489746,6.3527398109436035,-0.7900166511535645,5.4946675300598145,5,0.3778039813041687,1.865429401397705,0,0,0
monitored,136,7,5.9219465255737305,2.746108293533325,3.719160795211792,6.300646781921387,2.625046968460083,3.738356590270996,5,0.3778039813041687,1.865429401397705,0,0,0
monitored,136,8,4.057232856750488,4.018412113189697,4.914086818695068,4.486599922180176,3.875046968460083,4.920191764831543,5,0.3778039813041687,1.865429401397705,0,0,0
monitored,136,9,2.335869073867798,2.719133138656616,6.015900611877441,2.672553539276123,2.625047206878662,6.10202693939209,5,0.3778039813041687,1.865429401397705,0,0,0
monitored,136,10,2.446917772293091,0.22239068150520325,6.081371307373047,2.672553539276123,0.1250464916229248,6.10202693939209,5,0.3778039813041687,1.865429401397705,0,0,0
monitored,136,11,4.105107307434082,-0.9966289401054382,4.910783290863037,4.486600399017334,-1.124953031539917,4.920191764831543,5,0.3778039813041687,1.865429401397705,0,0,0
monitored,137,0,4.712690353393555,1.4365195035934448,5.547556400299072,4.932000160217285,1.3631633520126343,5.547991752624512,6,0.3809663653373718,1.8734773397445679,0,0,0
monitored,137,1,6.999513149261475,1.5105456113815308,4.8059844970703125,7.445634841918945,1.3631633520126343,4.8450398445129395,6,0.3809663653373718,1.8734773397445679,0,0,0
monitored,137,2,6.124503135681152,3.621422529220581,5.54249382019043,6.3893280029296875,3.528226852416992,5.5134077072143555,6,0.3809663653373718,1.8734773397445679,0,0,0
monitored,137,3,3.952589273452759,3.57340931892395,6.8040452003479,4.276713848114014,3.528226852416992,6.850143909454346,6,0.3809663653373718,1.8734773397445679,0,0,0
monitored,137,4,2.6239771842956543,1.5011959075927734,7.408057689666748,3.220407247543335,1.3631631135940552,7.518511772155762,6,0.3809663653373718,1.8734773397445679,0,0,0
monitored,137,5,3.9544312953948975,-0.6764481663703918,6.763838291168213,4.276714324951172,-0.8019002676010132,6.8501434326171875,6,0.3809663653373718,1.8734773397445679,0,0,0
monitored,137,6,6.015734672546387,-0.6758991479873657,5.519009113311768,6.389327526092529,-0.8019002676010132,5.513408184051514,6,0.3809663653373718,1.8734773397445679,0,0,0
monitored,137,7,5.982831001281738,2.7335526943206787,3.737943649291992,6.360556602478027,2.613163471221924,3.7565603256225586,6,0.3809663653373718,1.8734773397445679,0,0,0
monitored,137,8,4.103618621826172,4.005043029785156,4.908458709716797,4.530979156494141,3.863163471221924,4.914207458496094,6,0.3809663653373718,1.8734773397445679,0,0,0
monitored,137,9,2.3734257221221924,2.7073867321014404,5.996588706970215,2.701402187347412,2.613163471221924,6.071855068206787,6,0.3809663653373718,1.8734773397445679,0,0,0
monitored,137,10,2.4331107139587402,0.20817171037197113,6.033339977264404,2.701402187347412,0.11316287517547607,6.071855068206787,6,0.3809663653373718,1.8734773397445679,0,0,0
monitored,137,11,4.152281284332275,-1.0100510120391846,4.905957221984863,4.530979633331299,-1.1368366479873657,4.914207458496094,6,0.3809663653373718,1.8734773397445679,0,0,0
monitored,138,0,4.748842239379883,1.424454927444458,5.5475172996521,4.9679999351501465,1.3513180017471313,5.547279357910156,5,0.38420164585113525,1.8586236238479614,0,0,0
monitored,138,1,7.046926498413086,1.4977242946624756,4.840160369873047,7.490850925445557,1.3513180017471313,4.8781585693359375,5,0.38420164585113525,1.8586236238479614,0,0,0
monitored,138,2,6.1559367179870605,3.6111860275268555,5.563198566436768,6.425660610198975,3.5163817405700684,5.532276153564453,5,0.38420164585113525,1.8586236238479614,0,0,0
monitored,138,3,3.9661545753479004,3.553999662399292,6.786374568939209,4.295280456542969,3.51638126373291,6.840511322021484,5,0.38420164585113525,1.8586236238479614,0,0,0
monitored,138,4,2.624966621398926,1.4996554851531982,7.381593704223633,3.2300901412963867,1.3513177633285522,7.49462890625,5,0.38420164585113525,1.8586236238479614,0,0,0
monitored,138,5,3.998647689819336,-0.6524207592010498,6.7548699378967285,4.295280456542969,-0.8137456178665161,6.840510845184326,5,0.38420164585113525,1.8586236238479614,0,0,0
monitored,138,6,6.056019306182861,-0.689479649066925,5.540528297424316,6.425660610198975,-0.8137456178665161,5.532276153564453,5,0.38420164585113525,1.8586236238479614,0,0,0
monitored,138,7,6.043586254119873,2.721003293991089,3.757016181945801,6.420492649078369,2.601317882537842,3.775200366973877,5,0.38420164585113525,1.8586236238479614,0,0,0
monitored,138,8,4.149502277374268,3.9919490814208984,4.90315055847168,4.575529098510742,3.851317882537842,4.908165454864502,5,0.38420164585113525,1.8586236238479614,0,0,0
monitored,138,9,2.4042139053344727,2.6981117725372314,5.978221893310547,2.7305660247802734,2.601318120956421,6.041130065917969,5,0.38420164585113525,1.8586236238479614,0,0,0
monitored,138,10,2.4202280044555664,0.19268172979354858,5.986716270446777,2.7305660247802734,0.10131752490997314,6.041130065917969,5,0.38420164585113525,1.8586236238479614,0,0,0
monitored,138,11,4.199157238006592,-1.023240566253662,4.901333332061768,4.5755295753479,-1.1486819982528687,4.908164978027344,5,0.38420164585113525,1.8586236238479614,0,0,0
monitored,139,0,4.784972667694092,1.412426471710205,5.547367572784424,5.004000186920166,1.339507818222046,5.546459674835205,6,0.38548964262008667,1.8397855758666992,0,0,0
monitored,139,1,7.086651802062988,1.48729407787323,4.8729567527771,7.535709381103516,1.339507818222046,4.911676406860352,6,0.38548964262008667,1.8397855758666992,0,0,0
monitored,139,2,6.194231033325195,3.598191738128662,5.586704730987549,6.461730003356934,3.5045714378356934,5.551261901855469,6,0.38548964262008667,1.8397855758666992,0,0,0
monitored,139,3,3.97849440574646,3.535553216934204,6.7677693367004395,4.313772678375244,3.5045711994171143,6.830432415008545,6,0.38548964262008667,1.8397855758666992,0,0,0
monitored,139,4,2.6419198513031006,1.4944747686386108,7.346693992614746,3.2397937774658203,1.3395075798034668,7.470017433166504,6,0.38548964262008667,1.8397855758666992,0,0,0
monitored,139,5,4.046741485595703,-0.6388979554176331,6.756653785705566,4.313772678375244,-0.8255558013916016,6.830431938171387,6,0.38548964262008667,1.8397855758666992,0,0,0
monitored,139,6,6.095483779907227,-0.7028279304504395,5.5617594718933105,6.461730003356934,-0.8255558013916016,5.551261901855469,6,0.38548964262008667,1.8397855758666992,0,0,0
monitored,139,7,6.104186058044434,2.7085227966308594,3.776477575302124,6.480434894561768,2.589507818222046,3.7942779064178467,6,0.38548964262008667,1.8397855758666992,0,0,0
monitored,139,8,4.188086032867432,3.981361150741577,4.898158073425293,4.620248794555664,3.839507818222046,4.902072429656982,6,0.38548964262008667,1.8397855758666992,0,0,0
monitored,139,9,2.4436774253845215,2.686974287033081,5.9598069190979,2.7600631713867188,2.589508056640625,6.009866714477539,6,0.38548964262008667,1.8397855758666992,0,0,0
monitored,139,10,2.4139821529388428,0.17603732645511627,5.942677974700928,2.7600631713867188,0.0895073413848877,6.009866714477539,6,0.38548964262008667,1.8397855758666992,0,0,0
monitored,139,11,4.245785236358643,-1.0361840724945068,4.896834850311279,4.620248794555664,-1.160492181777954,4.902072429656982,6,0.38548964262008667,1.8397855758666992,0,0,0
monitored,140,0,4.821084499359131,1.4004334211349487,5.547107696533203,5.039999961853027,1.3277299404144287,5.545532703399658,5,0.38290807604789734,1.8270807266235352,0,0,0
monitored,140,1,7.13419771194458,1.4743661880493164,4.9087138175964355,7.580187797546387,1.3277299404144287,4.945577144622803,5,0.38290807604789734,1.8270807266235352,0,0,0
monitored,140,2,6.231593608856201,3.5850911140441895,5.6105217933654785,6.4975266456604,3.492793560028076,5.570353031158447,5,0.38290807604789734,1.8270807266235352,0,0,0
monitored,140,3,3.9898900985717773,3.518268346786499,6.748329162597656,4.332204341888428,3.492793321609497,6.8199052810668945,5,0.38290807604789734,1.8270807266235352,0,0,0
monitored,140,4,2.682772636413574,1.4840281009674072,7.311057090759277,3.2495436668395996,1.3277297019958496,7.444681644439697,5,0.38290807604789734,1.8270807266235352,0,0,0
monitored,140,5,4.095722198486328,-0.6393013596534729,6.767737865447998,4.332204818725586,-0.8373336791992188,6.8199052810668945,5,0.38290807604789734,1.8270807266235352,0,0,0
monitored,140,6,6.134374141693115,-0.7160196304321289,5.5833258628845215,6.497526168823242,-0.8373336791992188,5.5703535079956055,5,0.38290807604789734,1.8270807266235352,0,0,0
monitored,140,7,6.156820774078369,2.698387861251831,3.7953550815582275,6.540358066558838,2.5777299404144287,3.8137922286987305,5,0.38290807604789734,1.8270807266235352,0,0,0
monitored,140,8,4.235353469848633,3.9682600498199463,4.892956256866455,4.665134429931641,3.8277299404144287,4.895936012268066,5,0.38290807604789734,1.8270807266235352,0,0,0
monitored,140,9,2.4826927185058594,2.6762564182281494,5.941099643707275,2.7899105548858643,2.577730178833008,5.978079795837402,5,0.38290807604789734,1.8270807266235352,0,0,0
monitored,140,10,2.4191648960113525,0.1576366424560547,5.8998799324035645,2.7899105548858643,0.07772946357727051,5.978079795837402,5,0.38290807604789734,1.8270807266235352,0,0,0
monitored,140,11,4.292228698730469,-1.04888916015625,4.892411708831787,4.665134429931641,-1.1722700595855713,4.895936012268066,5,0.38290807604789734,1.8270807266235352,0,0,0
monitored,141,0,4.857180595397949,1.388474702835083,5.546738147735596,5.076000213623047,1.3159795999526978,5.544497966766357,5,0.37741193175315857,1.8272536993026733,0,0,0
monitored,141,1,7.181078910827637,1.4615641832351685,4.9446916580200195,7.624267578125,1.3159795999526978,4.9798455238342285,5,0.37741193175315857,1.8272536993026733,0,0,0
monitored,141,2,6.268489837646484,3.5717363357543945,5.633334159851074,6.533041954040527,3.4810433387756348,5.589539527893066,5,0.37741193175315857,1.8272536993026733,0,0,0
monitored,141,3,4.000697612762451,3.502340793609619,6.728170394897461,4.350590705871582,3.4810428619384766,6.808927536010742,5,0.37741193175315857,1.8272536993026733,0,0,0
monitored,141,4,2.7380032539367676,1.4699923992156982,7.285427093505859,3.2593653202056885,1.3159793615341187,7.418621063232422,5,0.37741193175315857,1.8272536993026733,0,0,0
monitored,141,5,4.141064643859863,-0.6557652950286865,6.785396099090576,4.35059118270874,-0.8490840196609497,6.808927059173584,5,0.37741193175315857,1.8272536993026733,0,0,0
monitored,141,6,6.165822505950928,-0.7267326712608337,5.603964328765869,6.533041954040527,-0.8490840196609497,5.589539527893066,5,0.37741193175315857,1.8272536993026733,0,0,0
monitored,141,7,6.21844482421875,2.6859793663024902,3.8165087699890137,6.6002421379089355,2.565979480743408,3.8337419033050537,5,0.37741193175315857,1.8272536993026733,0,0,0
monitored,141,8,4.282391548156738,3.9554264545440674,4.887935161590576,4.710183620452881,3.815979480743408,4.889762878417969,5,0.37741193175315857,1.8272536993026733,0,0,0
monitored,141,9,2.5207767486572266,2.665815591812134,5.920994758605957,2.8201258182525635,2.5659797191619873,5.9457831382751465,5,0.37741193175315857,1.8272536993026733,0,0,0
monitored,141,10,2.4404690265655518,0.1379445493221283,5.8594069480896,2.8201258182525635,0.06597912311553955,5.9457831382751465,5,0.37741193175315857,1.8272536993026733,0,0,0
monitored,141,11,4.338201999664307,-1.0613511800765991,4.888202667236328,4.710184097290039,-1.1840204000473022,4.8897624015808105,5,0.37741193175315857,1.8272536993026733,0,0,0
monitored,142,0,4.89326286315918,1.3765488862991333,5.54625940322876,5.112000465393066,1.304253101348877,5.543356418609619,5,0.37024134397506714,1.8385059833526611,0,0,0
monitored,142,1,7.227262020111084,1.44890296459198,4.980978012084961,7.667929649353027,1.304253101348877,5.014463901519775,5,0.37024134397506714,1.8385059833526611,0,0,0
monitored,142,2,6.305071830749512,3.5581436157226562,5.655823230743408,6.568268299102783,3.4693167209625244,5.608808517456055,5,0.37024134397506714,1.8385059833526611,0,0,0
monitored,142,3,4.011087417602539,3.487924337387085,6.707329273223877,4.368946075439453,3.4693164825439453,6.797497749328613,5,0.37024134397506714,1.8385059833526611,0,0,0
monitored,142,4,2.7970545291900635,1.45429527759552,7.27109956741333,3.269285202026367,1.3042528629302979,7.391842365264893,5,0.37024134397506714,1.8385059833526611,0,0,0
monitored,142,5,4.173696517944336,-0.6778282523155212,6.801899433135986,4.368946552276611,-0.8608105182647705,6.797497749328613,5,0.37024134397506714,1.8385059833526611,0,0,0
monitored,142,6,6.204589366912842,-0.7399687170982361,5.626936912536621,6.568268299102783,-0.8608105182647705,5.608808517456055,5,0.37024134397506714,1.8385059833526611,0,0,0
monitored,142,7,6.279630661010742,2.6737735271453857,3.8381550312042236,6.660062313079834,2.554253101348877,3.8541245460510254,5,0.37024134397506714,1.8385059833526611,0,0,0
monitored,142,8,4.32925271987915,3.9428398609161377,4.8830742835998535,4.7553935050964355,3.804253101348877,4.883559703826904,5,0.37024134397506714,1.8385059833526611,0,0,0
monitored,142,9,2.5578689575195312,2.655458688735962,5.899931907653809,2.850724935531616,2.554253101348877,5.912994861602783,5,0.37024134397506714,1.8385059833526611,0,0,0
monitored,142,10,2.479511260986328,0.11924474686384201,5.82545804977417,2.850724935531616,0.05425262451171875,5.912994861602783,5,0.37024134397506714,1.8385059833526611,0,0,0
monitored,142,11,4.38420295715332,-1.073646903038025,4.883988857269287,4.7553935050964355,-1.195746898651123,4.883559703826904,5,0.37024134397506714,1.8385059833526611,0,0,0
monitored,143,0,4.929333686828613,1.3646539449691772,5.545671463012695,5.148000240325928,1.2925453186035156,5.542107582092285,5,0.3630165457725525,1.8405331373214722,0,0,0
monitored,143,1,7.272769451141357,1.4363694190979004,5.0176005363464355,7.711153030395508,1.2925453186035156,5.049413204193115,5,0.3630165457725525,1.8405331373214722,0,0,0
monitored,143,2,6.34156608581543,3.5443058013916016,5.67762565612793,6.603196620941162,3.457608938217163,5.628147125244141,5,0.3630165457725525,1.8405331373214722,0,0,0
monitored,143,3,4.022374629974365,3.4752919673919678,6.686685562133789,4.387284278869629,3.457608699798584,6.78561544418335,5,0.3630165457725525,1.8405331373214722,0,0,0
monitored,143,4,2.8454413414001465,1.4404178857803345,7.261558532714844,3.2793283462524414,1.2925450801849365,7.364349365234375,5,0.3630165457725525,1.8405331373214722,0,0,0
monitored,143,5,4.20255184173584,-0.7187163233757019,6.82037353515625,4.387284755706787,-0.8725183010101318,6.785614967346191,5,0.3630165457725525,1.8405331373214722,0,0,0
monitored,143,6,6.242612361907959,-0.7530073523521423,5.650033950805664,6.603196620941162,-0.8725183010101318,5.628147125244141,5,0.3630165457725525,1.8405331373214722,0,0,0
monitored,143,7,6.340242862701416,2.661534309387207,3.8596065044403076,6.719796180725098,2.5425453186035156,3.874937057495117,5,0.3630165457725525,1.8405331373214722,0,0,0
monitored,143,8,4.375979423522949,3.930476188659668,4.878352642059326,4.800759792327881,3.7925453186035156,4.877334117889404,5,0.3630165457725525,1.8405331373214722,0,0,0
monitored,143,9,2.5936403274536133,2.6450419425964355,5.8761515617370605,2.881723403930664,2.5425453186035156,5.879730701446533,5,0.3630165457725525,1.8405331373214722,0,0,0
monitored,143,10,2.5318503379821777,0.10445389896631241,5.802002906799316,2.881723403930664,0.04254484176635742,5.879730701446533,5,0.3630165457725525,1.8405331373214722,0,0,0
monitored,143,11,4.422972679138184,-1.083566665649414,4.879894256591797,4.800759792327881,-1.2074546813964844,4.877333641052246,5,0.3630165457725525,1.8405331373214722,0,0,0
monitored,144,0,4.965394496917725,1.3527873754501343,5.5449748039245605,5.184000492095947,1.2808502912521362,5.540751934051514,6,0.3562905192375183,1.823483943939209,0,0,0
monitored,144,1,7.317699432373047,1.4238674640655518,5.053915500640869,7.753921985626221,1.2808502912521362,5.084676742553711,6,0.3562905192375183,1.823483943939209,0,0,0
monitored,144,2,6.377919673919678,3.5303425788879395,5.69887113571167,6.637821197509766,3.445913791656494,5.647544860839844,6,0.3562905192375183,1.823483943939209,0,0,0
monitored,144,3,4.029177188873291,3.466078281402588,6.667500019073486,4.405620574951172,3.445913791656494,6.773279666900635,6,0.3562905192375183,1.823483943939209,0,0,0
monitored,144,4,2.899655342102051,1.4233027696609497,7.260020732879639,3.289520263671875,1.2808500528335571,7.336147308349609,6,0.3562905192375183,1.823483943939209,0,0,0
monitored,144,5,4.218048572540283,-0.7681494355201721,6.8323540687561035,4.40562105178833,-0.8842133283615112,6.773279666900635,6,0.3562905192375183,1.823483943939209,0,0,0
monitored,144,6,6.2798943519592285,-0.7658545970916748,5.673311233520508,6.637821197509766,-0.8842133283615112,5.647544860839844,6,0.3562905192375183,1.823483943939209,0,0,0
monitored,144,7,6.400691509246826,2.6493301391601562,3.881392240524292,6.779422760009766,2.530850410461426,3.89617657661438,6,0.3562905192375183,1.823483943939209,0,0,0
monitored,144,8,4.4225897789001465,3.918322801589966,4.873723983764648,4.846279621124268,3.780850410461426,4.871091842651367,6,0.3562905192375183,1.823483943939209,0,0,0
monitored,144,9,2.6277859210968018,2.6344690322875977,5.84919548034668,2.913137435913086,2.530850410461426,5.846006870269775,6,0.3562905192375183,1.823483943939209,0,0,0
monitored,144,10,2.579122543334961,0.09477286785840988,5.784231185913086,2.913137435913086,0.030849814414978027,5.846006870269775,6,0.3562905192375183,1.823483943939209,0,0,0
monitored,144,11,4.470383167266846,-1.0958929061889648,4.875380516052246,4.846280097961426,-1.2191497087478638,4.871091842651367,6,0.3562905192375183,1.823483943939209,0,0,0
monitored,145,0,5.001446723937988,1.3409461975097656,5.544169902801514,5.220000267028809,1.2691632509231567,5.539289474487305,5,0.35142791271209717,1.8154380321502686,0,0,0
monitored,145,1,7.362106800079346,1.4114303588867188,5.090633392333984,7.79621696472168,1.2691632509231567,5.120234966278076,5,0.35142791271209717,1.8154380321502686,0,0,0
monitored,145,2,6.407345771789551,3.5188214778900146,5.7188520431518555,6.6721343994140625,3.4342269897460938,5.66698694229126,5,0.35142791271209717,1.8154380321502686,0,0,0
monitored,145,3,4.04191780090332,3.4565796852111816,6.645334243774414,4.423968315124512,3.4342265129089355,6.760491371154785,5,0.35142791271209717,1.8154380321502686,0,0,0
monitored,145,4,2.9489762783050537,1.405655860900879,7.260843276977539,3.2998857498168945,1.2691630125045776,7.307243347167969,5,0.35142791271209717,1.8154380321502686,0,0,0
monitored,145,5,4.221088886260986,-0.8206954002380371,6.834709644317627,4.42396879196167,-0.8959003686904907,6.760491371154785,5,0.35142791271209717,1.8154380321502686,0,0,0
monitored,145,6,6.3164963722229,-0.7785397171974182,5.696741104125977,6.672133922576904,-0.8959003686904907,5.666987419128418,5,0.35142791271209717,1.8154380321502686,0,0,0
monitored,145,7,6.460989475250244,2.6371171474456787,3.9034371376037598,6.8389177322387695,2.519163131713867,3.917837619781494,5,0.35142791271209717,1.8154380321502686,0,0,0
monitored,145,8,4.468785285949707,3.906376600265503,4.869303226470947,4.891948699951172,3.769163131713867,4.864840030670166,5,0.35142791271209717,1.8154380321502686,0,0,0
monitored,145,9,2.654010534286499,2.6258442401885986,5.821072578430176,2.9449806213378906,2.5191633701324463,5.81184196472168,5,0.35142791271209717,1.8154380321502686,0,0,0
monitored,145,10,2.637284517288208,0.0878572165966034,5.771181583404541,2.9449806213378906,0.019162774085998535,5.81184196472168,5,0.35142791271209717,1.8154380321502686,0,0,0
monitored,145,11,4.5175652503967285,-1.1080152988433838,4.870790958404541,4.89194917678833,-1.2308367490768433,4.864839553833008,5,0.35142791271209717,1.8154380321502686,0,0,0
monitored,146,0,5.037491321563721,1.3291269540786743,5.543256759643555,5.256000518798828,1.257476568222046,5.537720680236816,6,0.3488541543483734,1.81046724319458,0,0,0
monitored,146,1,7.3989105224609375,1.401313304901123,5.12597131729126,7.8380231857299805,1.257476568222046,5.156068801879883,6,0.3488541543483734,1.81046724319458,0,0,0
monitored,146,2,6.443911075592041,3.504668712615967,5.740782737731934,6.706130027770996,3.4225401878356934,5.686462879180908,6,0.3488541543483734,1.81046724319458,0,0,0
monitored,146,3,4.056164741516113,3.449319362640381,6.623223304748535,4.442343711853027,3.4225399494171143,6.747250556945801,6,0.3488541543483734,1.81046724319458,0,0,0
monitored,146,4,2.993283271789551,1.3872915506362915,7.261427879333496,3.310450315475464,1.2574763298034668,7.277644157409668,6,0.3488541543483734,1.81046724319458,0,0,0
monitored,146,5,4.214248180389404,-0.8709946274757385,6.825660705566406,4.442343711853027,-0.9075870513916016,6.747250556945801,6,0.3488541543483734,1.81046724319458,0,0,0
monitored,146,6,6.352544784545898,-0.7911055088043213,5.719560146331787,6.706130027770996,-0.9075870513916016,5.686462879180908,6,0.3488541543483734,1.81046724319458,0,0,0
monitored,146,7,6.521083831787109,2.6249513626098633,3.9258573055267334,6.898260593414307,2.507476568222046,3.939915657043457,6,0.3488541543483734,1.81046724319458,0,0,0
monitored,146,8,4.507779121398926,3.8967392444610596,4.865113258361816,4.9377641677856445,3.757476568222046,4.858584880828857,6,0.3488541543483734,1.81046724319458,0,0,0
monitored,146,9,2.684709310531616,2.6147658824920654,5.786311149597168,2.9772677421569824,2.507476806640625,5.777254104614258,6,0.3488541543483734,1.81046724319458,0,0,0
monitored,146,10,2.693998098373413,0.08405918627977371,5.761912822723389,2.9772677421569824,0.007476091384887695,5.777254104614258,6,0.3488541543483734,1.81046724319458,0,0,0
monitored,146,11,4.564552307128906,-1.1199491024017334,4.866072177886963,4.9377641677856445,-1.242523431777954,4.858584880828857,6,0.3488541543483734,1.81046724319458,0,0,0
monitored,147,0,5.0735297203063965,1.3173257112503052,5.542235851287842,5.291999816894531,1.245785117149353,5.536046028137207,5,0.3475964665412903,1.8119412660598755,0,0,0
monitored,147,1,7.443108558654785,1.3887592554092407,5.1643548011779785,7.8793230056762695,1.245785117149353,5.19215726852417,5,0.3475964665412903,1.8119412660598755,0,0,0
monitored,147,2,6.479900360107422,3.4908416271209717,5.762734889984131,6.739801406860352,3.410848617553711,5.705958366394043,5,0.3475964665412903,1.8119412660598755,0,0,0
monitored,147,3,4.072427749633789,3.444439649581909,6.601492404937744,4.460759162902832,3.410848617553711,6.733559608459473,5,0.3475964665412903,1.8119412660598755,0,0,0
monitored,147,4,3.032533645629883,1.3682153224945068,7.2607598304748535,3.321237564086914,1.245784878730774,7.2473602294921875,5,0.3475964665412903,1.8119412660598755,0,0,0
monitored,147,5,4.201155662536621,-0.9147703647613525,6.804699897766113,4.460759162902832,-0.9192785024642944,6.733559608459473,5,0.3475964665412903,1.8119412660598755,0,0,0
monitored,147,6,6.388185977935791,-0.8036189079284668,5.742410182952881,6.739801406860352,-0.9192785024642944,5.705958366394043,5,0.3475964665412903,1.8119412660598755,0,0,0
monitored,147,7,6.573192596435547,2.6150624752044678,3.9476633071899414,6.957427978515625,2.4957852363586426,3.962404251098633,5,0.3475964665412903,1.8119412660598755,0,0,0
monitored,147,8,4.5554680824279785,3.8846678733825684,4.860578536987305,4.983719348907471,3.7457852363586426,4.852333068847656,5,0.3475964665412903,1.8119412660598755,0,0,0
monitored,147,9,2.7127292156219482,2.6036758422851562,5.748575687408447,3.0100107192993164,2.4957852363586426,5.742262363433838,5,0.3475964665412903,1.8119412660598755,0,0,0
monitored,147,10,2.748228073120117,0.08164404332637787,5.752007007598877,3.0100107192993164,-0.004215359687805176,5.742262363433838,5,0.3475964665412903,1.8119412660598755,0,0,0
monitored,147,11,4.611392974853516,-1.131727933883667,4.861207008361816,4.983719348907471,-1.254214882850647,4.852333068847656,5,0.3475964665412903,1.8119412660598755,0,0,0
monitored,148,0,5.109562873840332,1.3055381774902344,5.541107177734375,5.328000068664551,1.234080195426941,5.53426456451416,5,0.3476153314113617,1.8200386762619019,0,0,0
monitored,148,1,7.486557960510254,1.3763017654418945,5.202928066253662,7.920102596282959,1.234080195426941,5.228479862213135,5,0.3476153314113617,1.8200386762619019,0,0,0
monitored,148,2,6.5157976150512695,3.4773271083831787,5.78342342376709,6.7731451988220215,3.399143695831299,5.725459575653076,5,0.3476153314113617,1.8200386762619019,0,0,0
monitored,148,3,4.091225624084473,3.4420690536499023,6.580630302429199,4.4792304039001465,3.399143695831299,6.719418525695801,5,0.3476153314113617,1.8200386762619019,0,0,0
monitored,148,4,3.0675346851348877,1.347829818725586,7.25623893737793,3.332273006439209,1.2340799570083618,7.216398239135742,5,0.3476153314113617,1.8200386762619019,0,0,0
monitored,148,5,4.185920238494873,-0.9486613869667053,6.772324562072754,4.479230880737305,-0.9309834241867065,6.719418525695801,5,0.3476153314113617,1.8200386762619019,0,0,0
monitored,148,6,6.416736125946045,-0.8138217926025391,5.764098644256592,6.773144721984863,-0.9309834241867065,5.725459575653076,5,0.3476153314113617,1.8200386762619019,0,0,0
monitored,148,7,6.634080410003662,2.602926254272461,3.971883535385132,7.0164008140563965,2.4840803146362305,3.9852962493896484,5,0.3476153314113617,1.8200386762619019,0,0,0
monitored,148,8,4.602954387664795,3.872749090194702,4.856060981750488,5.029812335968018,3.7340803146362305,4.846090316772461,5,0.3476153314113617,1.8200386762619019,0,0,0
monitored,148,9,2.73827862739563,2.592639684677124,5.708538055419922,3.0432238578796387,2.4840803146362305,5.706883907318115,5,0.3476153314113617,1.8200386762619019,0,0,0
monitored,148,10,2.7994933128356934,0.07903274893760681,5.737642765045166,3.0432238578796387,-0.015920281410217285,5.706883907318115,5,0.3476153314113617,1.8200386762619019,0,0,0
monitored,148,11,4.65778923034668,-1.1433844566345215,4.856357574462891,5.029812335968018,-1.265919804573059,4.846090316772461,5,0.3476153314113617,1.8200386762619019,0,0,0
monitored,149,0,5.1455912590026855,1.2937594652175903,5.5398712158203125,5.363999843597412,1.2223554849624634,5.532378196716309,5,0.34807461500167847,1.8333330154418945,0,0,0
monitored,149,1,7.529220104217529,1.3639534711837769,5.241756916046143,7.960346698760986,1.2223554849624634,5.265015602111816,5,0.34807461500167847,1.8333330154418945,0,0,0
monitored,149,2,6.551586151123047,3.464156150817871,5.803781509399414,6.806155204772949,3.3874192237854004,5.744954586029053,5,0.34807461500167847,1.8333330154418945,0,0,0
monitored,149,3,4.112584114074707,3.4422523975372314,6.561066627502441,4.497771263122559,3.387418746948242,6.704832077026367,5,0.34807461500167847,1.8333330154418945,0,0,0
monitored,149,4,3.0984551906585693,1.3257992267608643,7.24611234664917,3.3435797691345215,1.2223552465438843,7.1847710609436035,5,0.34807461500167847,1.8333330154418945,0,0,0
monitored,149,5,4.1695709228515625,-0.9718336462974548,6.737433433532715,4.497771739959717,-0.9427081346511841,6.704832077026367,5,0.34807461500167847,1.8333330154418945,0,0,0
monitored,149,6,6.452469825744629,-0.8265847563743591,5.7877421379089355,6.806154727935791,-0.9427081346511841,5.744954586029053,5,0.34807461500167847,1.8333330154418945,0,0,0
monitored,149,7,6.694433212280273,2.590954542160034,3.996596097946167,7.075155258178711,2.472355365753174,4.008584499359131,5,0.34807461500167847,1.8333330154418945,0,0,0
monitored,149,8,4.650278568267822,3.860950231552124,4.851536273956299,5.07603645324707,3.722355365753174,4.839863300323486,5,0.34807461500167847,1.8333330154418945,0,0,0
monitored,149,9,2.762601137161255,2.581481695175171,5.667909622192383,3.076917886734009,2.472355604171753,5.671141624450684,5,0.34807461500167847,1.8333330154418945,0,0,0
monitored,149,10,2.8472740650177,0.07484706491231918,5.715716361999512,3.076917886734009,-0.027644991874694824,5.671141624450684,5,0.34807461500167847,1.8333330154418945,0,0,0
monitored,149,11,4.704231262207031,-1.154990792274475,4.851373672485352,5.07603645324707,-1.2776445150375366,4.839863300323486,5,0.34807461500167847,1.8333330154418945,0,0,0
monitored,150,0,5.181615352630615,1.2819843292236328,5.538527965545654,5.400000095367432,1.2106019258499146,5.530385971069336,5,0.34987354278564453,1.8325799703598022,0,0,0
monitored,150,1,7.57112455368042,1.3516979217529297,5.280843257904053,8.000042915344238,1.2106019258499146,5.301742076873779,5,0.34987354278564453,1.8325799703598022,0,0,0
monitored,150,2,6.587398052215576,3.45133900642395,5.823573112487793,6.838827133178711,3.3756656646728516,5.764428615570068,5,0.34987354278564453,1.8325799703598022,0,0,0
monitored,150,3,4.13727331161499,3.4446589946746826,6.544291973114014,4.516396522521973,3.3756651878356934,6.689802169799805,5,0.34987354278564453,1.8325799703598022,0,0,0
monitored,150,4,3.119096279144287,1.3061879873275757,7.2307939529418945,3.3551812171936035,1.2106016874313354,7.152488708496094,5,0.34987354278564453,1.8325799703598022,0,0,0
monitored,150,5,4.158655643463135,-0.9827178120613098,6.691873073577881,4.516396999359131,-0.9544616937637329,6.6898016929626465,5,0.34987354278564453,1.8325799703598022,0,0,0
monitored,150,6,6.487682819366455,-0.8392878770828247,5.811115264892578,6.838827133178711,-0.9544616937637329,5.764428615570068,5,0.34987354278564453,1.8325799703598022,0,0,0
monitored,150,7,6.754190444946289,2.578901529312134,4.020997524261475,7.133671760559082,2.460601806640625,4.032259941101074,5,0.34987354278564453,1.8325799703598022,0,0,0
monitored,150,8,4.697474002838135,3.849240303039551,4.846988677978516,5.122387886047363,3.710601806640625,4.8336567878723145,5,0.34987354278564453,1.8325799703598022,0,0,0
monitored,150,9,2.7860050201416016,2.5703001022338867,5.626489639282227,3.1111042499542236,2.460602045059204,5.635053634643555,5,0.34987354278564453,1.8325799703598022,0,0,0
monitored,150,10,2.8902804851531982,0.06801535934209824,5.684348106384277,3.1111042499542236,-0.03939855098724365,5.635053634643555,5,0.34987354278564453,1.8325799703598022,0,0,0
monitored,150,11,4.743475437164307,-1.164395809173584,4.846662998199463,5.1223883628845215,-1.2893980741500854,4.8336567878723145,5,0.34987354278564453,1.8325799703598022,0,0,0
monitored,151,0,5.2176361083984375,1.270207166671753,5.537077903747559,5.436000347137451,1.1988120079040527,5.5282883644104,9,0.36989372968673706,1.830176830291748,0,0,0
monitored,151,1,7.591835975646973,1.3461029529571533,5.314586639404297,8.039177894592285,1.1988120079040527,5.338636875152588,9,0.36989372968673706,1.830176830291748,0,0,0
monitored,151,2,6.602349758148193,3.4454739093780518,5.841314792633057,6.871158599853516,3.3638756275177,5.783868312835693,9,0.36989372968673706,1.830176830291748,0,0,0
monitored,151,3,4.136725425720215,3.4494848251342773,6.531554698944092,4.535120010375977,3.363875389099121,6.6743316650390625,9,0.36989372968673706,1.830176830291748,0,0,0
monitored,151,4,3.1250154972076416,1.2928050756454468,7.2124199867248535,3.367100715637207,1.1988117694854736,7.119563102722168,9,0.36989372968673706,1.830176830291748,0,0,0
monitored,151,5,4.141627311706543,-0.9898820519447327,6.658040523529053,4.535120010375977,-0.9662516117095947,6.674331188201904,9,0.36989372968673706,1.830176830291748,0,0,0
monitored,151,6,6.502501487731934,-0.8451411128044128,5.830924034118652,6.871158599853516,-0.9662516117095947,5.783868312835693,9,0.36989372968673706,1.830176830291748,0,0,0
monitored,151,7,6.790738582611084,2.573439836502075,4.042720317840576,7.191929817199707,2.4488120079040527,4.056313514709473,9,0.36989372968673706,1.830176830291748,0,0,0
monitored,151,8,4.722901821136475,3.8440754413604736,4.843288421630859,5.168861389160156,3.6988120079040527,4.827476978302002,9,0.36989372968673706,1.830176830291748,0,0,0
monitored,151,9,2.7936394214630127,2.5654399394989014,5.592075347900391,3.1457927227020264,2.4488120079040527,5.598640441894531,9,0.36989372968673706,1.830176830291748,0,0,0
monitored,151,10,2.9044787883758545,0.06816043704748154,5.660886287689209,3.1457927227020264,-0.05118846893310547,5.598640441894531,9,0.36989372968673706,1.830176830291748,0,0,0
monitored,151,11,4.769641399383545,-1.1697838306427002,4.842501163482666,5.168861389160156,-1.3011879920959473,4.827476978302002,9,0.36989372968673706,1.830176830291748,0,0,0
monitored,152,0,5.2536540031433105,1.258421778678894,5.535521507263184,5.4720001220703125,1.1869773864746094,5.526086330413818,8,0.38728779554367065,1.8240054845809937,0,0,0
monitored,152,1,7.614899635314941,1.3396754264831543,5.350629806518555,8.077739715576172,1.1869773864746094,5.375677585601807,8,0.38728779554367065,1.8240054845809937,0,0,0
monitored,152,2,6.613109588623047,3.4409570693969727,5.860340118408203,6.903144836425781,3.352041006088257,5.803260326385498,8,0.38728779554367065,1.8240054845809937,0,0,0
monitored,152,3,4.145575046539307,3.4548399448394775,6.516191482543945,4.553954601287842,3.3520407676696777,6.658426284790039,8,0.38728779554367065,1.8240054845809937,0,0,0
monitored,152,4,3.130767345428467,1.276308536529541,7.187077522277832,3.3793599605560303,1.1869771480560303,7.0860090255737305,8,0.38728779554367065,1.8240054845809937,0,0,0
monitored,152,5,4.127920150756836,-0.989525556564331,6.6217780113220215,4.553955078125,-0.9780862331390381,6.658425807952881,8,0.38728779554367065,1.8240054845809937,0,0,0
monitored,152,6,6.519799709320068,-0.8519927263259888,5.852552890777588,6.903144359588623,-0.9780862331390381,5.803260803222656,8,0.38728779554367065,1.8240054845809937,0,0,0
monitored,152,7,6.830899238586426,2.5672404766082764,4.066425800323486,7.249908447265625,2.4369773864746094,4.0807342529296875,8,0.38728779554367065,1.8240054845809937,0,0,0
monitored,152,8,4.752342700958252,3.8378896713256836,4.839259147644043,5.215450286865234,3.6869773864746094,4.821329593658447,8,0.38728779554367065,1.8240054845809937,0,0,0
monitored,152,9,2.7978432178497314,2.56195068359375,5.5577850341796875,3.180992603302002,2.4369773864746094,5.561924457550049,8,0.38728779554367065,1.8240054845809937,0,0,0
monitored,152,10,2.92669677734375,0.06463465094566345,5.626132488250732,3.180992603302002,-0.06302309036254883,5.561924457550049,8,0.38728779554367065,1.8240054845809937,0,0,0
monitored,152,11,4.79969596862793,-1.1761342287063599,4.837930202484131,5.215450286865234,-1.3130226135253906,4.821329593658447,8,0.38728779554367065,1.8240054845809937,0,0,0
monitored,153,0,5.289669513702393,1.2466217279434204,5.533858776092529,5.508000373840332,1.1750881671905518,5.523779392242432,9,0.4031198024749756,1.8162612915039062,0,0,0
monitored,153,1,7.633078098297119,1.33470618724823,5.386496543884277,8.115718841552734,1.1750881671905518,5.412841796875,9,0.4031198024749756,1.8162612915039062,0,0,0
monitored,153,2,6.632841110229492,3.4334535598754883,5.883768558502197,6.934783935546875,3.340151786804199,5.8225908279418945,9,0.4031198024749756,1.8162612915039062,0,0,0
monitored,153,3,4.15688419342041,3.461094617843628,6.501101970672607,4.572915077209473,3.34015154838562,6.642088890075684,9,0.4031198024749756,1.8162612915039062,0,0,0
monitored,153,4,3.1336731910705566,1.2575182914733887,7.153087139129639,3.3919811248779297,1.1750879287719727,7.051837921142578,9,0.4031198024749756,1.8162612915039062,0,0,0
monitored,153,5,4.1183037757873535,-0.9825376868247986,6.58503532409668,4.572915554046631,-0.9899754524230957,6.642088890075684,9,0.4031198024749756,1.8162612915039062,0,0,0
monitored,153,6,6.53888463973999,-0.8596255779266357,5.87576150894165,6.934783935546875,-0.9899754524230957,5.8225908279418945,9,0.4031198024749756,1.8162612915039062,0,0,0
monitored,153,7,6.873641490936279,2.5604302883148193,4.091516494750977,7.307589054107666,2.4250881671905518,4.105512619018555,9,0.4031198024749756,1.8162612915039062,0,0,0
monitored,153,8,4.777827739715576,3.8330113887786865,4.8352952003479,5.262150764465332,3.6750881671905518,4.815218925476074,9,0.4031198024749756,1.8162612915039062,0,0,0
monitored,153,9,2.8089001178741455,2.555807590484619,5.518784999847412,3.2167129516601562,2.425088405609131,5.5249247550964355,9,0.4031198024749756,1.8162612915039062,0,0,0
monitored,153,10,2.946080207824707,0.059414785355329514,5.583804607391357,3.2167129516601562,-0.07491230964660645,5.5249247550964355,9,0.4031198024749756,1.8162612915039062,0,0,0
monitored,153,11,4.832913875579834,-1.1832436323165894,4.833005428314209,5.262150764465332,-1.3249118328094482,4.815218925476074,9,0.4031198024749756,1.8162612915039062,0,0,0
monitored,154,0,5.325682640075684,1.234800100326538,5.532090187072754,5.544000148773193,1.1631360054016113,5.521368503570557,8,0.4174118936061859,1.8119884729385376,0,0,0
monitored,154,1,7.65991735458374,1.3268264532089233,5.426333427429199,8.153103828430176,1.1631360054016113,5.450103759765625,8,0.4174118936061859,1.8119884729385376,0,0,0
monitored,154,2,6.652674198150635,3.425907611846924,5.909916877746582,6.966073989868164,3.328199625015259,5.8418450355529785,8,0.4174118936061859,1.8119884729385376,0,0,0
monitored,154,3,4.1701483726501465,3.4685728549957275,6.486197471618652,4.592015266418457,3.3281993865966797,6.625327110290527,8,0.4174118936061859,1.8119884729385376,0,0,0
monitored,154,4,3.130507230758667,1.23858642578125,7.1101298332214355,3.4049859046936035,1.1631357669830322,7.017068386077881,8,0.4174118936061859,1.8119884729385376,0,0,0
monitored,154,5,4.114094257354736,-0.9698922634124756,6.549149990081787,4.592015743255615,-1.0019276142120361,6.625327110290527,8,0.4174118936061859,1.8119884729385376,0,0,0
monitored,154,6,6.5590996742248535,-0.8678346872329712,5.900418758392334,6.966073989868164,-1.0019276142120361,5.8418450355529785,8,0.4174118936061859,1.8119884729385376,0,0,0
monitored,154,7,6.911135196685791,2.5551254749298096,4.116549491882324,7.364950656890869,2.4131360054016113,4.1306352615356445,8,0.4174118936061859,1.8119884729385376,0,0,0
monitored,154,8,4.814544200897217,3.8250346183776855,4.83060359954834,5.308955192565918,3.6631360054016113,4.809150695800781,8,0.4174118936061859,1.8119884729385376,0,0,0
monitored,154,9,2.821305751800537,2.5494022369384766,5.478755474090576,3.252960205078125,2.4131360054016113,5.487666130065918,8,0.4174118936061859,1.8119884729385376,0,0,0
monitored,154,10,2.9609057903289795,0.052858106791973114,5.535715579986572,3.252960205078125,-0.08686447143554688,5.487666130065918,8,0.4174118936061859,1.8119884729385376,0,0,0
monitored,154,11,4.868707656860352,-1.1909515857696533,4.827785015106201,5.308955669403076,-1.3368639945983887,4.809150695800781,8,0.4174118936061859,1.8119884729385376,0,0,0
monitored,155,0,5.361693859100342,1.2229496240615845,5.530215740203857,5.580000400543213,1.1511105298995972,5.518853664398193,8,0.43166542053222656,1.8084502220153809,0,0,0
monitored,155,1,7.687359809875488,1.3185925483703613,5.46743631362915,8.189888000488281,1.1511105298995972,5.487442970275879,8,0.43166542053222656,1.8084502220153809,0,0,0
monitored,155,2,6.671407222747803,3.418654680252075,5.939026832580566,6.99701452255249,3.316174030303955,5.861010551452637,8,0.43166542053222656,1.8084502220153809,0,0,0
monitored,155,3,4.184995651245117,3.477133274078369,6.471812725067139,4.61126708984375,3.316174030303955,6.608145236968994,8,0.43166542053222656,1.8084502220153809,0,0,0
monitored,155,4,3.119443893432617,1.222416639328003,7.060791015625,3.418393611907959,1.151110291481018,6.981712818145752,8,0.43166542053222656,1.8084502220153809,0,0,0
monitored,155,5,4.114052772521973,-0.953561544418335,6.515354633331299,4.611267566680908,-1.0139530897140503,6.608145236968994,8,0.43166542053222656,1.8084502220153809,0,0,0
monitored,155,6,6.574121952056885,-0.8743999600410461,5.924415588378906,6.997014045715332,-1.0139530897140503,5.861010551452637,8,0.43166542053222656,1.8084502220153809,0,0,0
monitored,155,7,6.958964824676514,2.5473973751068115,4.145609378814697,7.421977519989014,2.4011106491088867,4.156091690063477,8,0.43166542053222656,1.8084502220153809,0,0,0
monitored,155,8,4.852840900421143,3.8166229724884033,4.825841426849365,5.355859756469727,3.6511106491088867,4.80312967300415,8,0.43166542053222656,1.8084502220153809,0,0,0
monitored,155,9,2.8353559970855713,2.542806625366211,5.438189506530762,3.2897424697875977,2.4011106491088867,5.450167655944824,8,0.43166542053222656,1.8084502220153809,0,0,0
monitored,155,10,2.9709575176239014,0.04563149809837341,5.484508037567139,3.2897424697875977,-0.09888994693756104,5.450167655944824,8,0.43166542053222656,1.8084502220153809,0,0,0
monitored,155,11,4.906600475311279,-1.1991305351257324,4.822327613830566,5.355859756469727,-1.3488894701004028,4.80312967300415,8,0.43166542053222656,1.8084502220153809,0,0,0
monitored,156,0,5.397703647613525,1.2110626697540283,5.528235912322998,5.616000175476074,1.1390025615692139,5.5162353515625,8,0.44593924283981323,1.8061530590057373,0,0,0
monitored,156,1,7.715061664581299,1.3100956678390503,5.509557723999023,8.226062774658203,1.1390025615692139,5.524831771850586,8,0.44593924283981323,1.8061530590057373,0,0,0
monitored,156,2,6.687526226043701,3.4120965003967285,5.971202850341797,7.0276031494140625,3.3040661811828613,5.88007116317749,8,0.44593924283981323,1.8061530590057373,0,0,0
monitored,156,3,4.200999736785889,3.4865057468414307,6.458083629608154,4.6306843757629395,3.3040659427642822,6.590550422668457,8,0.44593924283981323,1.8061530590057373,0,0,0
monitored,156,4,3.101494312286377,1.2109911441802979,7.00926399230957,3.432225227355957,1.1390023231506348,6.9457902908325195,8,0.44593924283981323,1.8061530590057373,0,0,0
monitored,156,5,4.114643573760986,-0.9363544583320618,6.485406398773193,4.630684852600098,-1.0260610580444336,6.590550422668457,8,0.44593924283981323,1.8061530590057373,0,0,0
monitored,156,6,6.596066474914551,-0.883626401424408,5.9516496658325195,7.0276031494140625,-1.0260610580444336,5.88007116317749,8,0.44593924283981323,1.8061530590057373,0,0,0
monitored,156,7,7.007565021514893,2.5395960807800293,4.176124572753906,7.478648662567139,2.389002561569214,4.181866645812988,8,0.44593924283981323,1.8061530590057373,0,0,0
monitored,156,8,4.892828941345215,3.807816743850708,4.820915222167969,5.402856349945068,3.639002561569214,4.797159671783447,8,0.44593924283981323,1.8061530590057373,0,0,0
monitored,156,9,2.8511962890625,2.5361244678497314,5.39739990234375,3.327064037322998,2.389002799987793,5.412452697753906,8,0.44593924283981323,1.8061530590057373,0,0,0
monitored,156,10,2.9808928966522217,0.03663652390241623,5.435020446777344,3.327064037322998,-0.11099791526794434,5.412452697753906,8,0.44593924283981323,1.8061530590057373,0,0,0
monitored,156,11,4.946192741394043,-1.2076630592346191,4.816673278808594,5.402856349945068,-1.3609974384307861,4.797159671783447,8,0.44593924283981323,1.8061530590057373,0,0,0
monitored,157,0,5.433712005615234,1.1991312503814697,5.526151180267334,5.652000427246094,1.1268013715744019,5.513513565063477,8,0.4601181447505951,1.8051512241363525,0,0,0
monitored,157,1,7.7427592277526855,1.301403284072876,5.552470684051514,8.261622428894043,1.1268013715744019,5.562247276306152,8,0.4601181447505951,1.8051512241363525,0,0,0
monitored,157,2,6.703575134277344,3.4055349826812744,6.002621650695801,7.0578413009643555,3.2918648719787598,5.899014472961426,8,0.4601181447505951,1.8051512241363525,0,0,0
monitored,157,3,4.217652320861816,3.4963345527648926,6.444882869720459,4.650279998779297,3.2918648719787598,6.572549343109131,8,0.4601181447505951,1.8051512241363525,0,0,0
monitored,157,4,3.0791261196136475,1.2043248414993286,6.960912704467773,3.4464995861053467,1.1268011331558228,6.909316539764404,8,0.4601181447505951,1.8051512241363525,0,0,0
monitored,157,5,4.12980318069458,-0.9150038361549377,6.456893444061279,4.650280475616455,-1.0382622480392456,6.572548866271973,8,0.4601181447505951,1.8051512241363525,0,0,0
monitored,157,6,6.617708683013916,-0.8929892182350159,5.979846477508545,7.0578413009643555,-1.0382622480392456,5.899014472961426,8,0.4601181447505951,1.8051512241363525,0,0,0
monitored,157,7,7.056570529937744,2.531257390975952,4.206014633178711,7.53494930267334,2.3768014907836914,4.207947254180908,8,0.4601181447505951,1.8051512241363525,0,0,0
monitored,157,8,4.934191703796387,3.798694133758545,4.815858364105225,5.449939727783203,3.6268014907836914,4.791245460510254,8,0.4601181447505951,1.8051512241363525,0,0,0
monitored,157,9,2.8690309524536133,2.5294065475463867,5.356603145599365,3.3649308681488037,2.3768014907836914,5.374543190002441,8,0.4601181447505951,1.8051512241363525,0,0,0
monitored,157,10,2.991016387939453,0.026364708319306374,5.386730194091797,3.3649308681488037,-0.12319910526275635,5.374543190002441,8,0.4601181447505951,1.8051512241363525,0,0,0
monitored,157,11,4.979973793029785,-1.2145438194274902,4.811577796936035,5.449940204620361,-1.3731986284255981,4.791245460510254,8,0.4601181447505951,1.8051512241363525,0,0,0
monitored,158,0,5.469718933105469,1.1871470212936401,5.523962020874023,5.687999725341797,1.1144970655441284,5.510689735412598,9,0.4729487895965576,1.8083974123001099,0,0,0
monitored,158,1,7.770247936248779,1.2925658226013184,5.595973014831543,8.29655933380127,1.1144970655441284,5.59966516494751,9,0.4729487895965576,1.8083974123001099,0,0,0
monitored,158,2,6.720751762390137,3.3985683917999268,6.032323360443115,7.087728023529053,3.2795605659484863,5.9178266525268555,9,0.4729487895965576,1.8083974123001099,0,0,0
monitored,158,3,4.229440689086914,3.5054101943969727,6.432844161987305,4.670065402984619,3.2795605659484863,6.554150104522705,9,0.4729487895965576,1.8083974123001099,0,0,0
monitored,158,4,3.0595345497131348,1.1999744176864624,6.913219928741455,3.4612340927124023,1.1144968271255493,6.872312068939209,9,0.4729487895965576,1.8083974123001099,0,0,0
monitored,158,5,4.153656959533691,-0.8934318423271179,6.4320902824401855,4.670065879821777,-1.050566554069519,6.554150104522705,9,0.4729487895965576,1.8083974123001099,0,0,0
monitored,158,6,6.638669490814209,-0.9023696184158325,6.008889198303223,7.0877275466918945,-1.050566554069519,5.9178266525268555,9,0.4729487895965576,1.8083974123001099,0,0,0
monitored,158,7,7.106075286865234,2.5223867893218994,4.235405921936035,7.590859889984131,2.364497184753418,4.234318733215332,9,0.4729487895965576,1.8083974123001099,0,0,0
monitored,158,8,4.976672649383545,3.7893168926239014,4.810702800750732,5.497102737426758,3.614497184753418,4.785390853881836,9,0.4729487895965576,1.8083974123001099,0,0,0
monitored,158,9,2.8909876346588135,2.521937847137451,5.317193508148193,3.4033455848693848,2.364497184753418,5.33646297454834,9,0.4729487895965576,1.8083974123001099,0,0,0
monitored,158,10,2.9988515377044678,0.01730707287788391,5.3423614501953125,3.4033455848693848,-0.13550341129302979,5.33646297454834,9,0.4729487895965576,1.8083974123001099,0,0,0
monitored,158,11,5.023130416870117,-1.223863959312439,4.80563497543335,5.497102737426758,-1.3855029344558716,4.785390853881836,9,0.4729487895965576,1.8083974123001099,0,0,0
monitored,159,0,5.505724906921387,1.175101399421692,5.521668434143066,5.723999977111816,1.102079153060913,5.507762908935547,8,0.48458489775657654,1.808687686920166,0,0,0
monitored,159,1,7.798452377319336,1.283241868019104,5.638307571411133,8.330872535705566,1.102079153060913,5.637059688568115,8,0.48458489775657654,1.808687686920166,0,0,0
monitored,159,2,6.73349666595459,3.392960786819458,6.059751510620117,7.117265701293945,3.2671427726745605,5.936493396759033,8,0.48458489775657654,1.808687686920166,0,0,0
monitored,159,3,4.245442867279053,3.5153257846832275,6.418365955352783,4.690053939819336,3.2671425342559814,6.535359859466553,8,0.48458489775657654,1.808687686920166,0,0,0
monitored,159,4,3.0420496463775635,1.19762122631073,6.867911338806152,3.476447820663452,1.102078914642334,6.8347930908203125,8,0.48458489775657654,1.808687686920166,0,0,0
monitored,159,5,4.186131000518799,-0.8736733198165894,6.411923408508301,4.690053939819336,-1.0629844665527344,6.535359859466553,8,0.48458489775657654,1.808687686920166,0,0,0
monitored,159,6,6.660403728485107,-0.9120926260948181,6.036333084106445,7.117265701293945,-1.0629844665527344,5.936493396759033,8,0.48458489775657654,1.808687686920166,0,0,0
monitored,159,7,7.1560959815979,2.513007164001465,4.264397621154785,7.646367073059082,2.352079153060913,4.260965347290039,8,0.48458489775657654,1.808687686920166,0,0,0
monitored,159,8,5.0200653076171875,3.779733896255493,4.805480480194092,5.544339656829834,3.602079153060913,4.779599189758301,8,0.48458489775657654,1.808687686920166,0,0,0
monitored,159,9,2.9108030796051025,2.5156829357147217,5.280684471130371,3.442312717437744,2.352079391479492,5.2982330322265625,8,0.48458489775657654,1.808687686920166,0,0,0
monitored,159,10,3.013770341873169,0.00471576489508152,5.296111106872559,3.442312717437744,-0.14792132377624512,5.2982330322265625,8,0.48458489775657654,1.808687686920166,0,0,0
monitored,159,11,5.066111087799072,-1.2334245443344116,4.800154209136963,5.544340133666992,-1.397920846939087,4.779599189758301,8,0.48458489775657654,1.808687686920166,0,0,0
monitored,160,0,5.5417304039001465,1.1629854440689087,5.519270420074463,5.760000228881836,1.089536428451538,5.504734039306641,9,0.49428898096084595,1.8075916767120361,0,0,0
monitored,160,1,7.8211870193481445,1.27550208568573,5.678352355957031,8.364556312561035,1.089536428451538,5.6744065284729,9,0.49428898096084595,1.8075916767120361,0,0,0
monitored,160,2,6.752004623413086,3.3851606845855713,6.088710784912109,7.146456241607666,3.2546000480651855,5.955000400543213,9,0.49428898096084595,1.8075916767120361,0,0,0
monitored,160,3,4.264063835144043,3.5219173431396484,6.405977725982666,4.710256576538086,3.2545998096466064,6.51618766784668,9,0.49428898096084595,1.8075916767120361,0,0,0
monitored,160,4,3.027111768722534,1.1966663599014282,6.824382781982422,3.492156744003296,1.089536190032959,6.796781539916992,9,0.49428898096084595,1.8075916767120361,0,0,0
monitored,160,5,4.226782321929932,-0.8580551147460938,6.39752721786499,4.710256576538086,-1.0755271911621094,6.51618766784668,9,0.49428898096084595,1.8075916767120361,0,0,0
monitored,160,6,6.682961463928223,-0.9221911430358887,6.0624165534973145,7.146455764770508,-1.0755271911621094,5.955000400543213,9,0.49428898096084595,1.8075916767120361,0,0,0
monitored,160,7,7.206535339355469,2.5030441284179688,4.292548179626465,7.7014546394348145,2.339536428451538,4.287871837615967,9,0.49428898096084595,1.8075916767120361,0,0,0
monitored,160,8,5.056960582733154,3.771895408630371,4.800919055938721,5.591643810272217,3.589536428451538,4.773874282836914,9,0.49428898096084595,1.8075916767120361,0,0,0
monitored,160,9,2.9414730072021484,2.5065221786499023,5.2435173988342285,3.4818334579467773,2.339536666870117,5.259876728057861,9,0.49428898096084595,1.8075916767120361,0,0,0
monitored,160,10,3.0334279537200928,-0.009129098616540432,5.251551628112793,3.4818334579467773,-0.16046404838562012,5.259876728057861,9,0.49428898096084595,1.8075916767120361,0,0,0
monitored,160,11,5.109132289886475,-1.2432461977005005,4.795077800750732,5.591644287109375,-1.410463571548462,4.773874282836914,9,0.49428898096084595,1.8075916767120361,0,0,0
monitored,161,0,5.57773494720459,1.1507899761199951,5.516768932342529,5.796000003814697,1.0768589973449707,5.501604080200195,8,0.5012186169624329,1.8103950023651123,0,0,0
monitored,161,1,7.851485252380371,1.2650004625320435,5.7192487716674805,8.397608757019043,1.0768589973449707,5.7116804122924805,8,0.5012186169624329,1.8103950023651123,0,0,0
monitored,161,2,6.771936893463135,3.376633405685425,6.11633825302124,7.175300598144531,3.241922616958618,5.973334789276123,8,0.5012186169624329,1.8103950023651123,0,0,0
monitored,161,3,4.284534931182861,3.5256383419036865,6.394603252410889,4.730684280395508,3.241922378540039,6.49664306640625,8,0.5012186169624329,1.8103950023651123,0,0,0
monitored,161,4,3.015113353729248,1.19657301902771,6.7818989753723145,3.508376359939575,1.0768587589263916,6.758297443389893,8,0.5012186169624329,1.8103950023651123,0,0,0
monitored,161,5,4.2739386558532715,-0.8491560816764832,6.390097141265869,4.730684757232666,-1.0882046222686768,6.49664306640625,8,0.5012186169624329,1.8103950023651123,0,0,0
monitored,161,6,6.7063889503479,-0.9326939582824707,6.087287425994873,7.175300598144531,-1.0882046222686768,5.973334789276123,8,0.5012186169624329,1.8103950023651123,0,0,0
monitored,161,7,7.250331878662109,2.494717597961426,4.319454669952393,7.756106853485107,2.3268589973449707,4.315020561218262,8,0.5012186169624329,1.8103950023651123,0,0,0
monitored,161,8,5.101255416870117,3.7616090774536133,4.796224117279053,5.639007568359375,3.5768589973449707,4.768218994140625,8,0.5012186169624329,1.8103950023651123,0,0,0
monitored,161,9,2.9759061336517334,2.4967234134674072,5.207822799682617,3.5219080448150635,2.3268589973449707,5.221417427062988,8,0.5012186169624329,1.8103950023651123,0,0,0
monitored,161,10,3.0582892894744873,-0.02388319931924343,5.208829402923584,3.5219080448150635,-0.1731414794921875,5.221417427062988,8,0.5012186169624329,1.8103950023651123,0,0,0
monitored,161,11,5.152337074279785,-1.2533419132232666,4.790367126464844,5.639007568359375,-1.4231410026550293,4.768218994140625,8,0.5012186169624329,1.8103950023651123,0,0,0
monitored,162,0,5.613739013671875,1.1385053396224976,5.514163970947266,5.832000255584717,1.0640344619750977,5.498373031616211,8,0.5058591365814209,1.8131693601608276,0,0,0
monitored,162,1,7.882197856903076,1.254112720489502,5.759538650512695,8.43002986907959,1.0640344619750977,5.748857021331787,8,0.5058591365814209,1.8131693601608276,0,0,0
monitored,162,2,6.794356822967529,3.366997718811035,6.142027854919434,7.203803062438965,3.229098081588745,5.991483211517334,8,0.5058591365814209,1.8131693601608276,0,0,0
monitored,162,3,4.306750774383545,3.526142120361328,6.3838019371032715,4.751348972320557,3.229097843170166,6.476735591888428,8,0.5058591365814209,1.8131693601608276,0,0,0
monitored,162,4,3.0065805912017822,1.1968016624450684,6.739715099334717,3.5251219272613525,1.0640342235565186,6.719361305236816,8,0.5058591365814209,1.8131693601608276,0,0,0
monitored,162,5,4.323916912078857,-0.8479776978492737,6.38832950592041,4.751349449157715,-1.1010291576385498,6.4767351150512695,8,0.5058591365814209,1.8131693601608276,0,0,0
monitored,162,6,6.724849224090576,-0.9415029883384705,6.1100897789001465,7.203803062438965,-1.1010291576385498,5.991483211517334,8,0.5058591365814209,1.8131693601608276,0,0,0
monitored,162,7,7.303126335144043,2.4834823608398438,4.347594261169434,7.810311794281006,2.3140344619750977,4.342395782470703,8,0.5058591365814209,1.8131693601608276,0,0,0
monitored,162,8,5.145134449005127,3.751138925552368,4.791924953460693,5.686424255371094,3.5640344619750977,4.762636661529541,8,0.5058591365814209,1.8131693601608276,0,0,0
monitored,162,9,3.0137765407562256,2.4863407611846924,5.1737260818481445,3.56253719329834,2.3140344619750977,5.182877540588379,8,0.5058591365814209,1.8131693601608276,0,0,0
monitored,162,10,3.0887322425842285,-0.03923632949590683,5.168259620666504,3.56253719329834,-0.18596601486206055,5.182877540588379,8,0.5058591365814209,1.8131693601608276,0,0,0
monitored,162,11,5.195812702178955,-1.2637194395065308,4.7859978675842285,5.686424732208252,-1.4359655380249023,4.762636661529541,8,0.5058591365814209,1.8131693601608276,0,0,0
monitored,163,0,5.649742603302002,1.126121997833252,5.511456489562988,5.868000030517578,1.0510525703430176,5.495041847229004,8,0.5087224841117859,1.8160009384155273,0,0,0
monitored,163,1,7.913283348083496,1.2428481578826904,5.799293518066406,8.46181869506836,1.0510525703430176,5.785910129547119,8,0.5087224841117859,1.8160009384155273,0,0,0
monitored,163,2,6.819449424743652,3.3561484813690186,6.165467739105225,7.231966018676758,3.216116189956665,6.009431838989258,8,0.5087224841117859,1.8160009384155273,0,0,0
monitored,163,3,4.3306708335876465,3.52292537689209,6.373255729675293,4.772259712219238,3.216115951538086,6.456475257873535,8,0.5087224841117859,1.8160009384155273,0,0,0
monitored,163,4,3.0022177696228027,1.1967815160751343,6.697216987609863,3.542407274246216,1.0510523319244385,6.679996967315674,8,0.5087224841117859,1.8160009384155273,0,0,0
monitored,163,5,4.3655877113342285,-0.850978672504425,6.388368129730225,4.7722601890563965,-1.1140110492706299,6.456475257873535,8,0.5087224841117859,1.8160009384155273,0,0,0
monitored,163,6,6.750949859619141,-0.9531581997871399,6.1328277587890625,7.2319655418396,-1.1140110492706299,6.009431838989258,8,0.5087224841117859,1.8160009384155273,0,0,0
monitored,163,7,7.356144905090332,2.4718196392059326,4.375316619873047,7.8640546798706055,2.3010525703430176,4.369979381561279,8,0.5087224841117859,1.8160009384155273,0,0,0
monitored,163,8,5.189192295074463,3.7404470443725586,4.787858486175537,5.73388671875,3.5510525703430176,4.757130146026611,8,0.5087224841117859,1.8160009384155273,0,0,0
monitored,163,9,3.054649591445923,2.475433349609375,5.141333103179932,3.603719472885132,2.3010525703430176,5.144280910491943,8,0.5087224841117859,1.8160009384155273,0,0,0
monitored,163,10,3.1250133514404297,-0.055008627474308014,5.130692005157471,3.603719472885132,-0.19894790649414062,5.144280910491943,8,0.5087224841117859,1.8160009384155273,0,0,0
monitored,163,11,5.239606857299805,-1.2743828296661377,4.781954765319824,5.733887195587158,-1.4489474296569824,4.757130146026611,8,0.5087224841117859,1.8160009384155273,0,0,0
monitored,164,0,5.685745716094971,1.1136300563812256,5.508646011352539,5.904000282287598,1.0379019975662231,5.491610050201416,8,0.5099982023239136,1.8187919855117798,0,0,0
monitored,164,1,7.944703102111816,1.2312140464782715,5.8385443687438965,8.492977142333984,1.0379019975662231,5.822815895080566,8,0.5099982023239136,1.8187919855117798,0,0,0
monitored,164,2,6.847019672393799,3.3441102504730225,6.186500072479248,7.259794235229492,3.20296573638916,6.027167797088623,8,0.5099982023239136,1.8187919855117798,0,0,0
monitored,164,3,4.356133937835693,3.515366792678833,6.362740993499756,4.793428421020508,3.202965259552002,6.4358720779418945,8,0.5099982023239136,1.8187919855117798,0,0,0
monitored,164,4,2.997654438018799,1.1971020698547363,6.6569647789001465,3.5602455139160156,1.037901759147644,6.640223979949951,8,0.5099982023239136,1.8187919855117798,0,0,0
monitored,164,5,4.414823532104492,-0.8649616837501526,6.39343786239624,4.793428421020508,-1.1271616220474243,6.4358720779418945,8,0.5099982023239136,1.8187919855117798,0,0,0
monitored,164,6,6.7780256271362305,-0.9652707576751709,6.154303073883057,7.259794235229492,-1.1271616220474243,6.027167797088623,8,0.5099982023239136,1.8187919855117798,0,0,0
monitored,164,7,7.409269332885742,2.459801197052002,4.402743339538574,7.917324542999268,2.2879018783569336,4.397752285003662,8,0.5099982023239136,1.8187919855117798,0,0,0
monitored,164,8,5.233470439910889,3.729541301727295,4.784002780914307,5.781388759613037,3.5379018783569336,4.751700401306152,8,0.5099982023239136,1.8187919855117798,0,0,0
monitored,164,9,3.098006010055542,2.464064121246338,5.110680103302002,3.645453453063965,2.2879021167755127,5.105648517608643,8,0.5099982023239136,1.8187919855117798,0,0,0
monitored,164,10,3.166172504425049,-0.07063546031713486,5.095921039581299,3.645453453063965,-0.21209847927093506,5.105648517608643,8,0.5099982023239136,1.8187919855117798,0,0,0
monitored,164,11,5.276854991912842,-1.2831945419311523,4.7786126136779785,5.781389236450195,-1.4620980024337769,4.751700401306152,8,0.5099982023239136,1.8187919855117798,0,0,0
monitored,165,0,5.721748352050781,1.101019263267517,5.505733489990234,5.940000057220459,1.024571180343628,5.488078594207764,6,0.48895663022994995,1.8267807960510254,0,0,0
monitored,165,1,7.99691915512085,1.2119965553283691,5.8805012702941895,8.523508071899414,1.024571180343628,5.8595476150512695,6,0.48895663022994995,1.8267807960510254,0,0,0
monitored,165,2,6.899949073791504,3.322382688522339,6.201175689697266,7.28729248046875,3.1896347999572754,6.044677734375,6,0.48895663022994995,1.8267807960510254,0,0,0
monitored,165,3,4.395934581756592,3.4955203533172607,6.352284908294678,4.814863204956055,3.1896345615386963,6.414937496185303,6,0.48895663022994995,1.8267807960510254,0,0,0
monitored,165,4,3.0219385623931885,1.1907469034194946,6.6051130294799805,3.578648567199707,1.0245709419250488,6.600067138671875,6,0.48895663022994995,1.8267807960510254,0,0,0
monitored,165,5,4.479846000671387,-0.9036487936973572,6.4048871994018555,4.814863204956055,-1.1404924392700195,6.414937496185303,6,0.48895663022994995,1.8267807960510254,0,0,0
monitored,165,6,6.826381683349609,-0.9852734804153442,6.174745082855225,7.28729248046875,-1.1404924392700195,6.044677734375,6,0.48895663022994995,1.8267807960510254,0,0,0
monitored,165,7,7.484714984893799,2.440284013748169,4.431628227233887,7.970108985900879,2.274571180343628,4.425695419311523,6,0.48895663022994995,1.8267807960510254,0,0,0
monitored,165,8,5.299005031585693,3.7117867469787598,4.779128551483154,5.828921794891357,3.524571180343628,4.746349811553955,6,0.48895663022994995,1.8267807960510254,0,0,0
monitored,165,9,3.166081428527832,2.4455108642578125,5.080022811889648,3.6877353191375732,2.274571418762207,5.067004203796387,6,0.48895663022994995,1.8267807960510254,0,0,0
monitored,165,10,3.228178024291992,-0.09034913033246994,5.063432216644287,3.6877353191375732,-0.22542929649353027,5.067004203796387,6,0.48895663022994995,1.8267807960510254,0,0,0
monitored,165,11,5.343378067016602,-1.3014729022979736,4.774068355560303,5.828922271728516,-1.475428819656372,4.746349811553955,6,0.48895663022994995,1.8267807960510254,0,0,0
monitored,166,0,5.757750511169434,1.0882794857025146,5.502719402313232,5.9760003089904785,1.0110487937927246,5.484448432922363,5,0.467912882566452,1.835066318511963,0,0,0
monitored,166,1,8.047914505004883,1.1929099559783936,5.9189839363098145,8.553413391113281,1.0110487937927246,5.896082878112793,5,0.467912882566452,1.835066318511963,0,0,0
monitored,166,2,6.94680118560791,3.303049087524414,6.207768440246582,7.31446647644043,3.176112413406372,6.061949729919434,5,0.467912882566452,1.835066318511963,0,0,0
monitored,166,3,4.440077781677246,3.4631507396698,6.345471382141113,4.836573600769043,3.176112174987793,6.393682956695557,5,0.467912882566452,1.835066318511963,0,0,0
monitored,166,4,3.057584285736084,1.1812108755111694,6.555327415466309,3.5976274013519287,1.0110485553741455,6.559549331665039,5,0.467912882566452,1.835066318511963,0,0,0
monitored,166,5,4.532217502593994,-0.9501346945762634,6.4142913818359375,4.836574077606201,-1.1540148258209229,6.393682956695557,5,0.467912882566452,1.835066318511963,0,0,0
monitored,166,6,6.874836444854736,-1.005039095878601,6.189396381378174,7.31446647644043,-1.1540148258209229,6.061949729919434,5,0.467912882566452,1.835066318511963,0,0,0
monitored,166,7,7.557127952575684,2.4207804203033447,4.4571943283081055,8.022397994995117,2.2610487937927246,4.45379114151001,5,0.467912882566452,1.835066318511963,0,0,0
monitored,166,8,5.360599994659424,3.6946158409118652,4.774951934814453,5.8764801025390625,3.5110487937927246,4.741080284118652,5,0.467912882566452,1.835066318511963,0,0,0
monitored,166,9,3.2248001098632812,2.429703950881958,5.053642272949219,3.730562210083008,2.2610487937927246,5.028369903564453,5,0.467912882566452,1.835066318511963,0,0,0
monitored,166,10,3.301466226577759,-0.11061660945415497,5.039231777191162,3.730562210083008,-0.2389516830444336,5.028369903564453,5,0.467912882566452,1.835066318511963,0,0,0
monitored,166,11,5.406059741973877,-1.3192142248153687,4.770255088806152,5.876480579376221,-1.4889512062072754,4.741080284118652,5,0.467912882566452,1.835066318511963,0,0,0
monitored,167,0,5.793752193450928,1.0754001140594482,5.499604225158691,6.012000560760498,0.9973231554031372,5.480719566345215,6,0.44790011644363403,1.84395432472229,0,0,0
monitored,167,1,8.089978218078613,1.176732063293457,5.954286098480225,8.582698822021484,0.9973231554031372,5.932396411895752,6,0.44790011644363403,1.84395432472229,0,0,0
monitored,167,2,7.000971794128418,3.2812864780426025,6.2029709815979,7.34132194519043,3.162386894226074,6.078970909118652,6,0.44790011644363403,1.84395432472229,0,0,0
monitored,167,3,4.47892951965332,3.425787925720215,6.341371536254883,4.8585686683654785,3.162386417388916,6.372119903564453,6,0.44790011644363403,1.84395432472229,0,0,0
monitored,167,4,3.1025655269622803,1.168619155883789,6.510832786560059,3.617192029953003,0.9973229169845581,6.5186944007873535,6,0.44790011644363403,1.84395432472229,0,0,0
monitored,167,5,4.57499885559082,-0.9997004866600037,6.418625831604004,4.858569145202637,-1.1677404642105103,6.372119903564453,6,0.44790011644363403,1.84395432472229,0,0,0
monitored,167,6,6.922452926635742,-1.0241647958755493,6.198565483093262,7.34132194519043,-1.1677404642105103,6.078970909118652,6,0.44790011644363403,1.84395432472229,0,0,0
monitored,167,7,7.626678943634033,2.401463031768799,4.480327606201172,8.074182510375977,2.2473230361938477,4.482019424438477,6,0.44790011644363403,1.84395432472229,0,0,0
monitored,167,8,5.4122843742370605,3.6803410053253174,4.771588325500488,5.924055576324463,3.4973230361938477,4.735893726348877,6,0.44790011644363403,1.84395432472229,0,0,0
monitored,167,9,3.2902908325195312,2.4116270542144775,5.028835296630859,3.773928642272949,2.2473232746124268,4.989768028259277,6,0.44790011644363403,1.84395432472229,0,0,0
monitored,167,10,3.3735644817352295,-0.12885232269763947,5.020482063293457,3.773928642272949,-0.252677321434021,4.989768028259277,6,0.44790011644363403,1.84395432472229,0,0,0
monitored,167,11,5.465628623962402,-1.3364492654800415,4.766934394836426,5.924056053161621,-1.5026768445968628,4.735893726348877,6,0.44790011644363403,1.84395432472229,0,0,0
monitored,168,0,5.829753875732422,1.0623705387115479,5.4963884353637695,6.048000335693359,0.9833834767341614,5.476892471313477,5,0.42945775389671326,1.860350251197815,0,0,0
monitored,168,1,8.138541221618652,1.1579183340072632,5.988492012023926,8.611369132995605,0.9833834767341614,5.9684624671936035,5,0.42945775389671326,1.860350251197815,0,0,0
monitored,168,2,7.0521931648254395,3.2606377601623535,6.1926774978637695,7.367864608764648,3.148447036743164,6.095728874206543,5,0.42945775389671326,1.860350251197815,0,0,0
monitored,168,3,4.512233734130859,3.386401653289795,6.3385725021362305,4.880855560302734,3.148446798324585,6.350261688232422,5,0.42945775389671326,1.860350251197815,0,0,0
monitored,168,4,3.1533796787261963,1.1536695957183838,6.473862648010254,3.6373512744903564,0.9833832383155823,6.477527618408203,5,0.42945775389671326,1.860350251197815,0,0,0
monitored,168,5,4.610489845275879,-1.0491746664047241,6.4159746170043945,4.880856037139893,-1.1816802024841309,6.350261688232422,5,0.42945775389671326,1.860350251197815,0,0,0
monitored,168,6,6.968442916870117,-1.0425337553024292,6.203967094421387,7.36786413192749,-1.1816802024841309,6.095728874206543,5,0.42945775389671326,1.860350251197815,0,0,0
monitored,168,7,7.685534954071045,2.385499954223633,4.503180980682373,8.125452995300293,2.2333834171295166,4.510357856750488,5,0.42945775389671326,1.860350251197815,0,0,0
monitored,168,8,5.470033645629883,3.6638071537017822,4.768041133880615,5.971640586853027,3.4833834171295166,4.730789661407471,5,0.42945775389671326,1.860350251197815,0,0,0
monitored,168,9,3.35323429107666,2.394047975540161,5.00551176071167,3.8178279399871826,2.2333836555480957,4.951221466064453,5,0.42945775389671326,1.860350251197815,0,0,0
monitored,168,10,3.4428913593292236,-0.14552532136440277,5.001974105834961,3.8178279399871826,-0.2666170001029968,4.951221466064453,5,0.42945775389671326,1.860350251197815,0,0,0
monitored,168,11,5.52268123626709,-1.3532261848449707,4.763933181762695,5.971640586853027,-1.5166165828704834,4.730789661407471,5,0.42945775389671326,1.860350251197815,0,0,0
monitored,169,0,5.865755081176758,1.049180030822754,5.493072032928467,6.084000587463379,0.9692174196243286,5.472968101501465,5,0.4136950373649597,1.8786815404891968,0,0,0
monitored,169,1,8.185272216796875,1.1394720077514648,6.020684242248535,8.639431953430176,0.9692174196243286,6.004258632659912,5,0.4136950373649597,1.8786815404891968,0,0,0
monitored,169,2,7.099327564239502,3.2415294647216797,6.179064750671387,7.394102573394775,3.1342811584472656,6.112212181091309,5,0.4136950373649597,1.8786815404891968,0,0,0
monitored,169,3,4.540633201599121,3.3469808101654053,6.3359527587890625,4.903443336486816,3.1342806816101074,6.32811975479126,5,0.4136950373649597,1.8786815404891968,0,0,0
monitored,169,4,3.2051124572753906,1.137312412261963,6.441639423370361,3.658113479614258,0.9692171812057495,6.436073303222656,5,0.4136950373649597,1.8786815404891968,0,0,0
monitored,169,5,4.640722274780273,-1.0965176820755005,6.405076026916504,4.903443336486816,-1.1958461999893188,6.328119277954102,5,0.4136950373649597,1.8786815404891968,0,0,0
monitored,169,6,7.005245208740234,-1.0576488971710205,6.208860397338867,7.394102096557617,-1.1958461999893188,6.112212181091309,5,0.4136950373649597,1.8786815404891968,0,0,0
monitored,169,7,7.752256393432617,2.3668782711029053,4.527993202209473,8.176202774047852,2.219217300415039,4.53878927230835,5,0.4136950373649597,1.8786815404891968,0,0,0
monitored,169,8,5.525645732879639,3.647736072540283,4.764729976654053,6.019228458404541,3.469217300415039,4.725770473480225,5,0.4136950373649597,1.8786815404891968,0,0,0
monitored,169,9,3.414203643798828,2.3769047260284424,4.981017112731934,3.8622543811798096,2.219217538833618,4.9127516746521,5,0.4136950373649597,1.8786815404891968,0,0,0
monitored,169,10,3.508873224258423,-0.1611139327287674,4.980377674102783,3.8622543811798096,-0.2807830572128296,4.9127516746521,5,0.4136950373649597,1.8786815404891968,0,0,0
monitored,169,11,5.577385425567627,-1.3695385456085205,4.76114559173584,6.019228458404541,-1.5307825803756714,4.725770473480225,5,0.4136950373649597,1.8786815404891968,0,0,0
monitored,170,0,5.901756286621094,1.0358178615570068,5.4896559715271,6.12000036239624,0.9548141360282898,5.46894645690918,5,0.40058255195617676,1.8979324102401733,0,0,0
monitored,170,1,8.22999095916748,1.1213538646697998,6.053090572357178,8.666894912719727,0.9548141360282898,6.039759635925293,5,0.40058255195617676,1.8979324102401733,0,0,0
monitored,170,2,7.142958164215088,3.2234256267547607,6.165437698364258,7.420042514801025,3.119877815246582,6.128408908843994,5,0.40058255195617676,1.8979324102401733,0,0,0
monitored,170,3,4.565114498138428,3.3086938858032227,6.332738876342773,4.926337242126465,3.119877576828003,6.305706977844238,5,0.40058255195617676,1.8979324102401733,0,0,0
monitored,170,4,3.2559823989868164,1.119956612586975,6.412759780883789,3.6794846057891846,0.9548138976097107,6.3943562507629395,5,0.40058255195617676,1.8979324102401733,0,0,0
monitored,170,5,4.662138938903809,-1.1355719566345215,6.389744758605957,4.926337242126465,-1.210249423980713,6.305706977844238,5,0.40058255195617676,1.8979324102401733,0,0,0
monitored,170,6,7.048831939697266,-1.0752434730529785,6.210544109344482,7.420042037963867,-1.210249423980713,6.128408908843994,5,0.40058255195617676,1.8979324102401733,0,0,0
monitored,170,7,7.816441535949707,2.3490965366363525,4.554311275482178,8.226423263549805,2.2048141956329346,4.567290306091309,5,0.40058255195617676,1.8979324102401733,0,0,0
monitored,170,8,5.579532146453857,3.6320579051971436,4.761579990386963,6.066810607910156,3.4548141956329346,4.720834732055664,5,0.40058255195617676,1.8979324102401733,0,0,0
monitored,170,9,3.4729886054992676,2.3602089881896973,4.955257892608643,3.907198905944824,2.2048141956329346,4.874379634857178,5,0.40058255195617676,1.8979324102401733,0,0,0
monitored,170,10,3.571282148361206,-0.17599743604660034,4.953836441040039,3.907198905944824,-0.2951863408088684,4.874379634857178,5,0.40058255195617676,1.8979324102401733,0,0,0
monitored,170,11,5.6315436363220215,-1.3857053518295288,4.758368968963623,6.0668110847473145,-1.5451858043670654,4.720834732055664,5,0.40058255195617676,1.8979324102401733,0,0,0
monitored,171,0,5.93775749206543,1.022273063659668,5.486140251159668,6.15600061416626,0.9401625394821167,5.464828968048096,5,0.3908895254135132,1.9005051851272583,0,0,0
monitored,171,1,8.272529602050781,1.1035993099212646,6.086047649383545,8.693767547607422,0.9401625394821167,6.074944496154785,5,0.3908895254135132,1.9005051851272583,0,0,0
monitored,171,2,7.18368673324585,3.205930233001709,6.153692245483398,7.445693016052246,3.1052260398864746,6.144309043884277,5,0.3908895254135132,1.9005051851272583,0,0,0
monitored,171,3,4.586584568023682,3.2711598873138428,6.328197479248047,4.949545383453369,3.1052260398864746,6.2830376625061035,5,0.3908895254135132,1.9005051851272583,0,0,0
monitored,171,4,3.296278953552246,1.1050949096679688,6.385428428649902,3.7014713287353516,0.9401623010635376,6.352402210235596,5,0.3908895254135132,1.9005051851272583,0,0,0
monitored,171,5,4.685324192047119,-1.1757967472076416,6.361749172210693,4.949545860290527,-1.2249010801315308,6.2830376625061035,5,0.3908895254135132,1.9005051851272583,0,0,0
monitored,171,6,7.090567588806152,-1.0923806428909302,6.211627006530762,7.445693016052246,-1.2249010801315308,6.144309043884277,5,0.3908895254135132,1.9005051851272583,0,0,0
monitored,171,7,7.878135681152344,2.331993579864502,4.58137845993042,8.27610969543457,2.1901626586914062,4.595841884613037,5,0.3908895254135132,1.9005051851272583,0,0,0
monitored,171,8,5.633002281188965,3.6165146827697754,4.758461952209473,6.114381790161133,3.4401626586914062,4.715984344482422,5,0.3908895254135132,1.9005051851272583,0,0,0
monitored,171,9,3.529859781265259,2.3439536094665527,4.92710542678833,3.9526546001434326,2.1901626586914062,4.836127281188965,5,0.3908895254135132,1.9005051851272583,0,0,0
monitored,171,10,3.6299149990081787,-0.1904180645942688,4.921720504760742,3.9526546001434326,-0.3098379373550415,4.836127281188965,5,0.3908895254135132,1.9005051851272583,0,0,0
monitored,171,11,5.677216529846191,-1.3989245891571045,4.756045818328857,6.114381790161133,-1.5598374605178833,4.715984344482422,5,0.3908895254135132,1.9005051851272583,0,0,0
monitored,172,0,5.973758220672607,1.0085346698760986,5.482525825500488,6.191999912261963,0.9252507090568542,5.460615634918213,6,0.38299211859703064,1.8877323865890503,0,0,0
monitored,172,1,8.312936782836914,1.0862141847610474,6.119058609008789,8.720057487487793,0.9252507090568542,6.109787940979004,6,0.38299211859703064,1.8877323865890503,0,0,0
monitored,172,2,7.222331523895264,3.188476800918579,6.145888805389404,7.471062183380127,3.0903143882751465,6.159900188446045,6,0.38299211859703064,1.8877323865890503,0,0,0
monitored,172,3,4.600995063781738,3.2395243644714355,6.321628093719482,4.973072052001953,3.0903141498565674,6.260125160217285,6,0.38299211859703064,1.8877323865890503,0,0,0
monitored,172,4,3.34324312210083,1.0862361192703247,6.356526851654053,3.7240772247314453,0.9252504706382751,6.310237407684326,6,0.38299211859703064,1.8877323865890503,0,0,0
monitored,172,5,4.7070207595825195,-1.207459807395935,6.3248467445373535,4.973072528839111,-1.2398128509521484,6.260125160217285,6,0.38299211859703064,1.8877323865890503,0,0,0
monitored,172,6,7.130396842956543,-1.1091774702072144,6.213113307952881,7.471062183380127,-1.2398128509521484,6.159900188446045,6,0.38299211859703064,1.8877323865890503,0,0,0
monitored,172,7,7.937757968902588,2.3155674934387207,4.610095977783203,8.325255393981934,2.175250768661499,4.6244215965271,6,0.38299211859703064,1.8877323865890503,0,0,0
monitored,172,8,5.685971736907959,3.6011734008789062,4.7553391456604,6.161932468414307,3.425250768661499,4.71121883392334,6,0.38299211859703064,1.8877323865890503,0,0,0
monitored,172,9,3.5847690105438232,2.3281853199005127,4.896211624145508,3.998609781265259,2.175250768661499,4.798015594482422,6,0.38299211859703064,1.8877323865890503,0,0,0
monitored,172,10,3.67795991897583,-0.20206743478775024,4.888430118560791,3.998609781265259,-0.32474976778030396,4.798015594482422,6,0.38299211859703064,1.8877323865890503,0,0,0
monitored,172,11,5.73166561126709,-1.4150221347808838,4.753046989440918,6.161932468414307,-1.574749231338501,4.71121883392334,6,0.38299211859703064,1.8877323865890503,0,0,0
monitored,173,0,6.009758949279785,0.9945918321609497,5.478813171386719,6.228000164031982,0.910068154335022,5.456307411193848,5,0.37709707021713257,1.8714216947555542,0,0,0
monitored,173,1,8.351048469543457,1.069182276725769,6.153169631958008,8.745779037475586,0.910068154335022,6.1442694664001465,5,0.37709707021713257,1.8714216947555542,0,0,0
monitored,173,2,7.252407073974609,3.1737537384033203,6.1437530517578125,7.496160507202148,3.075131893157959,6.175173759460449,5,0.37709707021713257,1.8714216947555542,0,0,0
monitored,173,3,4.619559288024902,3.203050136566162,6.311892986297607,4.996924877166748,3.075131416320801,6.236982345581055,5,0.37709707021713257,1.8714216947555542,0,0,0
monitored,173,4,3.386800527572632,1.0670723915100098,6.325991153717041,3.7473068237304688,0.9100679159164429,6.267886638641357,5,0.37709707021713257,1.8714216947555542,0,0,0
monitored,173,5,4.728000640869141,-1.228989601135254,6.280864715576172,4.996925354003906,-1.2549954652786255,6.236982345581055,5,0.37709707021713257,1.8714216947555542,0,0,0
monitored,173,6,7.168378829956055,-1.1257814168930054,6.215821266174316,7.496160507202148,-1.2549954652786255,6.175173759460449,5,0.37709707021713257,1.8714216947555542,0,0,0
monitored,173,7,7.995439052581787,2.2997124195098877,4.640264987945557,8.373859405517578,2.1600680351257324,4.653008937835693,5,0.37709707021713257,1.8714216947555542,0,0,0
monitored,173,8,5.738080978393555,3.5861058235168457,4.75221586227417,6.2094573974609375,3.4100680351257324,4.706536769866943,5,0.37709707021713257,1.8714216947555542,0,0,0
monitored,173,9,3.630427598953247,2.3154568672180176,4.865201950073242,4.045056343078613,2.1600682735443115,4.760064601898193,5,0.37709707021713257,1.8714216947555542,0,0,0
monitored,173,10,3.730210304260254,-0.21573129296302795,4.845814228057861,4.045056343078613,-0.33993232250213623,4.760064601898193,5,0.37709707021713257,1.8714216947555542,0,0,0
monitored,173,11,5.785243988037109,-1.43073570728302,4.749932289123535,6.2094573974609375,-1.589931845664978,4.706536769866943,5,0.37709707021713257,1.8714216947555542,0,0,0
monitored,174,0,6.045759677886963,0.980433464050293,5.475002765655518,6.263999938964844,0.8946031928062439,5.451904296875,6,0.37283003330230713,1.8543397188186646,0,0,0
monitored,174,1,8.379985809326172,1.0552855730056763,6.187036037445068,8.770940780639648,0.8946031928062439,6.178365230560303,6,0.37283003330230713,1.8543397188186646,0,0,0
monitored,174,2,7.289641380310059,3.1544206142425537,6.148600101470947,7.52099609375,3.059666872024536,6.190118312835693,6,0.37283003330230713,1.8543397188186646,0,0,0
monitored,174,3,4.6371660232543945,3.168513774871826,6.2987494468688965,5.021106719970703,3.059666633605957,6.213624000549316,6,0.37283003330230713,1.8543397188186646,0,0,0
monitored,174,4,3.4266915321350098,1.0477865934371948,6.292708396911621,3.771162271499634,0.8946029543876648,6.225377082824707,6,0.37283003330230713,1.8543397188186646,0,0,0
monitored,174,5,4.748728275299072,-1.2395836114883423,6.233077049255371,5.021107196807861,-1.2704603672027588,6.213624000549316,6,0.37283003330230713,1.8543397188186646,0,0,0
monitored,174,6,7.204367160797119,-1.142108678817749,6.219822406768799,7.52099609375,-1.2704603672027588,6.190118312835693,6,0.37283003330230713,1.8543397188186646,0,0,0
monitored,174,7,8.051217079162598,2.2843830585479736,4.671838760375977,8.421916007995605,2.1446032524108887,4.681580543518066,6,0.37283003330230713,1.8543397188186646,0,0,0
monitored,174,8,5.7820940017700195,3.573850631713867,4.749642848968506,6.256947994232178,3.3946032524108887,4.701937675476074,6,0.37283003330230713,1.8543397188186646,0,0,0
monitored,174,9,3.6829137802124023,2.30033802986145,4.828332901000977,4.091980934143066,2.1446032524108887,4.722293853759766,6,0.37283003330230713,1.8543397188186646,0,0,0
monitored,174,10,3.7790002822875977,-0.22948555648326874,4.801126956939697,4.091980934143066,-0.3553972840309143,4.722293853759766,6,0.37283003330230713,1.8543397188186646,0,0,0
monitored,174,11,5.838024616241455,-1.446056604385376,4.746679306030273,6.256947994232178,-1.6053967475891113,4.701937675476074,6,0.37283003330230713,1.8543397188186646,0,0,0
monitored,175,0,6.081759929656982,0.9660485982894897,5.471095085144043,6.300000190734863,0.87884521484375,5.447407245635986,5,0.3693993091583252,1.8391950130462646,0,0,0
monitored,175,1,8.413955688476562,1.038647174835205,6.224704742431641,8.79555892944336,0.87884521484375,6.212055206298828,5,0.3693993091583252,1.8391950130462646,0,0,0
monitored,175,2,7.324810028076172,3.134305477142334,6.163337707519531,7.5455803871154785,3.0439088344573975,6.2047247886657715,5,0.3693993091583252,1.8391950130462646,0,0,0
monitored,175,3,4.654440402984619,3.1363019943237305,6.281761169433594,5.045623302459717,3.0439085960388184,6.190063953399658,5,0.3693993091583252,1.8391950130462646,0,0,0
monitored,175,4,3.4632065296173096,1.0285453796386719,6.2573347091674805,3.795644760131836,0.8788449764251709,6.182733535766602,5,0.3693993091583252,1.8391950130462646,0,0,0
monitored,175,5,4.769794464111328,-1.2400829792022705,6.185037136077881,5.045623779296875,-1.2862184047698975,6.190063953399658,5,0.3693993091583252,1.8391950130462646,0,0,0
monitored,175,6,7.238828182220459,-1.158573865890503,6.2262043952941895,7.5455803871154785,-1.2862184047698975,6.2047247886657715,5,0.3693993091583252,1.8391950130462646,0,0,0
monitored,175,7,8.097848892211914,2.2720208168029785,4.70297384262085,8.469425201416016,2.12884521484375,4.710116863250732,5,0.3693993091583252,1.8391950130462646,0,0,0
monitored,175,8,5.834829807281494,3.558756113052368,4.746345520019531,6.304398536682129,3.37884521484375,4.697420120239258,5,0.3693993091583252,1.8391950130462646,0,0,0
monitored,175,9,3.733492374420166,2.285752534866333,4.7894511222839355,4.1393723487854,2.12884521484375,4.684723377227783,5,0.3693993091583252,1.8391950130462646,0,0,0
monitored,175,10,3.8257229328155518,-0.24352826178073883,4.755393028259277,4.1393723487854,-0.3711552619934082,4.684723377227783,5,0.3693993091583252,1.8391950130462646,0,0,0
monitored,175,11,5.890135288238525,-1.4610345363616943,4.743282794952393,6.304398536682129,-1.62115478515625,4.697420120239258,5,0.3693993091583252,1.8391950130462646,0,0,0
monitored,176,0,6.117760181427002,0.9514263272285461,5.467091083526611,6.336000442504883,0.8627839088439941,5.442817211151123,5,0.3675171136856079,1.8274465799331665,0,0,0
monitored,176,1,8.44528579711914,1.0224242210388184,6.2634406089782715,8.819644927978516,0.8627839088439941,6.245318412780762,5,0.3675171136856079,1.8274465799331665,0,0,0
monitored,176,2,7.356198787689209,3.1145339012145996,6.187912464141846,7.56992244720459,3.0278475284576416,6.218984603881836,5,0.3675171136856079,1.8274465799331665,0,0,0
monitored,176,3,4.671871662139893,3.106829881668091,6.260627269744873,5.070477485656738,3.0278472900390625,6.166316986083984,5,0.3675171136856079,1.8274465799331665,0,0,0
monitored,176,4,3.4961659908294678,1.0095418691635132,6.218538284301758,3.8207550048828125,0.862783670425415,6.139983177185059,5,0.3675171136856079,1.8274465799331665,0,0,0
monitored,176,5,4.792010307312012,-1.2327224016189575,6.13965368270874,5.0704779624938965,-1.3022797107696533,6.166316986083984,5,0.3675171136856079,1.8274465799331665,0,0,0
monitored,176,6,7.264984607696533,-1.1722990274429321,6.235174179077148,7.56992244720459,-1.3022797107696533,6.218984603881836,5,0.3675171136856079,1.8274465799331665,0,0,0
monitored,176,7,8.15118408203125,2.257248878479004,4.737771034240723,8.51638412475586,2.112783908843994,4.738595008850098,5,0.3675171136856079,1.8274465799331665,0,0,0
monitored,176,8,5.886873245239258,3.543928623199463,4.743015289306641,6.351800441741943,3.362783908843994,4.692983627319336,5,0.3675171136856079,1.8274465799331665,0,0,0
monitored,176,9,3.7824885845184326,2.2716152667999268,4.749082565307617,4.187217712402344,2.112783908843994,4.647372245788574,5,0.3675171136856079,1.8274465799331665,0,0,0
monitored,176,10,3.8714394569396973,-0.2579231858253479,4.709781646728516,4.187217712402344,-0.38721656799316406,4.647372245788574,5,0.3675171136856079,1.8274465799331665,0,0,0
monitored,176,11,5.941288471221924,-1.4757001399993896,4.739767074584961,6.351800918579102,-1.6372160911560059,4.692983627319336,5,0.3675171136856079,1.8274465799331665,0,0,0
monitored,177,0,6.1537604331970215,0.936555802822113,5.462990760803223,6.372000217437744,0.846408486366272,5.43813419342041,5,0.3670150935649872,1.8253084421157837,0,0,0
monitored,177,1,8.473980903625488,1.0066055059432983,6.303159236907959,8.843214988708496,0.846408486366272,6.278132915496826,5,0.3670150935649872,1.8253084421157837,0,0,0
monitored,177,2,7.382004261016846,3.095951557159424,6.222137451171875,7.594033718109131,3.011472225189209,6.2328877449035645,5,0.3670150935649872,1.8253084421157837,0,0,0
monitored,177,3,4.68992280960083,3.0806000232696533,6.23521089553833,5.095672130584717,3.011471748352051,6.142397403717041,5,0.3670150935649872,1.8253084421157837,0,0,0
monitored,177,4,3.525620937347412,0.9910427927970886,6.176512241363525,3.8464913368225098,0.8464082479476929,6.097152233123779,5,0.3670150935649872,1.8253084421157837,0,0,0
monitored,177,5,4.809514999389648,-1.2226308584213257,6.100578308105469,5.095672607421875,-1.3186551332473755,6.142397403717041,5,0.3670150935649872,1.8253084421157837,0,0,0
monitored,177,6,7.297491073608398,-1.1899064779281616,6.24807071685791,7.594033718109131,-1.3186551332473755,6.2328877449035645,5,0.3670150935649872,1.8253084421157837,0,0,0
monitored,177,7,8.202737808227539,2.242739677429199,4.773158550262451,8.56279182434082,2.0964083671569824,4.766992568969727,5,0.3670150935649872,1.8253084421157837,0,0,0
monitored,177,8,5.938329219818115,3.5293092727661133,4.739652633666992,6.399147033691406,3.3464083671569824,4.688625812530518,5,0.3670150935649872,1.8253084421157837,0,0,0
monitored,177,9,3.8303325176239014,2.2577004432678223,4.708465099334717,4.23550271987915,2.0964086055755615,4.61025857925415,5,0.3670150935649872,1.8253084421157837,0,0,0
monitored,177,10,3.917147636413574,-0.2727096378803253,4.665182590484619,4.23550271987915,-0.40359199047088623,4.61025857925415,5,0.3670150935649872,1.8253084421157837,0,0,0
monitored,177,11,5.992072105407715,-1.4901888370513916,4.736128807067871,6.3991475105285645,-1.653591513633728,4.688625812530518,5,0.3670150935649872,1.8253084421157837,0,0,0
monitored,178,0,6.189760684967041,0.9214262366294861,5.458795070648193,6.408000469207764,0.8297086358070374,5.433359622955322,5,0.3691956400871277,1.81511390209198,0,0,0
monitored,178,1,8.500185012817383,0.9911377429962158,6.343629360198975,8.866283416748047,0.8297086358070374,6.310481548309326,5,0.3691956400871277,1.81511390209198,0,0,0
monitored,178,2,7.4007487297058105,3.0797841548919678,6.263339042663574,7.617925643920898,2.99477219581604,6.2464280128479,5,0.3691956400871277,1.81511390209198,0,0,0
monitored,178,3,4.709325313568115,3.0583460330963135,6.20635986328125,5.121210098266602,2.994771957397461,6.118320465087891,5,0.3691956400871277,1.81511390209198,0,0,0
monitored,178,4,3.546584367752075,0.9761081337928772,6.135288238525391,3.8728528022766113,0.8297083973884583,6.054266929626465,5,0.3691956400871277,1.81511390209198,0,0,0
monitored,178,5,4.833253383636475,-1.2094236612319946,6.0616583824157715,5.121211051940918,-1.3353550434112549,6.118320465087891,5,0.3691956400871277,1.81511390209198,0,0,0
monitored,178,6,7.327860355377197,-1.207709789276123,6.264611721038818,7.617925643920898,-1.3353550434112549,6.2464280128479,5,0.3691956400871277,1.81511390209198,0,0,0
monitored,178,7,8.25301742553711,2.2280733585357666,4.807730674743652,8.608651161193848,2.0797085762023926,4.795289039611816,5,0.3691956400871277,1.81511390209198,0,0,0
monitored,178,8,5.989274501800537,3.514838218688965,4.736266613006592,6.446432590484619,3.3297085762023926,4.684345245361328,5,0.3691956400871277,1.81511390209198,0,0,0
monitored,178,9,3.8775558471679688,2.243934154510498,4.667389869689941,4.284214019775391,2.0797088146209717,4.573400974273682,5,0.3691956400871277,1.81511390209198,0,0,0
monitored,178,10,3.963623046875,-0.2878875136375427,4.62222957611084,4.284214019775391,-0.42029184103012085,4.573400974273682,5,0.3691956400871277,1.81511390209198,0,0,0
monitored,178,11,6.0349836349487305,-1.5019338130950928,4.733155250549316,6.446432590484619,-1.6702914237976074,4.684345245361328,5,0.3691956400871277,1.81511390209198,0,0,0
monitored,179,0,6.2257609367370605,0.9060269594192505,5.454504489898682,6.444000244140625,0.8126744031906128,5.428493976593018,6,0.37259215116500854,1.813307523727417,0,0,0
monitored,179,1,8.524693489074707,0.9758201837539673,6.383725166320801,8.88886833190918,0.8126744031906128,6.342343330383301,6,0.37259215116500854,1.813307523727417,0,0,0
monitored,179,2,7.412181377410889,3.066633939743042,6.308099269866943,7.6416096687316895,2.9777379035949707,6.259596347808838,6,0.37259215116500854,1.813307523727417,0,0,0
monitored,179,3,4.7241740226745605,3.0421409606933594,6.177422523498535,5.147093772888184,2.9777379035949707,6.094101428985596,6,0.37259215116500854,1.813307523727417,0,0,0
monitored,179,4,3.570267677307129,0.9589884877204895,6.087241172790527,3.8998355865478516,0.8126741647720337,6.011353969573975,6,0.37259215116500854,1.813307523727417,0,0,0
monitored,179,5,4.862534999847412,-1.197693943977356,6.0286078453063965,5.147093772888184,-1.3523892164230347,6.094101428985596,6,0.37259215116500854,1.813307523727417,0,0,0
monitored,179,6,7.35575532913208,-1.2256152629852295,6.284943580627441,7.6416096687316895,-1.3523892164230347,6.259596347808838,6,0.37259215116500854,1.813307523727417,0,0,0
monitored,179,7,8.302330017089844,2.213202476501465,4.842034339904785,8.653963088989258,2.0626745223999023,4.823461532592773,6,0.37259215116500854,1.813307523727417,0,0,0
monitored,179,8,6.039754390716553,3.500466823577881,4.732869625091553,6.493648529052734,3.3126745223999023,4.680139064788818,6,0.37259215116500854,1.813307523727417,0,0,0
monitored,179,9,3.9245433807373047,2.2301909923553467,4.626343727111816,4.333334445953369,2.0626745223999023,4.536816596984863,6,0.37259215116500854,1.813307523727417,0,0,0
monitored,179,10,4.0037407875061035,-0.3004401922225952,4.583344459533691,4.333334445953369,-0.4373260736465454,4.536816596984863,6,0.37259215116500854,1.813307523727417,0,0,0
monitored,179,11,6.086513519287109,-1.5166221857070923,4.729282855987549,6.493648529052734,-1.6873255968093872,4.680139064788818,6,0.37259215116500854,1.813307523727417,0,0,0
monitored,180,0,6.26176118850708,0.8903474807739258,5.450119495391846,6.4800004959106445,0.7952959537506104,5.423537731170654,5,0.3765028715133667,1.8109591007232666,0,0,0
monitored,180,1,8.547372817993164,0.9606093764305115,6.424037933349609,8.910985946655273,0.7952959537506104,6.373702049255371,5,0.3765028715133667,1.8109591007232666,0,0,0
monitored,180,2,7.415626049041748,3.0575008392333984,6.349838733673096,7.665098190307617,2.960359573364258,6.272386074066162,5,0.3765028715133667,1.8109591007232666,0,0,0
monitored,180,3,4.746389865875244,3.0275752544403076,6.141429424285889,5.173323631286621,2.9603593349456787,6.069754123687744,5,0.3765028715133667,1.8109591007232666,0,0,0
monitored,180,4,3.591379165649414,0.9430250525474548,6.037906646728516,3.927436351776123,0.7952957153320312,5.968438148498535,5,0.3765028715133667,1.8109591007232666,0,0,0
monitored,180,5,4.898736476898193,-1.1908634901046753,6.001850128173828,5.173323631286621,-1.369767665863037,6.069754123687744,5,0.3765028715133667,1.8109591007232666,0,0,0
monitored,180,6,7.380850791931152,-1.2434548139572144,6.308830261230469,7.665098190307617,-1.369767665863037,6.272386074066162,5,0.3765028715133667,1.8109591007232666,0,0,0
monitored,180,7,8.350931167602539,2.1979615688323975,4.875700950622559,8.69873046875,2.0452959537506104,4.851490020751953,5,0.3765028715133667,1.8109591007232666,0,0,0
monitored,180,8,6.089450836181641,3.4861698150634766,4.729485511779785,6.54079008102417,3.2952959537506104,4.6760053634643555,5,0.3765028715133667,1.8109591007232666,0,0,0
monitored,180,9,3.9645512104034424,2.219026803970337,4.588366508483887,4.382850170135498,2.0452961921691895,4.500520706176758,5,0.3765028715133667,1.8109591007232666,0,0,0
monitored,180,10,4.052350997924805,-0.31569647789001465,4.541689395904541,4.382850170135498,-0.45470452308654785,4.500520706176758,5,0.3765028715133667,1.8109591007232666,0,0,0
monitored,180,11,6.137447834014893,-1.531247615814209,4.725407600402832,6.54079008102417,-1.7047040462493896,4.6760053634643555,5,0.3765028715133667,1.8109591007232666,0,0,0
monitored,181,0,6.2977614402771,0.8743773102760315,5.445641040802002,6.516000270843506,0.7775639295578003,5.418491840362549,6,0.38114356994628906,1.807753562927246,0,0,0
monitored,181,1,8.56299877166748,0.948184609413147,6.462429523468018,8.932653427124023,0.7775639295578003,6.404537677764893,6,0.38114356994628906,1.807753562927246,0,0,0
monitored,181,2,7.416257858276367,3.0493202209472656,6.39402437210083,7.6884026527404785,2.942627429962158,6.2847900390625,6,0.38114356994628906,1.807753562927246,0,0,0
monitored,181,3,4.769816875457764,3.01776123046875,6.1036763191223145,5.1999006271362305,2.942627429962158,6.045294761657715,6,0.38114356994628906,1.807753562927246,0,0,0
monitored,181,4,3.610797166824341,0.9281396269798279,5.987974643707275,3.9556496143341064,0.7775636911392212,5.925547122955322,6,0.38114356994628906,1.807753562927246,0,0,0
monitored,181,5,4.941588401794434,-1.1927233934402466,5.982571601867676,5.199901103973389,-1.3874996900558472,6.045294761657715,6,0.38114356994628906,1.807753562927246,0,0,0
monitored,181,6,7.403255939483643,-1.2608782052993774,6.334713935852051,7.6884026527404785,-1.3874996900558472,6.2847900390625,6,0.38114356994628906,1.807753562927246,0,0,0
monitored,181,7,8.398848533630371,2.182332754135132,4.908721446990967,8.74295425415039,2.02756404876709,4.879350185394287,6,0.38114356994628906,1.807753562927246,0,0,0
monitored,181,8,6.131432056427002,3.4745187759399414,4.7268476486206055,6.587848663330078,3.27756404876709,4.67194128036499,6,0.38114356994628906,1.807753562927246,0,0,0
monitored,181,9,4.012859344482422,2.2048323154449463,4.5473313331604,4.432743072509766,2.02756404876709,4.464532375335693,6,0.38114356994628906,1.807753562927246,0,0,0
monitored,181,10,4.102816581726074,-0.3315325677394867,4.5035576820373535,4.432743072509766,-0.4724365472793579,4.464532375335693,6,0.38114356994628906,1.807753562927246,0,0,0
monitored,181,11,6.187835216522217,-1.5458779335021973,4.7215704917907715,6.587848663330078,-1.7224360704421997,4.67194128036499,6,0.38114356994628906,1.807753562927246,0,0,0
monitored,182,0,6.333761692047119,0.858106255531311,5.441069602966309,6.552000522613525,0.7594685554504395,5.413356781005859,5,0.38516682386398315,1.8054593801498413,0,0,0
monitored,182,1,8.583043098449707,0.9327002763748169,6.503275394439697,8.95389175415039,0.7594685554504395,6.434835433959961,5,0.38516682386398315,1.8054593801498413,0,0,0
monitored,182,2,7.414198875427246,3.042526960372925,6.435096740722656,7.711536407470703,2.924532175064087,6.296802520751953,5,0.38516682386398315,1.8054593801498413,0,0,0
monitored,182,3,4.794392108917236,3.012324810028076,6.065326690673828,5.226825714111328,2.924531936645508,6.020737648010254,5,0.38516682386398315,1.8054593801498413,0,0,0
monitored,182,4,3.630202531814575,0.9139021635055542,5.938697814941406,3.9844703674316406,0.7594683170318604,5.882704734802246,5,0.38516682386398315,1.8054593801498413,0,0,0
monitored,182,5,4.9881591796875,-1.206385612487793,5.971911430358887,5.226825714111328,-1.405595064163208,6.020737648010254,5,0.38516682386398315,1.8054593801498413,0,0,0
monitored,182,6,7.422833442687988,-1.2779794931411743,6.362847328186035,7.711536407470703,-1.405595064163208,6.296802520751953,5,0.38516682386398315,1.8054593801498413,0,0,0
monitored,182,7,8.438892364501953,2.169363498687744,4.940140247344971,8.786642074584961,2.0094685554504395,4.907022953033447,5,0.38516682386398315,1.8054593801498413,0,0,0
monitored,182,8,6.182061672210693,3.45965838432312,4.723415851593018,6.634819984436035,3.2594685554504395,4.667943477630615,5,0.38516682386398315,1.8054593801498413,0,0,0
monitored,182,9,4.06152868270874,2.1904523372650146,4.507361888885498,4.482997417449951,2.0094685554504395,4.428864002227783,5,0.38516682386398315,1.8054593801498413,0,0,0
monitored,182,10,4.155075550079346,-0.34791672229766846,4.468323230743408,4.482997417449951,-0.49053192138671875,4.428864002227783,5,0.38516682386398315,1.8054593801498413,0,0,0
monitored,182,11,6.237735271453857,-1.5605969429016113,4.717807292938232,6.634819984436035,-1.7405314445495605,4.667943477630615,5,0.38516682386398315,1.8054593801498413,0,0,0
monitored,183,0,6.369761943817139,0.8415243625640869,5.436405658721924,6.5879998207092285,0.7410023212432861,5.408133029937744,5,0.38887330889701843,1.8069640398025513,0,0,0
monitored,183,1,8.602043151855469,0.917047917842865,6.543368816375732,8.97471809387207,0.7410023212432861,6.464576721191406,5,0.38887330889701843,1.8069640398025513,0,0,0
monitored,183,2,7.412533760070801,3.0356853008270264,6.472446441650391,7.734511375427246,2.9060659408569336,6.308417320251465,5,0.38887330889701843,1.8069640398025513,0,0,0
monitored,183,3,4.820058822631836,3.0105512142181396,6.0274176597595215,5.254096508026123,2.9060657024383545,5.996097564697266,5,0.38887330889701843,1.8069640398025513,0,0,0
monitored,183,4,3.649991989135742,0.9001848101615906,5.8897600173950195,4.013889312744141,0.741002082824707,5.839938163757324,5,0.38887330889701843,1.8069640398025513,0,0,0
monitored,183,5,5.03323221206665,-1.2325549125671387,5.969542503356934,5.254096984863281,-1.4240612983703613,5.996097564697266,5,0.38887330889701843,1.8069640398025513,0,0,0
monitored,183,6,7.435197830200195,-1.2918567657470703,6.390121936798096,7.734510898590088,-1.4240612983703613,6.308417320251465,5,0.38887330889701843,1.8069640398025513,0,0,0
monitored,183,7,8.486227035522461,2.1528422832489014,4.9732537269592285,8.829797744750977,1.9910023212432861,4.93448543548584,5,0.38887330889701843,1.8069640398025513,0,0,0
monitored,183,8,6.232169151306152,3.444714307785034,4.72005033493042,6.681695461273193,3.241002321243286,4.664008617401123,5,0.38887330889701843,1.8069640398025513,0,0,0
monitored,183,9,4.110740661621094,2.1758129596710205,4.468573093414307,4.533593654632568,1.9910024404525757,4.393531799316406,5,0.38887330889701843,1.8069640398025513,0,0,0
monitored,183,10,4.208558082580566,-0.36468857526779175,4.435412883758545,4.533593654632568,-0.5089981555938721,4.393531799316406,5,0.38887330889701843,1.8069640398025513,0,0,0
monitored,183,11,6.286821365356445,-1.5754716396331787,4.714137554168701,6.681695461273193,-1.7589976787567139,4.664008617401123,5,0.38887330889701843,1.8069640398025513,0,0,0
monitored,184,0,6.405762195587158,0.8246216773986816,5.431650161743164,6.624000072479248,0.7221552133560181,5.402822017669678,5,0.39321932196617126,1.8173565864562988,0,0,0
monitored,184,1,8.620187759399414,0.901149332523346,6.582607269287109,8.995155334472656,0.7221552133560181,6.493749141693115,5,0.39321932196617126,1.8173565864562988,0,0,0
monitored,184,2,7.412806987762451,3.027590751647949,6.506485462188721,7.7573418617248535,2.887218952178955,6.319629669189453,5,0.39321932196617126,1.8173565864562988,0,0,0
monitored,184,3,4.846667766571045,3.0114946365356445,5.9906840324401855,5.281714916229248,2.887218475341797,5.971390724182129,5,0.39321932196617126,1.8173565864562988,0,0,0
monitored,184,4,3.6710238456726074,0.8866974115371704,5.841536998748779,4.043901443481445,0.722154974937439,5.797271251678467,5,0.39321932196617126,1.8173565864562988,0,0,0
monitored,184,5,5.067206859588623,-1.260338306427002,5.9694719314575195,5.281714916229248,-1.4429084062576294,5.971390724182129,5,0.39321932196617126,1.8173565864562988,0,0,0
monitored,184,6,7.449928283691406,-1.3084768056869507,6.421226978302002,7.7573418617248535,-1.4429084062576294,6.319629669189453,5,0.39321932196617126,1.8173565864562988,0,0,0
monitored,184,7,8.532706260681152,2.1359903812408447,5.005739212036133,8.872426986694336,1.972155213356018,4.96171760559082,5,0.39321932196617126,1.8173565864562988,0,0,0
monitored,184,8,6.281801700592041,3.4296247959136963,4.7167649269104,6.728471755981445,3.2221550941467285,4.6601338386535645,5,0.39321932196617126,1.8173565864562988,0,0,0
monitored,184,9,4.160673141479492,2.1606996059417725,4.431716442108154,4.5845160484313965,1.9721553325653076,4.358550071716309,5,0.39321932196617126,1.8173565864562988,0,0,0
monitored,184,10,4.262722015380859,-0.38172009587287903,4.404084205627441,4.5845160484313965,-0.5278452634811401,4.358550071716309,5,0.39321932196617126,1.8173565864562988,0,0,0
monitored,184,11,6.335628986358643,-1.5906249284744263,4.710583209991455,6.728471755981445,-1.777844786643982,4.6601338386535645,5,0.39321932196617126,1.8173565864562988,0,0,0
monitored,185,0,6.441762447357178,0.8073887825012207,5.4268035888671875,6.660000324249268,0.7029203176498413,5.397424221038818,5,0.39815554022789,1.8209660053253174,0,0,0
monitored,185,1,8.637787818908691,0.8848775625228882,6.620849609375,9.015222549438477,0.7029203176498413,6.522336483001709,5,0.39815554022789,1.8209660053253174,0,0,0
monitored,185,2,7.417644023895264,3.016580104827881,6.537370204925537,7.780040740966797,2.867983818054199,6.330434799194336,5,0.39815554022789,1.8209660053253174,0,0,0
monitored,185,3,4.87457275390625,3.0139710903167725,5.956198692321777,5.309677600860596,2.867983818054199,5.94663143157959,5,0.39815554022789,1.8209660053253174,0,0,0
monitored,185,4,3.687795639038086,0.8758767247200012,5.797182083129883,4.074496269226074,0.7029200792312622,5.754730224609375,5,0.39815554022789,1.8209660053253174,0,0,0
monitored,185,5,5.1007161140441895,-1.3022217750549316,5.971673965454102,5.309678077697754,-1.4621433019638062,5.94663143157959,5,0.39815554022789,1.8209660053253174,0,0,0
monitored,185,6,7.462534427642822,-1.3246428966522217,6.452040672302246,7.780040740966797,-1.4621433019638062,6.330434799194336,5,0.39815554022789,1.8209660053253174,0,0,0
monitored,185,7,8.578842163085938,2.1184301376342773,5.036262512207031,8.914538383483887,1.9529203176498413,4.988698482513428,5,0.39815554022789,1.8209660053253174,0,0,0
monitored,185,8,6.33099889755249,3.4143338203430176,4.713571071624756,6.77514123916626,3.202920436859131,4.656315326690674,5,0.39815554022789,1.8209660053253174,0,0,0
monitored,185,9,4.2114033699035645,2.1451802253723145,4.396099090576172,4.635744094848633,1.9529204368591309,4.323931694030762,5,0.39815554022789,1.8209660053253174,0,0,0
monitored,185,10,4.317110061645508,-0.39892470836639404,4.3735761642456055,4.635744094848633,-0.5470801591873169,4.323931694030762,5,0.39815554022789,1.8209660053253174,0,0,0
monitored,185,11,6.376796245574951,-1.6031064987182617,4.707947254180908,6.77514123916626,-1.7970796823501587,4.656315326690674,5,0.39815554022789,1.8209660053253174,0,0,0
monitored,186,0,6.477762699127197,0.7898162603378296,5.4218668937683105,6.696000099182129,0.6832891702651978,5.391940116882324,6,0.403090238571167,1.8367376327514648,0,0,0
monitored,186,1,8.655949592590332,0.8678871393203735,6.65726375579834,9.034940719604492,0.6832891702651978,6.5503249168396,6,0.403090238571167,1.8367376327514648,0,0,0
monitored,186,2,7.429797649383545,3.000823974609375,6.564571380615234,7.802621841430664,2.8483529090881348,6.3408284187316895,6,0.403090238571167,1.8367376327514648,0,0,0
monitored,186,3,4.897030830383301,3.017671585083008,5.9257354736328125,5.337982654571533,2.8483524322509766,5.921835422515869,6,0.403090238571167,1.8367376327514648,0,0,0
monitored,186,4,3.712833881378174,0.8620298504829407,5.749957084655762,4.105663299560547,0.6832889318466187,5.712338924407959,6,0.403090238571167,1.8367376327514648,0,0,0
monitored,186,5,5.1254143714904785,-1.34787917137146,5.972355842590332,5.337983131408691,-1.4817744493484497,5.921835422515869,6,0.403090238571167,1.8367376327514648,0,0,0
monitored,186,6,7.473542213439941,-1.3405331373214722,6.481982231140137,7.802621364593506,-1.4817744493484497,6.3408284187316895,6,0.403090238571167,1.8367376327514648,0,0,0
monitored,186,7,8.62458324432373,2.100311040878296,5.065805912017822,8.956137657165527,1.9332891702651978,5.015407085418701,6,0.403090238571167,1.8367376327514648,0,0,0
monitored,186,8,6.3797807693481445,3.3988072872161865,4.7104811668396,6.82169771194458,3.183289051055908,4.652548313140869,6,0.403090238571167,1.8367376327514648,0,0,0
monitored,186,9,4.26288366317749,2.129239797592163,4.361713886260986,4.687258243560791,1.9332892894744873,4.289690017700195,6,0.403090238571167,1.8367376327514648,0,0,0
monitored,186,10,4.3636956214904785,-0.4130087196826935,4.344998836517334,4.687258243560791,-0.5667113065719604,4.289690017700195,6,0.403090238571167,1.8367376327514648,0,0,0
monitored,186,11,6.426459789276123,-1.6193346977233887,4.7046027183532715,6.821698188781738,-1.8167108297348022,4.652548313140869,6,0.403090238571167,1.8367376327514648,0,0,0
monitored,187,0,6.513762950897217,0.771895170211792,5.416840553283691,6.732000350952148,0.6632548570632935,5.38637113571167,5,0.40799257159233093,1.8542264699935913,0,0,0
monitored,187,1,8.674286842346191,0.8502187728881836,6.69243049621582,9.054332733154297,0.6632548570632935,6.577702522277832,5,0.40799257159233093,1.8542264699935913,0,0,0
monitored,187,2,7.443024635314941,2.984384059906006,6.58698844909668,7.825098037719727,2.8283185958862305,6.350807189941406,5,0.40799257159233093,1.8542264699935913,0,0,0
monitored,187,3,4.927718162536621,3.0207359790802,5.894140720367432,5.366628170013428,2.8283181190490723,5.897017002105713,5,0.40799257159233093,1.8542264699935913,0,0,0
monitored,187,4,3.740314483642578,0.8477991819381714,5.7042341232299805,4.137393474578857,0.6632546186447144,5.670121669769287,5,0.40799257159233093,1.8542264699935913,0,0,0
monitored,187,5,5.143052101135254,-1.3947036266326904,5.9680914878845215,5.366628646850586,-1.501808762550354,5.897017002105713,5,0.40799257159233093,1.8542264699935913,0,0,0
monitored,187,6,7.483692646026611,-1.3564547300338745,6.510530948638916,7.825098037719727,-1.501808762550354,6.350807189941406,5,0.40799257159233093,1.8542264699935913,0,0,0
monitored,187,7,8.670004844665527,2.0815865993499756,5.0942206382751465,8.997234344482422,1.9132548570632935,5.0418243408203125,5,0.40799257159233093,1.8542264699935913,0,0,0
monitored,187,8,6.427818775177002,3.3830392360687256,4.707483291625977,6.868137359619141,3.163254737854004,4.648830413818359,5,0.40799257159233093,1.8542264699935913,0,0,0
monitored,187,9,4.307339668273926,2.116086721420288,4.330290794372559,4.739040374755859,1.913254976272583,4.255836486816406,5,0.40799257159233093,1.8542264699935913,0,0,0
monitored,187,10,4.418223857879639,-0.4300423562526703,4.312041759490967,4.739040374755859,-0.5867456197738647,4.255836486816406,5,0.40799257159233093,1.8542264699935913,0,0,0
monitored,187,11,6.475564002990723,-1.6358976364135742,4.70144510269165,6.868137359619141,-1.8367451429367065,4.648830413818359,5,0.40799257159233093,1.8542264699935913,0,0,0
monitored,188,0,6.549762725830078,0.7536166906356812,5.4117255210876465,6.76800012588501,0.642810046672821,5.380717754364014,6,0.41186392307281494,1.8704441785812378,0,0,0
monitored,188,1,8.687047958374023,0.8353068828582764,6.725277900695801,9.073420524597168,0.642810046672821,6.604456424713135,6,0.41186392307281494,1.8704441785812378,0,0,0
monitored,188,2,7.474252223968506,2.9571316242218018,6.600820541381836,7.8474836349487305,2.8078737258911133,6.360368251800537,6,0.41186392307281494,1.8704441785812378,0,0,0
monitored,188,3,4.959640026092529,3.022793769836426,5.864710807800293,5.395610332489014,2.807873487472534,5.872191429138184,6,0.41186392307281494,1.8704441785812378,0,0,0
monitored,188,4,3.770287036895752,0.8330268859863281,5.660107612609863,4.169673919677734,0.6428098082542419,5.628103256225586,6,0.41186392307281494,1.8704441785812378,0,0,0
monitored,188,5,5.155889511108398,-1.4401928186416626,5.955945014953613,5.395610809326172,-1.5222535133361816,5.872191429138184,6,0.41186392307281494,1.8704441785812378,0,0,0
monitored,188,6,7.494693756103516,-1.3729453086853027,6.536579132080078,7.8474836349487305,-1.5222535133361816,6.360368251800537,6,0.41186392307281494,1.8704441785812378,0,0,0
monitored,188,7,8.714922904968262,2.062386989593506,5.121836185455322,9.037837982177734,1.8928101062774658,5.067929267883301,6,0.41186392307281494,1.8704441785812378,0,0,0
monitored,188,8,6.468300819396973,3.3700344562530518,4.705357551574707,6.914453029632568,3.142810106277466,4.645155906677246,6,0.41186392307281494,1.8704441785812378,0,0,0
monitored,188,9,4.361029148101807,2.099116802215576,4.296991348266602,4.7910685539245605,1.8928101062774658,4.222382545471191,6,0.41186392307281494,1.8704441785812378,0,0,0
monitored,188,10,4.472114086151123,-0.44749072194099426,4.2796711921691895,4.7910685539245605,-0.6071904301643372,4.222382545471191,6,0.41186392307281494,1.8704441785812378,0,0,0
monitored,188,11,6.524150371551514,-1.6528067588806152,4.698479652404785,6.914453029632568,-1.8571898937225342,4.645155906677246,6,0.41186392307281494,1.8704441785812378,0,0,0
monitored,189,0,6.585762977600098,0.7349724769592285,5.406522274017334,6.804000377655029,0.6219483017921448,5.374980449676514,5,0.4136819839477539,1.8825541734695435,0,0,0
monitored,189,1,8.706165313720703,0.8159357309341431,6.7585883140563965,9.0922269821167,0.6219483017921448,6.630576133728027,5,0.4136819839477539,1.8825541734695435,0,0,0
monitored,189,2,7.51535701751709,2.9260575771331787,6.600221633911133,7.869792938232422,2.7870118618011475,6.369508266448975,5,0.4136819839477539,1.8825541734695435,0,0,0
monitored,189,3,4.992857933044434,3.023026943206787,5.837357044219971,5.424925804138184,2.7870116233825684,5.847373008728027,5,0.4136819839477539,1.8825541734695435,0,0,0
monitored,189,4,3.8033783435821533,0.8173537254333496,5.618471145629883,4.202492713928223,0.6219480633735657,5.586305141448975,5,0.4136819839477539,1.8825541734695435,0,0,0
monitored,189,5,5.166514873504639,-1.481821894645691,5.933604717254639,5.424926280975342,-1.5431153774261475,5.847373008728027,5,0.4136819839477539,1.8825541734695435,0,0,0
monitored,189,6,7.506728649139404,-1.3903934955596924,6.56040096282959,7.869792938232422,-1.5431153774261475,6.369508266448975,5,0.4136819839477539,1.8825541734695435,0,0,0
monitored,189,7,8.752077102661133,2.046424388885498,5.148483753204346,9.077958106994629,1.8719482421875,5.093702793121338,5,0.4136819839477539,1.8825541734695435,0,0,0
monitored,189,8,6.517298221588135,3.3531033992767334,4.702479362487793,6.960640907287598,3.1219482421875,4.6415205001831055,5,0.4136819839477539,1.8825541734695435,0,0,0
monitored,189,9,4.414902687072754,2.0818564891815186,4.26466178894043,4.843324184417725,1.871948480606079,4.189337730407715,5,0.4136819839477539,1.8825541734695435,0,0,0
monitored,189,10,4.525759220123291,-0.4654824733734131,4.247471332550049,4.843324184417725,-0.6280521750450134,4.189337730407715,5,0.4136819839477539,1.8825541734695435,0,0,0
monitored,189,11,6.57227087020874,-1.670088291168213,4.695696830749512,6.960640907287598,-1.8780517578125,4.6415205001831055,5,0.4136819839477539,1.8825541734695435,0,0,0
monitored,190,0,6.621762752532959,0.7159544825553894,5.40123176574707,6.840000152587891,0.6006646156311035,5.3691606521606445,5,0.4139442443847656,1.888264775276184,0,0,0
monitored,190,1,8.725900650024414,0.7957369089126587,6.790168285369873,9.110774040222168,0.6006646156311035,6.656050205230713,5,0.4139442443847656,1.888264775276184,0,0,0
monitored,190,2,7.560861110687256,2.896667957305908,6.58255672454834,7.892039775848389,2.765728235244751,6.378225803375244,5,0.4139442443847656,1.888264775276184,0,0,0
monitored,190,3,5.027378082275391,3.020721912384033,5.81198787689209,5.454570770263672,2.765727996826172,5.822576999664307,5,0.4139442443847656,1.888264775276184,0,0,0
monitored,190,4,3.838740587234497,0.8009122610092163,5.578583240509033,4.235836982727051,0.6006643772125244,5.54475212097168,5,0.4139442443847656,1.888264775276184,0,0,0
monitored,190,5,5.177576541900635,-1.5164053440093994,5.900003433227539,5.45457124710083,-1.564399003982544,5.822576999664307,5,0.4139442443847656,1.888264775276184,0,0,0
monitored,190,6,7.515161514282227,-1.4054738283157349,6.581091403961182,7.892039775848389,-1.564399003982544,6.378225803375244,5,0.4139442443847656,1.888264775276184,0,0,0
monitored,190,7,8.796364784240723,2.026360511779785,5.176681041717529,9.11760425567627,1.8506646156311035,5.119126319885254,5,0.4139442443847656,1.888264775276184,0,0,0
monitored,190,8,6.5657830238342285,3.3358538150787354,4.699718952178955,7.006694793701172,3.1006646156311035,4.637919902801514,5,0.4139442443847656,1.888264775276184,0,0,0
monitored,190,9,4.468883514404297,2.064314603805542,4.233102798461914,4.895785331726074,1.850664734840393,4.156713962554932,5,0.4139442443847656,1.888264775276184,0,0,0
monitored,190,10,4.579139709472656,-0.4839719235897064,4.21538782119751,4.895785331726074,-0.6493358612060547,4.156713962554932,5,0.4139442443847656,1.888264775276184,0,0,0
monitored,190,11,6.619593143463135,-1.687737226486206,4.693033218383789,7.006694793701172,-1.8993353843688965,4.637919902801514,5,0.4139442443847656,1.888264775276184,0,0,0
monitored,191,0,6.6577630043029785,0.6965548992156982,5.395854949951172,6.87600040435791,0.5789519548416138,5.3632588386535645,5,0.4136475920677185,1.8964089155197144,0,0,0
monitored,191,1,8.746124267578125,0.7747621536254883,6.820082664489746,9.129087448120117,0.5789519548416138,6.680870532989502,5,0.4136475920677185,1.8964089155197144,0,0,0
monitored,191,2,7.604436874389648,2.872046709060669,6.553281784057617,7.914237976074219,2.744015693664551,6.386519432067871,5,0.4136475920677185,1.8964089155197144,0,0,0
monitored,191,3,5.063000202178955,3.01531720161438,5.788424491882324,5.484540939331055,2.7440152168273926,5.797816753387451,5,0.4136475920677185,1.8964089155197144,0,0,0
monitored,191,4,3.875991106033325,0.7836935520172119,5.540400981903076,4.269692420959473,0.5789517164230347,5.50346565246582,5,0.4136475920677185,1.8964089155197144,0,0,0
monitored,191,5,5.185945510864258,-1.5405431985855103,5.863770008087158,5.484541416168213,-1.5861116647720337,5.797816753387451,5,0.4136475920677185,1.8964089155197144,0,0,0
monitored,191,6,7.5313029289245605,-1.426194667816162,6.59999418258667,7.914237976074219,-1.5861116647720337,6.386519432067871,5,0.4136475920677185,1.8964089155197144,0,0,0
monitored,191,7,8.839590072631836,2.006160259246826,5.204791069030762,9.156790733337402,1.8289519548416138,5.144180774688721,5,0.4136475920677185,1.8964089155197144,0,0,0
monitored,191,8,6.613799095153809,3.3182623386383057,4.6970672607421875,7.052610874176025,3.078951835632324,4.634349822998047,5,0.4136475920677185,1.8964089155197144,0,0,0
monitored,191,9,4.5228447914123535,2.046337842941284,4.20284366607666,4.948431491851807,1.8289520740509033,4.124518394470215,5,0.4136475920677185,1.8964089155197144,0,0,0
monitored,191,10,4.632301330566406,-0.5029057264328003,4.183423042297363,4.948431491851807,-0.6710485219955444,4.124518394470215,5,0.4136475920677185,1.8964089155197144,0,0,0
monitored,191,11,6.666647911071777,-1.7058368921279907,4.6904988288879395,7.052611351013184,-1.9210480451583862,4.634349822998047,5,0.4136475920677185,1.8964089155197144,0,0,0
monitored,192,0,6.693763256072998,0.6767665147781372,5.390392303466797,6.91200065612793,0.5568063259124756,5.35727596282959,5,0.4140310287475586,1.8866896629333496,0,0,0
monitored,192,1,8.76683521270752,0.7530224919319153,6.848316192626953,9.147188186645508,0.5568063259124756,6.7050275802612305,5,0.4140310287475586,1.8866896629333496,0,0,0
monitored,192,2,7.643338203430176,2.852915048599243,6.517683982849121,7.936402320861816,2.721869945526123,6.394387722015381,5,0.4140310287475586,1.8866896629333496,0,0,0
monitored,192,3,5.099626541137695,3.006274938583374,5.767160415649414,5.514830589294434,2.721869707107544,5.773107528686523,5,0.4140310287475586,1.8866896629333496,0,0,0
monitored,192,4,3.9070849418640137,0.7693262100219727,5.505351543426514,4.304044723510742,0.5568060874938965,5.462467193603516,5,0.4140310287475586,1.8866896629333496,0,0,0
monitored,192,5,5.201234817504883,-1.5559102296829224,5.8146538734436035,5.514830589294434,-1.6082572937011719,5.773107528686523,5,0.4140310287475586,1.8866896629333496,0,0,0
monitored,192,6,7.55103063583374,-1.4489922523498535,6.614558696746826,7.936402320861816,-1.6082572937011719,6.394387722015381,5,0.4140310287475586,1.8866896629333496,0,0,0
monitored,192,7,8.882209777832031,1.9854859113693237,5.231391429901123,9.195527076721191,1.8068063259124756,5.168848991394043,5,0.4140310287475586,1.8866896629333496,0,0,0
monitored,192,8,6.661382675170898,3.3003106117248535,4.694511890411377,7.098384380340576,3.0568063259124756,4.630804538726807,5,0.4140310287475586,1.8866896629333496,0,0,0
monitored,192,9,4.576934814453125,2.0280110836029053,4.173065185546875,5.001242160797119,1.8068064451217651,4.09276008605957,5,0.4140310287475586,1.8866896629333496,0,0,0
monitored,192,10,4.68531608581543,-0.5222275257110596,4.1516337394714355,5.001242160797119,-0.6931941509246826,4.09276008605957,5,0.4140310287475586,1.8866896629333496,0,0,0
monitored,192,11,6.706213474273682,-1.7208292484283447,4.68884801864624,7.098384857177734,-1.9431936740875244,4.630804538726807,5,0.4140310287475586,1.8866896629333496,0,0,0
monitored,193,0,6.729763031005859,0.6565823554992676,5.3848443031311035,6.948000431060791,0.5342230796813965,5.351212501525879,6,0.4141941964626312,1.8808940649032593,0,0,0
monitored,193,1,8.788871765136719,0.7303848266601562,6.87389612197876,9.1651029586792,0.5342230796813965,6.728512763977051,6,0.4141941964626312,1.8808940649032593,0,0,0
monitored,193,2,7.677239894866943,2.8380815982818604,6.480467796325684,7.9585466384887695,2.699286699295044,6.401829719543457,6,0.4141941964626312,1.8808940649032593,0,0,0
monitored,193,3,5.1295318603515625,2.9971206188201904,5.7484025955200195,5.54543399810791,2.699286460876465,5.748463153839111,6,0.4141941964626312,1.8808940649032593,0,0,0
monitored,193,4,3.9470932483673096,0.7504945993423462,5.4684529304504395,4.3388776779174805,0.5342228412628174,5.421780109405518,6,0.4141941964626312,1.8808940649032593,0,0,0
monitored,193,5,5.223566055297852,-1.5582993030548096,5.764410495758057,5.545434474945068,-1.630840539932251,5.748463153839111,6,0.4141941964626312,1.8808940649032593,0,0,0
monitored,193,6,7.574617385864258,-1.4737412929534912,6.623834133148193,7.9585466384887695,-1.630840539932251,6.401829242706299,6,0.4141941964626312,1.8808940649032593,0,0,0
monitored,193,7,8.924199104309082,1.9644384384155273,5.257523536682129,9.233827590942383,1.7842230796813965,5.193110466003418,6,0.4141941964626312,1.8808940649032593,0,0,0
monitored,193,8,6.708556175231934,3.2820050716400146,4.692045211791992,7.144010066986084,3.0342230796813965,4.627278804779053,6,0.4141941964626312,1.8808940649032593,0,0,0
monitored,193,9,4.631087303161621,2.009333610534668,4.143686294555664,5.054193496704102,1.784223198890686,4.0614471435546875,6,0.4141941964626312,1.8808940649032593,0,0,0
monitored,193,10,4.730809211730957,-0.5381168127059937,4.122254848480225,5.054193496704102,-0.7157773971557617,4.0614471435546875,6,0.4141941964626312,1.8808940649032593,0,0,0
monitored,193,11,6.75414514541626,-1.7402629852294922,4.686459064483643,7.144010543823242,-1.9657769203186035,4.627278804779053,6,0.4141941964626312,1.8808940649032593,0,0,0
monitored,194,0,6.765763282775879,0.6359958648681641,5.379212379455566,6.9840006828308105,0.5111975073814392,5.345069885253906,5,0.41432103514671326,1.8734384775161743,0,0,0
monitored,194,1,8.811501502990723,0.7070033550262451,6.89763069152832,9.182854652404785,0.5111975073814392,6.751320838928223,5,0.41432103514671326,1.8734384775161743,0,0,0
monitored,194,2,7.701644420623779,2.8276848793029785,6.449567794799805,7.980685234069824,2.6762611865997314,6.408845901489258,5,0.41432103514671326,1.8734384775161743,0,0,0
monitored,194,3,5.167883396148682,2.980487108230591,5.729334354400635,5.576346397399902,2.6762609481811523,5.7238969802856445,5,0.41432103514671326,1.8734384775161743,0,0,0
monitored,194,4,3.9874026775360107,0.7311198115348816,5.432444095611572,4.374176979064941,0.5111972689628601,5.381422519683838,5,0.41432103514671326,1.8734384775161743,0,0,0
monitored,194,5,5.253328800201416,-1.5506236553192139,5.718053340911865,5.5763468742370605,-1.6538660526275635,5.7238969802856445,5,0.41432103514671326,1.8734384775161743,0,0,0
monitored,194,6,7.602041721343994,-1.4998685121536255,6.626682281494141,7.980685234069824,-1.6538660526275635,6.408845901489258,5,0.41432103514671326,1.8734384775161743,0,0,0
monitored,194,7,8.965678215026855,1.9429371356964111,5.282944679260254,9.271703720092773,1.761197566986084,5.216951370239258,5,0.41432103514671326,1.8734384775161743,0,0,0
monitored,194,8,6.75499153137207,3.2633938789367676,4.689609050750732,7.1894850730896,3.011197566986084,4.623768329620361,5,0.41432103514671326,1.8734384775161743,0,0,0
monitored,194,9,4.677620887756348,1.9939759969711304,4.116508960723877,5.107267379760742,1.761197566986084,4.030585289001465,5,0.41432103514671326,1.8734384775161743,0,0,0
monitored,194,10,4.784499168395996,-0.55757737159729,4.08890438079834,5.107267379760742,-0.738802969455719,4.030585289001465,5,0.41432103514671326,1.8734384775161743,0,0,0
monitored,194,11,6.801537990570068,-1.7600287199020386,4.684143543243408,7.189485549926758,-1.988802433013916,4.623768329620361,5,0.41432103514671326,1.8734384775161743,0,0,0
monitored,195,0,6.80176305770874,0.6150010824203491,5.373497009277344,7.019999980926514,0.4877275824546814,5.338849067687988,6,0.414506196975708,1.866011142730713,0,0,0
monitored,195,1,8.828009605407715,0.687263011932373,6.919880390167236,9.200467109680176,0.4877275824546814,6.773444175720215,6,0.414506196975708,1.866011142730713,0,0,0
monitored,195,2,7.729276180267334,2.8161962032318115,6.415608882904053,8.00283145904541,2.6527912616729736,6.4154372215271,6,0.414506196975708,1.866011142730713,0,0,0
monitored,195,3,5.205777645111084,2.9600722789764404,5.711769104003906,5.607560157775879,2.6527910232543945,5.699423789978027,6,0.414506196975708,1.866011142730713,0,0,0
monitored,195,4,4.02765417098999,0.7112594842910767,5.396894931793213,4.409924507141113,0.4877273738384247,5.34141731262207,6,0.414506196975708,1.866011142730713,0,0,0
monitored,195,5,5.289946556091309,-1.5375497341156006,5.679008483886719,5.607560634613037,-1.6773359775543213,5.699423789978027,6,0.414506196975708,1.866011142730713,0,0,0
monitored,195,6,7.632951736450195,-1.525871992111206,6.621634006500244,8.00283145904541,-1.6773359775543213,6.4154372215271,6,0.414506196975708,1.866011142730713,0,0,0
monitored,195,7,9.006515502929688,1.9210758209228516,5.307925701141357,9.30916976928711,1.7377276420593262,5.240353584289551,6,0.414506196975708,1.866011142730713,0,0,0
monitored,195,8,6.7939910888671875,3.24800705909729,4.688041687011719,7.234803676605225,2.987727642059326,4.620267391204834,6,0.414506196975708,1.866011142730713,0,0,0
monitored,195,9,4.732956886291504,1.974316954612732,4.086766719818115,5.160438537597656,1.7377276420593262,4.000182151794434,6,0.414506196975708,1.866011142730713,0,0,0
monitored,195,10,4.8380584716796875,-0.5776669383049011,4.057123184204102,5.160438537597656,-0.7622728943824768,4.000182151794434,6,0.414506196975708,1.866011142730713,0,0,0
monitored,195,11,6.848442554473877,-1.7800952196121216,4.681882858276367,7.234804153442383,-2.012272357940674,4.620267868041992,6,0.414506196975708,1.866011142730713,0,0,0
monitored,196,0,6.837762832641602,0.5935922861099243,5.367699146270752,7.056000232696533,0.4638088643550873,5.332550048828125,5,0.41408222913742065,1.8590880632400513,0,0,0
monitored,196,1,8.851506233215332,0.6622186303138733,6.941209316253662,9.21796703338623,0.4638088643550873,6.794877052307129,5,0.41408222913742065,1.8590880632400513,0,0,0
monitored,196,2,7.755293846130371,2.804208278656006,6.386048793792725,8.025001525878906,2.6288723945617676,6.421603202819824,5,0.41408222913742065,1.8590880632400513,0,0,0
monitored,196,3,5.242754936218262,2.9362618923187256,5.695448398590088,5.639070510864258,2.6288721561431885,5.675055503845215,5,0.41408222913742065,1.8590880632400513,0,0,0
monitored,196,4,4.067985534667969,0.6907849311828613,5.362497806549072,4.446105003356934,0.46380865573883057,5.30178165435791,5,0.41408222913742065,1.8590880632400513,0,0,0
monitored,196,5,5.332522392272949,-1.5241247415542603,5.648549556732178,5.639070510864258,-1.7012547254562378,5.675055503845215,5,0.41408222913742065,1.8590880632400513,0,0,0
monitored,196,6,7.665619373321533,-1.5506426095962524,6.609414577484131,8.025001525878906,-1.7012547254562378,6.421603202819824,5,0.41408222913742065,1.8590880632400513,0,0,0
monitored,196,7,9.039804458618164,1.902981162071228,5.3322553634643555,9.346240997314453,1.7138088941574097,5.263299942016602,5,0.41408222913742065,1.8590880632400513,0,0,0
monitored,196,8,6.841385364532471,3.2280445098876953,4.685624599456787,7.279964447021484,2.96380877494812,4.6167707443237305,5,0.41408222913742065,1.8590880632400513,0,0,0
monitored,196,9,4.787961006164551,1.9544289112091064,4.057314395904541,5.213687896728516,1.7138090133666992,3.9702415466308594,5,0.41408222913742065,1.8590880632400513,0,0,0
monitored,196,10,4.891936779022217,-0.5984861850738525,4.026632308959961,5.213687896728516,-0.7861915826797485,3.9702415466308594,5,0.41408222913742065,1.8590880632400513,0,0,0
monitored,196,11,6.894917011260986,-1.8004601001739502,4.679647922515869,7.279964447021484,-2.03619122505188,4.6167707443237305,5,0.41408222913742065,1.8590880632400513,0,0,0
monitored,197,0,6.873762607574463,0.5717644095420837,5.361819267272949,7.0920000076293945,0.43944042921066284,5.326174736022949,5,0.41371816396713257,1.8521097898483276,0,0,0
monitored,197,1,8.87514877319336,0.6367421746253967,6.960688591003418,9.235377311706543,0.43944042921066284,6.815615653991699,5,0.41371816396713257,1.8521097898483276,0,0,0
monitored,197,2,7.781552314758301,2.7901451587677,6.362563133239746,8.047207832336426,2.604504108428955,6.427346229553223,5,0.41371816396713257,1.8521097898483276,0,0,0
monitored,197,3,5.278474807739258,2.9096014499664307,5.680069446563721,5.670868873596191,2.604503870010376,5.650806427001953,5,0.41371816396713257,1.8521097898483276,0,0,0
monitored,197,4,4.1080451011657715,0.6698262691497803,5.328053951263428,4.482699394226074,0.43944022059440613,5.262537002563477,5,0.41371816396713257,1.8521097898483276,0,0,0
monitored,197,5,5.379960536956787,-1.5149874687194824,5.626506328582764,5.670868873596191,-1.7256231307983398,5.650806903839111,5,0.41371816396713257,1.8521097898483276,0,0,0
monitored,197,6,7.691679000854492,-1.570064663887024,6.595850944519043,8.047207832336426,-1.7256231307983398,6.427346229553223,5,0.41371816396713257,1.8521097898483276,0,0,0
monitored,197,7,9.079879760742188,1.8802638053894043,5.358252048492432,9.38293170928955,1.6894404888153076,5.285776138305664,5,0.41371816396713257,1.8521097898483276,0,0,0
monitored,197,8,6.888275146484375,3.2077674865722656,4.683239936828613,7.3249616622924805,2.9394404888153076,4.6132731437683105,5,0.41371816396713257,1.8521097898483276,0,0,0
monitored,197,9,4.842666149139404,1.9342957735061646,4.02810525894165,5.266992568969727,1.6894404888153076,3.940770149230957,5,0.41371816396713257,1.8521097898483276,0,0,0
monitored,197,10,4.9460673332214355,-0.619932234287262,3.99733829498291,5.266992568969727,-0.8105600476264954,3.940770149230957,5,0.41371816396713257,1.8521097898483276,0,0,0
monitored,197,11,6.940630912780762,-1.8210749626159668,4.677333354949951,7.3249616622924805,-2.0605595111846924,4.6132731437683105,5,0.41371816396713257,1.8521097898483276,0,0,0
monitored,198,0,6.909762859344482,0.5495126247406006,5.355858325958252,7.128000259399414,0.4146190583705902,5.319723606109619,5,0.4132212996482849,1.8531447649002075,0,0,0
monitored,198,1,8.898574829101562,0.610950231552124,6.978714466094971,9.25272274017334,0.4146190583705902,6.835657119750977,5,0.4132212996482849,1.8531447649002075,0,0,0
monitored,198,2,7.809551239013672,2.7720606327056885,6.346186637878418,8.069464683532715,2.5796825885772705,6.4326677322387695,5,0.4132212996482849,1.8531447649002075,0,0,0
monitored,198,3,5.312710762023926,2.8807520866394043,5.665173053741455,5.702948570251465,2.5796823501586914,5.6266889572143555,5,0.4132212996482849,1.8531447649002075,0,0,0
monitored,198,4,4.147730827331543,0.6484275460243225,5.293415069580078,4.51969051361084,0.4146188497543335,5.223699569702148,5,0.4132212996482849,1.8531447649002075,0,0,0
monitored,198,5,5.42103910446167,-1.5095423460006714,5.609918594360352,5.702948570251465,-1.7504445314407349,5.626689434051514,5,0.4132212996482849,1.8531447649002075,0,0,0
monitored,198,6,7.724520683288574,-1.590751051902771,6.573422431945801,8.069464683532715,-1.7504445314407349,6.4326677322387695,5,0.4132212996482849,1.8531447649002075,0,0,0
monitored,198,7,9.118913650512695,1.8574235439300537,5.384217739105225,9.419257164001465,1.6646190881729126,5.307766914367676,5,0.4132212996482849,1.8531447649002075,0,0,0
monitored,198,8,6.934708118438721,3.1871697902679443,4.680869102478027,7.369793891906738,2.914618968963623,4.609768867492676,5,0.4132212996482849,1.8531447649002075,0,0,0
monitored,198,9,4.896936893463135,1.9137424230575562,3.999741315841675,5.320330619812012,1.6646192073822021,3.911770820617676,5,0.4132212996482849,1.8531447649002075,0,0,0
monitored,198,10,5.0003767013549805,-0.6419001817703247,3.9690635204315186,5.320330619812012,-0.8353813886642456,3.911770820617676,5,0.4132212996482849,1.8531447649002075,0,0,0
monitored,198,11,6.9861159324646,-1.84205162525177,4.674975872039795,7.369793891906738,-2.085381031036377,4.609768867492676,5,0.4132212996482849,1.8531447649002075,0,0,0
monitored,199,0,6.945762634277344,0.5268328785896301,5.349817752838135,7.164000034332275,0.38934510946273804,5.313197612762451,5,0.4130929410457611,1.8382080793380737,0,0,0
monitored,199,1,8.921612739562988,0.584898829460144,6.995528697967529,9.270028114318848,0.38934510946273804,6.854996681213379,5,0.4130929410457611,1.8382080793380737,0,0,0
monitored,199,2,7.840149402618408,2.7483413219451904,6.339786052703857,8.09178638458252,2.5544087886810303,6.437569618225098,5,0.4130929410457611,1.8382080793380737,0,0,0
monitored,199,3,5.345376491546631,2.850583553314209,5.650883197784424,5.735301494598389,2.554408550262451,5.602715969085693,5,0.4130929410457611,1.8382080793380737,0,0,0
monitored,199,4,4.180099964141846,0.6307822465896606,5.260745048522949,4.557059288024902,0.3893449008464813,5.18528938293457,5,0.4130929410457611,1.8382080793380737,0,0,0
monitored,199,5,5.472290515899658,-1.5150597095489502,5.596461772918701,5.735301971435547,-1.7757184505462646,5.602716445922852,5,0.4130929410457611,1.8382080793380737,0,0,0
monitored,199,6,7.7555646896362305,-1.6083061695098877,6.548127174377441,8.09178638458252,-1.7757184505462646,6.437569618225098,5,0.4130929410457611,1.8382080793380737,0,0,0
monitored,199,7,9.157449722290039,1.8340948820114136,5.40852689743042,9.455231666564941,1.6393451690673828,5.329256534576416,5,0.4130929410457611,1.8382080793380737,0,0,0
monitored,199,8,6.980722904205322,3.1662449836730957,4.678493022918701,7.414455890655518,2.889345169067383,4.606252193450928,5,0.4130929410457611,1.8382080793380737,0,0,0
monitored,199,9,4.951117992401123,1.8928155899047852,3.971634864807129,5.37368106842041,1.6393451690673828,3.8832478523254395,5,0.4130929410457611,1.8382080793380737,0,0,0
monitored,199,10,5.054778575897217,-0.6642929315567017,3.9415977001190186,5.37368106842041,-0.8606553673744202,3.8832478523254395,5,0.4130929410457611,1.8382080793380737,0,0,0
monitored,199,11,7.024240493774414,-1.8593404293060303,4.673460960388184,7.414456367492676,-2.110654830932617,4.606252193450928,5,0.4130929410457611,1.8382080793380737,0,0,0
monitored,200,0,6.981762886047363,0.5037214159965515,5.343698024749756,7.200000286102295,0.363616406917572,5.306597709655762,6,0.4121719300746918,1.8323367834091187,0,0,0
monitored,200,1,8.944786071777344,0.5587815046310425,7.010192394256592,9.28731918334961,0.363616406917572,6.87363338470459,6,0.4121719300746918,1.8323367834091187,0,0,0
monitored,200,2,7.872032642364502,2.7186920642852783,6.34682035446167,8.11418628692627,2.5286800861358643,6.4420552253723145,6,0.4121719300746918,1.8323367834091187,0,0,0
monitored,200,3,5.370759010314941,2.8246688842773438,5.637250900268555,5.76792049407959,2.528679847717285,5.578899383544922,6,0.4121719300746918,1.8323367834091187,0,0,0
monitored,200,4,4.219655990600586,0.6083210110664368,5.22417688369751,4.594788074493408,0.3636161983013153,5.147321701049805,6,0.4121719300746918,1.8323367834091187,0,0,0
monitored,200,5,5.522696495056152,-1.5346333980560303,5.587915897369385,5.767920970916748,-1.8014471530914307,5.57889986038208,6,0.4121719300746918,1.8323367834091187,0,0,0
monitored,200,6,7.784559726715088,-1.6233240365982056,6.521834850311279,8.11418628692627,-1.8014471530914307,6.4420552253723145,6,0.4121719300746918,1.8323367834091187,0,0,0
monitored,200,7,9.195515632629395,1.8102977275848389,5.432104110717773,9.490872383117676,1.6136164665222168,5.3502326011657715,6,0.4121719300746918,1.8323367834091187,0,0,0
monitored,200,8,7.026344299316406,3.145008087158203,4.676105499267578,7.458946704864502,2.863616466522217,4.602717876434326,6,0.4121719300746918,1.8323367834091187,0,0,0
monitored,200,9,5.005212783813477,1.8714956045150757,3.94384503364563,5.427021503448486,1.6136164665222168,3.85520339012146,6,0.4121719300746918,1.8323367834091187,0,0,0
monitored,200,10,5.101567268371582,-0.682701587677002,3.9165334701538086,5.427021503448486,-0.8863840699195862,3.85520339012146,6,0.4121719300746918,1.8323367834091187,0,0,0
monitored,200,11,7.070676326751709,-1.8815778493881226,4.6709394454956055,7.45894718170166,-2.136383533477783,4.602717876434326,6,0.4121719300746918,1.8323367834091187,0,0,0
monitored,201,0,7.017763137817383,0.48017510771751404,5.337499618530273,7.2360005378723145,0.3374338746070862,5.299924850463867,5,0.4111332893371582,1.8290221691131592,0,0,0
monitored,201,1,8.967557907104492,0.5324293375015259,7.023853302001953,9.304618835449219,0.3374338746070862,6.89156436920166,5,0.4111332893371582,1.8290221691131592,0,0,0
monitored,201,2,7.8961310386657715,2.6913163661956787,6.363049030303955,8.136678695678711,2.502497434616089,6.446126937866211,5,0.4111332893371582,1.8290221691131592,0,0,0
monitored,201,3,5.402149200439453,2.792102575302124,5.62161111831665,5.800797462463379,2.5024971961975098,5.555251598358154,5,0.4111332893371582,1.8290221691131592,0,0,0
monitored,201,4,4.258508205413818,0.5857109427452087,5.18730354309082,4.632856845855713,0.33743366599082947,5.109814167022705,5,0.4111332893371582,1.8290221691131592,0,0,0
monitored,201,5,5.568430423736572,-1.5677295923233032,5.582310199737549,5.800797462463379,-1.827629804611206,5.555251598358154,5,0.4111332893371582,1.8290221691131592,0,0,0
monitored,201,6,7.811692714691162,-1.6365526914596558,6.49592399597168,8.136678695678711,-1.827629804611206,6.446126937866211,5,0.4111332893371582,1.8290221691131592,0,0,0
monitored,201,7,9.233294486999512,1.7859156131744385,5.454550743103027,9.526195526123047,1.5874338150024414,5.370680809020996,5,0.4111332893371582,1.8290221691131592,0,0,0
monitored,201,8,7.071244716644287,3.1235344409942627,4.67363166809082,7.503262996673584,2.8374338150024414,4.599160194396973,5,0.4111332893371582,1.8290221691131592,0,0,0
monitored,201,9,5.051661968231201,1.8539687395095825,3.918412923812866,5.480330467224121,1.5874340534210205,3.8276400566101074,5,0.4111332893371582,1.8290221691131592,0,0,0
monitored,201,10,5.1569695472717285,-0.7052972912788391,3.888047456741333,5.480330467224121,-0.912566602230072,3.8276400566101074,5,0.4111332893371582,1.8290221691131592,0,0,0
monitored,201,11,7.116611480712891,-1.904049277305603,4.668337345123291,7.503262996673584,-2.1625661849975586,4.599160194396973,5,0.4111332893371582,1.8290221691131592,0,0,0
monitored,202,0,7.053762912750244,0.45619142055511475,5.331223964691162,7.272000312805176,0.31079888343811035,5.293179988861084,6,0.4106180667877197,1.8305236101150513,0,0,0
monitored,202,1,8.983546257019043,0.5105648040771484,7.0375494956970215,9.321952819824219,0.31079888343811035,6.90878963470459,6,0.4106180667877197,1.8305236101150513,0,0,0
monitored,202,2,7.921000003814697,2.656965732574463,6.397397994995117,8.159276008605957,2.475862503051758,6.4497880935668945,6,0.4106180667877197,1.8305236101150513,0,0,0
monitored,202,3,5.432504177093506,2.7595973014831543,5.605220317840576,5.833922386169434,2.4758622646331787,5.531784534454346,6,0.4106180667877197,1.8305236101150513,0,0,0
monitored,202,4,4.296770095825195,0.5629717707633972,5.150162220001221,4.671245574951172,0.31079867482185364,5.072782516479492,6,0.4106180667877197,1.8305236101150513,0,0,0
monitored,202,5,5.606400966644287,-1.6109988689422607,5.577225685119629,5.833922386169434,-1.854264736175537,5.531784534454346,6,0.4106180667877197,1.8305236101150513,0,0,0
monitored,202,6,7.837301254272461,-1.648589015007019,6.471815586090088,8.159276008605957,-1.854264736175537,6.449787616729736,6,0.4106180667877197,1.8305236101150513,0,0,0
monitored,202,7,9.270689010620117,1.7610268592834473,5.476060390472412,9.561216354370117,1.5607988834381104,5.39058780670166,6,0.4106180667877197,1.8305236101150513,0,0,0
monitored,202,8,7.108814239501953,3.1058356761932373,4.672042369842529,7.547401428222656,2.8107988834381104,4.595573902130127,6,0.4106180667877197,1.8305236101150513,0,0,0
monitored,202,9,5.106874942779541,1.8314751386642456,3.890486717224121,5.533586025238037,1.5607990026474,3.8005595207214355,6,0.4106180667877197,1.8305236101150513,0,0,0
monitored,202,10,5.211853504180908,-0.7284961938858032,3.860881805419922,5.533586025238037,-0.9392015933990479,3.8005595207214355,6,0.4106180667877197,1.8305236101150513,0,0,0
monitored,202,11,7.162092685699463,-1.926745057106018,4.665664196014404,7.547401428222656,-2.1892011165618896,4.595573902130127,6,0.4106180667877197,1.8305236101150513,0,0,0
monitored,203,0,7.089763164520264,0.4317682087421417,5.324872016906738,7.308000564575195,0.28371110558509827,5.2863640785217285,5,0.4110739827156067,1.8372995853424072,0,0,0
monitored,203,1,9.005559921264648,0.4829734265804291,7.050899982452393,9.33934497833252,0.28371110558509827,6.925309181213379,5,0.4110739827156067,1.8372995853424072,0,0,0
monitored,203,2,7.93779993057251,2.6258161067962646,6.440290451049805,8.181992530822754,2.448774814605713,6.453042030334473,5,0.4110739827156067,1.8372995853424072,0,0,0
monitored,203,3,5.462185382843018,2.7275428771972656,5.587824821472168,5.867288112640381,2.448774576187134,5.508508682250977,5,0.4110739827156067,1.8372995853424072,0,0,0
monitored,203,4,4.334842205047607,0.5399176478385925,5.113765239715576,4.709936141967773,0.28371089696884155,5.03624153137207,5,0.4110739827156067,1.8372995853424072,0,0,0
monitored,203,5,5.636015892028809,-1.6599451303482056,5.570213794708252,5.867288589477539,-1.8813525438308716,5.508508682250977,5,0.4110739827156067,1.8372995853424072,0,0,0
monitored,203,6,7.8621344566345215,-1.6605345010757446,6.449793815612793,8.181992530822754,-1.8813525438308716,6.453042030334473,5,0.4110739827156067,1.8372995853424072,0,0,0
monitored,203,7,9.300923347473145,1.7403779029846191,5.4968366622924805,9.595952987670898,1.5337110757827759,5.409942626953125,5,0.4110739827156067,1.8372995853424072,0,0,0
monitored,203,8,7.154695987701416,3.0829665660858154,4.669404029846191,7.591360569000244,2.7837111949920654,4.591952800750732,5,0.4110739827156067,1.8372995853424072,0,0,0
monitored,203,9,5.16173791885376,1.8086926937103271,3.8630685806274414,5.58676815032959,1.5337111949920654,3.7739627361297607,5,0.4110739827156067,1.8372995853424072,0,0,0
monitored,203,10,5.266631603240967,-0.7524343729019165,3.8346364498138428,5.58676815032959,-0.9662894010543823,3.7739627361297607,5,0.4110739827156067,1.8372995853424072,0,0,0
monitored,203,11,7.207170486450195,-1.949687123298645,4.662914276123047,7.591360569000244,-2.2162888050079346,4.591952800750732,5,0.4110739827156067,1.8372995853424072,0,0,0
monitored,204,0,7.125762939453125,0.40690410137176514,5.31844425201416,7.344000339508057,0.2561741769313812,5.279478073120117,5,0.41349297761917114,1.847726583480835,0,0,0
monitored,204,1,9.026789665222168,0.4553309381008148,7.063706398010254,9.356818199157715,0.2561741769313812,6.941123008728027,5,0.41349297761917114,1.847726583480835,0,0,0
monitored,204,2,7.948089599609375,2.5992157459259033,6.485327243804932,8.204840660095215,2.4212377071380615,6.455893516540527,5,0.41349297761917114,1.847726583480835,0,0,0
monitored,204,3,5.491556167602539,2.6962499618530273,5.569270610809326,5.900885105133057,2.4212374687194824,5.485435485839844,5,0.41349297761917114,1.847726583480835,0,0,0
monitored,204,4,4.372827053070068,0.5165930986404419,5.0774030685424805,4.748907089233398,0.2561739683151245,5.000206470489502,5,0.41349297761917114,1.847726583480835,0,0,0
monitored,204,5,5.658837795257568,-1.71052885055542,5.559282302856445,5.900885581970215,-1.9088894128799438,5.485435962677002,5,0.41349297761917114,1.847726583480835,0,0,0
monitored,204,6,7.880566120147705,-1.6700838804244995,6.4332709312438965,8.204840660095215,-1.9088894128799438,6.455893516540527,5,0.41349297761917114,1.847726583480835,0,0,0
monitored,204,7,9.338104248046875,1.7142084836959839,5.518368244171143,9.63042163848877,1.5061742067337036,5.428732872009277,5,0.41349297761917114,1.847726583480835,0,0,0
monitored,204,8,7.200087070465088,3.0598278045654297,4.6667094230651855,7.635137557983398,2.756174087524414,4.588291168212891,5,0.41349297761917114,1.847726583480835,0,0,0
monitored,204,9,5.216302394866943,1.7855993509292603,3.8361563682556152,5.6398539543151855,1.5061743259429932,3.747850179672241,5,0.41349297761917114,1.847726583480835,0,0,0
monitored,204,10,5.321224689483643,-0.7770152688026428,3.809148073196411,5.6398539543151855,-0.9938262701034546,3.747850179672241,5,0.41349297761917114,1.847726583480835,0,0,0
monitored,204,11,7.251500606536865,-1.9728268384933472,4.659994602203369,7.635137557983398,-2.243825912475586,4.588291168212891,5,0.41349297761917114,1.847726583480835,0,0,0
monitored,205,0,7.1617631912231445,0.38159802556037903,5.311941623687744,7.380000591278076,0.22818884253501892,5.272522926330566,5,0.41762232780456543,1.8651812076568604,0,0,0
monitored,205,1,9.047017097473145,0.42762064933776855,7.07644510269165,9.374398231506348,0.22818884253501892,6.956232070922852,5,0.41762232780456543,1.8651812076568604,0,0,0
monitored,205,2,7.953753471374512,2.5762276649475098,6.529571533203125,8.22783374786377,2.393252372741699,6.458346843719482,5,0.41762232780456543,1.8651812076568604,0,0,0
monitored,205,3,5.520906925201416,2.665977954864502,5.5494256019592285,5.934704780578613,2.39325213432312,5.462576389312744,5,0.41762232780456543,1.8651812076568604,0,0,0
monitored,205,4,4.410884380340576,0.4929704964160919,5.0412821769714355,4.788140296936035,0.228188619017601,4.964690685272217,5,0.41762232780456543,1.8651812076568604,0,0,0
monitored,205,5,5.674201488494873,-1.752994179725647,5.546202659606934,5.9347052574157715,-1.9368747472763062,5.462576389312744,5,0.41762232780456543,1.8651812076568604,0,0,0
monitored,205,6,7.906397342681885,-1.684942364692688,6.416413307189941,8.22783374786377,-1.9368747472763062,6.458346843719482,5,0.41762232780456543,1.8651812076568604,0,0,0
monitored,205,7,9.374536514282227,1.6878010034561157,5.539404392242432,9.664639472961426,1.4781888723373413,5.44694709777832,5,0.41762232780456543,1.8651812076568604,0,0,0
monitored,205,8,7.245031833648682,3.036402702331543,4.663949012756348,7.678731918334961,2.7281887531280518,4.5845842361450195,5,0.41762232780456543,1.8651812076568604,0,0,0
monitored,205,9,5.270359039306641,1.7620234489440918,3.8103015422821045,5.692823886871338,1.4781889915466309,3.7222213745117188,5,0.41762232780456543,1.8651812076568604,0,0,0
monitored,205,10,5.375593185424805,-0.8021441102027893,3.7842471599578857,5.692823886871338,-1.021811604499817,3.7222213745117188,5,0.41762232780456543,1.8651812076568604,0,0,0
monitored,205,11,7.295608043670654,-1.9963338375091553,4.656973838806152,7.678731918334961,-2.2718112468719482,4.5845842361450195,5,0.41762232780456543,1.8651812076568604,0,0,0
monitored,206,0,7.197762966156006,0.3558497726917267,5.305365562438965,7.415999889373779,0.1997600495815277,5.265500068664551,5,0.42342278361320496,1.8691480159759521,0,0,0
monitored,206,1,9.066207885742188,0.39982324838638306,7.089340686798096,9.392107009887695,0.1997600495815277,6.970639228820801,5,0.42342278361320496,1.8691480159759521,0,0,0
monitored,206,2,7.9572625160217285,2.5554709434509277,6.5708088874816895,8.250984191894531,2.364823579788208,6.46040678024292,5,0.42342278361320496,1.8691480159759521,0,0,0
monitored,206,3,5.550509929656982,2.637122392654419,5.528805732727051,5.96873664855957,2.364823341369629,5.43994140625,5,0.42342278361320496,1.8691480159759521,0,0,0
monitored,206,4,4.442339897155762,0.4736076593399048,5.008044242858887,4.827613353729248,0.1997598260641098,4.929708957672119,5,0.42342278361320496,1.8691480159759521,0,0,0
monitored,206,5,5.691764831542969,-1.800588846206665,5.524218559265137,5.9687371253967285,-1.9653035402297974,5.43994140625,5,0.42342278361320496,1.8691480159759521,0,0,0
monitored,206,6,7.933051586151123,-1.7024356126785278,6.40408182144165,8.250983238220215,-1.9653035402297974,6.46040678024292,5,0.42342278361320496,1.8691480159759521,0,0,0
monitored,206,7,9.410679817199707,1.660914421081543,5.558291912078857,9.698623657226562,1.44976007938385,5.464574813842773,5,0.42342278361320496,1.8691480159759521,0,0,0
monitored,206,8,7.289565563201904,3.0126731395721436,4.661113262176514,7.722139358520508,2.6997599601745605,4.5808258056640625,5,0.42342278361320496,1.8691480159759521,0,0,0
monitored,206,9,5.324310779571533,1.7379988431930542,3.7849655151367188,5.7456560134887695,1.4497601985931396,3.6970772743225098,5,0.42342278361320496,1.8691480159759521,0,0,0
monitored,206,10,5.429711818695068,-0.8277319073677063,3.759791374206543,5.7456560134887695,-1.050240397453308,3.6970772743225098,5,0.42342278361320496,1.8691480159759521,0,0,0
monitored,206,11,7.332423210144043,-2.015665054321289,4.654910564422607,7.722139358520508,-2.3002400398254395,4.5808258056640625,5,0.42342278361320496,1.8691480159759521,0,0,0
monitored,207,0,7.233762741088867,0.32965946197509766,5.2987165451049805,7.452000141143799,0.17088989913463593,5.2584099769592285,6,0.42923054099082947,1.8676446676254272,0,0,0
monitored,207,1,9.085021018981934,0.37226682901382446,7.101404190063477,9.409969329833984,0.17088989913463593,6.984346389770508,6,0.42923054099082947,1.8676446676254272,0,0,0
monitored,207,2,7.9606828689575195,2.5352866649627686,6.607920169830322,8.274304389953613,2.3359534740448,6.462077617645264,6,0.42923054099082947,1.8676446676254272,0,0,0
monitored,207,3,5.574385643005371,2.6140689849853516,5.509204864501953,6.002973556518555,2.3359532356262207,5.417540550231934,6,0.42923054099082947,1.8676446676254272,0,0,0
monitored,207,4,4.481627941131592,0.4489275813102722,4.971583843231201,4.867308616638184,0.17088967561721802,4.8952717781066895,6,0.42923054099082947,1.8676446676254272,0,0,0
monitored,207,5,5.711097717285156,-1.8425062894821167,5.496211051940918,6.002974033355713,-1.9941737651824951,5.417540550231934,6,0.42923054099082947,1.8676446676254272,0,0,0
monitored,207,6,7.960738182067871,-1.7234545946121216,6.397311210632324,8.274304389953613,-1.9941737651824951,6.462077617645264,6,0.42923054099082947,1.8676446676254272,0,0,0
monitored,207,7,9.446562767028809,1.6335264444351196,5.576025485992432,9.732391357421875,1.4208898544311523,5.481606483459473,6,0.42923054099082947,1.8676446676254272,0,0,0
monitored,207,8,7.33371114730835,2.988642930984497,4.658209800720215,7.765361309051514,2.6708898544311523,4.577010631561279,6,0.42923054099082947,1.8676446676254272,0,0,0
monitored,207,9,5.378140926361084,1.7135118246078491,3.7601826190948486,5.798331260681152,1.420889973640442,3.672415256500244,6,0.42923054099082947,1.8676446676254272,0,0,0
monitored,207,10,5.4760589599609375,-0.8487688302993774,3.7375643253326416,5.798331260681152,-1.0791106224060059,3.672415256500244,6,0.42923054099082947,1.8676446676254272,0,0,0
monitored,207,11,7.377466678619385,-2.040599822998047,4.651656627655029,7.765361309051514,-2.3291101455688477,4.577010631561279,6,0.42923054099082947,1.8676446676254272,0,0,0
monitored,208,0,7.2697625160217285,0.30302801728248596,5.291996002197266,7.48799991607666,0.14158420264720917,5.251254081726074,5,0.4342718720436096,1.8658617734909058,0,0,0
monitored,208,1,9.10314655303955,0.3445388674736023,7.113588333129883,9.428007125854492,0.14158420264720917,6.9973554611206055,5,0.4342718720436096,1.8658617734909058,0,0,0
monitored,208,2,7.961458206176758,2.518491744995117,6.639132022857666,8.297806739807129,2.306647777557373,6.463365077972412,5,0.4342718720436096,1.8658617734909058,0,0,0
monitored,208,3,5.606160640716553,2.586674928665161,5.485666275024414,6.037404537200928,2.306647539138794,5.395384311676025,5,0.4342718720436096,1.8658617734909058,0,0,0
monitored,208,4,4.521056652069092,0.42403340339660645,4.935870170593262,4.907203674316406,0.14158397912979126,4.861393928527832,5,0.4342718720436096,1.8658617734909058,0,0,0
monitored,208,5,5.734670639038086,-1.877828598022461,5.462845325469971,6.037405014038086,-2.023479461669922,5.395384311676025,5,0.4342718720436096,1.8658617734909058,0,0,0
monitored,208,6,7.989171981811523,-1.748518943786621,6.397344589233398,8.297806739807129,-2.023479461669922,6.463365077972412,5,0.4342718720436096,1.8658617734909058,0,0,0
monitored,208,7,9.482311248779297,1.6055858135223389,5.592243194580078,9.765959739685059,1.3915841579437256,5.4980316162109375,5,0.4342718720436096,1.8658617734909058,0,0,0
monitored,208,8,7.377135276794434,2.9644041061401367,4.655168056488037,7.808393955230713,2.6415841579437256,4.57313346862793,5,0.4342718720436096,1.8658617734909058,0,0,0
monitored,208,9,5.42426872253418,1.693365216255188,3.7378363609313965,5.850828647613525,1.3915842771530151,3.6482350826263428,5,0.4342718720436096,1.8658617734909058,0,0,0
monitored,208,10,5.531005382537842,-0.874701976776123,3.7119667530059814,5.850828647613525,-1.1084163188934326,3.6482350826263428,5,0.4342718720436096,1.8658617734909058,0,0,0
monitored,208,11,7.421988487243652,-2.0658092498779297,4.648324966430664,7.808393955230713,-2.3584158420562744,4.57313346862793,5,0.4342718720436096,1.8658617734909058,0,0,0
monitored,209,0,7.305762767791748,0.2759568691253662,5.2852044105529785,7.52400016784668,0.11184762418270111,5.244032859802246,6,0.4389161467552185,1.8709465265274048,0,0,0
monitored,209,1,9.115028381347656,0.3217281699180603,7.1262431144714355,9.446244239807129,0.11184762418270111,7.009670257568359,6,0.4389161467552185,1.8709465265274048,0,0,0
monitored,209,2,7.968968868255615,2.4948325157165527,6.667403221130371,8.321503639221191,2.2769112586975098,6.464273929595947,6,0.4389161467552185,1.8709465265274048,0,0,0
monitored,209,3,5.638583183288574,2.5607714653015137,5.461399078369141,6.072021007537842,2.2769110202789307,5.373480796813965,6,0.4389161467552185,1.8709465265274048,0,0,0
monitored,209,4,4.560711860656738,0.39888066053390503,4.9009504318237305,4.947279930114746,0.1118474081158638,4.828084468841553,6,0.4389161467552185,1.8709465265274048,0,0,0
monitored,209,5,5.763851642608643,-1.9055503606796265,5.426074028015137,6.072021484375,-2.053215980529785,5.373481273651123,6,0.4389161467552185,1.8709465265274048,0,0,0
monitored,209,6,8.01723575592041,-1.7768913507461548,6.404987812042236,8.321503639221191,-2.053215980529785,6.464273929595947,6,0.4389161467552185,1.8709465265274048,0,0,0
monitored,209,7,9.51779842376709,1.5772062540054321,5.607264041900635,9.799346923828125,1.3618476390838623,5.513842582702637,6,0.4389161467552185,1.8709465265274048,0,0,0
monitored,209,8,7.413304328918457,2.944464921951294,4.653099536895752,7.851237773895264,2.6118476390838623,4.569188117980957,6,0.4389161467552185,1.8709465265274048,0,0,0
monitored,209,9,5.479161739349365,1.6674983501434326,3.713338613510132,5.903129577636719,1.3618477582931519,3.6245336532592773,6,0.4389161467552185,1.8709465265274048,0,0,0
monitored,209,10,5.5851311683654785,-0.9012377858161926,3.6875159740448,5.903129577636719,-1.138152837753296,3.6245336532592773,6,0.4389161467552185,1.8709465265274048,0,0,0
monitored,209,11,7.466030120849609,-2.0912978649139404,4.644941806793213,7.851238250732422,-2.3881523609161377,4.569188117980957,6,0.4389161467552185,1.8709465265274048,0,0,0
monitored,210,0,7.341763019561768,0.24844804406166077,5.278343200683594,7.560000419616699,0.08168551325798035,5.236748218536377,5,0.44211792945861816,1.8765485286712646,0,0,0
monitored,210,1,9.13222599029541,0.29272225499153137,7.139657497406006,9.464701652526855,0.08168551325798035,7.021296501159668,5,0.44211792945861816,1.8765485286712646,0,0,0
monitored,210,2,7.981883525848389,2.4664692878723145,6.689172744750977,8.345405578613281,2.24674916267395,6.464811325073242,5,0.44211792945861816,1.8765485286712646,0,0,0
monitored,210,3,5.67172908782959,2.5362496376037598,5.436666488647461,6.106812953948975,2.246748924255371,5.351840972900391,5,0.44211792945861816,1.8765485286712646,0,0,0
monitored,210,4,4.600794315338135,0.37325549125671387,4.867722511291504,4.987516403198242,0.08168529719114304,4.795355796813965,5,0.44211792945861816,1.8765485286712646,0,0,0
monitored,210,5,5.798908233642578,-1.9255998134613037,5.388617992401123,6.106813430786133,-2.0833780765533447,5.351840972900391,5,0.44211792945861816,1.8765485286712646,0,0,0
monitored,210,6,8.043756484985352,-1.8080543279647827,6.420349597930908,8.345405578613281,-2.0833780765533447,6.464811325073242,5,0.44211792945861816,1.8765485286712646,0,0,0
monitored,210,7,9.546287536621094,1.5537467002868652,5.621999740600586,9.832569122314453,1.3316855430603027,5.529030799865723,5,0.44211792945861816,1.8765485286712646,0,0,0
monitored,210,8,7.457691669464111,2.9186811447143555,4.6498026847839355,7.893891334533691,2.5816855430603027,4.5651702880859375,5,0.44211792945861816,1.8765485286712646,0,0,0
monitored,210,9,5.533605575561523,1.6413190364837646,3.689462900161743,5.95521354675293,1.3316856622695923,3.6013097763061523,5,0.44211792945861816,1.8765485286712646,0,0,0
monitored,210,10,5.638932704925537,-0.9285476803779602,3.663935422897339,5.95521354675293,-1.1683149337768555,3.6013097763061523,5,0.44211792945861816,1.8765485286712646,0,0,0
monitored,210,11,7.509637355804443,-2.1170976161956787,4.641510963439941,7.893891334533691,-2.4183144569396973,4.5651702880859375,5,0.44211792945861816,1.8765485286712646,0,0,0
monitored,211,0,7.377762794494629,0.22050437331199646,5.2714128494262695,7.5960001945495605,0.05110570788383484,5.229400157928467,5,0.4443681240081787,1.8678027391433716,0,0,0
monitored,211,1,9.148900985717773,0.2637989819049835,7.15299129486084,9.483402252197266,0.05110570788383484,7.032235145568848,5,0.4443681240081787,1.8678027391433716,0,0,0
monitored,211,2,8.004362106323242,2.4315924644470215,6.70005989074707,8.369524955749512,2.2161693572998047,6.4649810791015625,5,0.4443681240081787,1.8678027391433716,0,0,0
monitored,211,3,5.705627918243408,2.5129270553588867,5.411763668060303,6.141770362854004,2.2161691188812256,5.330471992492676,5,0.4443681240081787,1.8678027391433716,0,0,0
monitored,211,4,4.641334056854248,0.3471711277961731,4.835411548614502,5.02789306640625,0.05110548809170723,4.763217449188232,5,0.4443681240081787,1.8678027391433716,0,0,0
monitored,211,5,5.839150905609131,-1.9391862154006958,5.353250980377197,6.141770362854004,-2.1139578819274902,5.330471992492676,5,0.4443681240081787,1.8678027391433716,0,0,0
monitored,211,6,8.062418937683105,-1.8350656032562256,6.439332485198975,8.369524955749512,-2.1139578819274902,6.4649810791015625,5,0.4443681240081787,1.8678027391433716,0,0,0
monitored,211,7,9.581892013549805,1.5240052938461304,5.636773586273193,9.865644454956055,1.3011057376861572,5.5435872077941895,5,0.4443681240081787,1.8678027391433716,0,0,0
monitored,211,8,7.501576900482178,2.8926188945770264,4.646425724029541,7.936352729797363,2.5511057376861572,4.5610737800598145,5,0.4443681240081787,1.8678027391433716,0,0,0
monitored,211,9,5.58763313293457,1.6148124933242798,3.66616153717041,6.007061004638672,1.3011058568954468,3.5785603523254395,5,0.4443681240081787,1.8678027391433716,0,0,0
monitored,211,10,5.692389488220215,-0.9565261602401733,3.641152858734131,6.007061004638672,-1.198894739151001,3.5785603523254395,5,0.4443681240081787,1.8678027391433716,0,0,0
monitored,211,11,7.552460670471191,-2.1431310176849365,4.63794469833374,7.936352729797363,-2.4488942623138428,4.5610737800598145,5,0.4443681240081787,1.8678027391433716,0,0,0
monitored,212,0,7.413763046264648,0.1921290159225464,5.2644147872924805,7.63200044631958,0.02011340856552124,5.221990585327148,5,0.445995569229126,1.8668861389160156,0,0,0
monitored,212,1,9.165042877197266,0.23495075106620789,7.166364669799805,9.50236701965332,0.02011340856552124,7.0424933433532715,5,0.445995569229126,1.8668861389160156,0,0,0
monitored,212,2,8.035773277282715,2.3928115367889404,6.696412086486816,8.393872261047363,2.1851770877838135,6.464790344238281,5,0.445995569229126,1.8668861389160156,0,0,0
monitored,212,3,5.740211009979248,2.4905660152435303,5.38693380355835,6.176884651184082,2.1851768493652344,5.309383869171143,5,0.445995569229126,1.8668861389160156,0,0,0
monitored,212,4,4.682310581207275,0.32060009241104126,4.804077625274658,5.068390369415283,0.02011319063603878,4.731680870056152,5,0.445995569229126,1.8668861389160156,0,0,0
monitored,212,5,5.8743486404418945,-1.9470903873443604,5.3235249519348145,6.176884651184082,-2.1449501514434814,5.309383869171143,5,0.445995569229126,1.8668861389160156,0,0,0
monitored,212,6,8.08342170715332,-1.8685476779937744,6.4663896560668945,8.393872261047363,-2.1449501514434814,6.464790344238281,5,0.445995569229126,1.8668861389160156,0,0,0
monitored,212,7,9.616823196411133,1.4941661357879639,5.651205062866211,9.898590087890625,1.270113468170166,5.5575056076049805,5,0.445995569229126,1.8668861389160156,0,0,0
monitored,212,8,7.545001983642578,2.8662548065185547,4.642965316772461,7.9786224365234375,2.520113468170166,4.556894302368164,5,0.445995569229126,1.8668861389160156,0,0,0
monitored,212,9,5.640942096710205,1.5878372192382812,3.6438848972320557,6.05865478515625,1.270113468170166,3.5562829971313477,5,0.445995569229126,1.8668861389160156,0,0,0
monitored,212,10,5.745508193969727,-0.9850689172744751,3.6190645694732666,6.05865478515625,-1.2298870086669922,3.5562829971313477,5,0.445995569229126,1.8668861389160156,0,0,0
monitored,212,11,7.595025539398193,-2.1696064472198486,4.634306907653809,7.9786224365234375,-2.479886531829834,4.556894302368164,5,0.445995569229126,1.8668861389160156,0,0,0
monitored,213,0,7.44976282119751,0.1633259803056717,5.257349967956543,7.668000221252441,-0.011282235383987427,5.214520454406738,5,0.4482329785823822,1.8489218950271606,0,0,0
monitored,213,1,9.180848121643066,0.20616120100021362,7.179658889770508,9.521615982055664,-0.011282235383987427,7.0520758628845215,5,0.4482329785823822,1.8489218950271606,0,0,0
monitored,213,2,8.073126792907715,2.355612277984619,6.67651891708374,8.418458938598633,2.1537814140319824,6.464245319366455,5,0.4482329785823822,1.8489218950271606,0,0,0
monitored,213,3,5.775364398956299,2.4689483642578125,5.362945079803467,6.21214485168457,2.1537811756134033,5.288583755493164,5,0.4482329785823822,1.8489218950271606,0,0,0
monitored,213,4,4.71652889251709,0.2987463176250458,4.775742053985596,5.108987808227539,-0.011282454244792461,4.700753211975098,5,0.4482329785823822,1.8489218950271606,0,0,0
monitored,213,5,5.92016077041626,-1.9555073976516724,5.293630599975586,6.2121453285217285,-2.1763458251953125,5.288584232330322,5,0.4482329785823822,1.8489218950271606,0,0,0
monitored,213,6,8.100615501403809,-1.9009195566177368,6.496208190917969,8.418458938598633,-2.1763458251953125,6.464244842529297,5,0.4482329785823822,1.8489218950271606,0,0,0
monitored,213,7,9.65133285522461,1.4642304182052612,5.663825035095215,9.931422233581543,1.238717794418335,5.570778846740723,5,0.4482329785823822,1.8489218950271606,0,0,0
monitored,213,8,7.588000774383545,2.839566707611084,4.639416694641113,8.020698547363281,2.488717794418335,4.552626132965088,5,0.4482329785823822,1.8489218950271606,0,0,0
monitored,213,9,5.693992614746094,1.560399055480957,3.6221182346343994,6.1099748611450195,1.2387179136276245,3.5344738960266113,5,0.4482329785823822,1.8489218950271606,0,0,0
monitored,213,10,5.7982940673828125,-1.0140758752822876,3.5975632667541504,6.1099748611450195,-1.2612826824188232,3.5344738960266113,5,0.4482329785823822,1.8489218950271606,0,0,0
monitored,213,11,7.630361557006836,-2.191382884979248,4.631748199462891,8.020698547363281,-2.511282205581665,4.552626132965088,5,0.4482329785823822,1.8489218950271606,0,0,0
monitored,214,0,7.485763072967529,0.1340998411178589,5.250218868255615,7.704000473022461,-0.043073296546936035,5.2069902420043945,6,0.4505041539669037,1.840273141860962,0,0,0
monitored,214,1,9.19731616973877,0.1777021586894989,7.191652297973633,9.541171073913574,-0.043073296546936035,7.06098747253418,6,0.4505041539669037,1.840273141860962,0,0,0
monitored,214,2,8.111568450927734,2.324251890182495,6.644425868988037,8.443294525146484,2.121990203857422,6.463351726531982,6,0.4505041539669037,1.840273141860962,0,0,0
monitored,214,3,5.8043012619018555,2.451901912689209,5.341641902923584,6.247542858123779,2.121990203857422,5.26807975769043,6,0.4505041539669037,1.840273141860962,0,0,0
monitored,214,4,4.759111404418945,0.2706730365753174,4.745071887969971,5.149666786193848,-0.043073516339063644,4.670444011688232,6,0.4505041539669037,1.840273141860962,0,0,0
monitored,214,5,5.9680562019348145,-1.9658085107803345,5.270322322845459,6.2475433349609375,-2.208137035369873,5.268080234527588,6,0.4505041539669037,1.840273141860962,0,0,0
monitored,214,6,8.11471176147461,-1.931917667388916,6.5266594886779785,8.443294525146484,-2.208137035369873,6.463351249694824,6,0.4505041539669037,1.840273141860962,0,0,0
monitored,214,7,9.685559272766113,1.4340214729309082,5.675632476806641,9.96415901184082,1.206926703453064,5.583400249481201,6,0.4505041539669037,1.840273141860962,0,0,0
monitored,214,8,7.630596160888672,2.8125574588775635,4.635791301727295,8.062582015991211,2.4569268226623535,4.548264503479004,6,0.4505041539669037,1.840273141860962,0,0,0
monitored,214,9,5.7467546463012695,1.53249192237854,3.6008641719818115,6.161005020141602,1.2069268226623535,3.5131289958953857,6,0.4505041539669037,1.840273141860962,0,0,0
monitored,214,10,5.843311786651611,-1.0379160642623901,3.5783262252807617,6.161005020141602,-1.2930737733840942,3.5131289958953857,6,0.4505041539669037,1.840273141860962,0,0,0
monitored,214,11,7.673789978027344,-2.219526767730713,4.627901554107666,8.062582015991211,-2.5430731773376465,4.548264503479004,6,0.4505041539669037,1.840273141860962,0,0,0
monitored,215,0,7.521762847900391,0.10445581376552582,5.243022918701172,7.740000247955322,-0.07525065541267395,5.199401378631592,5,0.4532811641693115,1.831921100616455,0,0,0
monitored,215,1,9.214250564575195,0.1491619497537613,7.202926158905029,9.561050415039062,-0.07525065541267395,7.0692338943481445,5,0.4532811641693115,1.831921100616455,0,0,0
monitored,215,2,8.141803741455078,2.3018929958343506,6.6127190589904785,8.468390464782715,2.089812994003296,6.46211576461792,5,0.4532811641693115,1.831921100616455,0,0,0
monitored,215,3,5.8417816162109375,2.429880380630493,5.317986011505127,6.283068656921387,2.089812755584717,5.247879981994629,5,0.4532811641693115,1.831921100616455,0,0,0
monitored,215,4,4.8016767501831055,0.2422737330198288,4.7153496742248535,5.190407752990723,-0.07525087147951126,4.640761852264404,5,0.4532811641693115,1.831921100616455,0,0,0
monitored,215,5,6.017081260681152,-1.9806855916976929,5.253199100494385,6.283068656921387,-2.240314245223999,5.247879981994629,5,0.4532811641693115,1.831921100616455,0,0,0
monitored,215,6,8.126736640930176,-1.9617568254470825,6.556168556213379,8.468389511108398,-2.240314245223999,6.46211576461792,5,0.4532811641693115,1.831921100616455,0,0,0
monitored,215,7,9.719603538513184,1.4035239219665527,5.6863250732421875,9.996814727783203,1.1747493743896484,5.595364093780518,5,0.4532811641693115,1.831921100616455,0,0,0
monitored,215,8,7.67245626449585,2.785353660583496,4.632026195526123,8.104270935058594,2.4247493743896484,4.54380464553833,5,0.4532811641693115,1.831921100616455,0,0,0
monitored,215,9,5.791715145111084,1.5095405578613281,3.5819013118743896,6.211727142333984,1.174749493598938,3.492245674133301,5,0.4532811641693115,1.831921100616455,0,0,0
monitored,215,10,5.896999835968018,-1.067389726638794,3.55613112449646,6.211727142333984,-1.3252511024475098,3.492245674133301,5,0.4532811641693115,1.831921100616455,0,0,0
monitored,215,11,7.716668605804443,-2.2479684352874756,4.623995304107666,8.104270935058594,-2.5752506256103516,4.543805122375488,5,0.4532811641693115,1.831921100616455,0,0,0
monitored,216,0,7.55776309967041,0.07439972460269928,5.2357635498046875,7.776000499725342,-0.10780474543571472,5.191755294799805,6,0.4563891291618347,1.8247880935668945,0,0,0
monitored,216,1,9.226061820983887,0.1258910596370697,7.21378231048584,9.581276893615723,-0.10780474543571472,7.076822280883789,6,0.4563891291618347,1.8247880935668945,0,0,0
monitored,216,2,8.176679611206055,2.281212568283081,6.571442604064941,8.493755340576172,2.0572588443756104,6.460545063018799,6,0.4563891291618347,1.8247880935668945,0,0,0
monitored,216,3,5.879575729370117,2.407703399658203,5.295346260070801,6.3187127113342285,2.0572586059570312,5.227991104125977,6,0.4563891291618347,1.8247880935668945,0,0,0
monitored,216,4,4.844177722930908,0.21353581547737122,4.686452388763428,5.231191635131836,-0.10780496150255203,4.611713886260986,6,0.4563891291618347,1.8247880935668945,0,0,0
monitored,216,5,6.065496921539307,-2.002007484436035,5.241561412811279,6.318713188171387,-2.2728683948516846,5.227991104125977,6,0.4563891291618347,1.8247880935668945,0,0,0
monitored,216,6,8.13830280303955,-1.9908114671707153,6.582948207855225,8.493755340576172,-2.2728683948516846,6.460545063018799,6,0.4563891291618347,1.8247880935668945,0,0,0
monitored,216,7,9.753387451171875,1.3728021383285522,5.696234703063965,10.029409408569336,1.142195224761963,5.60666561126709,6,0.4563891291618347,1.8247880935668945,0,0,0
monitored,216,8,7.7071380615234375,2.7629966735839844,4.629335403442383,8.145766258239746,2.392195224761963,4.539242267608643,6,0.4563891291618347,1.8247880935668945,0,0,0
monitored,216,9,5.845268249511719,1.480139136314392,3.5608832836151123,6.262124538421631,1.1421953439712524,3.4718194007873535,6,0.4563891291618347,1.8247880935668945,0,0,0
monitored,216,10,5.9496917724609375,-1.0973643064498901,3.535071611404419,6.262124538421631,-1.3578052520751953,3.4718194007873535,6,0.4563891291618347,1.8247880935668945,0,0,0
monitored,216,11,7.759047508239746,-2.2766993045806885,4.620045185089111,8.145767211914062,-2.607804775238037,4.539242744445801,6,0.4563891291618347,1.8247880935668945,0,0,0
monitored,217,0,7.59376335144043,0.04393797367811203,5.22844123840332,7.812000751495361,-0.14072564244270325,5.184052467346191,5,0.45935744047164917,1.8200032711029053,0,0,0
monitored,217,1,9.244791030883789,0.09611775726079941,7.223773002624512,9.601866722106934,-0.14072564244270325,7.083757400512695,5,0.45935744047164917,1.8200032711029053,0,0,0
monitored,217,2,8.20898723602295,2.2639412879943848,6.5312418937683105,8.519399642944336,2.0243380069732666,6.458644866943359,5,0.45935744047164917,1.8200032711029053,0,0,0
monitored,217,3,5.917599678039551,2.385049819946289,5.2738118171691895,6.354466438293457,2.0243377685546875,5.2084197998046875,5,0.45935744047164917,1.8200032711029053,0,0,0
monitored,217,4,4.88654088973999,0.18434616923332214,4.659089088439941,5.271999359130859,-0.14072586596012115,4.583307266235352,5,0.45935744047164917,1.8200032711029053,0,0,0
monitored,217,5,6.1114044189453125,-2.030601739883423,5.234140872955322,6.354466438293457,-2.3057892322540283,5.208420276641846,5,0.45935744047164917,1.8200032711029053,0,0,0
monitored,217,6,8.150092124938965,-2.0199503898620605,6.606918811798096,8.519399642944336,-2.3057892322540283,6.458644866943359,5,0.45935744047164917,1.8200032711029053,0,0,0
monitored,217,7,9.780335426330566,1.3475897312164307,5.70640754699707,10.061955451965332,1.1092743873596191,5.6172990798950195,5,0.45935744047164917,1.8200032711029053,0,0,0
monitored,217,8,7.749922275543213,2.7340807914733887,4.62526798248291,8.187067985534668,2.359274387359619,4.534572124481201,5,0.45935744047164917,1.8200032711029053,0,0,0
monitored,217,9,5.898199558258057,1.450459361076355,3.540396213531494,6.312180519104004,1.1092745065689087,3.451845645904541,5,0.45935744047164917,1.8200032711029053,0,0,0
monitored,217,10,6.001889228820801,-1.1280598640441895,3.514864206314087,6.312180519104004,-1.390726089477539,3.451845645904541,5,0.45935744047164917,1.8200032711029053,0,0,0
monitored,217,11,7.800980091094971,-2.3057382106781006,4.616042137145996,8.187067985534668,-2.640725612640381,4.534572601318359,5,0.45935744047164917,1.8200032711029053,0,0,0
monitored,218,0,7.629763126373291,0.013077821582555771,5.221057415008545,7.8480000495910645,-0.17400094866752625,5.176294326782227,5,0.4625612497329712,1.818238377571106,0,0,0
monitored,218,1,9.264688491821289,0.06647124886512756,7.2320146560668945,9.622838020324707,-0.17400094866752625,7.0900468826293945,5,0.4625612497329712,1.818238377571106,0,0,0
monitored,218,2,8.239725112915039,2.248176097869873,6.49455451965332,8.545331954956055,1.9910626411437988,6.456422328948975,5,0.4625612497329712,1.818238377571106,0,0,0
monitored,218,3,5.9557647705078125,2.361644744873047,5.25344181060791,6.390318870544434,1.9910624027252197,5.189173698425293,5,0.4625612497329712,1.818238377571106,0,0,0
monitored,218,4,4.928904056549072,0.1546752154827118,4.632429599761963,5.312812805175781,-0.17400117218494415,4.555549621582031,5,0.4625612497329712,1.818238377571106,0,0,0
monitored,218,5,6.153145790100098,-2.0661044120788574,5.229187965393066,6.390318870544434,-2.339064598083496,5.189174175262451,5,0.4625612497329712,1.818238377571106,0,0,0
monitored,218,6,8.158156394958496,-2.044145107269287,6.626722812652588,8.545331954956055,-2.339064598083496,6.456422328948975,5,0.4625612497329712,1.818238377571106,0,0,0
monitored,218,7,9.814483642578125,1.3155328035354614,5.716507911682129,10.094470977783203,1.0759990215301514,5.627259731292725,5,0.4625612497329712,1.818238377571106,0,0,0
monitored,218,8,7.792193412780762,2.704895257949829,4.6211137771606445,8.228174209594727,2.3259990215301514,4.52979040145874,5,0.4625612497329712,1.818238377571106,0,0,0
monitored,218,9,5.950549602508545,1.4204871654510498,3.5203936100006104,6.361878871917725,1.075999140739441,3.432321071624756,5,0.4625612497329712,1.818238377571106,0,0,0
monitored,218,10,6.053571701049805,-1.1593759059906006,3.495412588119507,6.361878871917725,-1.4240014553070068,3.432321071624756,5,0.4625612497329712,1.818238377571106,0,0,0
monitored,218,11,7.842128753662109,-2.3349499702453613,4.61189603805542,8.228174209594727,-2.6740009784698486,4.52979040145874,5,0.4625612497329712,1.818238377571106,0,0,0
monitored,219,0,7.665762901306152,-0.018173132091760635,5.2136125564575195,7.884000301361084,-0.2076210081577301,5.168482303619385,5,0.46616214513778687,1.8262194395065308,0,0,0
monitored,219,1,9.285725593566895,0.036940619349479675,7.238476753234863,9.644210815429688,-0.2076210081577301,7.095697402954102,5,0.46616214513778687,1.8262194395065308,0,0,0
monitored,219,2,8.270174026489258,2.2314023971557617,6.462155342102051,8.571561813354492,1.9574426412582397,6.453884601593018,5,0.46616214513778687,1.8262194395065308,0,0,0
monitored,219,3,5.993928909301758,2.337289333343506,5.234197616577148,6.426263332366943,1.9574424028396606,5.17025899887085,5,0.46616214513778687,1.8262194395065308,0,0,0
monitored,219,4,4.971212863922119,0.12452451884746552,4.606451511383057,5.35361385345459,-0.207621231675148,4.528446197509766,5,0.46616214513778687,1.8262194395065308,0,0,0
monitored,219,5,6.184988021850586,-2.0983684062957764,5.224813461303711,6.426263809204102,-2.3726847171783447,5.17025899887085,5,0.46616214513778687,1.8262194395065308,0,0,0
monitored,219,6,8.173338890075684,-2.0759499073028564,6.6438446044921875,8.571561813354492,-2.3726847171783447,6.453884601593018,5,0.46616214513778687,1.8262194395065308,0,0,0
monitored,219,7,9.848078727722168,1.2834724187850952,5.726505756378174,10.126970291137695,1.0423790216445923,5.636545181274414,5,0.46616214513778687,1.8262194395065308,0,0,0
monitored,219,8,7.83399772644043,2.6754214763641357,4.616866588592529,8.269087791442871,2.2923789024353027,4.524892807006836,5,0.46616214513778687,1.8262194395065308,0,0,0
monitored,219,9,6.001963138580322,1.390124797821045,3.501262664794922,6.411205291748047,1.0423791408538818,3.413240432739258,5,0.46616214513778687,1.8262194395065308,0,0,0
monitored,219,10,6.104751110076904,-1.1912155151367188,3.4765965938568115,6.411205291748047,-1.457621455192566,3.413240432739258,5,0.46616214513778687,1.8262194395065308,0,0,0
monitored,219,11,7.883020877838135,-2.364581823348999,4.607648849487305,8.269087791442871,-2.7076210975646973,4.524892807006836,5,0.46616214513778687,1.8262194395065308,0,0,0
