delay,background_rate,policy,seed,agents,rounds,capacity_per_agent,useful_expected,useful_processed,useful_fresh,useful_stale,useful_delivery_rate,useful_fresh_rate,stale_useful_rate,background_processed,mean_useful_wait,mean_backlog,max_backlog
0,0.0,fifo_blind,2026073900,12,180,2,4320,4296,4296,0,0.9944444444444445,1.0,0.0,0,1.0,24.0,24
0,0.0,priority_deduplicating,2026073900,12,180,2,4320,4296,4296,0,0.9944444444444445,1.0,0.0,0,1.0,24.0,24
0,0.0,fifo_blind,2026073901,12,180,2,4320,4296,4296,0,0.9944444444444445,1.0,0.0,0,1.0,24.0,24
0,0.0,priority_deduplicating,2026073901,12,180,2,4320,4296,4296,0,0.9944444444444445,1.0,0.0,0,1.0,24.0,24
0,0.0,fifo_blind,2026073902,12,180,2,4320,4296,4296,0,0.9944444444444445,1.0,0.0,0,1.0,24.0,24
0,0.0,priority_deduplicating,2026073902,12,180,2,4320,4296,4296,0,0.9944444444444445,1.0,0.0,0,1.0,24.0,24
0,0.0,fifo_blind,2026073903,12,180,2,4320,4296,4296,0,0.9944444444444445,1.0,0.0,0,1.0,24.0,24
0,0.0,priority_deduplicating,2026073903,12,180,2,4320,4296,4296,0,0.9944444444444445,1.0,0.0,0,1.0,24.0,24
0,0.0,fifo_blind,2026073904,12,180,2,4320,4296,4296,0,0.9944444444444445,1.0,0.0,0,1.0,24.0,24
0,0.0,priority_deduplicating,2026073904,12,180,2,4320,4296,4296,0,0.9944444444444445,1.0,0.0,0,1.0,24.0,24
0,0.0,fifo_blind,2026073905,12,180,2,4320,4296,4296,0,0.9944444444444445,1.0,0.0,0,1.0,24.0,24
0,0.0,priority_deduplicating,2026073905,12,180,2,4320,4296,4296,0,0.9944444444444445,1.0,0.0,0,1.0,24.0,24
0,0.0,fifo_blind,2026073906,12,180,2,4320,4296,4296,0,0.9944444444444445,1.0,0.0,0,1.0,24.0,24
0,0.0,priority_deduplicating,2026073906,12,180,2,4320,4296,4296,0,0.9944444444444445,1.0,0.0,0,1.0,24.0,24
0,0.0,fifo_blind,2026073907,12,180,2,4320,4296,4296,0,0.9944444444444445,1.0,0.0,0,1.0,24.0,24
0,0.0,priority_deduplicating,2026073907,12,180,2,4320,4296,4296,0,0.9944444444444445,1.0,0.0,0,1.0,24.0,24
0,0.0,fifo_blind,2026073908,12,180,2,4320,4296,4296,0,0.9944444444444445,1.0,0.0,0,1.0,24.0,24
0,0.0,priority_deduplicating,2026073908,12,180,2,4320,4296,4296,0,0.9944444444444445,1.0,0.0,0,1.0,24.0,24
0,0.0,fifo_blind,2026073909,12,180,2,4320,4296,4296,0,0.9944444444444445,1.0,0.0,0,1.0,24.0,24
0,0.0,priority_deduplicating,2026073909,12,180,2,4320,4296,4296,0,0.9944444444444445,1.0,0.0,0,1.0,24.0,24
0,0.0,fifo_blind,2026073910,12,180,2,4320,4296,4296,0,0.9944444444444445,1.0,0.0,0,1.0,24.0,24
0,0.0,priority_deduplicating,2026073910,12,180,2,4320,4296,4296,0,0.9944444444444445,1.0,0.0,0,1.0,24.0,24
0,0.0,fifo_blind,2026073911,12,180,2,4320,4296,4296,0,0.9944444444444445,1.0,0.0,0,1.0,24.0,24
0,0.0,priority_deduplicating,2026073911,12,180,2,4320,4296,4296,0,0.9944444444444445,1.0,0.0,0,1.0,24.0,24
0,0.0,fifo_blind,2026073912,12,180,2,4320,4296,4296,0,0.9944444444444445,1.0,0.0,0,1.0,24.0,24
0,0.0,priority_deduplicating,2026073912,12,180,2,4320,4296,4296,0,0.9944444444444445,1.0,0.0,0,1.0,24.0,24
0,0.0,fifo_blind,2026073913,12,180,2,4320,4296,4296,0,0.9944444444444445,1.0,0.0,0,1.0,24.0,24
0,0.0,priority_deduplicating,2026073913,12,180,2,4320,4296,4296,0,0.9944444444444445,1.0,0.0,0,1.0,24.0,24
0,0.0,fifo_blind,2026073914,12,180,2,4320,4296,4296,0,0.9944444444444445,1.0,0.0,0,1.0,24.0,24
0,0.0,priority_deduplicating,2026073914,12,180,2,4320,4296,4296,0,0.9944444444444445,1.0,0.0,0,1.0,24.0,24
0,0.0,fifo_blind,2026073915,12,180,2,4320,4296,4296,0,0.9944444444444445,1.0,0.0,0,1.0,24.0,24
0,0.0,priority_deduplicating,2026073915,12,180,2,4320,4296,4296,0,0.9944444444444445,1.0,0.0,0,1.0,24.0,24
0,0.0,fifo_blind,2026073916,12,180,2,4320,4296,4296,0,0.9944444444444445,1.0,0.0,0,1.0,24.0,24
0,0.0,priority_deduplicating,2026073916,12,180,2,4320,4296,4296,0,0.9944444444444445,1.0,0.0,0,1.0,24.0,24
0,0.0,fifo_blind,2026073917,12,180,2,4320,4296,4296,0,0.9944444444444445,1.0,0.0,0,1.0,24.0,24
0,0.0,priority_deduplicating,2026073917,12,180,2,4320,4296,4296,0,0.9944444444444445,1.0,0.0,0,1.0,24.0,24
0,0.0,fifo_blind,2026073918,12,180,2,4320,4296,4296,0,0.9944444444444445,1.0,0.0,0,1.0,24.0,24
0,0.0,priority_deduplicating,2026073918,12,180,2,4320,4296,4296,0,0.9944444444444445,1.0,0.0,0,1.0,24.0,24
0,0.0,fifo_blind,2026073919,12,180,2,4320,4296,4296,0,0.9944444444444445,1.0,0.0,0,1.0,24.0,24
0,0.0,priority_deduplicating,2026073919,12,180,2,4320,4296,4296,0,0.9944444444444445,1.0,0.0,0,1.0,24.0,24
0,1.0,fifo_blind,2026173900,12,180,2,4320,2852,48,2804,0.6601851851851852,0.016830294530154277,0.9831697054698457,1444,32.036816269284714,1145.6833333333334,2194
0,1.0,priority_deduplicating,2026173900,12,180,2,4320,4296,4296,0,0.9944444444444445,1.0,0.0,0,1.0,1145.6833333333334,2194
0,1.0,fifo_blind,2026173901,12,180,2,4320,2863,48,2815,0.6627314814814815,0.016765630457562,0.983234369542438,1433,29.931540342298288,1109.2444444444445,2212
0,1.0,priority_deduplicating,2026173901,12,180,2,4320,4296,4296,0,0.9944444444444445,1.0,0.0,0,1.0,1109.2444444444445,2212
0,1.0,fifo_blind,2026173902,12,180,2,4320,2858,48,2810,0.6615740740740741,0.016794961511546535,0.9832050384884534,1438,30.2890132960112,1112.3777777777777,2187
0,1.0,priority_deduplicating,2026173902,12,180,2,4320,4296,4296,0,0.9944444444444445,1.0,0.0,0,1.0,1112.3777777777777,2187
0,1.0,fifo_blind,2026173903,12,180,2,4320,2870,42,2828,0.6643518518518519,0.014634146341463415,0.9853658536585366,1426,30.713937282229963,1113.3555555555556,2193
0,1.0,priority_deduplicating,2026173903,12,180,2,4320,4296,4296,0,0.9944444444444445,1.0,0.0,0,1.0,1113.3555555555556,2193
0,1.0,fifo_blind,2026173904,12,180,2,4320,2847,56,2791,0.6590277777777778,0.01966982788900597,0.980330172110994,1449,30.512469265893923,1130.0666666666666,2240
0,1.0,priority_deduplicating,2026173904,12,180,2,4320,4296,4296,0,0.9944444444444445,1.0,0.0,0,1.0,1130.0666666666666,2240
0,1.0,fifo_blind,2026173905,12,180,2,4320,2918,47,2871,0.6754629629629629,0.01610692254969157,0.9838930774503084,1378,29.777930089102124,1069.2888888888888,2123
0,1.0,priority_deduplicating,2026173905,12,180,2,4320,4296,4296,0,0.9944444444444445,1.0,0.0,0,1.0,1069.2888888888888,2123
0,1.0,fifo_blind,2026173906,12,180,2,4320,2887,53,2834,0.6682870370370371,0.018358157256667822,0.9816418427433322,1409,30.463110495323864,1102.3833333333334,2193
0,1.0,priority_deduplicating,2026173906,12,180,2,4320,4296,4296,0,0.9944444444444445,1.0,0.0,0,1.0,1102.3833333333334,2193
0,1.0,fifo_blind,2026173907,12,180,2,4320,2880,56,2824,0.6666666666666666,0.019444444444444445,0.9805555555555555,1416,30.207638888888887,1112.3333333333333,2198
0,1.0,priority_deduplicating,2026173907,12,180,2,4320,4296,4296,0,0.9944444444444445,1.0,0.0,0,1.0,1112.3333333333333,2198
0,1.0,fifo_blind,2026173908,12,180,2,4320,2855,50,2805,0.6608796296296297,0.017513134851138354,0.9824868651488616,1441,31.023467600700524,1134.25,2243
0,1.0,priority_deduplicating,2026173908,12,180,2,4320,4296,4296,0,0.9944444444444445,1.0,0.0,0,1.0,1134.25,2243
0,1.0,fifo_blind,2026173909,12,180,2,4320,2903,61,2842,0.6719907407407407,0.021012745435756115,0.9789872545642438,1393,29.11470892180503,1073.3722222222223,2168
0,1.0,priority_deduplicating,2026173909,12,180,2,4320,4296,4296,0,0.9944444444444445,1.0,0.0,0,1.0,1073.3722222222223,2168
0,1.0,fifo_blind,2026173910,12,180,2,4320,2882,52,2830,0.6671296296296296,0.018043025676613464,0.9819569743233866,1414,30.244274809160306,1093.6666666666667,2145
0,1.0,priority_deduplicating,2026173910,12,180,2,4320,4296,4296,0,0.9944444444444445,1.0,0.0,0,1.0,1093.6666666666667,2145
0,1.0,fifo_blind,2026173911,12,180,2,4320,2880,55,2825,0.6666666666666666,0.019097222222222224,0.9809027777777778,1416,29.90659722222222,1091.9833333333333,2148
0,1.0,priority_deduplicating,2026173911,12,180,2,4320,4296,4296,0,0.9944444444444445,1.0,0.0,0,1.0,1091.9833333333333,2148
0,1.0,fifo_blind,2026173912,12,180,2,4320,2870,51,2819,0.6643518518518519,0.017770034843205575,0.9822299651567944,1426,29.57979094076655,1093.2888888888888,2177
0,1.0,priority_deduplicating,2026173912,12,180,2,4320,4296,4296,0,0.9944444444444445,1.0,0.0,0,1.0,1093.2888888888888,2177
0,1.0,fifo_blind,2026173913,12,180,2,4320,2854,55,2799,0.6606481481481481,0.019271198318149965,0.9807288016818501,1442,30.379117028731606,1116.4833333333333,2189
0,1.0,priority_deduplicating,2026173913,12,180,2,4320,4296,4296,0,0.9944444444444445,1.0,0.0,0,1.0,1116.4833333333333,2189
0,1.0,fifo_blind,2026173914,12,180,2,4320,2893,46,2847,0.669675925925926,0.015900449360525405,0.9840995506394746,1403,30.47182855167646,1100.8722222222223,2170
0,1.0,priority_deduplicating,2026173914,12,180,2,4320,4296,4296,0,0.9944444444444445,1.0,0.0,0,1.0,1100.8722222222223,2170
0,1.0,fifo_blind,2026173915,12,180,2,4320,2822,54,2768,0.6532407407407408,0.01913536498936924,0.9808646350106307,1474,32.05988660524451,1162.4777777777779,2218
0,1.0,priority_deduplicating,2026173915,12,180,2,4320,4296,4296,0,0.9944444444444445,1.0,0.0,0,1.0,1162.4777777777779,2218
0,1.0,fifo_blind,2026173916,12,180,2,4320,2884,58,2826,0.6675925925925926,0.02011095700416089,0.9798890429958391,1412,30.2250346740638,1089.1333333333334,2145
0,1.0,priority_deduplicating,2026173916,12,180,2,4320,4296,4296,0,0.9944444444444445,1.0,0.0,0,1.0,1089.1333333333334,2145
0,1.0,fifo_blind,2026173917,12,180,2,4320,2823,43,2780,0.6534722222222222,0.015232022670917464,0.9847679773290825,1473,33.16365568544102,1190.3777777777777,2253
0,1.0,priority_deduplicating,2026173917,12,180,2,4320,4296,4296,0,0.9944444444444445,1.0,0.0,0,1.0,1190.3777777777777,2253
0,1.0,fifo_blind,2026173918,12,180,2,4320,2900,52,2848,0.6712962962962963,0.01793103448275862,0.9820689655172414,1396,30.48896551724138,1084.4444444444443,2130
0,1.0,priority_deduplicating,2026173918,12,180,2,4320,4296,4296,0,0.9944444444444445,1.0,0.0,0,1.0,1084.4444444444443,2130
0,1.0,fifo_blind,2026173919,12,180,2,4320,2849,42,2807,0.6594907407407408,0.014742014742014743,0.9852579852579852,1447,31.002457002457003,1131.4944444444445,2207
0,1.0,priority_deduplicating,2026173919,12,180,2,4320,4296,4296,0,0.9944444444444445,1.0,0.0,0,1.0,1131.4944444444445,2207
0,2.0,fifo_blind,2026273900,12,180,2,4320,2116,28,2088,0.4898148148148148,0.013232514177693762,0.9867674858223062,2180,45.9640831758034,2238.927777777778,4369
0,2.0,priority_deduplicating,2026273900,12,180,2,4320,4296,4296,0,0.9944444444444445,1.0,0.0,0,1.0,2238.927777777778,4369
0,2.0,fifo_blind,2026273901,12,180,2,4320,2161,31,2130,0.5002314814814814,0.014345210550670985,0.985654789449329,2135,44.391485423415084,2183.1666666666665,4345
0,2.0,priority_deduplicating,2026273901,12,180,2,4320,4296,4296,0,0.9944444444444445,1.0,0.0,0,1.0,2183.1666666666665,4345
0,2.0,fifo_blind,2026273902,12,180,2,4320,2199,29,2170,0.5090277777777777,0.01318781264211005,0.98681218735789,2097,44.441109595270575,2159.3944444444446,4384
0,2.0,priority_deduplicating,2026273902,12,180,2,4320,4296,4296,0,0.9944444444444445,1.0,0.0,0,1.0,2159.3944444444446,4384
0,2.0,fifo_blind,2026273903,12,180,2,4320,2173,28,2145,0.5030092592592592,0.012885411872986655,0.9871145881270134,2123,44.57109986194202,2168.9444444444443,4350
0,2.0,priority_deduplicating,2026273903,12,180,2,4320,4296,4296,0,0.9944444444444445,1.0,0.0,0,1.0,2168.9444444444443,4350
0,2.0,fifo_blind,2026273904,12,180,2,4320,2139,32,2107,0.4951388888888889,0.014960261804581581,0.9850397381954185,2157,45.277232351566155,2231.3444444444444,4400
0,2.0,priority_deduplicating,2026273904,12,180,2,4320,4296,4296,0,0.9944444444444445,1.0,0.0,0,1.0,2231.3444444444444,4400
0,2.0,fifo_blind,2026273905,12,180,2,4320,2178,39,2139,0.5041666666666667,0.01790633608815427,0.9820936639118457,2118,42.554178145087235,2135.761111111111,4292
0,2.0,priority_deduplicating,2026273905,12,180,2,4320,4296,4296,0,0.9944444444444445,1.0,0.0,0,1.0,2135.761111111111,4292
0,2.0,fifo_blind,2026273906,12,180,2,4320,2147,32,2115,0.49699074074074073,0.014904517931998137,0.9850954820680019,2149,45.179785747554725,2231.261111111111,4468
0,2.0,priority_deduplicating,2026273906,12,180,2,4320,4296,4296,0,0.9944444444444445,1.0,0.0,0,1.0,2231.261111111111,4468
0,2.0,fifo_blind,2026273907,12,180,2,4320,2143,33,2110,0.4960648148148148,0.015398973401773215,0.9846010265982268,2153,45.5095660289314,2216.9777777777776,4376
0,2.0,priority_deduplicating,2026273907,12,180,2,4320,4296,4296,0,0.9944444444444445,1.0,0.0,0,1.0,2216.9777777777776,4376
0,2.0,fifo_blind,2026273908,12,180,2,4320,2162,28,2134,0.500462962962963,0.012950971322849213,0.9870490286771508,2134,44.89870490286771,2181.7833333333333,4331
0,2.0,priority_deduplicating,2026273908,12,180,2,4320,4296,4296,0,0.9944444444444445,1.0,0.0,0,1.0,2181.7833333333333,4331
0,2.0,fifo_blind,2026273909,12,180,2,4320,2095,28,2067,0.4849537037037037,0.013365155131264916,0.9866348448687351,2201,46.83007159904535,2286.266666666667,4442
0,2.0,priority_deduplicating,2026273909,12,180,2,4320,4296,4296,0,0.9944444444444445,1.0,0.0,0,1.0,2286.266666666667,4442
0,2.0,fifo_blind,2026273910,12,180,2,4320,2133,34,2099,0.49375,0.015939990623534926,0.9840600093764651,2163,45.58227848101266,2189.7,4251
0,2.0,priority_deduplicating,2026273910,12,180,2,4320,4296,4296,0,0.9944444444444445,1.0,0.0,0,1.0,2189.7,4251
0,2.0,fifo_blind,2026273911,12,180,2,4320,2177,35,2142,0.5039351851851852,0.01607717041800643,0.9839228295819936,2119,44.14745062011943,2154.2055555555557,4328
0,2.0,priority_deduplicating,2026273911,12,180,2,4320,4296,4296,0,0.9944444444444445,1.0,0.0,0,1.0,2154.2055555555557,4328
0,2.0,fifo_blind,2026273912,12,180,2,4320,2178,32,2146,0.5041666666666667,0.014692378328741965,0.9853076216712581,2118,44.910927456382005,2160.3888888888887,4297
0,2.0,priority_deduplicating,2026273912,12,180,2,4320,4296,4296,0,0.9944444444444445,1.0,0.0,0,1.0,2160.3888888888887,4297
0,2.0,fifo_blind,2026273913,12,180,2,4320,2163,29,2134,0.5006944444444444,0.013407304669440592,0.9865926953305594,2133,44.39435968562182,2174.4944444444445,4337
0,2.0,priority_deduplicating,2026273913,12,180,2,4320,4296,4296,0,0.9944444444444445,1.0,0.0,0,1.0,2174.4944444444445,4337
0,2.0,fifo_blind,2026273914,12,180,2,4320,2160,32,2128,0.5,0.014814814814814815,0.9851851851851852,2136,45.491203703703704,2200.0333333333333,4372
0,2.0,priority_deduplicating,2026273914,12,180,2,4320,4296,4296,0,0.9944444444444445,1.0,0.0,0,1.0,2200.0333333333333,4372
0,2.0,fifo_blind,2026273915,12,180,2,4320,2154,33,2121,0.4986111111111111,0.01532033426183844,0.9846796657381616,2142,46.35654596100279,2214.5444444444443,4325
0,2.0,priority_deduplicating,2026273915,12,180,2,4320,4296,4296,0,0.9944444444444445,1.0,0.0,0,1.0,2214.5444444444443,4325
0,2.0,fifo_blind,2026273916,12,180,2,4320,2154,30,2124,0.4986111111111111,0.013927576601671309,0.9860724233983287,2142,45.363509749303624,2189.366666666667,4334
0,2.0,priority_deduplicating,2026273916,12,180,2,4320,4296,4296,0,0.9944444444444445,1.0,0.0,0,1.0,2189.366666666667,4334
0,2.0,fifo_blind,2026273917,12,180,2,4320,2140,39,2101,0.49537037037037035,0.01822429906542056,0.9817757009345794,2156,45.97663551401869,2226.516666666667,4373
0,2.0,priority_deduplicating,2026273917,12,180,2,4320,4296,4296,0,0.9944444444444445,1.0,0.0,0,1.0,2226.516666666667,4373
0,2.0,fifo_blind,2026273918,12,180,2,4320,2156,32,2124,0.49907407407407406,0.014842300556586271,0.9851576994434137,2140,44.70547309833024,2179.4055555555556,4300
0,2.0,priority_deduplicating,2026273918,12,180,2,4320,4296,4296,0,0.9944444444444445,1.0,0.0,0,1.0,2179.4055555555556,4300
0,2.0,fifo_blind,2026273919,12,180,2,4320,2156,31,2125,0.49907407407407406,0.01437847866419295,0.985621521335807,2140,45.1530612244898,2180.5666666666666,4342
0,2.0,priority_deduplicating,2026273919,12,180,2,4320,4296,4296,0,0.9944444444444445,1.0,0.0,0,1.0,2180.5666666666666,4342
0,4.0,fifo_blind,2026473900,12,180,2,4320,1449,27,1422,0.33541666666666664,0.018633540372670808,0.9813664596273292,2847,58.82608695652174,4334.561111111111,8661
0,4.0,priority_deduplicating,2026473900,12,180,2,4320,4296,4296,0,0.9944444444444445,1.0,0.0,0,1.0,4334.561111111111,8661
0,4.0,fifo_blind,2026473901,12,180,2,4320,1429,25,1404,0.33078703703703705,0.01749475157452764,0.9825052484254724,2867,59.88453463960812,4440.627777777778,8778
0,4.0,priority_deduplicating,2026473901,12,180,2,4320,4296,4296,0,0.9944444444444445,1.0,0.0,0,1.0,4440.627777777778,8778
0,4.0,fifo_blind,2026473902,12,180,2,4320,1431,24,1407,0.33125,0.016771488469601678,0.9832285115303984,2865,60.25925925925926,4384.883333333333,8717
0,4.0,priority_deduplicating,2026473902,12,180,2,4320,4296,4296,0,0.9944444444444445,1.0,0.0,0,1.0,4384.883333333333,8717
0,4.0,fifo_blind,2026473903,12,180,2,4320,1446,26,1420,0.3347222222222222,0.017980636237897647,0.9820193637621023,2850,61.14107883817427,4354.105555555556,8629
0,4.0,priority_deduplicating,2026473903,12,180,2,4320,4296,4296,0,0.9944444444444445,1.0,0.0,0,1.0,4354.105555555556,8629
0,4.0,fifo_blind,2026473904,12,180,2,4320,1450,25,1425,0.33564814814814814,0.017241379310344827,0.9827586206896551,2846,59.28068965517242,4289.372222222222,8501
0,4.0,priority_deduplicating,2026473904,12,180,2,4320,4296,4296,0,0.9944444444444445,1.0,0.0,0,1.0,4289.372222222222,8501
0,4.0,fifo_blind,2026473905,12,180,2,4320,1447,24,1423,0.3349537037037037,0.0165860400829302,0.9834139599170698,2849,60.20110573600553,4338.927777777778,8606
0,4.0,priority_deduplicating,2026473905,12,180,2,4320,4296,4296,0,0.9944444444444445,1.0,0.0,0,1.0,4338.927777777778,8606
0,4.0,fifo_blind,2026473906,12,180,2,4320,1413,24,1389,0.32708333333333334,0.016985138004246284,0.9830148619957537,2883,60.98584571832979,4408.05,8652
0,4.0,priority_deduplicating,2026473906,12,180,2,4320,4296,4296,0,0.9944444444444445,1.0,0.0,0,1.0,4408.05,8652
0,4.0,fifo_blind,2026473907,12,180,2,4320,1444,24,1420,0.33425925925925926,0.01662049861495845,0.9833795013850416,2852,59.49445983379501,4378.227777777778,8726
0,4.0,priority_deduplicating,2026473907,12,180,2,4320,4296,4296,0,0.9944444444444445,1.0,0.0,0,1.0,4378.227777777778,8726
0,4.0,fifo_blind,2026473908,12,180,2,4320,1444,24,1420,0.33425925925925926,0.01662049861495845,0.9833795013850416,2852,59.34002770083102,4354.061111111111,8622
0,4.0,priority_deduplicating,2026473908,12,180,2,4320,4296,4296,0,0.9944444444444445,1.0,0.0,0,1.0,4354.061111111111,8622
0,4.0,fifo_blind,2026473909,12,180,2,4320,1441,25,1416,0.3335648148148148,0.01734906315058987,0.9826509368494102,2855,59.28383067314365,4350.572222222222,8594
0,4.0,priority_deduplicating,2026473909,12,180,2,4320,4296,4296,0,0.9944444444444445,1.0,0.0,0,1.0,4350.572222222222,8594
0,4.0,fifo_blind,2026473910,12,180,2,4320,1443,25,1418,0.33402777777777776,0.017325017325017324,0.9826749826749827,2853,60.43173943173943,4343.9111111111115,8523
0,4.0,priority_deduplicating,2026473910,12,180,2,4320,4296,4296,0,0.9944444444444445,1.0,0.0,0,1.0,4343.9111111111115,8523
0,4.0,fifo_blind,2026473911,12,180,2,4320,1451,25,1426,0.33587962962962964,0.01722949689869056,0.9827705031013094,2845,60.64782908339077,4355.388888888889,8622
0,4.0,priority_deduplicating,2026473911,12,180,2,4320,4296,4296,0,0.9944444444444445,1.0,0.0,0,1.0,4355.388888888889,8622
0,4.0,fifo_blind,2026473912,12,180,2,4320,1455,27,1428,0.3368055555555556,0.018556701030927835,0.9814432989690721,2841,60.00687285223368,4359.205555555555,8683
0,4.0,priority_deduplicating,2026473912,12,180,2,4320,4296,4296,0,0.9944444444444445,1.0,0.0,0,1.0,4359.205555555555,8683
0,4.0,fifo_blind,2026473913,12,180,2,4320,1465,29,1436,0.33912037037037035,0.019795221843003412,0.9802047781569966,2831,60.129692832764505,4260.205555555555,8408
0,4.0,priority_deduplicating,2026473913,12,180,2,4320,4296,4296,0,0.9944444444444445,1.0,0.0,0,1.0,4260.205555555555,8408
0,4.0,fifo_blind,2026473914,12,180,2,4320,1465,24,1441,0.33912037037037035,0.016382252559726963,0.9836177474402731,2831,59.99317406143345,4264.094444444445,8492
0,4.0,priority_deduplicating,2026473914,12,180,2,4320,4296,4296,0,0.9944444444444445,1.0,0.0,0,1.0,4264.094444444445,8492
0,4.0,fifo_blind,2026473915,12,180,2,4320,1407,24,1383,0.32569444444444445,0.017057569296375266,0.9829424307036247,2889,60.350390902629705,4477.555555555556,8804
0,4.0,priority_deduplicating,2026473915,12,180,2,4320,4296,4296,0,0.9944444444444445,1.0,0.0,0,1.0,4477.555555555556,8804
0,4.0,fifo_blind,2026473916,12,180,2,4320,1449,26,1423,0.33541666666666664,0.017943409247757072,0.9820565907522429,2847,59.196687370600415,4419.988888888889,8831
0,4.0,priority_deduplicating,2026473916,12,180,2,4320,4296,4296,0,0.9944444444444445,1.0,0.0,0,1.0,4419.988888888889,8831
0,4.0,fifo_blind,2026473917,12,180,2,4320,1446,25,1421,0.3347222222222222,0.017289073305670817,0.9827109266943291,2850,60.475103734439834,4352.327777777778,8694
0,4.0,priority_deduplicating,2026473917,12,180,2,4320,4296,4296,0,0.9944444444444445,1.0,0.0,0,1.0,4352.327777777778,8694
0,4.0,fifo_blind,2026473918,12,180,2,4320,1448,24,1424,0.3351851851851852,0.016574585635359115,0.9834254143646409,2848,59.87223756906077,4366.2444444444445,8650
0,4.0,priority_deduplicating,2026473918,12,180,2,4320,4296,4296,0,0.9944444444444445,1.0,0.0,0,1.0,4366.2444444444445,8650
0,4.0,fifo_blind,2026473919,12,180,2,4320,1422,24,1398,0.32916666666666666,0.016877637130801686,0.9831223628691983,2874,59.21729957805907,4441.122222222222,8834
0,4.0,priority_deduplicating,2026473919,12,180,2,4320,4296,4296,0,0.9944444444444445,1.0,0.0,0,1.0,4441.122222222222,8834
0,8.0,fifo_blind,2026873900,12,180,2,4320,859,24,835,0.1988425925925926,0.027939464493597205,0.9720605355064028,3437,71.05238649592549,8713.155555555555,17304
0,8.0,priority_deduplicating,2026873900,12,180,2,4320,4296,4296,0,0.9944444444444445,1.0,0.0,0,1.0,8713.155555555555,17304
0,8.0,fifo_blind,2026873901,12,180,2,4320,869,24,845,0.2011574074074074,0.02761795166858458,0.9723820483314154,3427,70.14614499424626,8679.822222222223,17228
0,8.0,priority_deduplicating,2026873901,12,180,2,4320,4296,4296,0,0.9944444444444445,1.0,0.0,0,1.0,8679.822222222223,17228
0,8.0,fifo_blind,2026873902,12,180,2,4320,868,24,844,0.20092592592592592,0.027649769585253458,0.9723502304147466,3428,71.87096774193549,8691.25,17307
0,8.0,priority_deduplicating,2026873902,12,180,2,4320,4296,4296,0,0.9944444444444445,1.0,0.0,0,1.0,8691.25,17307
0,8.0,fifo_blind,2026873903,12,180,2,4320,865,24,841,0.20023148148148148,0.027745664739884393,0.9722543352601156,3431,72.21734104046243,8662.894444444444,17135
0,8.0,priority_deduplicating,2026873903,12,180,2,4320,4296,4296,0,0.9944444444444445,1.0,0.0,0,1.0,8662.894444444444,17135
0,8.0,fifo_blind,2026873904,12,180,2,4320,848,24,824,0.1962962962962963,0.02830188679245283,0.9716981132075472,3448,71.16391509433963,8838.777777777777,17443
0,8.0,priority_deduplicating,2026873904,12,180,2,4320,4296,4296,0,0.9944444444444445,1.0,0.0,0,1.0,8838.777777777777,17443
0,8.0,fifo_blind,2026873905,12,180,2,4320,875,24,851,0.2025462962962963,0.027428571428571427,0.9725714285714285,3421,71.32685714285714,8656.994444444445,17220
0,8.0,priority_deduplicating,2026873905,12,180,2,4320,4296,4296,0,0.9944444444444445,1.0,0.0,0,1.0,8656.994444444445,17220
0,8.0,fifo_blind,2026873906,12,180,2,4320,879,24,855,0.20347222222222222,0.027303754266211604,0.9726962457337884,3417,71.26621160409556,8601.261111111111,17187
0,8.0,priority_deduplicating,2026873906,12,180,2,4320,4296,4296,0,0.9944444444444445,1.0,0.0,0,1.0,8601.261111111111,17187
0,8.0,fifo_blind,2026873907,12,180,2,4320,876,24,852,0.20277777777777778,0.0273972602739726,0.9726027397260274,3420,70.75456621004567,8690.211111111112,17269
0,8.0,priority_deduplicating,2026873907,12,180,2,4320,4296,4296,0,0.9944444444444445,1.0,0.0,0,1.0,8690.211111111112,17269
0,8.0,fifo_blind,2026873908,12,180,2,4320,863,24,839,0.1997685185185185,0.027809965237543453,0.9721900347624566,3433,71.15063731170336,8718.366666666667,17265
0,8.0,priority_deduplicating,2026873908,12,180,2,4320,4296,4296,0,0.9944444444444445,1.0,0.0,0,1.0,8718.366666666667,17265
0,8.0,fifo_blind,2026873909,12,180,2,4320,867,24,843,0.20069444444444445,0.02768166089965398,0.972318339100346,3429,70.77047289504037,8719.883333333333,17298
0,8.0,priority_deduplicating,2026873909,12,180,2,4320,4296,4296,0,0.9944444444444445,1.0,0.0,0,1.0,8719.883333333333,17298
0,8.0,fifo_blind,2026873910,12,180,2,4320,864,24,840,0.2,0.027777777777777776,0.9722222222222222,3432,70.53819444444444,8790.583333333334,17463
0,8.0,priority_deduplicating,2026873910,12,180,2,4320,4296,4296,0,0.9944444444444445,1.0,0.0,0,1.0,8790.583333333334,17463
0,8.0,fifo_blind,2026873911,12,180,2,4320,871,24,847,0.20162037037037037,0.027554535017221583,0.9724454649827784,3425,71.97588978185993,8715.927777777777,17380
0,8.0,priority_deduplicating,2026873911,12,180,2,4320,4296,4296,0,0.9944444444444445,1.0,0.0,0,1.0,8715.927777777777,17380
0,8.0,fifo_blind,2026873912,12,180,2,4320,849,24,825,0.19652777777777777,0.028268551236749116,0.9717314487632509,3447,71.78916372202592,8779.91111111111,17257
0,8.0,priority_deduplicating,2026873912,12,180,2,4320,4296,4296,0,0.9944444444444445,1.0,0.0,0,1.0,8779.91111111111,17257
0,8.0,fifo_blind,2026873913,12,180,2,4320,867,24,843,0.20069444444444445,0.02768166089965398,0.972318339100346,3429,70.42560553633218,8806.016666666666,17461
0,8.0,priority_deduplicating,2026873913,12,180,2,4320,4296,4296,0,0.9944444444444445,1.0,0.0,0,1.0,8806.016666666666,17461
0,8.0,fifo_blind,2026873914,12,180,2,4320,850,24,826,0.19675925925925927,0.02823529411764706,0.971764705882353,3446,71.7,8824.9,17361
0,8.0,priority_deduplicating,2026873914,12,180,2,4320,4296,4296,0,0.9944444444444445,1.0,0.0,0,1.0,8824.9,17361
0,8.0,fifo_blind,2026873915,12,180,2,4320,866,24,842,0.20046296296296295,0.02771362586605081,0.9722863741339491,3430,72.10277136258661,8693.116666666667,17383
0,8.0,priority_deduplicating,2026873915,12,180,2,4320,4296,4296,0,0.9944444444444445,1.0,0.0,0,1.0,8693.116666666667,17383
0,8.0,fifo_blind,2026873916,12,180,2,4320,882,24,858,0.20416666666666666,0.027210884353741496,0.9727891156462585,3414,72.39795918367346,8696.011111111111,17368
0,8.0,priority_deduplicating,2026873916,12,180,2,4320,4296,4296,0,0.9944444444444445,1.0,0.0,0,1.0,8696.011111111111,17368
0,8.0,fifo_blind,2026873917,12,180,2,4320,897,24,873,0.2076388888888889,0.026755852842809364,0.9732441471571907,3399,70.47714604236343,8619.08888888889,17181
0,8.0,priority_deduplicating,2026873917,12,180,2,4320,4296,4296,0,0.9944444444444445,1.0,0.0,0,1.0,8619.08888888889,17181
0,8.0,fifo_blind,2026873918,12,180,2,4320,883,24,859,0.20439814814814813,0.027180067950169876,0.9728199320498301,3413,71.64439411098527,8632.788888888888,17258
0,8.0,priority_deduplicating,2026873918,12,180,2,4320,4296,4296,0,0.9944444444444445,1.0,0.0,0,1.0,8632.788888888888,17258
0,8.0,fifo_blind,2026873919,12,180,2,4320,879,24,855,0.20347222222222222,0.027303754266211604,0.9726962457337884,3417,70.48577929465301,8630.727777777778,17329
0,8.0,priority_deduplicating,2026873919,12,180,2,4320,4296,4296,0,0.9944444444444445,1.0,0.0,0,1.0,8630.727777777778,17329
1,0.0,fifo_blind,2026173900,12,180,2,4320,4296,4296,0,0.9944444444444445,1.0,0.0,0,1.0,24.0,24
1,0.0,priority_deduplicating,2026173900,12,180,2,4320,4296,4296,0,0.9944444444444445,1.0,0.0,0,1.0,24.0,24
1,0.0,fifo_blind,2026173901,12,180,2,4320,4296,4296,0,0.9944444444444445,1.0,0.0,0,1.0,24.0,24
1,0.0,priority_deduplicating,2026173901,12,180,2,4320,4296,4296,0,0.9944444444444445,1.0,0.0,0,1.0,24.0,24
1,0.0,fifo_blind,2026173902,12,180,2,4320,4296,4296,0,0.9944444444444445,1.0,0.0,0,1.0,24.0,24
1,0.0,priority_deduplicating,2026173902,12,180,2,4320,4296,4296,0,0.9944444444444445,1.0,0.0,0,1.0,24.0,24
1,0.0,fifo_blind,2026173903,12,180,2,4320,4296,4296,0,0.9944444444444445,1.0,0.0,0,1.0,24.0,24
1,0.0,priority_deduplicating,2026173903,12,180,2,4320,4296,4296,0,0.9944444444444445,1.0,0.0,0,1.0,24.0,24
1,0.0,fifo_blind,2026173904,12,180,2,4320,4296,4296,0,0.9944444444444445,1.0,0.0,0,1.0,24.0,24
1,0.0,priority_deduplicating,2026173904,12,180,2,4320,4296,4296,0,0.9944444444444445,1.0,0.0,0,1.0,24.0,24
1,0.0,fifo_blind,2026173905,12,180,2,4320,4296,4296,0,0.9944444444444445,1.0,0.0,0,1.0,24.0,24
1,0.0,priority_deduplicating,2026173905,12,180,2,4320,4296,4296,0,0.9944444444444445,1.0,0.0,0,1.0,24.0,24
1,0.0,fifo_blind,2026173906,12,180,2,4320,4296,4296,0,0.9944444444444445,1.0,0.0,0,1.0,24.0,24
1,0.0,priority_deduplicating,2026173906,12,180,2,4320,4296,4296,0,0.9944444444444445,1.0,0.0,0,1.0,24.0,24
1,0.0,fifo_blind,2026173907,12,180,2,4320,4296,4296,0,0.9944444444444445,1.0,0.0,0,1.0,24.0,24
1,0.0,priority_deduplicating,2026173907,12,180,2,4320,4296,4296,0,0.9944444444444445,1.0,0.0,0,1.0,24.0,24
1,0.0,fifo_blind,2026173908,12,180,2,4320,4296,4296,0,0.9944444444444445,1.0,0.0,0,1.0,24.0,24
1,0.0,priority_deduplicating,2026173908,12,180,2,4320,4296,4296,0,0.9944444444444445,1.0,0.0,0,1.0,24.0,24
1,0.0,fifo_blind,2026173909,12,180,2,4320,4296,4296,0,0.9944444444444445,1.0,0.0,0,1.0,24.0,24
1,0.0,priority_deduplicating,2026173909,12,180,2,4320,4296,4296,0,0.9944444444444445,1.0,0.0,0,1.0,24.0,24
1,0.0,fifo_blind,2026173910,12,180,2,4320,4296,4296,0,0.9944444444444445,1.0,0.0,0,1.0,24.0,24
1,0.0,priority_deduplicating,2026173910,12,180,2,4320,4296,4296,0,0.9944444444444445,1.0,0.0,0,1.0,24.0,24
1,0.0,fifo_blind,2026173911,12,180,2,4320,4296,4296,0,0.9944444444444445,1.0,0.0,0,1.0,24.0,24
1,0.0,priority_deduplicating,2026173911,12,180,2,4320,4296,4296,0,0.9944444444444445,1.0,0.0,0,1.0,24.0,24
1,0.0,fifo_blind,2026173912,12,180,2,4320,4296,4296,0,0.9944444444444445,1.0,0.0,0,1.0,24.0,24
1,0.0,priority_deduplicating,2026173912,12,180,2,4320,4296,4296,0,0.9944444444444445,1.0,0.0,0,1.0,24.0,24
1,0.0,fifo_blind,2026173913,12,180,2,4320,4296,4296,0,0.9944444444444445,1.0,0.0,0,1.0,24.0,24
1,0.0,priority_deduplicating,2026173913,12,180,2,4320,4296,4296,0,0.9944444444444445,1.0,0.0,0,1.0,24.0,24
1,0.0,fifo_blind,2026173914,12,180,2,4320,4296,4296,0,0.9944444444444445,1.0,0.0,0,1.0,24.0,24
1,0.0,priority_deduplicating,2026173914,12,180,2,4320,4296,4296,0,0.9944444444444445,1.0,0.0,0,1.0,24.0,24
1,0.0,fifo_blind,2026173915,12,180,2,4320,4296,4296,0,0.9944444444444445,1.0,0.0,0,1.0,24.0,24
1,0.0,priority_deduplicating,2026173915,12,180,2,4320,4296,4296,0,0.9944444444444445,1.0,0.0,0,1.0,24.0,24
1,0.0,fifo_blind,2026173916,12,180,2,4320,4296,4296,0,0.9944444444444445,1.0,0.0,0,1.0,24.0,24
1,0.0,priority_deduplicating,2026173916,12,180,2,4320,4296,4296,0,0.9944444444444445,1.0,0.0,0,1.0,24.0,24
1,0.0,fifo_blind,2026173917,12,180,2,4320,4296,4296,0,0.9944444444444445,1.0,0.0,0,1.0,24.0,24
1,0.0,priority_deduplicating,2026173917,12,180,2,4320,4296,4296,0,0.9944444444444445,1.0,0.0,0,1.0,24.0,24
1,0.0,fifo_blind,2026173918,12,180,2,4320,4296,4296,0,0.9944444444444445,1.0,0.0,0,1.0,24.0,24
1,0.0,priority_deduplicating,2026173918,12,180,2,4320,4296,4296,0,0.9944444444444445,1.0,0.0,0,1.0,24.0,24
1,0.0,fifo_blind,2026173919,12,180,2,4320,4296,4296,0,0.9944444444444445,1.0,0.0,0,1.0,24.0,24
1,0.0,priority_deduplicating,2026173919,12,180,2,4320,4296,4296,0,0.9944444444444445,1.0,0.0,0,1.0,24.0,24
1,1.0,fifo_blind,2026273900,12,180,2,4320,2844,49,2795,0.6583333333333333,0.017229254571026722,0.9827707454289732,1452,30.849507735583686,1129.0722222222223,2185
1,1.0,priority_deduplicating,2026273900,12,180,2,4320,4296,4296,0,0.9944444444444445,1.0,0.0,0,1.0,1129.0722222222223,2185
1,1.0,fifo_blind,2026273901,12,180,2,4320,2861,45,2816,0.6622685185185185,0.015728766165676335,0.9842712338343237,1435,30.935686822789233,1127.3,2219
1,1.0,priority_deduplicating,2026273901,12,180,2,4320,4296,4296,0,0.9944444444444445,1.0,0.0,0,1.0,1127.3,2219
1,1.0,fifo_blind,2026273902,12,180,2,4320,2886,48,2838,0.6680555555555555,0.016632016632016633,0.9833679833679834,1410,29.901593901593902,1079.338888888889,2114
1,1.0,priority_deduplicating,2026273902,12,180,2,4320,4296,4296,0,0.9944444444444445,1.0,0.0,0,1.0,1079.338888888889,2114
1,1.0,fifo_blind,2026273903,12,180,2,4320,2878,37,2841,0.6662037037037037,0.012856150104239055,0.987143849895761,1418,30.10145934676859,1098.7166666666667,2175
1,1.0,priority_deduplicating,2026273903,12,180,2,4320,4296,4296,0,0.9944444444444445,1.0,0.0,0,1.0,1098.7166666666667,2175
1,1.0,fifo_blind,2026273904,12,180,2,4320,2875,49,2826,0.6655092592592593,0.017043478260869566,0.9829565217391304,1421,30.605565217391305,1108.3666666666666,2168
1,1.0,priority_deduplicating,2026273904,12,180,2,4320,4296,4296,0,0.9944444444444445,1.0,0.0,0,1.0,1108.3666666666666,2168
1,1.0,fifo_blind,2026273905,12,180,2,4320,2888,57,2831,0.6685185185185185,0.019736842105263157,0.9802631578947368,1408,28.599030470914126,1078.75,2230
1,1.0,priority_deduplicating,2026273905,12,180,2,4320,4296,4296,0,0.9944444444444445,1.0,0.0,0,1.0,1078.75,2230
1,1.0,fifo_blind,2026273906,12,180,2,4320,2864,55,2809,0.662962962962963,0.01920391061452514,0.9807960893854749,1432,30.348463687150836,1115.6222222222223,2205
1,1.0,priority_deduplicating,2026273906,12,180,2,4320,4296,4296,0,0.9944444444444445,1.0,0.0,0,1.0,1115.6222222222223,2205
1,1.0,fifo_blind,2026273907,12,180,2,4320,2857,44,2813,0.6613425925925925,0.015400770038501925,0.9845992299614981,1439,30.697234861743087,1122.65,2222
1,1.0,priority_deduplicating,2026273907,12,180,2,4320,4296,4296,0,0.9944444444444445,1.0,0.0,0,1.0,1122.65,2222
1,1.0,fifo_blind,2026273908,12,180,2,4320,2909,63,2846,0.6733796296296296,0.021656926778961843,0.9783430732210382,1387,29.741148160880027,1071.9222222222222,2128
1,1.0,priority_deduplicating,2026273908,12,180,2,4320,4296,4296,0,0.9944444444444445,1.0,0.0,0,1.0,1071.9222222222222,2128
1,1.0,fifo_blind,2026273909,12,180,2,4320,2847,47,2800,0.6590277777777778,0.01650860554970144,0.9834913944502985,1449,31.099402880224797,1134.5722222222223,2207
1,1.0,priority_deduplicating,2026273909,12,180,2,4320,4296,4296,0,0.9944444444444445,1.0,0.0,0,1.0,1134.5722222222223,2207
1,1.0,fifo_blind,2026273910,12,180,2,4320,2874,42,2832,0.6652777777777777,0.014613778705636743,0.9853862212943633,1422,30.643354210160055,1104.8333333333333,2096
1,1.0,priority_deduplicating,2026273910,12,180,2,4320,4296,4296,0,0.9944444444444445,1.0,0.0,0,1.0,1104.8333333333333,2096
1,1.0,fifo_blind,2026273911,12,180,2,4320,2909,58,2851,0.6733796296296296,0.019938123066345823,0.9800618769336542,1387,29.897903059470607,1067.338888888889,2086
1,1.0,priority_deduplicating,2026273911,12,180,2,4320,4296,4296,0,0.9944444444444445,1.0,0.0,0,1.0,1067.338888888889,2086
1,1.0,fifo_blind,2026273912,12,180,2,4320,2881,51,2830,0.6668981481481482,0.01770218674071503,0.982297813259285,1415,30.234987851440472,1093.5722222222223,2156
1,1.0,priority_deduplicating,2026273912,12,180,2,4320,4296,4296,0,0.9944444444444445,1.0,0.0,0,1.0,1093.5722222222223,2156
1,1.0,fifo_blind,2026273913,12,180,2,4320,2873,50,2823,0.6650462962962963,0.01740341106856944,0.9825965889314305,1423,30.67177166724678,1112.0833333333333,2195
1,1.0,priority_deduplicating,2026273913,12,180,2,4320,4296,4296,0,0.9944444444444445,1.0,0.0,0,1.0,1112.0833333333333,2195
1,1.0,fifo_blind,2026273914,12,180,2,4320,2871,52,2819,0.6645833333333333,0.018112156043190525,0.9818878439568095,1425,30.507140369209335,1113.5222222222221,2197
1,1.0,priority_deduplicating,2026273914,12,180,2,4320,4296,4296,0,0.9944444444444445,1.0,0.0,0,1.0,1113.5222222222221,2197
1,1.0,fifo_blind,2026273915,12,180,2,4320,2838,56,2782,0.6569444444444444,0.019732205778717406,0.9802677942212826,1458,31.729034531360114,1148.1888888888889,2227
1,1.0,priority_deduplicating,2026273915,12,180,2,4320,4296,4296,0,0.9944444444444445,1.0,0.0,0,1.0,1148.1888888888889,2227
1,1.0,fifo_blind,2026273916,12,180,2,4320,2865,50,2815,0.6631944444444444,0.017452006980802792,0.9825479930191972,1431,30.153577661431065,1109.888888888889,2181
1,1.0,priority_deduplicating,2026273916,12,180,2,4320,4296,4296,0,0.9944444444444445,1.0,0.0,0,1.0,1109.888888888889,2181
1,1.0,fifo_blind,2026273917,12,180,2,4320,2864,71,2793,0.662962962962963,0.02479050279329609,0.9752094972067039,1432,30.296438547486034,1106.2666666666667,2188
1,1.0,priority_deduplicating,2026273917,12,180,2,4320,4296,4296,0,0.9944444444444445,1.0,0.0,0,1.0,1106.2666666666667,2188
1,1.0,fifo_blind,2026273918,12,180,2,4320,2853,45,2808,0.6604166666666667,0.015772870662460567,0.9842271293375394,1443,30.616193480546794,1117.911111111111,2193
1,1.0,priority_deduplicating,2026273918,12,180,2,4320,4296,4296,0,0.9944444444444445,1.0,0.0,0,1.0,1117.911111111111,2193
1,1.0,fifo_blind,2026273919,12,180,2,4320,2908,48,2860,0.6731481481481482,0.016506189821182942,0.9834938101788171,1388,29.61726272352132,1070.7555555555555,2131
1,1.0,priority_deduplicating,2026273919,12,180,2,4320,4296,4296,0,0.9944444444444445,1.0,0.0,0,1.0,1070.7555555555555,2131
1,2.0,fifo_blind,2026373900,12,180,2,4320,2161,33,2128,0.5002314814814814,0.015270708005552984,0.984729291994447,2135,45.08745950948635,2170.8166666666666,4265
1,2.0,priority_deduplicating,2026373900,12,180,2,4320,4296,4296,0,0.9944444444444445,1.0,0.0,0,1.0,2170.8166666666666,4265
1,2.0,fifo_blind,2026373901,12,180,2,4320,2109,32,2077,0.48819444444444443,0.015173067804646752,0.9848269321953532,2187,45.673779042200096,2265.1388888888887,4467
1,2.0,priority_deduplicating,2026373901,12,180,2,4320,4296,4296,0,0.9944444444444445,1.0,0.0,0,1.0,2265.1388888888887,4467
1,2.0,fifo_blind,2026373902,12,180,2,4320,2156,33,2123,0.49907407407407406,0.015306122448979591,0.9846938775510204,2140,46.103896103896105,2212.3944444444446,4367
1,2.0,priority_deduplicating,2026373902,12,180,2,4320,4296,4296,0,0.9944444444444445,1.0,0.0,0,1.0,2212.3944444444446,4367
1,2.0,fifo_blind,2026373903,12,180,2,4320,2169,27,2142,0.5020833333333333,0.012448132780082987,0.9875518672199171,2127,45.751498386353155,2173.711111111111,4244
1,2.0,priority_deduplicating,2026373903,12,180,2,4320,4296,4296,0,0.9944444444444445,1.0,0.0,0,1.0,2173.711111111111,4244
1,2.0,fifo_blind,2026373904,12,180,2,4320,2160,36,2124,0.5,0.016666666666666666,0.9833333333333333,2136,44.605555555555554,2191.1277777777777,4361
1,2.0,priority_deduplicating,2026373904,12,180,2,4320,4296,4296,0,0.9944444444444445,1.0,0.0,0,1.0,2191.1277777777777,4361
1,2.0,fifo_blind,2026373905,12,180,2,4320,2176,37,2139,0.5037037037037037,0.017003676470588234,0.9829963235294118,2120,44.35569852941177,2146.8611111111113,4275
1,2.0,priority_deduplicating,2026373905,12,180,2,4320,4296,4296,0,0.9944444444444445,1.0,0.0,0,1.0,2146.8611111111113,4275
1,2.0,fifo_blind,2026373906,12,180,2,4320,2123,30,2093,0.4914351851851852,0.01413094677343382,0.9858690532265661,2173,46.37918040508714,2243.6944444444443,4415
1,2.0,priority_deduplicating,2026373906,12,180,2,4320,4296,4296,0,0.9944444444444445,1.0,0.0,0,1.0,2243.6944444444443,4415
1,2.0,fifo_blind,2026373907,12,180,2,4320,2147,34,2113,0.49699074074074073,0.015836050302748022,0.984163949697252,2149,45.55798789007918,2209.7,4326
1,2.0,priority_deduplicating,2026373907,12,180,2,4320,4296,4296,0,0.9944444444444445,1.0,0.0,0,1.0,2209.7,4326
1,2.0,fifo_blind,2026373908,12,180,2,4320,2148,34,2114,0.49722222222222223,0.015828677839851025,0.984171322160149,2148,45.4352886405959,2198.3055555555557,4329
1,2.0,priority_deduplicating,2026373908,12,180,2,4320,4296,4296,0,0.9944444444444445,1.0,0.0,0,1.0,2198.3055555555557,4329
1,2.0,fifo_blind,2026373909,12,180,2,4320,2178,41,2137,0.5041666666666667,0.018824609733700644,0.9811753902662994,2118,44.50734618916437,2151.2444444444445,4290
1,2.0,priority_deduplicating,2026373909,12,180,2,4320,4296,4296,0,0.9944444444444445,1.0,0.0,0,1.0,2151.2444444444445,4290
1,2.0,fifo_blind,2026373910,12,180,2,4320,2203,39,2164,0.5099537037037037,0.017703132092601,0.982296867907399,2093,43.2650930549251,2113.1055555555554,4233
1,2.0,priority_deduplicating,2026373910,12,180,2,4320,4296,4296,0,0.9944444444444445,1.0,0.0,0,1.0,2113.1055555555554,4233
1,2.0,fifo_blind,2026373911,12,180,2,4320,2151,36,2115,0.4979166666666667,0.016736401673640166,0.9832635983263598,2145,45.392375639237564,2218.6055555555554,4386
1,2.0,priority_deduplicating,2026373911,12,180,2,4320,4296,4296,0,0.9944444444444445,1.0,0.0,0,1.0,2218.6055555555554,4386
1,2.0,fifo_blind,2026373912,12,180,2,4320,2179,33,2146,0.5043981481481481,0.015144561725562184,0.9848554382744378,2117,45.263882514915096,2175.5555555555557,4342
1,2.0,priority_deduplicating,2026373912,12,180,2,4320,4296,4296,0,0.9944444444444445,1.0,0.0,0,1.0,2175.5555555555557,4342
1,2.0,fifo_blind,2026373913,12,180,2,4320,2119,34,2085,0.49050925925925926,0.01604530438886267,0.9839546956111374,2177,45.2930627654554,2245.633333333333,4405
1,2.0,priority_deduplicating,2026373913,12,180,2,4320,4296,4296,0,0.9944444444444445,1.0,0.0,0,1.0,2245.633333333333,4405
1,2.0,fifo_blind,2026373914,12,180,2,4320,2146,34,2112,0.49675925925925923,0.015843429636533086,0.9841565703634669,2150,45.734855545200375,2206.0555555555557,4365
1,2.0,priority_deduplicating,2026373914,12,180,2,4320,4296,4296,0,0.9944444444444445,1.0,0.0,0,1.0,2206.0555555555557,4365
1,2.0,fifo_blind,2026373915,12,180,2,4320,2175,35,2140,0.5034722222222222,0.016091954022988506,0.9839080459770115,2121,44.23494252873563,2178.6388888888887,4376
1,2.0,priority_deduplicating,2026373915,12,180,2,4320,4296,4296,0,0.9944444444444445,1.0,0.0,0,1.0,2178.6388888888887,4376
1,2.0,fifo_blind,2026373916,12,180,2,4320,2145,29,2116,0.4965277777777778,0.01351981351981352,0.9864801864801864,2151,45.981351981351985,2201.677777777778,4295
1,2.0,priority_deduplicating,2026373916,12,180,2,4320,4296,4296,0,0.9944444444444445,1.0,0.0,0,1.0,2201.677777777778,4295
1,2.0,fifo_blind,2026373917,12,180,2,4320,2120,26,2094,0.49074074074074076,0.012264150943396227,0.9877358490566037,2176,47.24905660377358,2249.011111111111,4391
1,2.0,priority_deduplicating,2026373917,12,180,2,4320,4296,4296,0,0.9944444444444445,1.0,0.0,0,1.0,2249.011111111111,4391
1,2.0,fifo_blind,2026373918,12,180,2,4320,2122,37,2085,0.4912037037037037,0.017436380772855798,0.9825636192271442,2174,44.73232799245994,2230.411111111111,4391
1,2.0,priority_deduplicating,2026373918,12,180,2,4320,4296,4296,0,0.9944444444444445,1.0,0.0,0,1.0,2230.411111111111,4391
1,2.0,fifo_blind,2026373919,12,180,2,4320,2162,38,2124,0.500462962962963,0.01757631822386679,0.9824236817761333,2134,45.117946345975945,2186.15,4313
1,2.0,priority_deduplicating,2026373919,12,180,2,4320,4296,4296,0,0.9944444444444445,1.0,0.0,0,1.0,2186.15,4313
1,4.0,fifo_blind,2026573900,12,180,2,4320,1402,24,1378,0.324537037037037,0.017118402282453638,0.9828815977175464,2894,60.41654778887304,4427.783333333334,8750
1,4.0,priority_deduplicating,2026573900,12,180,2,4320,4296,4296,0,0.9944444444444445,1.0,0.0,0,1.0,4427.783333333334,8750
1,4.0,fifo_blind,2026573901,12,180,2,4320,1415,27,1388,0.3275462962962963,0.019081272084805655,0.9809187279151943,2881,60.939222614840986,4447.983333333334,8735
1,4.0,priority_deduplicating,2026573901,12,180,2,4320,4296,4296,0,0.9944444444444445,1.0,0.0,0,1.0,4447.983333333334,8735
1,4.0,fifo_blind,2026573902,12,180,2,4320,1449,24,1425,0.33541666666666664,0.016563146997929608,0.9834368530020704,2847,59.99516908212561,4350.35,8600
1,4.0,priority_deduplicating,2026573902,12,180,2,4320,4296,4296,0,0.9944444444444445,1.0,0.0,0,1.0,4350.35,8600
1,4.0,fifo_blind,2026573903,12,180,2,4320,1433,24,1409,0.331712962962963,0.01674808094905792,0.9832519190509421,2863,58.64480111653873,4415.75,8752
1,4.0,priority_deduplicating,2026573903,12,180,2,4320,4296,4296,0,0.9944444444444445,1.0,0.0,0,1.0,4415.75,8752
1,4.0,fifo_blind,2026573904,12,180,2,4320,1440,24,1416,0.3333333333333333,0.016666666666666666,0.9833333333333333,2856,60.80486111111111,4391.677777777778,8758
1,4.0,priority_deduplicating,2026573904,12,180,2,4320,4296,4296,0,0.9944444444444445,1.0,0.0,0,1.0,4391.677777777778,8758
1,4.0,fifo_blind,2026573905,12,180,2,4320,1456,24,1432,0.337037037037037,0.016483516483516484,0.9835164835164835,2840,59.85782967032967,4354.4944444444445,8680
1,4.0,priority_deduplicating,2026573905,12,180,2,4320,4296,4296,0,0.9944444444444445,1.0,0.0,0,1.0,4354.4944444444445,8680
1,4.0,fifo_blind,2026573906,12,180,2,4320,1446,26,1420,0.3347222222222222,0.017980636237897647,0.9820193637621023,2850,60.22406639004149,4341.9111111111115,8600
1,4.0,priority_deduplicating,2026573906,12,180,2,4320,4296,4296,0,0.9944444444444445,1.0,0.0,0,1.0,4341.9111111111115,8600
1,4.0,fifo_blind,2026573907,12,180,2,4320,1453,25,1428,0.3363425925925926,0.017205781142463867,0.9827942188575362,2843,58.512732278045426,4306.983333333334,8576
1,4.0,priority_deduplicating,2026573907,12,180,2,4320,4296,4296,0,0.9944444444444445,1.0,0.0,0,1.0,4306.983333333334,8576
1,4.0,fifo_blind,2026573908,12,180,2,4320,1441,27,1414,0.3335648148148148,0.018736988202637056,0.981263011797363,2855,60.50659264399722,4365.833333333333,8663
1,4.0,priority_deduplicating,2026573908,12,180,2,4320,4296,4296,0,0.9944444444444445,1.0,0.0,0,1.0,4365.833333333333,8663
1,4.0,fifo_blind,2026573909,12,180,2,4320,1449,25,1424,0.33541666666666664,0.01725327812284334,0.9827467218771566,2847,59.38095238095238,4355.7444444444445,8608
1,4.0,priority_deduplicating,2026573909,12,180,2,4320,4296,4296,0,0.9944444444444445,1.0,0.0,0,1.0,4355.7444444444445,8608
1,4.0,fifo_blind,2026573910,12,180,2,4320,1435,28,1407,0.33217592592592593,0.01951219512195122,0.9804878048780488,2861,59.87456445993031,4418.972222222223,8772
1,4.0,priority_deduplicating,2026573910,12,180,2,4320,4296,4296,0,0.9944444444444445,1.0,0.0,0,1.0,4418.972222222223,8772
1,4.0,fifo_blind,2026573911,12,180,2,4320,1453,24,1429,0.3363425925925926,0.016517549896765314,0.9834824501032347,2843,60.25877494838266,4360.272222222222,8652
1,4.0,priority_deduplicating,2026573911,12,180,2,4320,4296,4296,0,0.9944444444444445,1.0,0.0,0,1.0,4360.272222222222,8652
1,4.0,fifo_blind,2026573912,12,180,2,4320,1417,26,1391,0.3280092592592593,0.01834862385321101,0.981651376146789,2879,60.055045871559635,4394.266666666666,8634
1,4.0,priority_deduplicating,2026573912,12,180,2,4320,4296,4296,0,0.9944444444444445,1.0,0.0,0,1.0,4394.266666666666,8634
1,4.0,fifo_blind,2026573913,12,180,2,4320,1433,25,1408,0.331712962962963,0.017445917655268667,0.9825540823447313,2863,59.3635729239358,4369.572222222222,8675
1,4.0,priority_deduplicating,2026573913,12,180,2,4320,4296,4296,0,0.9944444444444445,1.0,0.0,0,1.0,4369.572222222222,8675
1,4.0,fifo_blind,2026573914,12,180,2,4320,1462,25,1437,0.3384259259259259,0.01709986320109439,0.9829001367989056,2834,59.603967168262656,4309.7555555555555,8608
1,4.0,priority_deduplicating,2026573914,12,180,2,4320,4296,4296,0,0.9944444444444445,1.0,0.0,0,1.0,4309.7555555555555,8608
1,4.0,fifo_blind,2026573915,12,180,2,4320,1415,24,1391,0.3275462962962963,0.01696113074204947,0.9830388692579505,2881,60.75123674911661,4435.183333333333,8717
1,4.0,priority_deduplicating,2026573915,12,180,2,4320,4296,4296,0,0.9944444444444445,1.0,0.0,0,1.0,4435.183333333333,8717
1,4.0,fifo_blind,2026573916,12,180,2,4320,1434,26,1408,0.33194444444444443,0.01813110181311018,0.9818688981868898,2862,61.25244072524407,4400.7555555555555,8705
1,4.0,priority_deduplicating,2026573916,12,180,2,4320,4296,4296,0,0.9944444444444445,1.0,0.0,0,1.0,4400.7555555555555,8705
1,4.0,fifo_blind,2026573917,12,180,2,4320,1451,24,1427,0.33587962962962964,0.016540317022742935,0.983459682977257,2845,60.89593383873191,4325.594444444445,8571
1,4.0,priority_deduplicating,2026573917,12,180,2,4320,4296,4296,0,0.9944444444444445,1.0,0.0,0,1.0,4325.594444444445,8571
1,4.0,fifo_blind,2026573918,12,180,2,4320,1437,26,1411,0.3326388888888889,0.018093249826026444,0.9819067501739736,2859,59.176757132915796,4383.672222222222,8641
1,4.0,priority_deduplicating,2026573918,12,180,2,4320,4296,4296,0,0.9944444444444445,1.0,0.0,0,1.0,4383.672222222222,8641
1,4.0,fifo_blind,2026573919,12,180,2,4320,1417,24,1393,0.3280092592592593,0.016937191249117856,0.9830628087508821,2879,59.38955539872971,4429.422222222222,8751
1,4.0,priority_deduplicating,2026573919,12,180,2,4320,4296,4296,0,0.9944444444444445,1.0,0.0,0,1.0,4429.422222222222,8751
1,8.0,fifo_blind,2026973900,12,180,2,4320,868,24,844,0.20092592592592592,0.027649769585253458,0.9723502304147466,3428,70.89400921658986,8671.722222222223,17254
1,8.0,priority_deduplicating,2026973900,12,180,2,4320,4296,4296,0,0.9944444444444445,1.0,0.0,0,1.0,8671.722222222223,17254
1,8.0,fifo_blind,2026973901,12,180,2,4320,876,24,852,0.20277777777777778,0.0273972602739726,0.9726027397260274,3420,71.45205479452055,8573.855555555556,17010
1,8.0,priority_deduplicating,2026973901,12,180,2,4320,4296,4296,0,0.9944444444444445,1.0,0.0,0,1.0,8573.855555555556,17010
1,8.0,fifo_blind,2026973902,12,180,2,4320,897,24,873,0.2076388888888889,0.026755852842809364,0.9732441471571907,3399,69.80267558528428,8641.027777777777,17246
1,8.0,priority_deduplicating,2026973902,12,180,2,4320,4296,4296,0,0.9944444444444445,1.0,0.0,0,1.0,8641.027777777777,17246
1,8.0,fifo_blind,2026973903,12,180,2,4320,883,24,859,0.20439814814814813,0.027180067950169876,0.9728199320498301,3413,71.09739524348811,8617.466666666667,17238
1,8.0,priority_deduplicating,2026973903,12,180,2,4320,4296,4296,0,0.9944444444444445,1.0,0.0,0,1.0,8617.466666666667,17238
1,8.0,fifo_blind,2026973904,12,180,2,4320,872,24,848,0.20185185185185187,0.027522935779816515,0.9724770642201835,3424,71.18004587155963,8589.866666666667,17178
1,8.0,priority_deduplicating,2026973904,12,180,2,4320,4296,4296,0,0.9944444444444445,1.0,0.0,0,1.0,8589.866666666667,17178
1,8.0,fifo_blind,2026973905,12,180,2,4320,877,24,853,0.20300925925925925,0.027366020524515394,0.9726339794754846,3419,70.76282782212087,8667.394444444444,17258
1,8.0,priority_deduplicating,2026973905,12,180,2,4320,4296,4296,0,0.9944444444444445,1.0,0.0,0,1.0,8667.394444444444,17258
1,8.0,fifo_blind,2026973906,12,180,2,4320,888,24,864,0.20555555555555555,0.02702702702702703,0.972972972972973,3408,71.19031531531532,8681.233333333334,17288
1,8.0,priority_deduplicating,2026973906,12,180,2,4320,4296,4296,0,0.9944444444444445,1.0,0.0,0,1.0,8681.233333333334,17288
1,8.0,fifo_blind,2026973907,12,180,2,4320,881,24,857,0.2039351851851852,0.02724177071509648,0.9727582292849035,3415,70.33825198637912,8664.294444444444,17256
1,8.0,priority_deduplicating,2026973907,12,180,2,4320,4296,4296,0,0.9944444444444445,1.0,0.0,0,1.0,8664.294444444444,17256
1,8.0,fifo_blind,2026973908,12,180,2,4320,861,24,837,0.19930555555555557,0.027874564459930314,0.9721254355400697,3435,71.37049941927991,8830.255555555555,17497
1,8.0,priority_deduplicating,2026973908,12,180,2,4320,4296,4296,0,0.9944444444444445,1.0,0.0,0,1.0,8830.255555555555,17497
1,8.0,fifo_blind,2026973909,12,180,2,4320,869,24,845,0.2011574074074074,0.02761795166858458,0.9723820483314154,3427,70.9873417721519,8757.083333333334,17365
1,8.0,priority_deduplicating,2026973909,12,180,2,4320,4296,4296,0,0.9944444444444445,1.0,0.0,0,1.0,8757.083333333334,17365
1,8.0,fifo_blind,2026973910,12,180,2,4320,852,24,828,0.19722222222222222,0.028169014084507043,0.971830985915493,3444,70.88615023474179,8811.416666666666,17415
1,8.0,priority_deduplicating,2026973910,12,180,2,4320,4296,4296,0,0.9944444444444445,1.0,0.0,0,1.0,8811.416666666666,17415
1,8.0,fifo_blind,2026973911,12,180,2,4320,865,24,841,0.20023148148148148,0.027745664739884393,0.9722543352601156,3431,71.18497109826589,8782.85,17349
1,8.0,priority_deduplicating,2026973911,12,180,2,4320,4296,4296,0,0.9944444444444445,1.0,0.0,0,1.0,8782.85,17349
1,8.0,fifo_blind,2026973912,12,180,2,4320,876,24,852,0.20277777777777778,0.0273972602739726,0.9726027397260274,3420,71.98173515981735,8666.844444444445,17312
1,8.0,priority_deduplicating,2026973912,12,180,2,4320,4296,4296,0,0.9944444444444445,1.0,0.0,0,1.0,8666.844444444445,17312
1,8.0,fifo_blind,2026973913,12,180,2,4320,866,24,842,0.20046296296296295,0.02771362586605081,0.9722863741339491,3430,70.9445727482679,8755.56111111111,17322
1,8.0,priority_deduplicating,2026973913,12,180,2,4320,4296,4296,0,0.9944444444444445,1.0,0.0,0,1.0,8755.56111111111,17322
1,8.0,fifo_blind,2026973914,12,180,2,4320,858,24,834,0.1986111111111111,0.027972027972027972,0.972027972027972,3438,72.58275058275058,8762.155555555555,17293
1,8.0,priority_deduplicating,2026973914,12,180,2,4320,4296,4296,0,0.9944444444444445,1.0,0.0,0,1.0,8762.155555555555,17293
1,8.0,fifo_blind,2026973915,12,180,2,4320,878,24,854,0.20324074074074075,0.02733485193621868,0.9726651480637813,3418,71.65603644646924,8692.422222222222,17303
1,8.0,priority_deduplicating,2026973915,12,180,2,4320,4296,4296,0,0.9944444444444445,1.0,0.0,0,1.0,8692.422222222222,17303
1,8.0,fifo_blind,2026973916,12,180,2,4320,881,24,857,0.2039351851851852,0.02724177071509648,0.9727582292849035,3415,70.87514188422247,8584.555555555555,17038
1,8.0,priority_deduplicating,2026973916,12,180,2,4320,4296,4296,0,0.9944444444444445,1.0,0.0,0,1.0,8584.555555555555,17038
1,8.0,fifo_blind,2026973917,12,180,2,4320,866,24,842,0.20046296296296295,0.02771362586605081,0.9722863741339491,3430,71.27482678983834,8608.58888888889,17115
1,8.0,priority_deduplicating,2026973917,12,180,2,4320,4296,4296,0,0.9944444444444445,1.0,0.0,0,1.0,8608.58888888889,17115
1,8.0,fifo_blind,2026973918,12,180,2,4320,855,24,831,0.19791666666666666,0.028070175438596492,0.9719298245614035,3441,71.51929824561404,8782.733333333334,17384
1,8.0,priority_deduplicating,2026973918,12,180,2,4320,4296,4296,0,0.9944444444444445,1.0,0.0,0,1.0,8782.733333333334,17384
1,8.0,fifo_blind,2026973919,12,180,2,4320,869,24,845,0.2011574074074074,0.02761795166858458,0.9723820483314154,3427,71.02416570771001,8745.31111111111,17344
1,8.0,priority_deduplicating,2026973919,12,180,2,4320,4296,4296,0,0.9944444444444445,1.0,0.0,0,1.0,8745.31111111111,17344
2,0.0,fifo_blind,2026273900,12,180,2,4320,4272,0,4272,0.9888888888888889,0.0,1.0,0,2.0,47.86666666666667,48
2,0.0,priority_deduplicating,2026273900,12,180,2,4320,4272,0,4272,0.9888888888888889,0.0,1.0,0,2.0,47.86666666666667,48
2,0.0,fifo_blind,2026273901,12,180,2,4320,4272,0,4272,0.9888888888888889,0.0,1.0,0,2.0,47.86666666666667,48
2,0.0,priority_deduplicating,2026273901,12,180,2,4320,4272,0,4272,0.9888888888888889,0.0,1.0,0,2.0,47.86666666666667,48
2,0.0,fifo_blind,2026273902,12,180,2,4320,4272,0,4272,0.9888888888888889,0.0,1.0,0,2.0,47.86666666666667,48
2,0.0,priority_deduplicating,2026273902,12,180,2,4320,4272,0,4272,0.9888888888888889,0.0,1.0,0,2.0,47.86666666666667,48
2,0.0,fifo_blind,2026273903,12,180,2,4320,4272,0,4272,0.9888888888888889,0.0,1.0,0,2.0,47.86666666666667,48
2,0.0,priority_deduplicating,2026273903,12,180,2,4320,4272,0,4272,0.9888888888888889,0.0,1.0,0,2.0,47.86666666666667,48
2,0.0,fifo_blind,2026273904,12,180,2,4320,4272,0,4272,0.9888888888888889,0.0,1.0,0,2.0,47.86666666666667,48
2,0.0,priority_deduplicating,2026273904,12,180,2,4320,4272,0,4272,0.9888888888888889,0.0,1.0,0,2.0,47.86666666666667,48
2,0.0,fifo_blind,2026273905,12,180,2,4320,4272,0,4272,0.9888888888888889,0.0,1.0,0,2.0,47.86666666666667,48
2,0.0,priority_deduplicating,2026273905,12,180,2,4320,4272,0,4272,0.9888888888888889,0.0,1.0,0,2.0,47.86666666666667,48
2,0.0,fifo_blind,2026273906,12,180,2,4320,4272,0,4272,0.9888888888888889,0.0,1.0,0,2.0,47.86666666666667,48
2,0.0,priority_deduplicating,2026273906,12,180,2,4320,4272,0,4272,0.9888888888888889,0.0,1.0,0,2.0,47.86666666666667,48
2,0.0,fifo_blind,2026273907,12,180,2,4320,4272,0,4272,0.9888888888888889,0.0,1.0,0,2.0,47.86666666666667,48
2,0.0,priority_deduplicating,2026273907,12,180,2,4320,4272,0,4272,0.9888888888888889,0.0,1.0,0,2.0,47.86666666666667,48
2,0.0,fifo_blind,2026273908,12,180,2,4320,4272,0,4272,0.9888888888888889,0.0,1.0,0,2.0,47.86666666666667,48
2,0.0,priority_deduplicating,2026273908,12,180,2,4320,4272,0,4272,0.9888888888888889,0.0,1.0,0,2.0,47.86666666666667,48
2,0.0,fifo_blind,2026273909,12,180,2,4320,4272,0,4272,0.9888888888888889,0.0,1.0,0,2.0,47.86666666666667,48
2,0.0,priority_deduplicating,2026273909,12,180,2,4320,4272,0,4272,0.9888888888888889,0.0,1.0,0,2.0,47.86666666666667,48
2,0.0,fifo_blind,2026273910,12,180,2,4320,4272,0,4272,0.9888888888888889,0.0,1.0,0,2.0,47.86666666666667,48
2,0.0,priority_deduplicating,2026273910,12,180,2,4320,4272,0,4272,0.9888888888888889,0.0,1.0,0,2.0,47.86666666666667,48
2,0.0,fifo_blind,2026273911,12,180,2,4320,4272,0,4272,0.9888888888888889,0.0,1.0,0,2.0,47.86666666666667,48
2,0.0,priority_deduplicating,2026273911,12,180,2,4320,4272,0,4272,0.9888888888888889,0.0,1.0,0,2.0,47.86666666666667,48
2,0.0,fifo_blind,2026273912,12,180,2,4320,4272,0,4272,0.9888888888888889,0.0,1.0,0,2.0,47.86666666666667,48
2,0.0,priority_deduplicating,2026273912,12,180,2,4320,4272,0,4272,0.9888888888888889,0.0,1.0,0,2.0,47.86666666666667,48
2,0.0,fifo_blind,2026273913,12,180,2,4320,4272,0,4272,0.9888888888888889,0.0,1.0,0,2.0,47.86666666666667,48
2,0.0,priority_deduplicating,2026273913,12,180,2,4320,4272,0,4272,0.9888888888888889,0.0,1.0,0,2.0,47.86666666666667,48
2,0.0,fifo_blind,2026273914,12,180,2,4320,4272,0,4272,0.9888888888888889,0.0,1.0,0,2.0,47.86666666666667,48
2,0.0,priority_deduplicating,2026273914,12,180,2,4320,4272,0,4272,0.9888888888888889,0.0,1.0,0,2.0,47.86666666666667,48
2,0.0,fifo_blind,2026273915,12,180,2,4320,4272,0,4272,0.9888888888888889,0.0,1.0,0,2.0,47.86666666666667,48
2,0.0,priority_deduplicating,2026273915,12,180,2,4320,4272,0,4272,0.9888888888888889,0.0,1.0,0,2.0,47.86666666666667,48
2,0.0,fifo_blind,2026273916,12,180,2,4320,4272,0,4272,0.9888888888888889,0.0,1.0,0,2.0,47.86666666666667,48
2,0.0,priority_deduplicating,2026273916,12,180,2,4320,4272,0,4272,0.9888888888888889,0.0,1.0,0,2.0,47.86666666666667,48
2,0.0,fifo_blind,2026273917,12,180,2,4320,4272,0,4272,0.9888888888888889,0.0,1.0,0,2.0,47.86666666666667,48
2,0.0,priority_deduplicating,2026273917,12,180,2,4320,4272,0,4272,0.9888888888888889,0.0,1.0,0,2.0,47.86666666666667,48
2,0.0,fifo_blind,2026273918,12,180,2,4320,4272,0,4272,0.9888888888888889,0.0,1.0,0,2.0,47.86666666666667,48
2,0.0,priority_deduplicating,2026273918,12,180,2,4320,4272,0,4272,0.9888888888888889,0.0,1.0,0,2.0,47.86666666666667,48
2,0.0,fifo_blind,2026273919,12,180,2,4320,4272,0,4272,0.9888888888888889,0.0,1.0,0,2.0,47.86666666666667,48
2,0.0,priority_deduplicating,2026273919,12,180,2,4320,4272,0,4272,0.9888888888888889,0.0,1.0,0,2.0,47.86666666666667,48
2,1.0,fifo_blind,2026373900,12,180,2,4320,2876,0,2876,0.6657407407407407,0.0,1.0,1403,30.843880389429764,1096.2722222222221,2146
2,1.0,priority_deduplicating,2026373900,12,180,2,4320,4272,0,4272,0.9888888888888889,0.0,1.0,7,2.0,1096.2722222222221,2146
2,1.0,fifo_blind,2026373901,12,180,2,4320,2834,0,2834,0.6560185185185186,0.0,1.0,1449,31.793577981651374,1149.4555555555555,2236
2,1.0,priority_deduplicating,2026373901,12,180,2,4320,4272,0,4272,0.9888888888888889,0.0,1.0,11,2.0,1149.4555555555555,2236
2,1.0,fifo_blind,2026373902,12,180,2,4320,2843,0,2843,0.6581018518518519,0.0,1.0,1442,31.804080196975026,1139.2388888888888,2223
2,1.0,priority_deduplicating,2026373902,12,180,2,4320,4272,0,4272,0.9888888888888889,0.0,1.0,13,2.0,1139.2388888888888,2223
2,1.0,fifo_blind,2026373903,12,180,2,4320,2856,0,2856,0.6611111111111111,0.0,1.0,1429,31.22408963585434,1115.138888888889,2185
2,1.0,priority_deduplicating,2026373903,12,180,2,4320,4272,0,4272,0.9888888888888889,0.0,1.0,13,2.0,1115.138888888889,2185
2,1.0,fifo_blind,2026373904,12,180,2,4320,2865,0,2865,0.6631944444444444,0.0,1.0,1416,31.13298429319372,1116.9777777777779,2199
2,1.0,priority_deduplicating,2026373904,12,180,2,4320,4272,0,4272,0.9888888888888889,0.0,1.0,9,2.0,1116.9777777777779,2199
2,1.0,fifo_blind,2026373905,12,180,2,4320,2859,0,2859,0.6618055555555555,0.0,1.0,1421,30.868835257082896,1110.5833333333333,2164
2,1.0,priority_deduplicating,2026373905,12,180,2,4320,4272,0,4272,0.9888888888888889,0.0,1.0,8,2.0,1110.5833333333333,2164
2,1.0,fifo_blind,2026373906,12,180,2,4320,2819,0,2819,0.6525462962962963,0.0,1.0,1465,32.358283079106066,1158.2611111111112,2227
2,1.0,priority_deduplicating,2026373906,12,180,2,4320,4272,0,4272,0.9888888888888889,0.0,1.0,12,2.0,1158.2611111111112,2227
2,1.0,fifo_blind,2026373907,12,180,2,4320,2818,0,2818,0.6523148148148148,0.0,1.0,1466,32.371185237757274,1160.2555555555555,2239
2,1.0,priority_deduplicating,2026373907,12,180,2,4320,4272,0,4272,0.9888888888888889,0.0,1.0,12,2.0,1160.2555555555555,2239
2,1.0,fifo_blind,2026373908,12,180,2,4320,2844,0,2844,0.6583333333333333,0.0,1.0,1442,31.420886075949365,1125.2944444444445,2180
2,1.0,priority_deduplicating,2026373908,12,180,2,4320,4272,0,4272,0.9888888888888889,0.0,1.0,14,2.0,1125.2944444444445,2180
2,1.0,fifo_blind,2026373909,12,180,2,4320,2856,0,2856,0.6611111111111111,0.0,1.0,1424,31.959033613445378,1126.6055555555556,2174
2,1.0,priority_deduplicating,2026373909,12,180,2,4320,4272,0,4272,0.9888888888888889,0.0,1.0,8,2.0,1126.6055555555556,2174
2,1.0,fifo_blind,2026373910,12,180,2,4320,2874,0,2874,0.6652777777777777,0.0,1.0,1405,30.227905358385524,1089.8333333333333,2169
2,1.0,priority_deduplicating,2026373910,12,180,2,4320,4272,0,4272,0.9888888888888889,0.0,1.0,7,2.0,1089.8333333333333,2169
2,1.0,fifo_blind,2026373911,12,180,2,4320,2863,0,2863,0.6627314814814815,0.0,1.0,1426,30.945162417045058,1110.9777777777779,2178
2,1.0,priority_deduplicating,2026373911,12,180,2,4320,4272,0,4272,0.9888888888888889,0.0,1.0,17,2.0,1110.9777777777779,2178
2,1.0,fifo_blind,2026373912,12,180,2,4320,2867,0,2867,0.6636574074074074,0.0,1.0,1416,31.445064527380538,1113.4277777777777,2163
2,1.0,priority_deduplicating,2026373912,12,180,2,4320,4272,0,4272,0.9888888888888889,0.0,1.0,11,2.0,1113.4277777777777,2163
2,1.0,fifo_blind,2026373913,12,180,2,4320,2834,0,2834,0.6560185185185186,0.0,1.0,1448,31.274876499647142,1143.0555555555557,2243
2,1.0,priority_deduplicating,2026373913,12,180,2,4320,4272,0,4272,0.9888888888888889,0.0,1.0,10,2.0,1143.0555555555557,2243
2,1.0,fifo_blind,2026373914,12,180,2,4320,2830,0,2830,0.6550925925925926,0.0,1.0,1453,32.11201413427562,1155.5444444444445,2237
2,1.0,priority_deduplicating,2026373914,12,180,2,4320,4272,0,4272,0.9888888888888889,0.0,1.0,11,2.0,1155.5444444444445,2237
2,1.0,fifo_blind,2026373915,12,180,2,4320,2863,0,2863,0.6627314814814815,0.0,1.0,1423,30.16590988473629,1110.7,2237
2,1.0,priority_deduplicating,2026373915,12,180,2,4320,4272,0,4272,0.9888888888888889,0.0,1.0,14,2.0,1110.7,2237
2,1.0,fifo_blind,2026373916,12,180,2,4320,2821,0,2821,0.6530092592592592,0.0,1.0,1461,31.577100319035804,1146.9777777777779,2231
2,1.0,priority_deduplicating,2026373916,12,180,2,4320,4272,0,4272,0.9888888888888889,0.0,1.0,10,2.0,1146.9777777777779,2231
2,1.0,fifo_blind,2026373917,12,180,2,4320,2850,0,2850,0.6597222222222222,0.0,1.0,1437,31.889824561403508,1133.1722222222222,2170
2,1.0,priority_deduplicating,2026373917,12,180,2,4320,4272,0,4272,0.9888888888888889,0.0,1.0,15,2.0,1133.1722222222222,2170
2,1.0,fifo_blind,2026373918,12,180,2,4320,2836,0,2836,0.6564814814814814,0.0,1.0,1443,31.136459802538788,1138.0444444444445,2229
2,1.0,priority_deduplicating,2026373918,12,180,2,4320,4272,0,4272,0.9888888888888889,0.0,1.0,7,2.0,1138.0444444444445,2229
2,1.0,fifo_blind,2026373919,12,180,2,4320,2832,0,2832,0.6555555555555556,0.0,1.0,1446,32.116878531073446,1153.7833333333333,2265
2,1.0,priority_deduplicating,2026373919,12,180,2,4320,4272,0,4272,0.9888888888888889,0.0,1.0,6,2.0,1153.7833333333333,2265
2,2.0,fifo_blind,2026473900,12,180,2,4320,2162,0,2162,0.500462962962963,0.0,1.0,2126,44.28122109158187,2147.3722222222223,4287
2,2.0,priority_deduplicating,2026473900,12,180,2,4320,4272,0,4272,0.9888888888888889,0.0,1.0,16,2.0,2147.3722222222223,4287
2,2.0,fifo_blind,2026473901,12,180,2,4320,2128,0,2128,0.4925925925925926,0.0,1.0,2157,46.4046052631579,2251.0666666666666,4428
2,2.0,priority_deduplicating,2026473901,12,180,2,4320,4272,0,4272,0.9888888888888889,0.0,1.0,13,2.0,2251.0666666666666,4428
2,2.0,fifo_blind,2026473902,12,180,2,4320,2123,0,2123,0.4914351851851852,0.0,1.0,2163,46.79227508243052,2211.85,4347
2,2.0,priority_deduplicating,2026473902,12,180,2,4320,4272,0,4272,0.9888888888888889,0.0,1.0,14,2.0,2211.85,4347
2,2.0,fifo_blind,2026473903,12,180,2,4320,2110,0,2110,0.48842592592592593,0.0,1.0,2183,47.782938388625595,2247.3611111111113,4359
2,2.0,priority_deduplicating,2026473903,12,180,2,4320,4272,0,4272,0.9888888888888889,0.0,1.0,21,2.0,2247.3611111111113,4359
2,2.0,fifo_blind,2026473904,12,180,2,4320,2109,0,2109,0.48819444444444443,0.0,1.0,2179,46.6638217164533,2237.411111111111,4367
2,2.0,priority_deduplicating,2026473904,12,180,2,4320,4272,0,4272,0.9888888888888889,0.0,1.0,16,2.0,2237.411111111111,4367
2,2.0,fifo_blind,2026473905,12,180,2,4320,2154,0,2154,0.4986111111111111,0.0,1.0,2136,46.37836583101207,2190.733333333333,4327
2,2.0,priority_deduplicating,2026473905,12,180,2,4320,4272,0,4272,0.9888888888888889,0.0,1.0,18,2.0,2190.733333333333,4327
2,2.0,fifo_blind,2026473906,12,180,2,4320,2132,0,2132,0.4935185185185185,0.0,1.0,2159,45.934803001876176,2200.3166666666666,4318
2,2.0,priority_deduplicating,2026473906,12,180,2,4320,4272,0,4272,0.9888888888888889,0.0,1.0,19,2.0,2200.3166666666666,4318
2,2.0,fifo_blind,2026473907,12,180,2,4320,2134,0,2134,0.49398148148148147,0.0,1.0,2160,45.481724461105905,2195.616666666667,4350
2,2.0,priority_deduplicating,2026473907,12,180,2,4320,4272,0,4272,0.9888888888888889,0.0,1.0,22,2.0,2195.616666666667,4350
2,2.0,fifo_blind,2026473908,12,180,2,4320,2115,0,2115,0.4895833333333333,0.0,1.0,2169,46.163120567375884,2240.561111111111,4408
2,2.0,priority_deduplicating,2026473908,12,180,2,4320,4272,0,4272,0.9888888888888889,0.0,1.0,12,2.0,2240.561111111111,4408
2,2.0,fifo_blind,2026473909,12,180,2,4320,2115,0,2115,0.4895833333333333,0.0,1.0,2174,46.45390070921986,2239.072222222222,4383
2,2.0,priority_deduplicating,2026473909,12,180,2,4320,4272,0,4272,0.9888888888888889,0.0,1.0,17,2.0,2239.072222222222,4383
2,2.0,fifo_blind,2026473910,12,180,2,4320,2149,0,2149,0.49745370370370373,0.0,1.0,2140,46.50581665891112,2203.3055555555557,4370
2,2.0,priority_deduplicating,2026473910,12,180,2,4320,4272,0,4272,0.9888888888888889,0.0,1.0,17,2.0,2203.3055555555557,4370
2,2.0,fifo_blind,2026473911,12,180,2,4320,2148,0,2148,0.49722222222222223,0.0,1.0,2139,46.71275605214153,2186.822222222222,4293
2,2.0,priority_deduplicating,2026473911,12,180,2,4320,4272,0,4272,0.9888888888888889,0.0,1.0,15,2.0,2186.822222222222,4293
2,2.0,fifo_blind,2026473912,12,180,2,4320,2145,0,2145,0.4965277777777778,0.0,1.0,2145,46.86107226107226,2197.738888888889,4316
2,2.0,priority_deduplicating,2026473912,12,180,2,4320,4272,0,4272,0.9888888888888889,0.0,1.0,18,2.0,2197.738888888889,4316
2,2.0,fifo_blind,2026473913,12,180,2,4320,2159,0,2159,0.4997685185185185,0.0,1.0,2129,45.36405743399722,2164.722222222222,4301
2,2.0,priority_deduplicating,2026473913,12,180,2,4320,4272,0,4272,0.9888888888888889,0.0,1.0,16,2.0,2164.722222222222,4301
2,2.0,fifo_blind,2026473914,12,180,2,4320,2160,0,2160,0.5,0.0,1.0,2125,45.80879629629629,2150.6055555555554,4221
2,2.0,priority_deduplicating,2026473914,12,180,2,4320,4272,0,4272,0.9888888888888889,0.0,1.0,13,2.0,2150.6055555555554,4221
2,2.0,fifo_blind,2026473915,12,180,2,4320,2120,0,2120,0.49074074074074076,0.0,1.0,2171,46.44056603773585,2253.6722222222224,4480
2,2.0,priority_deduplicating,2026473915,12,180,2,4320,4272,0,4272,0.9888888888888889,0.0,1.0,19,2.0,2253.6722222222224,4480
2,2.0,fifo_blind,2026473916,12,180,2,4320,2171,0,2171,0.5025462962962963,0.0,1.0,2118,45.17964071856287,2171.6722222222224,4370
2,2.0,priority_deduplicating,2026473916,12,180,2,4320,4272,0,4272,0.9888888888888889,0.0,1.0,17,2.0,2171.6722222222224,4370
2,2.0,fifo_blind,2026473917,12,180,2,4320,2132,0,2132,0.4935185185185185,0.0,1.0,2157,46.711069418386494,2196.427777777778,4279
2,2.0,priority_deduplicating,2026473917,12,180,2,4320,4272,0,4272,0.9888888888888889,0.0,1.0,17,2.0,2196.427777777778,4279
2,2.0,fifo_blind,2026473918,12,180,2,4320,2138,0,2138,0.4949074074074074,0.0,1.0,2155,46.364359214218894,2193.3,4321
2,2.0,priority_deduplicating,2026473918,12,180,2,4320,4272,0,4272,0.9888888888888889,0.0,1.0,21,2.0,2193.3,4321
2,2.0,fifo_blind,2026473919,12,180,2,4320,2135,0,2135,0.49421296296296297,0.0,1.0,2153,45.79625292740047,2213.6,4353
2,2.0,priority_deduplicating,2026473919,12,180,2,4320,4272,0,4272,0.9888888888888889,0.0,1.0,16,2.0,2213.6,4353
2,4.0,fifo_blind,2026673900,12,180,2,4320,1414,0,1414,0.32731481481481484,0.0,1.0,2881,61.00990099009901,4389.822222222222,8658
2,4.0,priority_deduplicating,2026673900,12,180,2,4320,4272,0,4272,0.9888888888888889,0.0,1.0,23,2.0,4389.822222222222,8658
2,4.0,fifo_blind,2026673901,12,180,2,4320,1439,0,1439,0.33310185185185187,0.0,1.0,2856,61.44197359277276,4353.9944444444445,8637
2,4.0,priority_deduplicating,2026673901,12,180,2,4320,4272,0,4272,0.9888888888888889,0.0,1.0,23,2.0,4353.9944444444445,8637
2,4.0,fifo_blind,2026673902,12,180,2,4320,1423,0,1423,0.32939814814814816,0.0,1.0,2868,61.66619817287421,4392.266666666666,8655
2,4.0,priority_deduplicating,2026673902,12,180,2,4320,4272,0,4272,0.9888888888888889,0.0,1.0,19,2.0,4392.266666666666,8655
2,4.0,fifo_blind,2026673903,12,180,2,4320,1428,0,1428,0.33055555555555555,0.0,1.0,2867,61.352240896358545,4337.061111111111,8596
2,4.0,priority_deduplicating,2026673903,12,180,2,4320,4272,0,4272,0.9888888888888889,0.0,1.0,23,2.0,4337.061111111111,8596
2,4.0,fifo_blind,2026673904,12,180,2,4320,1412,0,1412,0.32685185185185184,0.0,1.0,2882,61.94263456090651,4362.066666666667,8672
2,4.0,priority_deduplicating,2026673904,12,180,2,4320,4272,0,4272,0.9888888888888889,0.0,1.0,22,2.0,4362.066666666667,8672
2,4.0,fifo_blind,2026673905,12,180,2,4320,1422,0,1422,0.32916666666666666,0.0,1.0,2871,61.48382559774965,4385.361111111111,8649
2,4.0,priority_deduplicating,2026673905,12,180,2,4320,4272,0,4272,0.9888888888888889,0.0,1.0,21,2.0,4385.361111111111,8649
2,4.0,fifo_blind,2026673906,12,180,2,4320,1411,0,1411,0.3266203703703704,0.0,1.0,2884,61.10843373493976,4416.611111111111,8762
2,4.0,priority_deduplicating,2026673906,12,180,2,4320,4272,0,4272,0.9888888888888889,0.0,1.0,23,2.0,4416.611111111111,8762
2,4.0,fifo_blind,2026673907,12,180,2,4320,1430,0,1430,0.33101851851851855,0.0,1.0,2865,61.137062937062936,4343.866666666667,8583
2,4.0,priority_deduplicating,2026673907,12,180,2,4320,4272,0,4272,0.9888888888888889,0.0,1.0,23,2.0,4343.866666666667,8583
2,4.0,fifo_blind,2026673908,12,180,2,4320,1411,0,1411,0.3266203703703704,0.0,1.0,2884,61.20765414599575,4444.672222222222,8764
2,4.0,priority_deduplicating,2026673908,12,180,2,4320,4272,0,4272,0.9888888888888889,0.0,1.0,23,2.0,4444.672222222222,8764
2,4.0,fifo_blind,2026673909,12,180,2,4320,1441,0,1441,0.3335648148148148,0.0,1.0,2851,61.074253990284525,4303.227777777778,8616
2,4.0,priority_deduplicating,2026673909,12,180,2,4320,4272,0,4272,0.9888888888888889,0.0,1.0,20,2.0,4303.227777777778,8616
2,4.0,fifo_blind,2026673910,12,180,2,4320,1442,0,1442,0.3337962962962963,0.0,1.0,2850,59.431345353675454,4307.7555555555555,8535
2,4.0,priority_deduplicating,2026673910,12,180,2,4320,4272,0,4272,0.9888888888888889,0.0,1.0,20,2.0,4307.7555555555555,8535
2,4.0,fifo_blind,2026673911,12,180,2,4320,1395,0,1395,0.3229166666666667,0.0,1.0,2900,61.82939068100358,4447.727777777778,8780
2,4.0,priority_deduplicating,2026673911,12,180,2,4320,4272,0,4272,0.9888888888888889,0.0,1.0,23,2.0,4447.727777777778,8780
2,4.0,fifo_blind,2026673912,12,180,2,4320,1426,0,1426,0.3300925925925926,0.0,1.0,2870,61.26507713884993,4376.416666666667,8693
2,4.0,priority_deduplicating,2026673912,12,180,2,4320,4272,0,4272,0.9888888888888889,0.0,1.0,24,2.0,4376.416666666667,8693
2,4.0,fifo_blind,2026673913,12,180,2,4320,1442,0,1442,0.3337962962962963,0.0,1.0,2851,62.24410540915395,4369.688888888889,8679
2,4.0,priority_deduplicating,2026673913,12,180,2,4320,4272,0,4272,0.9888888888888889,0.0,1.0,21,2.0,4369.688888888889,8679
2,4.0,fifo_blind,2026673914,12,180,2,4320,1437,0,1437,0.3326388888888889,0.0,1.0,2856,60.414752957550455,4294.072222222222,8442
2,4.0,priority_deduplicating,2026673914,12,180,2,4320,4272,0,4272,0.9888888888888889,0.0,1.0,21,2.0,4294.072222222222,8442
2,4.0,fifo_blind,2026673915,12,180,2,4320,1420,0,1420,0.3287037037037037,0.0,1.0,2875,60.592957746478874,4351.322222222222,8677
2,4.0,priority_deduplicating,2026673915,12,180,2,4320,4272,0,4272,0.9888888888888889,0.0,1.0,23,2.0,4351.322222222222,8677
2,4.0,fifo_blind,2026673916,12,180,2,4320,1457,0,1457,0.3372685185185185,0.0,1.0,2837,60.276595744680854,4305.772222222222,8576
2,4.0,priority_deduplicating,2026673916,12,180,2,4320,4272,0,4272,0.9888888888888889,0.0,1.0,22,2.0,4305.772222222222,8576
2,4.0,fifo_blind,2026673917,12,180,2,4320,1421,0,1421,0.32893518518518516,0.0,1.0,2873,62.14074595355383,4388.461111111111,8706
2,4.0,priority_deduplicating,2026673917,12,180,2,4320,4272,0,4272,0.9888888888888889,0.0,1.0,22,2.0,4388.461111111111,8706
2,4.0,fifo_blind,2026673918,12,180,2,4320,1415,0,1415,0.3275462962962963,0.0,1.0,2878,61.159010600706715,4367.2555555555555,8668
2,4.0,priority_deduplicating,2026673918,12,180,2,4320,4272,0,4272,0.9888888888888889,0.0,1.0,21,2.0,4367.2555555555555,8668
2,4.0,fifo_blind,2026673919,12,180,2,4320,1439,0,1439,0.33310185185185187,0.0,1.0,2856,59.684503127171645,4330.238888888889,8693
2,4.0,priority_deduplicating,2026673919,12,180,2,4320,4272,0,4272,0.9888888888888889,0.0,1.0,23,2.0,4330.238888888889,8693
2,8.0,fifo_blind,2027073900,12,180,2,4320,852,0,852,0.19722222222222222,0.0,1.0,3444,74.94366197183099,8680.9,17315
2,8.0,priority_deduplicating,2027073900,12,180,2,4320,4272,0,4272,0.9888888888888889,0.0,1.0,24,2.0,8680.9,17315
2,8.0,fifo_blind,2027073901,12,180,2,4320,859,0,859,0.1988425925925926,0.0,1.0,3437,73.23166472642608,8696.488888888889,17340
2,8.0,priority_deduplicating,2027073901,12,180,2,4320,4272,0,4272,0.9888888888888889,0.0,1.0,24,2.0,8696.488888888889,17340
2,8.0,fifo_blind,2027073902,12,180,2,4320,849,0,849,0.19652777777777777,0.0,1.0,3447,73.37220259128387,8770.461111111112,17413
2,8.0,priority_deduplicating,2027073902,12,180,2,4320,4272,0,4272,0.9888888888888889,0.0,1.0,24,2.0,8770.461111111112,17413
2,8.0,fifo_blind,2027073903,12,180,2,4320,844,0,844,0.19537037037037036,0.0,1.0,3452,72.82701421800948,8651.877777777778,17146
2,8.0,priority_deduplicating,2027073903,12,180,2,4320,4272,0,4272,0.9888888888888889,0.0,1.0,24,2.0,8651.877777777778,17146
2,8.0,fifo_blind,2027073904,12,180,2,4320,836,0,836,0.1935185185185185,0.0,1.0,3460,73.3755980861244,8753.572222222223,17353
2,8.0,priority_deduplicating,2027073904,12,180,2,4320,4272,0,4272,0.9888888888888889,0.0,1.0,24,2.0,8753.572222222223,17353
2,8.0,fifo_blind,2027073905,12,180,2,4320,859,0,859,0.1988425925925926,0.0,1.0,3437,71.9790454016298,8689.261111111111,17270
2,8.0,priority_deduplicating,2027073905,12,180,2,4320,4272,0,4272,0.9888888888888889,0.0,1.0,24,2.0,8689.261111111111,17270
2,8.0,fifo_blind,2027073906,12,180,2,4320,846,0,846,0.19583333333333333,0.0,1.0,3450,74.92671394799055,8703.8,17179
2,8.0,priority_deduplicating,2027073906,12,180,2,4320,4272,0,4272,0.9888888888888889,0.0,1.0,24,2.0,8703.8,17179
2,8.0,fifo_blind,2027073907,12,180,2,4320,850,0,850,0.19675925925925927,0.0,1.0,3446,73.46470588235294,8829.41111111111,17577
2,8.0,priority_deduplicating,2027073907,12,180,2,4320,4272,0,4272,0.9888888888888889,0.0,1.0,24,2.0,8829.41111111111,17577
2,8.0,fifo_blind,2027073908,12,180,2,4320,869,0,869,0.2011574074074074,0.0,1.0,3427,73.36823935558112,8591.58888888889,17072
2,8.0,priority_deduplicating,2027073908,12,180,2,4320,4272,0,4272,0.9888888888888889,0.0,1.0,24,2.0,8591.58888888889,17072
2,8.0,fifo_blind,2027073909,12,180,2,4320,853,0,853,0.19745370370370371,0.0,1.0,3443,72.62485345838218,8617.783333333333,17165
2,8.0,priority_deduplicating,2027073909,12,180,2,4320,4272,0,4272,0.9888888888888889,0.0,1.0,24,2.0,8617.783333333333,17165
2,8.0,fifo_blind,2027073910,12,180,2,4320,858,0,858,0.1986111111111111,0.0,1.0,3438,73.33333333333333,8681.522222222222,17211
2,8.0,priority_deduplicating,2027073910,12,180,2,4320,4272,0,4272,0.9888888888888889,0.0,1.0,24,2.0,8681.522222222222,17211
2,8.0,fifo_blind,2027073911,12,180,2,4320,846,0,846,0.19583333333333333,0.0,1.0,3450,71.63829787234043,8673.372222222222,17233
2,8.0,priority_deduplicating,2027073911,12,180,2,4320,4272,0,4272,0.9888888888888889,0.0,1.0,24,2.0,8673.372222222222,17233
2,8.0,fifo_blind,2027073912,12,180,2,4320,815,0,815,0.1886574074074074,0.0,1.0,3481,73.08466257668712,8888.983333333334,17590
2,8.0,priority_deduplicating,2027073912,12,180,2,4320,4272,0,4272,0.9888888888888889,0.0,1.0,24,2.0,8888.983333333334,17590
2,8.0,fifo_blind,2027073913,12,180,2,4320,880,0,880,0.2037037037037037,0.0,1.0,3416,72.0375,8648.122222222222,17242
2,8.0,priority_deduplicating,2027073913,12,180,2,4320,4272,0,4272,0.9888888888888889,0.0,1.0,24,2.0,8648.122222222222,17242
2,8.0,fifo_blind,2027073914,12,180,2,4320,845,0,845,0.19560185185185186,0.0,1.0,3451,75.29467455621302,8752.755555555555,17367
2,8.0,priority_deduplicating,2027073914,12,180,2,4320,4272,0,4272,0.9888888888888889,0.0,1.0,24,2.0,8752.755555555555,17367
2,8.0,fifo_blind,2027073915,12,180,2,4320,840,0,840,0.19444444444444445,0.0,1.0,3456,73.04166666666667,8829.127777777778,17497
2,8.0,priority_deduplicating,2027073915,12,180,2,4320,4272,0,4272,0.9888888888888889,0.0,1.0,24,2.0,8829.127777777778,17497
2,8.0,fifo_blind,2027073916,12,180,2,4320,854,0,854,0.19768518518518519,0.0,1.0,3442,73.57377049180327,8708.527777777777,17251
2,8.0,priority_deduplicating,2027073916,12,180,2,4320,4272,0,4272,0.9888888888888889,0.0,1.0,24,2.0,8708.527777777777,17251
2,8.0,fifo_blind,2027073917,12,180,2,4320,838,0,838,0.19398148148148148,0.0,1.0,3458,73.48448687350836,8778.727777777778,17452
2,8.0,priority_deduplicating,2027073917,12,180,2,4320,4272,0,4272,0.9888888888888889,0.0,1.0,24,2.0,8778.727777777778,17452
2,8.0,fifo_blind,2027073918,12,180,2,4320,849,0,849,0.19652777777777777,0.0,1.0,3447,73.37573616018845,8686.683333333332,17208
2,8.0,priority_deduplicating,2027073918,12,180,2,4320,4272,0,4272,0.9888888888888889,0.0,1.0,24,2.0,8686.683333333332,17208
2,8.0,fifo_blind,2027073919,12,180,2,4320,842,0,842,0.19490740740740742,0.0,1.0,3454,73.90973871733966,8724.344444444445,17229
2,8.0,priority_deduplicating,2027073919,12,180,2,4320,4272,0,4272,0.9888888888888889,0.0,1.0,24,2.0,8724.344444444445,17229
3,0.0,fifo_blind,2026373900,12,180,2,4320,4248,0,4248,0.9833333333333333,0.0,1.0,0,3.0,71.6,72
3,0.0,priority_deduplicating,2026373900,12,180,2,4320,4248,0,4248,0.9833333333333333,0.0,1.0,0,3.0,71.6,72
3,0.0,fifo_blind,2026373901,12,180,2,4320,4248,0,4248,0.9833333333333333,0.0,1.0,0,3.0,71.6,72
3,0.0,priority_deduplicating,2026373901,12,180,2,4320,4248,0,4248,0.9833333333333333,0.0,1.0,0,3.0,71.6,72
3,0.0,fifo_blind,2026373902,12,180,2,4320,4248,0,4248,0.9833333333333333,0.0,1.0,0,3.0,71.6,72
3,0.0,priority_deduplicating,2026373902,12,180,2,4320,4248,0,4248,0.9833333333333333,0.0,1.0,0,3.0,71.6,72
3,0.0,fifo_blind,2026373903,12,180,2,4320,4248,0,4248,0.9833333333333333,0.0,1.0,0,3.0,71.6,72
3,0.0,priority_deduplicating,2026373903,12,180,2,4320,4248,0,4248,0.9833333333333333,0.0,1.0,0,3.0,71.6,72
3,0.0,fifo_blind,2026373904,12,180,2,4320,4248,0,4248,0.9833333333333333,0.0,1.0,0,3.0,71.6,72
3,0.0,priority_deduplicating,2026373904,12,180,2,4320,4248,0,4248,0.9833333333333333,0.0,1.0,0,3.0,71.6,72
3,0.0,fifo_blind,2026373905,12,180,2,4320,4248,0,4248,0.9833333333333333,0.0,1.0,0,3.0,71.6,72
3,0.0,priority_deduplicating,2026373905,12,180,2,4320,4248,0,4248,0.9833333333333333,0.0,1.0,0,3.0,71.6,72
3,0.0,fifo_blind,2026373906,12,180,2,4320,4248,0,4248,0.9833333333333333,0.0,1.0,0,3.0,71.6,72
3,0.0,priority_deduplicating,2026373906,12,180,2,4320,4248,0,4248,0.9833333333333333,0.0,1.0,0,3.0,71.6,72
3,0.0,fifo_blind,2026373907,12,180,2,4320,4248,0,4248,0.9833333333333333,0.0,1.0,0,3.0,71.6,72
3,0.0,priority_deduplicating,2026373907,12,180,2,4320,4248,0,4248,0.9833333333333333,0.0,1.0,0,3.0,71.6,72
3,0.0,fifo_blind,2026373908,12,180,2,4320,4248,0,4248,0.9833333333333333,0.0,1.0,0,3.0,71.6,72
3,0.0,priority_deduplicating,2026373908,12,180,2,4320,4248,0,4248,0.9833333333333333,0.0,1.0,0,3.0,71.6,72
3,0.0,fifo_blind,2026373909,12,180,2,4320,4248,0,4248,0.9833333333333333,0.0,1.0,0,3.0,71.6,72
3,0.0,priority_deduplicating,2026373909,12,180,2,4320,4248,0,4248,0.9833333333333333,0.0,1.0,0,3.0,71.6,72
3,0.0,fifo_blind,2026373910,12,180,2,4320,4248,0,4248,0.9833333333333333,0.0,1.0,0,3.0,71.6,72
3,0.0,priority_deduplicating,2026373910,12,180,2,4320,4248,0,4248,0.9833333333333333,0.0,1.0,0,3.0,71.6,72
3,0.0,fifo_blind,2026373911,12,180,2,4320,4248,0,4248,0.9833333333333333,0.0,1.0,0,3.0,71.6,72
3,0.0,priority_deduplicating,2026373911,12,180,2,4320,4248,0,4248,0.9833333333333333,0.0,1.0,0,3.0,71.6,72
3,0.0,fifo_blind,2026373912,12,180,2,4320,4248,0,4248,0.9833333333333333,0.0,1.0,0,3.0,71.6,72
3,0.0,priority_deduplicating,2026373912,12,180,2,4320,4248,0,4248,0.9833333333333333,0.0,1.0,0,3.0,71.6,72
3,0.0,fifo_blind,2026373913,12,180,2,4320,4248,0,4248,0.9833333333333333,0.0,1.0,0,3.0,71.6,72
3,0.0,priority_deduplicating,2026373913,12,180,2,4320,4248,0,4248,0.9833333333333333,0.0,1.0,0,3.0,71.6,72
3,0.0,fifo_blind,2026373914,12,180,2,4320,4248,0,4248,0.9833333333333333,0.0,1.0,0,3.0,71.6,72
3,0.0,priority_deduplicating,2026373914,12,180,2,4320,4248,0,4248,0.9833333333333333,0.0,1.0,0,3.0,71.6,72
3,0.0,fifo_blind,2026373915,12,180,2,4320,4248,0,4248,0.9833333333333333,0.0,1.0,0,3.0,71.6,72
3,0.0,priority_deduplicating,2026373915,12,180,2,4320,4248,0,4248,0.9833333333333333,0.0,1.0,0,3.0,71.6,72
3,0.0,fifo_blind,2026373916,12,180,2,4320,4248,0,4248,0.9833333333333333,0.0,1.0,0,3.0,71.6,72
3,0.0,priority_deduplicating,2026373916,12,180,2,4320,4248,0,4248,0.9833333333333333,0.0,1.0,0,3.0,71.6,72
3,0.0,fifo_blind,2026373917,12,180,2,4320,4248,0,4248,0.9833333333333333,0.0,1.0,0,3.0,71.6,72
3,0.0,priority_deduplicating,2026373917,12,180,2,4320,4248,0,4248,0.9833333333333333,0.0,1.0,0,3.0,71.6,72
3,0.0,fifo_blind,2026373918,12,180,2,4320,4248,0,4248,0.9833333333333333,0.0,1.0,0,3.0,71.6,72
3,0.0,priority_deduplicating,2026373918,12,180,2,4320,4248,0,4248,0.9833333333333333,0.0,1.0,0,3.0,71.6,72
3,0.0,fifo_blind,2026373919,12,180,2,4320,4248,0,4248,0.9833333333333333,0.0,1.0,0,3.0,71.6,72
3,0.0,priority_deduplicating,2026373919,12,180,2,4320,4248,0,4248,0.9833333333333333,0.0,1.0,0,3.0,71.6,72
3,1.0,fifo_blind,2026473900,12,180,2,4320,2855,0,2855,0.6608796296296297,0.0,1.0,1420,30.303327495621716,1097.7444444444445,2192
3,1.0,priority_deduplicating,2026473900,12,180,2,4320,4248,0,4248,0.9833333333333333,0.0,1.0,27,3.0,1097.7444444444445,2192
3,1.0,fifo_blind,2026473901,12,180,2,4320,2802,0,2802,0.6486111111111111,0.0,1.0,1469,32.94503925767309,1178.15,2305
3,1.0,priority_deduplicating,2026473901,12,180,2,4320,4248,0,4248,0.9833333333333333,0.0,1.0,23,3.0,1178.15,2305
3,1.0,fifo_blind,2026473902,12,180,2,4320,2835,0,2835,0.65625,0.0,1.0,1436,32.14885361552028,1127.7888888888888,2180
3,1.0,priority_deduplicating,2026473902,12,180,2,4320,4248,0,4248,0.9833333333333333,0.0,1.0,23,3.0,1127.7888888888888,2180
3,1.0,fifo_blind,2026473903,12,180,2,4320,2814,0,2814,0.6513888888888889,0.0,1.0,1466,33.192608386638234,1159.588888888889,2214
3,1.0,priority_deduplicating,2026473903,12,180,2,4320,4248,0,4248,0.9833333333333333,0.0,1.0,32,3.0,1159.588888888889,2214
3,1.0,fifo_blind,2026473904,12,180,2,4320,2825,0,2825,0.6539351851851852,0.0,1.0,1445,32.04637168141593,1140.9166666666667,2210
3,1.0,priority_deduplicating,2026473904,12,180,2,4320,4248,0,4248,0.9833333333333333,0.0,1.0,22,3.0,1140.9166666666667,2210
3,1.0,fifo_blind,2026473905,12,180,2,4320,2863,0,2863,0.6627314814814815,0.0,1.0,1404,32.31784841075795,1119.7166666666667,2158
3,1.0,priority_deduplicating,2026473905,12,180,2,4320,4248,0,4248,0.9833333333333333,0.0,1.0,19,3.0,1119.7166666666667,2158
3,1.0,fifo_blind,2026473906,12,180,2,4320,2790,0,2790,0.6458333333333334,0.0,1.0,1475,32.71648745519713,1172.8055555555557,2265
3,1.0,priority_deduplicating,2026473906,12,180,2,4320,4248,0,4248,0.9833333333333333,0.0,1.0,17,3.0,1172.8055555555557,2265
3,1.0,fifo_blind,2026473907,12,180,2,4320,2819,0,2819,0.6525462962962963,0.0,1.0,1451,32.27385597729691,1147.161111111111,2228
3,1.0,priority_deduplicating,2026473907,12,180,2,4320,4248,0,4248,0.9833333333333333,0.0,1.0,22,3.0,1147.161111111111,2228
3,1.0,fifo_blind,2026473908,12,180,2,4320,2825,0,2825,0.6539351851851852,0.0,1.0,1440,31.694159292035398,1137.5944444444444,2233
3,1.0,priority_deduplicating,2026473908,12,180,2,4320,4248,0,4248,0.9833333333333333,0.0,1.0,17,3.0,1137.5944444444444,2233
3,1.0,fifo_blind,2026473909,12,180,2,4320,2853,0,2853,0.6604166666666667,0.0,1.0,1422,32.52961794602173,1139.5055555555555,2227
3,1.0,priority_deduplicating,2026473909,12,180,2,4320,4248,0,4248,0.9833333333333333,0.0,1.0,27,3.0,1139.5055555555555,2227
3,1.0,fifo_blind,2026473910,12,180,2,4320,2847,0,2847,0.6590277777777778,0.0,1.0,1425,32.11766772040745,1127.15,2192
3,1.0,priority_deduplicating,2026473910,12,180,2,4320,4248,0,4248,0.9833333333333333,0.0,1.0,24,3.0,1127.15,2192
3,1.0,fifo_blind,2026473911,12,180,2,4320,2855,0,2855,0.6608796296296297,0.0,1.0,1421,32.057793345008754,1119.2944444444445,2201
3,1.0,priority_deduplicating,2026473911,12,180,2,4320,4248,0,4248,0.9833333333333333,0.0,1.0,28,3.0,1119.2944444444445,2201
3,1.0,fifo_blind,2026473912,12,180,2,4320,2843,0,2843,0.6581018518518519,0.0,1.0,1426,32.699261343651074,1134.1055555555556,2191
3,1.0,priority_deduplicating,2026473912,12,180,2,4320,4248,0,4248,0.9833333333333333,0.0,1.0,21,3.0,1134.1055555555556,2191
3,1.0,fifo_blind,2026473913,12,180,2,4320,2849,0,2849,0.6594907407407408,0.0,1.0,1420,31.69182169182169,1122.6722222222222,2211
3,1.0,priority_deduplicating,2026473913,12,180,2,4320,4248,0,4248,0.9833333333333333,0.0,1.0,21,3.0,1122.6722222222222,2211
3,1.0,fifo_blind,2026473914,12,180,2,4320,2830,0,2830,0.6550925925925926,0.0,1.0,1438,32.803180212014134,1140.2777777777778,2201
3,1.0,priority_deduplicating,2026473914,12,180,2,4320,4248,0,4248,0.9833333333333333,0.0,1.0,20,3.0,1140.2777777777778,2201
3,1.0,fifo_blind,2026473915,12,180,2,4320,2821,0,2821,0.6530092592592592,0.0,1.0,1447,32.349875930521094,1155.4611111111112,2270
3,1.0,priority_deduplicating,2026473915,12,180,2,4320,4248,0,4248,0.9833333333333333,0.0,1.0,20,3.0,1155.4611111111112,2270
3,1.0,fifo_blind,2026473916,12,180,2,4320,2870,0,2870,0.6643518518518519,0.0,1.0,1392,31.57979094076655,1100.8555555555556,2159
3,1.0,priority_deduplicating,2026473916,12,180,2,4320,4248,0,4248,0.9833333333333333,0.0,1.0,14,3.0,1100.8555555555556,2159
3,1.0,fifo_blind,2026473917,12,180,2,4320,2841,0,2841,0.6576388888888889,0.0,1.0,1426,32.929250263991555,1143.5666666666666,2216
3,1.0,priority_deduplicating,2026473917,12,180,2,4320,4248,0,4248,0.9833333333333333,0.0,1.0,19,3.0,1143.5666666666666,2216
3,1.0,fifo_blind,2026473918,12,180,2,4320,2875,0,2875,0.6655092592592593,0.0,1.0,1404,32.008347826086954,1111.4388888888889,2165
3,1.0,priority_deduplicating,2026473918,12,180,2,4320,4248,0,4248,0.9833333333333333,0.0,1.0,31,3.0,1111.4388888888889,2165
3,1.0,fifo_blind,2026473919,12,180,2,4320,2806,0,2806,0.649537037037037,0.0,1.0,1466,32.40128296507484,1167.838888888889,2299
3,1.0,priority_deduplicating,2026473919,12,180,2,4320,4248,0,4248,0.9833333333333333,0.0,1.0,24,3.0,1167.838888888889,2299
3,2.0,fifo_blind,2026573900,12,180,2,4320,2091,0,2091,0.4840277777777778,0.0,1.0,2201,47.54184600669536,2253.3555555555554,4394
3,2.0,priority_deduplicating,2026573900,12,180,2,4320,4248,0,4248,0.9833333333333333,0.0,1.0,44,3.0,2253.3555555555554,4394
3,2.0,fifo_blind,2026573901,12,180,2,4320,2092,0,2092,0.4842592592592593,0.0,1.0,2192,47.74474187380497,2250.4,4397
3,2.0,priority_deduplicating,2026573901,12,180,2,4320,4248,0,4248,0.9833333333333333,0.0,1.0,36,3.0,2250.4,4397
3,2.0,fifo_blind,2026573902,12,180,2,4320,2145,0,2145,0.4965277777777778,0.0,1.0,2140,47.53146853146853,2198.9,4320
3,2.0,priority_deduplicating,2026573902,12,180,2,4320,4248,0,4248,0.9833333333333333,0.0,1.0,37,3.0,2198.9,4320
3,2.0,fifo_blind,2026573903,12,180,2,4320,2101,0,2101,0.4863425925925926,0.0,1.0,2182,46.703950499762016,2277.3611111111113,4551
3,2.0,priority_deduplicating,2026573903,12,180,2,4320,4248,0,4248,0.9833333333333333,0.0,1.0,35,3.0,2277.3611111111113,4551
3,2.0,fifo_blind,2026573904,12,180,2,4320,2127,0,2127,0.49236111111111114,0.0,1.0,2157,47.421720733427364,2198.161111111111,4310
3,2.0,priority_deduplicating,2026573904,12,180,2,4320,4248,0,4248,0.9833333333333333,0.0,1.0,36,3.0,2198.161111111111,4310
3,2.0,fifo_blind,2026573905,12,180,2,4320,2140,0,2140,0.49537037037037035,0.0,1.0,2144,46.68971962616823,2188.211111111111,4374
3,2.0,priority_deduplicating,2026573905,12,180,2,4320,4248,0,4248,0.9833333333333333,0.0,1.0,36,3.0,2188.211111111111,4374
3,2.0,fifo_blind,2026573906,12,180,2,4320,2138,0,2138,0.4949074074074074,0.0,1.0,2143,46.97006548175865,2173.5444444444443,4301
3,2.0,priority_deduplicating,2026573906,12,180,2,4320,4248,0,4248,0.9833333333333333,0.0,1.0,33,3.0,2173.5444444444443,4301
3,2.0,fifo_blind,2026573907,12,180,2,4320,2153,0,2153,0.4983796296296296,0.0,1.0,2131,45.32280538783093,2144.9777777777776,4295
3,2.0,priority_deduplicating,2026573907,12,180,2,4320,4248,0,4248,0.9833333333333333,0.0,1.0,36,3.0,2144.9777777777776,4295
3,2.0,fifo_blind,2026573908,12,180,2,4320,2120,0,2120,0.49074074074074076,0.0,1.0,2164,47.0811320754717,2208.3,4348
3,2.0,priority_deduplicating,2026573908,12,180,2,4320,4248,0,4248,0.9833333333333333,0.0,1.0,36,3.0,2208.3,4348
3,2.0,fifo_blind,2026573909,12,180,2,4320,2123,0,2123,0.4914351851851852,0.0,1.0,2158,46.41827602449364,2196.3055555555557,4332
3,2.0,priority_deduplicating,2026573909,12,180,2,4320,4248,0,4248,0.9833333333333333,0.0,1.0,33,3.0,2196.3055555555557,4332
3,2.0,fifo_blind,2026573910,12,180,2,4320,2122,0,2122,0.4912037037037037,0.0,1.0,2160,46.89868049010368,2223.4444444444443,4388
3,2.0,priority_deduplicating,2026573910,12,180,2,4320,4248,0,4248,0.9833333333333333,0.0,1.0,34,3.0,2223.4444444444443,4388
3,2.0,fifo_blind,2026573911,12,180,2,4320,2150,0,2150,0.4976851851851852,0.0,1.0,2144,46.565581395348836,2161.266666666667,4315
3,2.0,priority_deduplicating,2026573911,12,180,2,4320,4248,0,4248,0.9833333333333333,0.0,1.0,46,3.0,2161.266666666667,4315
3,2.0,fifo_blind,2026573912,12,180,2,4320,2104,0,2104,0.48703703703703705,0.0,1.0,2182,47.986216730038024,2258.7,4405
3,2.0,priority_deduplicating,2026573912,12,180,2,4320,4248,0,4248,0.9833333333333333,0.0,1.0,38,3.0,2258.7,4405
3,2.0,fifo_blind,2026573913,12,180,2,4320,2146,0,2146,0.49675925925925923,0.0,1.0,2134,46.65191053122088,2193.3277777777776,4356
3,2.0,priority_deduplicating,2026573913,12,180,2,4320,4248,0,4248,0.9833333333333333,0.0,1.0,32,3.0,2193.3277777777776,4356
3,2.0,fifo_blind,2026573914,12,180,2,4320,2154,0,2154,0.4986111111111111,0.0,1.0,2134,45.56870937790158,2153.211111111111,4301
3,2.0,priority_deduplicating,2026573914,12,180,2,4320,4248,0,4248,0.9833333333333333,0.0,1.0,40,3.0,2153.211111111111,4301
3,2.0,fifo_blind,2026573915,12,180,2,4320,2111,0,2111,0.48865740740740743,0.0,1.0,2175,47.780672666982476,2227.8277777777776,4382
3,2.0,priority_deduplicating,2026573915,12,180,2,4320,4248,0,4248,0.9833333333333333,0.0,1.0,38,3.0,2227.8277777777776,4382
3,2.0,fifo_blind,2026573916,12,180,2,4320,2135,0,2135,0.49421296296296297,0.0,1.0,2154,48.268852459016394,2219.6444444444446,4344
3,2.0,priority_deduplicating,2026573916,12,180,2,4320,4248,0,4248,0.9833333333333333,0.0,1.0,41,3.0,2219.6444444444446,4344
3,2.0,fifo_blind,2026573917,12,180,2,4320,2139,0,2139,0.4951388888888889,0.0,1.0,2152,46.99906498363721,2173.75,4271
3,2.0,priority_deduplicating,2026573917,12,180,2,4320,4248,0,4248,0.9833333333333333,0.0,1.0,43,3.0,2173.75,4271
3,2.0,fifo_blind,2026573918,12,180,2,4320,2120,0,2120,0.49074074074074076,0.0,1.0,2166,47.02688679245283,2232.561111111111,4435
3,2.0,priority_deduplicating,2026573918,12,180,2,4320,4248,0,4248,0.9833333333333333,0.0,1.0,38,3.0,2232.561111111111,4435
3,2.0,fifo_blind,2026573919,12,180,2,4320,2109,0,2109,0.48819444444444443,0.0,1.0,2176,47.006638217164536,2256.8611111111113,4447
3,2.0,priority_deduplicating,2026573919,12,180,2,4320,4248,0,4248,0.9833333333333333,0.0,1.0,37,3.0,2256.8611111111113,4447
3,4.0,fifo_blind,2026773900,12,180,2,4320,1406,0,1406,0.32546296296296295,0.0,1.0,2887,63.027027027027025,4375.016666666666,8657
3,4.0,priority_deduplicating,2026773900,12,180,2,4320,4248,0,4248,0.9833333333333333,0.0,1.0,45,3.0,4375.016666666666,8657
3,4.0,fifo_blind,2026773901,12,180,2,4320,1370,0,1370,0.31712962962962965,0.0,1.0,2926,63.98905109489051,4474.961111111111,8803
3,4.0,priority_deduplicating,2026773901,12,180,2,4320,4248,0,4248,0.9833333333333333,0.0,1.0,48,3.0,4474.961111111111,8803
3,4.0,fifo_blind,2026773902,12,180,2,4320,1427,0,1427,0.33032407407407405,0.0,1.0,2869,62.65662228451296,4331.194444444444,8558
3,4.0,priority_deduplicating,2026773902,12,180,2,4320,4248,0,4248,0.9833333333333333,0.0,1.0,48,3.0,4331.194444444444,8558
3,4.0,fifo_blind,2026773903,12,180,2,4320,1398,0,1398,0.3236111111111111,0.0,1.0,2896,62.20743919885551,4418.788888888889,8741
3,4.0,priority_deduplicating,2026773903,12,180,2,4320,4248,0,4248,0.9833333333333333,0.0,1.0,46,3.0,4418.788888888889,8741
3,4.0,fifo_blind,2026773904,12,180,2,4320,1425,0,1425,0.3298611111111111,0.0,1.0,2869,62.27859649122807,4310.438888888889,8496
3,4.0,priority_deduplicating,2026773904,12,180,2,4320,4248,0,4248,0.9833333333333333,0.0,1.0,46,3.0,4310.438888888889,8496
3,4.0,fifo_blind,2026773905,12,180,2,4320,1409,0,1409,0.3261574074074074,0.0,1.0,2887,61.93044712562101,4351.083333333333,8659
3,4.0,priority_deduplicating,2026773905,12,180,2,4320,4248,0,4248,0.9833333333333333,0.0,1.0,48,3.0,4351.083333333333,8659
3,4.0,fifo_blind,2026773906,12,180,2,4320,1390,0,1390,0.32175925925925924,0.0,1.0,2902,63.04964028776978,4437.6611111111115,8782
3,4.0,priority_deduplicating,2026773906,12,180,2,4320,4248,0,4248,0.9833333333333333,0.0,1.0,44,3.0,4437.6611111111115,8782
3,4.0,fifo_blind,2026773907,12,180,2,4320,1441,0,1441,0.3335648148148148,0.0,1.0,2851,62.48785565579459,4311.294444444445,8618
3,4.0,priority_deduplicating,2026773907,12,180,2,4320,4248,0,4248,0.9833333333333333,0.0,1.0,44,3.0,4311.294444444445,8618
3,4.0,fifo_blind,2026773908,12,180,2,4320,1384,0,1384,0.32037037037037036,0.0,1.0,2912,64.55202312138728,4420.4111111111115,8668
3,4.0,priority_deduplicating,2026773908,12,180,2,4320,4248,0,4248,0.9833333333333333,0.0,1.0,48,3.0,4420.4111111111115,8668
3,4.0,fifo_blind,2026773909,12,180,2,4320,1393,0,1393,0.3224537037037037,0.0,1.0,2903,63.25843503230438,4438.688888888889,8795
3,4.0,priority_deduplicating,2026773909,12,180,2,4320,4248,0,4248,0.9833333333333333,0.0,1.0,48,3.0,4438.688888888889,8795
3,4.0,fifo_blind,2026773910,12,180,2,4320,1404,0,1404,0.325,0.0,1.0,2892,62.12179487179487,4431.122222222222,8801
3,4.0,priority_deduplicating,2026773910,12,180,2,4320,4248,0,4248,0.9833333333333333,0.0,1.0,48,3.0,4431.122222222222,8801
3,4.0,fifo_blind,2026773911,12,180,2,4320,1420,0,1420,0.3287037037037037,0.0,1.0,2872,61.38239436619718,4376.555555555556,8712
3,4.0,priority_deduplicating,2026773911,12,180,2,4320,4248,0,4248,0.9833333333333333,0.0,1.0,44,3.0,4376.555555555556,8712
3,4.0,fifo_blind,2026773912,12,180,2,4320,1425,0,1425,0.3298611111111111,0.0,1.0,2870,61.17964912280702,4247.211111111111,8509
3,4.0,priority_deduplicating,2026773912,12,180,2,4320,4248,0,4248,0.9833333333333333,0.0,1.0,47,3.0,4247.211111111111,8509
3,4.0,fifo_blind,2026773913,12,180,2,4320,1448,0,1448,0.3351851851851852,0.0,1.0,2846,60.80455801104972,4259.144444444444,8527
3,4.0,priority_deduplicating,2026773913,12,180,2,4320,4248,0,4248,0.9833333333333333,0.0,1.0,46,3.0,4259.144444444444,8527
3,4.0,fifo_blind,2026773914,12,180,2,4320,1389,0,1389,0.3215277777777778,0.0,1.0,2903,62.39308855291576,4486.377777777778,8812
3,4.0,priority_deduplicating,2026773914,12,180,2,4320,4248,0,4248,0.9833333333333333,0.0,1.0,44,3.0,4486.377777777778,8812
3,4.0,fifo_blind,2026773915,12,180,2,4320,1417,0,1417,0.3280092592592593,0.0,1.0,2874,62.426958362738176,4295.072222222222,8439
3,4.0,priority_deduplicating,2026773915,12,180,2,4320,4248,0,4248,0.9833333333333333,0.0,1.0,43,3.0,4295.072222222222,8439
3,4.0,fifo_blind,2026773916,12,180,2,4320,1417,0,1417,0.3280092592592593,0.0,1.0,2877,62.472829922371204,4390.777777777777,8746
3,4.0,priority_deduplicating,2026773916,12,180,2,4320,4248,0,4248,0.9833333333333333,0.0,1.0,46,3.0,4390.777777777777,8746
3,4.0,fifo_blind,2026773917,12,180,2,4320,1403,0,1403,0.3247685185185185,0.0,1.0,2891,63.04347826086956,4400.583333333333,8673
3,4.0,priority_deduplicating,2026773917,12,180,2,4320,4248,0,4248,0.9833333333333333,0.0,1.0,46,3.0,4400.583333333333,8673
3,4.0,fifo_blind,2026773918,12,180,2,4320,1415,0,1415,0.3275462962962963,0.0,1.0,2878,61.87844522968198,4378.95,8746
3,4.0,priority_deduplicating,2026773918,12,180,2,4320,4248,0,4248,0.9833333333333333,0.0,1.0,45,3.0,4378.95,8746
3,4.0,fifo_blind,2026773919,12,180,2,4320,1419,0,1419,0.3284722222222222,0.0,1.0,2874,62.86469344608879,4358.122222222222,8663
3,4.0,priority_deduplicating,2026773919,12,180,2,4320,4248,0,4248,0.9833333333333333,0.0,1.0,45,3.0,4358.122222222222,8663
3,8.0,fifo_blind,2027173900,12,180,2,4320,815,0,815,0.1886574074074074,0.0,1.0,3481,75.80122699386503,8698.966666666667,17206
3,8.0,priority_deduplicating,2027173900,12,180,2,4320,4248,0,4248,0.9833333333333333,0.0,1.0,48,3.0,8698.966666666667,17206
3,8.0,fifo_blind,2027173901,12,180,2,4320,836,0,836,0.1935185185185185,0.0,1.0,3460,76.07655502392345,8760.116666666667,17457
3,8.0,priority_deduplicating,2027173901,12,180,2,4320,4248,0,4248,0.9833333333333333,0.0,1.0,48,3.0,8760.116666666667,17457
3,8.0,fifo_blind,2027173902,12,180,2,4320,814,0,814,0.1884259259259259,0.0,1.0,3482,76.98525798525799,8702.538888888888,17252
3,8.0,priority_deduplicating,2027173902,12,180,2,4320,4248,0,4248,0.9833333333333333,0.0,1.0,48,3.0,8702.538888888888,17252
3,8.0,fifo_blind,2027173903,12,180,2,4320,844,0,844,0.19537037037037036,0.0,1.0,3452,76.24407582938389,8579.961111111112,17247
3,8.0,priority_deduplicating,2027173903,12,180,2,4320,4248,0,4248,0.9833333333333333,0.0,1.0,48,3.0,8579.961111111112,17247
3,8.0,fifo_blind,2027173904,12,180,2,4320,833,0,833,0.19282407407407406,0.0,1.0,3463,75.86434573829531,8655.072222222223,17231
3,8.0,priority_deduplicating,2027173904,12,180,2,4320,4248,0,4248,0.9833333333333333,0.0,1.0,48,3.0,8655.072222222223,17231
3,8.0,fifo_blind,2027173905,12,180,2,4320,832,0,832,0.1925925925925926,0.0,1.0,3464,74.98677884615384,8710.011111111111,17233
3,8.0,priority_deduplicating,2027173905,12,180,2,4320,4248,0,4248,0.9833333333333333,0.0,1.0,48,3.0,8710.011111111111,17233
3,8.0,fifo_blind,2027173906,12,180,2,4320,835,0,835,0.19328703703703703,0.0,1.0,3461,76.362874251497,8705.66111111111,17409
3,8.0,priority_deduplicating,2027173906,12,180,2,4320,4248,0,4248,0.9833333333333333,0.0,1.0,48,3.0,8705.66111111111,17409
3,8.0,fifo_blind,2027173907,12,180,2,4320,841,0,841,0.19467592592592592,0.0,1.0,3455,76.63139120095124,8622.294444444444,17171
3,8.0,priority_deduplicating,2027173907,12,180,2,4320,4248,0,4248,0.9833333333333333,0.0,1.0,48,3.0,8622.294444444444,17171
3,8.0,fifo_blind,2027173908,12,180,2,4320,830,0,830,0.19212962962962962,0.0,1.0,3466,77.75301204819277,8675.116666666667,17277
3,8.0,priority_deduplicating,2027173908,12,180,2,4320,4248,0,4248,0.9833333333333333,0.0,1.0,48,3.0,8675.116666666667,17277
3,8.0,fifo_blind,2027173909,12,180,2,4320,821,0,821,0.1900462962962963,0.0,1.0,3475,75.75030450669915,8710.322222222223,17447
3,8.0,priority_deduplicating,2027173909,12,180,2,4320,4248,0,4248,0.9833333333333333,0.0,1.0,48,3.0,8710.322222222223,17447
3,8.0,fifo_blind,2027173910,12,180,2,4320,829,0,829,0.19189814814814815,0.0,1.0,3467,76.00603136308806,8776.711111111112,17309
3,8.0,priority_deduplicating,2027173910,12,180,2,4320,4248,0,4248,0.9833333333333333,0.0,1.0,48,3.0,8776.711111111112,17309
3,8.0,fifo_blind,2027173911,12,180,2,4320,831,0,831,0.19236111111111112,0.0,1.0,3465,74.42358604091456,8724.888888888889,17316
3,8.0,priority_deduplicating,2027173911,12,180,2,4320,4248,0,4248,0.9833333333333333,0.0,1.0,48,3.0,8724.888888888889,17316
3,8.0,fifo_blind,2027173912,12,180,2,4320,839,0,839,0.19421296296296298,0.0,1.0,3457,74.74851013110846,8657.5,17257
3,8.0,priority_deduplicating,2027173912,12,180,2,4320,4248,0,4248,0.9833333333333333,0.0,1.0,48,3.0,8657.5,17257
3,8.0,fifo_blind,2027173913,12,180,2,4320,838,0,838,0.19398148148148148,0.0,1.0,3458,75.98806682577566,8631.866666666667,17176
3,8.0,priority_deduplicating,2027173913,12,180,2,4320,4248,0,4248,0.9833333333333333,0.0,1.0,48,3.0,8631.866666666667,17176
3,8.0,fifo_blind,2027173914,12,180,2,4320,824,0,824,0.19074074074074074,0.0,1.0,3472,76.70631067961165,8753.361111111111,17402
3,8.0,priority_deduplicating,2027173914,12,180,2,4320,4248,0,4248,0.9833333333333333,0.0,1.0,48,3.0,8753.361111111111,17402
3,8.0,fifo_blind,2027173915,12,180,2,4320,824,0,824,0.19074074074074074,0.0,1.0,3472,75.00849514563107,8693.972222222223,17297
3,8.0,priority_deduplicating,2027173915,12,180,2,4320,4248,0,4248,0.9833333333333333,0.0,1.0,48,3.0,8693.972222222223,17297
3,8.0,fifo_blind,2027173916,12,180,2,4320,855,0,855,0.19791666666666666,0.0,1.0,3441,74.83157894736843,8675.766666666666,17254
3,8.0,priority_deduplicating,2027173916,12,180,2,4320,4248,0,4248,0.9833333333333333,0.0,1.0,48,3.0,8675.766666666666,17254
3,8.0,fifo_blind,2027173917,12,180,2,4320,835,0,835,0.19328703703703703,0.0,1.0,3461,75.54491017964072,8769.483333333334,17293
3,8.0,priority_deduplicating,2027173917,12,180,2,4320,4248,0,4248,0.9833333333333333,0.0,1.0,48,3.0,8769.483333333334,17293
3,8.0,fifo_blind,2027173918,12,180,2,4320,812,0,812,0.18796296296296297,0.0,1.0,3484,76.74630541871922,8904.855555555556,17612
3,8.0,priority_deduplicating,2027173918,12,180,2,4320,4248,0,4248,0.9833333333333333,0.0,1.0,48,3.0,8904.855555555556,17612
3,8.0,fifo_blind,2027173919,12,180,2,4320,822,0,822,0.19027777777777777,0.0,1.0,3474,76.85279805352798,8791.944444444445,17371
3,8.0,priority_deduplicating,2027173919,12,180,2,4320,4248,0,4248,0.9833333333333333,0.0,1.0,48,3.0,8791.944444444445,17371
5,0.0,fifo_blind,2026573900,12,180,2,4320,4200,0,4200,0.9722222222222222,0.0,1.0,0,5.0,118.66666666666667,120
5,0.0,priority_deduplicating,2026573900,12,180,2,4320,4200,0,4200,0.9722222222222222,0.0,1.0,0,5.0,118.66666666666667,120
5,0.0,fifo_blind,2026573901,12,180,2,4320,4200,0,4200,0.9722222222222222,0.0,1.0,0,5.0,118.66666666666667,120
5,0.0,priority_deduplicating,2026573901,12,180,2,4320,4200,0,4200,0.9722222222222222,0.0,1.0,0,5.0,118.66666666666667,120
5,0.0,fifo_blind,2026573902,12,180,2,4320,4200,0,4200,0.9722222222222222,0.0,1.0,0,5.0,118.66666666666667,120
5,0.0,priority_deduplicating,2026573902,12,180,2,4320,4200,0,4200,0.9722222222222222,0.0,1.0,0,5.0,118.66666666666667,120
5,0.0,fifo_blind,2026573903,12,180,2,4320,4200,0,4200,0.9722222222222222,0.0,1.0,0,5.0,118.66666666666667,120
5,0.0,priority_deduplicating,2026573903,12,180,2,4320,4200,0,4200,0.9722222222222222,0.0,1.0,0,5.0,118.66666666666667,120
5,0.0,fifo_blind,2026573904,12,180,2,4320,4200,0,4200,0.9722222222222222,0.0,1.0,0,5.0,118.66666666666667,120
5,0.0,priority_deduplicating,2026573904,12,180,2,4320,4200,0,4200,0.9722222222222222,0.0,1.0,0,5.0,118.66666666666667,120
5,0.0,fifo_blind,2026573905,12,180,2,4320,4200,0,4200,0.9722222222222222,0.0,1.0,0,5.0,118.66666666666667,120
5,0.0,priority_deduplicating,2026573905,12,180,2,4320,4200,0,4200,0.9722222222222222,0.0,1.0,0,5.0,118.66666666666667,120
5,0.0,fifo_blind,2026573906,12,180,2,4320,4200,0,4200,0.9722222222222222,0.0,1.0,0,5.0,118.66666666666667,120
5,0.0,priority_deduplicating,2026573906,12,180,2,4320,4200,0,4200,0.9722222222222222,0.0,1.0,0,5.0,118.66666666666667,120
5,0.0,fifo_blind,2026573907,12,180,2,4320,4200,0,4200,0.9722222222222222,0.0,1.0,0,5.0,118.66666666666667,120
5,0.0,priority_deduplicating,2026573907,12,180,2,4320,4200,0,4200,0.9722222222222222,0.0,1.0,0,5.0,118.66666666666667,120
5,0.0,fifo_blind,2026573908,12,180,2,4320,4200,0,4200,0.9722222222222222,0.0,1.0,0,5.0,118.66666666666667,120
5,0.0,priority_deduplicating,2026573908,12,180,2,4320,4200,0,4200,0.9722222222222222,0.0,1.0,0,5.0,118.66666666666667,120
5,0.0,fifo_blind,2026573909,12,180,2,4320,4200,0,4200,0.9722222222222222,0.0,1.0,0,5.0,118.66666666666667,120
5,0.0,priority_deduplicating,2026573909,12,180,2,4320,4200,0,4200,0.9722222222222222,0.0,1.0,0,5.0,118.66666666666667,120
5,0.0,fifo_blind,2026573910,12,180,2,4320,4200,0,4200,0.9722222222222222,0.0,1.0,0,5.0,118.66666666666667,120
5,0.0,priority_deduplicating,2026573910,12,180,2,4320,4200,0,4200,0.9722222222222222,0.0,1.0,0,5.0,118.66666666666667,120
5,0.0,fifo_blind,2026573911,12,180,2,4320,4200,0,4200,0.9722222222222222,0.0,1.0,0,5.0,118.66666666666667,120
5,0.0,priority_deduplicating,2026573911,12,180,2,4320,4200,0,4200,0.9722222222222222,0.0,1.0,0,5.0,118.66666666666667,120
5,0.0,fifo_blind,2026573912,12,180,2,4320,4200,0,4200,0.9722222222222222,0.0,1.0,0,5.0,118.66666666666667,120
5,0.0,priority_deduplicating,2026573912,12,180,2,4320,4200,0,4200,0.9722222222222222,0.0,1.0,0,5.0,118.66666666666667,120
5,0.0,fifo_blind,2026573913,12,180,2,4320,4200,0,4200,0.9722222222222222,0.0,1.0,0,5.0,118.66666666666667,120
5,0.0,priority_deduplicating,2026573913,12,180,2,4320,4200,0,4200,0.9722222222222222,0.0,1.0,0,5.0,118.66666666666667,120
5,0.0,fifo_blind,2026573914,12,180,2,4320,4200,0,4200,0.9722222222222222,0.0,1.0,0,5.0,118.66666666666667,120
5,0.0,priority_deduplicating,2026573914,12,180,2,4320,4200,0,4200,0.9722222222222222,0.0,1.0,0,5.0,118.66666666666667,120
5,0.0,fifo_blind,2026573915,12,180,2,4320,4200,0,4200,0.9722222222222222,0.0,1.0,0,5.0,118.66666666666667,120
5,0.0,priority_deduplicating,2026573915,12,180,2,4320,4200,0,4200,0.9722222222222222,0.0,1.0,0,5.0,118.66666666666667,120
5,0.0,fifo_blind,2026573916,12,180,2,4320,4200,0,4200,0.9722222222222222,0.0,1.0,0,5.0,118.66666666666667,120
5,0.0,priority_deduplicating,2026573916,12,180,2,4320,4200,0,4200,0.9722222222222222,0.0,1.0,0,5.0,118.66666666666667,120
5,0.0,fifo_blind,2026573917,12,180,2,4320,4200,0,4200,0.9722222222222222,0.0,1.0,0,5.0,118.66666666666667,120
5,0.0,priority_deduplicating,2026573917,12,180,2,4320,4200,0,4200,0.9722222222222222,0.0,1.0,0,5.0,118.66666666666667,120
5,0.0,fifo_blind,2026573918,12,180,2,4320,4200,0,4200,0.9722222222222222,0.0,1.0,0,5.0,118.66666666666667,120
5,0.0,priority_deduplicating,2026573918,12,180,2,4320,4200,0,4200,0.9722222222222222,0.0,1.0,0,5.0,118.66666666666667,120
5,0.0,fifo_blind,2026573919,12,180,2,4320,4200,0,4200,0.9722222222222222,0.0,1.0,0,5.0,118.66666666666667,120
5,0.0,priority_deduplicating,2026573919,12,180,2,4320,4200,0,4200,0.9722222222222222,0.0,1.0,0,5.0,118.66666666666667,120
5,1.0,fifo_blind,2026673900,12,180,2,4320,2790,0,2790,0.6458333333333334,0.0,1.0,1467,33.639426523297494,1167.6222222222223,2254
5,1.0,priority_deduplicating,2026673900,12,180,2,4320,4200,0,4200,0.9722222222222222,0.0,1.0,57,5.0,1167.6222222222223,2254
5,1.0,fifo_blind,2026673901,12,180,2,4320,2803,0,2803,0.6488425925925926,0.0,1.0,1438,33.85265786657153,1155.0222222222221,2223
5,1.0,priority_deduplicating,2026673901,12,180,2,4320,4200,0,4200,0.9722222222222222,0.0,1.0,41,5.0,1155.0222222222221,2223
5,1.0,fifo_blind,2026673902,12,180,2,4320,2811,0,2811,0.6506944444444445,0.0,1.0,1437,34.020988971896124,1160.6833333333334,2247
5,1.0,priority_deduplicating,2026673902,12,180,2,4320,4200,0,4200,0.9722222222222222,0.0,1.0,48,5.0,1160.6833333333334,2247
5,1.0,fifo_blind,2026673903,12,180,2,4320,2823,0,2823,0.6534722222222222,0.0,1.0,1429,33.69040028338647,1140.661111111111,2194
5,1.0,priority_deduplicating,2026673903,12,180,2,4320,4200,0,4200,0.9722222222222222,0.0,1.0,52,5.0,1140.661111111111,2194
5,1.0,fifo_blind,2026673904,12,180,2,4320,2810,0,2810,0.6504629629629629,0.0,1.0,1441,34.216014234875445,1156.15,2215
5,1.0,priority_deduplicating,2026673904,12,180,2,4320,4200,0,4200,0.9722222222222222,0.0,1.0,51,5.0,1156.15,2215
5,1.0,fifo_blind,2026673905,12,180,2,4320,2814,0,2814,0.6513888888888889,0.0,1.0,1435,33.16417910447761,1144.411111111111,2225
5,1.0,priority_deduplicating,2026673905,12,180,2,4320,4200,0,4200,0.9722222222222222,0.0,1.0,49,5.0,1144.411111111111,2225
5,1.0,fifo_blind,2026673906,12,180,2,4320,2822,0,2822,0.6532407407407408,0.0,1.0,1428,33.18603827072998,1140.25,2224
5,1.0,priority_deduplicating,2026673906,12,180,2,4320,4200,0,4200,0.9722222222222222,0.0,1.0,50,5.0,1140.25,2224
5,1.0,fifo_blind,2026673907,12,180,2,4320,2810,0,2810,0.6504629629629629,0.0,1.0,1443,33.00604982206406,1141.2333333333333,2227
5,1.0,priority_deduplicating,2026673907,12,180,2,4320,4200,0,4200,0.9722222222222222,0.0,1.0,53,5.0,1141.2333333333333,2227
5,1.0,fifo_blind,2026673908,12,180,2,4320,2750,0,2750,0.6365740740740741,0.0,1.0,1496,34.20945454545455,1201.361111111111,2337
5,1.0,priority_deduplicating,2026673908,12,180,2,4320,4200,0,4200,0.9722222222222222,0.0,1.0,46,5.0,1201.361111111111,2337
5,1.0,fifo_blind,2026673909,12,180,2,4320,2808,0,2808,0.65,0.0,1.0,1426,34.018874643874646,1156.5666666666666,2214
5,1.0,priority_deduplicating,2026673909,12,180,2,4320,4200,0,4200,0.9722222222222222,0.0,1.0,34,5.0,1156.5666666666666,2214
5,1.0,fifo_blind,2026673910,12,180,2,4320,2838,0,2838,0.6569444444444444,0.0,1.0,1394,32.9753347427766,1125.2888888888888,2199
5,1.0,priority_deduplicating,2026673910,12,180,2,4320,4200,0,4200,0.9722222222222222,0.0,1.0,32,5.0,1125.2888888888888,2199
5,1.0,fifo_blind,2026673911,12,180,2,4320,2741,0,2741,0.6344907407407407,0.0,1.0,1511,34.91499452754469,1220.0111111111112,2340
5,1.0,priority_deduplicating,2026673911,12,180,2,4320,4200,0,4200,0.9722222222222222,0.0,1.0,52,5.0,1220.0111111111112,2340
5,1.0,fifo_blind,2026673912,12,180,2,4320,2831,0,2831,0.6553240740740741,0.0,1.0,1405,33.47050512186507,1136.1444444444444,2198
5,1.0,priority_deduplicating,2026673912,12,180,2,4320,4200,0,4200,0.9722222222222222,0.0,1.0,36,5.0,1136.1444444444444,2198
5,1.0,fifo_blind,2026673913,12,180,2,4320,2804,0,2804,0.649074074074074,0.0,1.0,1451,34.59843081312411,1170.9055555555556,2252
5,1.0,priority_deduplicating,2026673913,12,180,2,4320,4200,0,4200,0.9722222222222222,0.0,1.0,55,5.0,1170.9055555555556,2252
5,1.0,fifo_blind,2026673914,12,180,2,4320,2823,0,2823,0.6534722222222222,0.0,1.0,1437,32.68579525327666,1123.2,2180
5,1.0,priority_deduplicating,2026673914,12,180,2,4320,4200,0,4200,0.9722222222222222,0.0,1.0,60,5.0,1123.2,2180
5,1.0,fifo_blind,2026673915,12,180,2,4320,2826,0,2826,0.6541666666666667,0.0,1.0,1427,33.67162066525124,1150.5388888888888,2234
5,1.0,priority_deduplicating,2026673915,12,180,2,4320,4200,0,4200,0.9722222222222222,0.0,1.0,53,5.0,1150.5388888888888,2234
5,1.0,fifo_blind,2026673916,12,180,2,4320,2845,0,2845,0.6585648148148148,0.0,1.0,1395,32.9219683655536,1114.25,2189
5,1.0,priority_deduplicating,2026673916,12,180,2,4320,4200,0,4200,0.9722222222222222,0.0,1.0,40,5.0,1114.25,2189
5,1.0,fifo_blind,2026673917,12,180,2,4320,2791,0,2791,0.6460648148148148,0.0,1.0,1456,34.62056610533859,1172.4444444444443,2221
5,1.0,priority_deduplicating,2026673917,12,180,2,4320,4200,0,4200,0.9722222222222222,0.0,1.0,47,5.0,1172.4444444444443,2221
5,1.0,fifo_blind,2026673918,12,180,2,4320,2791,0,2791,0.6460648148148148,0.0,1.0,1453,33.884270870655676,1164.1,2214
5,1.0,priority_deduplicating,2026673918,12,180,2,4320,4200,0,4200,0.9722222222222222,0.0,1.0,44,5.0,1164.1,2214
5,1.0,fifo_blind,2026673919,12,180,2,4320,2854,0,2854,0.6606481481481481,0.0,1.0,1403,32.46391030133147,1109.0444444444445,2146
5,1.0,priority_deduplicating,2026673919,12,180,2,4320,4200,0,4200,0.9722222222222222,0.0,1.0,57,5.0,1109.0444444444445,2146
5,2.0,fifo_blind,2026773900,12,180,2,4320,2083,0,2083,0.48217592592592595,0.0,1.0,2190,49.2726836293807,2238.9222222222224,4394
5,2.0,priority_deduplicating,2026773900,12,180,2,4320,4200,0,4200,0.9722222222222222,0.0,1.0,73,5.0,2238.9222222222224,4394
5,2.0,fifo_blind,2026773901,12,180,2,4320,2045,0,2045,0.47337962962962965,0.0,1.0,2234,49.63911980440098,2275.1944444444443,4461
5,2.0,priority_deduplicating,2026773901,12,180,2,4320,4200,0,4200,0.9722222222222222,0.0,1.0,79,5.0,2275.1944444444443,4461
5,2.0,fifo_blind,2026773902,12,180,2,4320,2121,0,2121,0.4909722222222222,0.0,1.0,2153,48.315417256011315,2198.45,4362
5,2.0,priority_deduplicating,2026773902,12,180,2,4320,4200,0,4200,0.9722222222222222,0.0,1.0,74,5.0,2198.45,4362
5,2.0,fifo_blind,2026773903,12,180,2,4320,2112,0,2112,0.4888888888888889,0.0,1.0,2170,47.6875,2192.027777777778,4366
5,2.0,priority_deduplicating,2026773903,12,180,2,4320,4200,0,4200,0.9722222222222222,0.0,1.0,82,5.0,2192.027777777778,4366
5,2.0,fifo_blind,2026773904,12,180,2,4320,2111,0,2111,0.48865740740740743,0.0,1.0,2161,47.970156324017054,2173.5222222222224,4304
5,2.0,priority_deduplicating,2026773904,12,180,2,4320,4200,0,4200,0.9722222222222222,0.0,1.0,72,5.0,2173.5222222222224,4304
5,2.0,fifo_blind,2026773905,12,180,2,4320,2096,0,2096,0.48518518518518516,0.0,1.0,2181,48.2418893129771,2206.061111111111,4322
5,2.0,priority_deduplicating,2026773905,12,180,2,4320,4200,0,4200,0.9722222222222222,0.0,1.0,77,5.0,2206.061111111111,4322
5,2.0,fifo_blind,2026773906,12,180,2,4320,2046,0,2046,0.4736111111111111,0.0,1.0,2231,49.357282502443795,2276.75,4445
5,2.0,priority_deduplicating,2026773906,12,180,2,4320,4200,0,4200,0.9722222222222222,0.0,1.0,77,5.0,2276.75,4445
5,2.0,fifo_blind,2026773907,12,180,2,4320,2108,0,2108,0.487962962962963,0.0,1.0,2172,48.60246679316888,2204.1444444444446,4363
5,2.0,priority_deduplicating,2026773907,12,180,2,4320,4200,0,4200,0.9722222222222222,0.0,1.0,80,5.0,2204.1444444444446,4363
5,2.0,fifo_blind,2026773908,12,180,2,4320,2068,0,2068,0.4787037037037037,0.0,1.0,2209,50.360251450676984,2268.0055555555555,4421
5,2.0,priority_deduplicating,2026773908,12,180,2,4320,4200,0,4200,0.9722222222222222,0.0,1.0,77,5.0,2268.0055555555555,4421
5,2.0,fifo_blind,2026773909,12,180,2,4320,2075,0,2075,0.48032407407407407,0.0,1.0,2217,49.033734939759036,2265.938888888889,4451
5,2.0,priority_deduplicating,2026773909,12,180,2,4320,4200,0,4200,0.9722222222222222,0.0,1.0,92,5.0,2265.938888888889,4451
5,2.0,fifo_blind,2026773910,12,180,2,4320,2115,0,2115,0.4895833333333333,0.0,1.0,2161,48.009456264775416,2200.35,4355
5,2.0,priority_deduplicating,2026773910,12,180,2,4320,4200,0,4200,0.9722222222222222,0.0,1.0,76,5.0,2200.35,4355
5,2.0,fifo_blind,2026773911,12,180,2,4320,2103,0,2103,0.48680555555555555,0.0,1.0,2169,48.41464574417499,2234.2,4412
5,2.0,priority_deduplicating,2026773911,12,180,2,4320,4200,0,4200,0.9722222222222222,0.0,1.0,72,5.0,2234.2,4412
5,2.0,fifo_blind,2026773912,12,180,2,4320,2128,0,2128,0.4925925925925926,0.0,1.0,2144,47.69830827067669,2117.133333333333,4141
5,2.0,priority_deduplicating,2026773912,12,180,2,4320,4200,0,4200,0.9722222222222222,0.0,1.0,72,5.0,2117.133333333333,4141
5,2.0,fifo_blind,2026773913,12,180,2,4320,2143,0,2143,0.4960648148148148,0.0,1.0,2132,46.75688287447503,2130.8444444444444,4273
5,2.0,priority_deduplicating,2026773913,12,180,2,4320,4200,0,4200,0.9722222222222222,0.0,1.0,75,5.0,2130.8444444444444,4273
5,2.0,fifo_blind,2026773914,12,180,2,4320,2067,0,2067,0.47847222222222224,0.0,1.0,2211,48.911949685534594,2285.072222222222,4542
5,2.0,priority_deduplicating,2026773914,12,180,2,4320,4200,0,4200,0.9722222222222222,0.0,1.0,78,5.0,2285.072222222222,4542
5,2.0,fifo_blind,2026773915,12,180,2,4320,2129,0,2129,0.4928240740740741,0.0,1.0,2144,48.079379990605915,2150.7444444444445,4214
5,2.0,priority_deduplicating,2026773915,12,180,2,4320,4200,0,4200,0.9722222222222222,0.0,1.0,73,5.0,2150.7444444444445,4214
5,2.0,fifo_blind,2026773916,12,180,2,4320,2108,0,2108,0.487962962962963,0.0,1.0,2177,48.083017077798864,2200.777777777778,4372
5,2.0,priority_deduplicating,2026773916,12,180,2,4320,4200,0,4200,0.9722222222222222,0.0,1.0,85,5.0,2200.777777777778,4372
5,2.0,fifo_blind,2026773917,12,180,2,4320,2075,0,2075,0.48032407407407407,0.0,1.0,2208,49.61638554216867,2241.6833333333334,4427
5,2.0,priority_deduplicating,2026773917,12,180,2,4320,4200,0,4200,0.9722222222222222,0.0,1.0,83,5.0,2241.6833333333334,4427
5,2.0,fifo_blind,2026773918,12,180,2,4320,2106,0,2106,0.4875,0.0,1.0,2172,47.838081671415004,2205.133333333333,4376
5,2.0,priority_deduplicating,2026773918,12,180,2,4320,4200,0,4200,0.9722222222222222,0.0,1.0,78,5.0,2205.133333333333,4376
5,2.0,fifo_blind,2026773919,12,180,2,4320,2103,0,2103,0.48680555555555555,0.0,1.0,2167,49.074179743223965,2219.2055555555557,4375
5,2.0,priority_deduplicating,2026773919,12,180,2,4320,4200,0,4200,0.9722222222222222,0.0,1.0,70,5.0,2219.2055555555557,4375
5,4.0,fifo_blind,2026973900,12,180,2,4320,1379,0,1379,0.319212962962963,0.0,1.0,2915,65.75271936185642,4335.9,8552
5,4.0,priority_deduplicating,2026973900,12,180,2,4320,4200,0,4200,0.9722222222222222,0.0,1.0,94,5.0,4335.9,8552
5,4.0,fifo_blind,2026973901,12,180,2,4320,1393,0,1393,0.3224537037037037,0.0,1.0,2902,65.00287150035894,4302.894444444444,8489
5,4.0,priority_deduplicating,2026973901,12,180,2,4320,4200,0,4200,0.9722222222222222,0.0,1.0,95,5.0,4302.894444444444,8489
5,4.0,fifo_blind,2026973902,12,180,2,4320,1427,0,1427,0.33032407407407405,0.0,1.0,2867,62.580238262088294,4280.0888888888885,8597
5,4.0,priority_deduplicating,2026973902,12,180,2,4320,4200,0,4200,0.9722222222222222,0.0,1.0,94,5.0,4280.0888888888885,8597
5,4.0,fifo_blind,2026973903,12,180,2,4320,1383,0,1383,0.32013888888888886,0.0,1.0,2911,64.91829356471439,4288.927777777778,8516
5,4.0,priority_deduplicating,2026973903,12,180,2,4320,4200,0,4200,0.9722222222222222,0.0,1.0,94,5.0,4288.927777777778,8516
5,4.0,fifo_blind,2026973904,12,180,2,4320,1372,0,1372,0.3175925925925926,0.0,1.0,2922,65.70189504373178,4339.072222222222,8569
5,4.0,priority_deduplicating,2026973904,12,180,2,4320,4200,0,4200,0.9722222222222222,0.0,1.0,94,5.0,4339.072222222222,8569
5,4.0,fifo_blind,2026973905,12,180,2,4320,1400,0,1400,0.32407407407407407,0.0,1.0,2893,64.46214285714285,4339.438888888889,8589
5,4.0,priority_deduplicating,2026973905,12,180,2,4320,4200,0,4200,0.9722222222222222,0.0,1.0,93,5.0,4339.438888888889,8589
5,4.0,fifo_blind,2026973906,12,180,2,4320,1394,0,1394,0.3226851851851852,0.0,1.0,2902,66.24246771879484,4383.683333333333,8778
5,4.0,priority_deduplicating,2026973906,12,180,2,4320,4200,0,4200,0.9722222222222222,0.0,1.0,96,5.0,4383.683333333333,8778
5,4.0,fifo_blind,2026973907,12,180,2,4320,1376,0,1376,0.31851851851851853,0.0,1.0,2916,64.53270348837209,4338.933333333333,8633
5,4.0,priority_deduplicating,2026973907,12,180,2,4320,4200,0,4200,0.9722222222222222,0.0,1.0,92,5.0,4338.933333333333,8633
5,4.0,fifo_blind,2026973908,12,180,2,4320,1361,0,1361,0.31504629629629627,0.0,1.0,2931,65.98016164584864,4445.65,8793
5,4.0,priority_deduplicating,2026973908,12,180,2,4320,4200,0,4200,0.9722222222222222,0.0,1.0,92,5.0,4445.65,8793
5,4.0,fifo_blind,2026973909,12,180,2,4320,1370,0,1370,0.31712962962962965,0.0,1.0,2922,65.15182481751825,4376.75,8656
5,4.0,priority_deduplicating,2026973909,12,180,2,4320,4200,0,4200,0.9722222222222222,0.0,1.0,92,5.0,4376.75,8656
5,4.0,fifo_blind,2026973910,12,180,2,4320,1355,0,1355,0.3136574074074074,0.0,1.0,2941,65.6760147601476,4486.1,8864
5,4.0,priority_deduplicating,2026973910,12,180,2,4320,4200,0,4200,0.9722222222222222,0.0,1.0,96,5.0,4486.1,8864
5,4.0,fifo_blind,2026973911,12,180,2,4320,1377,0,1377,0.31875,0.0,1.0,2915,65.64923747276688,4389.2555555555555,8720
5,4.0,priority_deduplicating,2026973911,12,180,2,4320,4200,0,4200,0.9722222222222222,0.0,1.0,92,5.0,4389.2555555555555,8720
5,4.0,fifo_blind,2026973912,12,180,2,4320,1376,0,1376,0.31851851851851853,0.0,1.0,2918,66.06031976744185,4381.194444444444,8688
5,4.0,priority_deduplicating,2026973912,12,180,2,4320,4200,0,4200,0.9722222222222222,0.0,1.0,94,5.0,4381.194444444444,8688
5,4.0,fifo_blind,2026973913,12,180,2,4320,1359,0,1359,0.3145833333333333,0.0,1.0,2934,64.7748344370861,4423.527777777777,8733
5,4.0,priority_deduplicating,2026973913,12,180,2,4320,4200,0,4200,0.9722222222222222,0.0,1.0,93,5.0,4423.527777777777,8733
5,4.0,fifo_blind,2026973914,12,180,2,4320,1366,0,1366,0.3162037037037037,0.0,1.0,2925,66.5285505124451,4396.05,8696
5,4.0,priority_deduplicating,2026973914,12,180,2,4320,4200,0,4200,0.9722222222222222,0.0,1.0,91,5.0,4396.05,8696
5,4.0,fifo_blind,2026973915,12,180,2,4320,1389,0,1389,0.3215277777777778,0.0,1.0,2903,64.4996400287977,4354.75,8686
5,4.0,priority_deduplicating,2026973915,12,180,2,4320,4200,0,4200,0.9722222222222222,0.0,1.0,92,5.0,4354.75,8686
5,4.0,fifo_blind,2026973916,12,180,2,4320,1386,0,1386,0.32083333333333336,0.0,1.0,2908,65.11976911976912,4343.8388888888885,8561
5,4.0,priority_deduplicating,2026973916,12,180,2,4320,4200,0,4200,0.9722222222222222,0.0,1.0,94,5.0,4343.8388888888885,8561
5,4.0,fifo_blind,2026973917,12,180,2,4320,1376,0,1376,0.31851851851851853,0.0,1.0,2917,64.49127906976744,4312.133333333333,8566
5,4.0,priority_deduplicating,2026973917,12,180,2,4320,4200,0,4200,0.9722222222222222,0.0,1.0,93,5.0,4312.133333333333,8566
5,4.0,fifo_blind,2026973918,12,180,2,4320,1360,0,1360,0.3148148148148148,0.0,1.0,2933,65.86911764705883,4416.783333333334,8683
5,4.0,priority_deduplicating,2026973918,12,180,2,4320,4200,0,4200,0.9722222222222222,0.0,1.0,93,5.0,4416.783333333334,8683
5,4.0,fifo_blind,2026973919,12,180,2,4320,1374,0,1374,0.31805555555555554,0.0,1.0,2919,65.79475982532752,4379.666666666667,8743
5,4.0,priority_deduplicating,2026973919,12,180,2,4320,4200,0,4200,0.9722222222222222,0.0,1.0,93,5.0,4379.666666666667,8743
5,8.0,fifo_blind,2027373900,12,180,2,4320,806,0,806,0.1865740740740741,0.0,1.0,3490,81.90570719602978,8587.644444444444,17213
5,8.0,priority_deduplicating,2027373900,12,180,2,4320,4200,0,4200,0.9722222222222222,0.0,1.0,96,5.0,8587.644444444444,17213
5,8.0,fifo_blind,2027373901,12,180,2,4320,793,0,793,0.18356481481481482,0.0,1.0,3503,81.02395964691047,8706.472222222223,17221
5,8.0,priority_deduplicating,2027373901,12,180,2,4320,4200,0,4200,0.9722222222222222,0.0,1.0,96,5.0,8706.472222222223,17221
5,8.0,fifo_blind,2027373902,12,180,2,4320,795,0,795,0.1840277777777778,0.0,1.0,3501,80.7685534591195,8660.138888888889,17178
5,8.0,priority_deduplicating,2027373902,12,180,2,4320,4200,0,4200,0.9722222222222222,0.0,1.0,96,5.0,8660.138888888889,17178
5,8.0,fifo_blind,2027373903,12,180,2,4320,783,0,783,0.18125,0.0,1.0,3513,81.07024265644955,8840.383333333333,17360
5,8.0,priority_deduplicating,2027373903,12,180,2,4320,4200,0,4200,0.9722222222222222,0.0,1.0,96,5.0,8840.383333333333,17360
5,8.0,fifo_blind,2027373904,12,180,2,4320,783,0,783,0.18125,0.0,1.0,3513,80.7675606641124,8789.694444444445,17431
5,8.0,priority_deduplicating,2027373904,12,180,2,4320,4200,0,4200,0.9722222222222222,0.0,1.0,96,5.0,8789.694444444445,17431
5,8.0,fifo_blind,2027373905,12,180,2,4320,799,0,799,0.1849537037037037,0.0,1.0,3497,78.20525657071339,8737.172222222222,17352
5,8.0,priority_deduplicating,2027373905,12,180,2,4320,4200,0,4200,0.9722222222222222,0.0,1.0,96,5.0,8737.172222222222,17352
5,8.0,fifo_blind,2027373906,12,180,2,4320,816,0,816,0.18888888888888888,0.0,1.0,3480,80.30514705882354,8680.388888888889,17264
5,8.0,priority_deduplicating,2027373906,12,180,2,4320,4200,0,4200,0.9722222222222222,0.0,1.0,96,5.0,8680.388888888889,17264
5,8.0,fifo_blind,2027373907,12,180,2,4320,805,0,805,0.1863425925925926,0.0,1.0,3491,81.21242236024845,8671.205555555556,17225
5,8.0,priority_deduplicating,2027373907,12,180,2,4320,4200,0,4200,0.9722222222222222,0.0,1.0,96,5.0,8671.205555555556,17225
5,8.0,fifo_blind,2027373908,12,180,2,4320,826,0,826,0.1912037037037037,0.0,1.0,3469,78.50968523002422,8581.244444444445,17146
5,8.0,priority_deduplicating,2027373908,12,180,2,4320,4200,0,4200,0.9722222222222222,0.0,1.0,95,5.0,8581.244444444445,17146
5,8.0,fifo_blind,2027373909,12,180,2,4320,785,0,785,0.18171296296296297,0.0,1.0,3511,81.77707006369427,8789.45,17386
5,8.0,priority_deduplicating,2027373909,12,180,2,4320,4200,0,4200,0.9722222222222222,0.0,1.0,96,5.0,8789.45,17386
5,8.0,fifo_blind,2027373910,12,180,2,4320,807,0,807,0.18680555555555556,0.0,1.0,3489,82.06319702602231,8539.56111111111,17053
5,8.0,priority_deduplicating,2027373910,12,180,2,4320,4200,0,4200,0.9722222222222222,0.0,1.0,96,5.0,8539.56111111111,17053
5,8.0,fifo_blind,2027373911,12,180,2,4320,782,0,782,0.18101851851851852,0.0,1.0,3514,79.55115089514067,8664.766666666666,17192
5,8.0,priority_deduplicating,2027373911,12,180,2,4320,4200,0,4200,0.9722222222222222,0.0,1.0,96,5.0,8664.766666666666,17192
5,8.0,fifo_blind,2027373912,12,180,2,4320,783,0,783,0.18125,0.0,1.0,3513,80.4469987228608,8772.788888888888,17476
5,8.0,priority_deduplicating,2027373912,12,180,2,4320,4200,0,4200,0.9722222222222222,0.0,1.0,96,5.0,8772.788888888888,17476
5,8.0,fifo_blind,2027373913,12,180,2,4320,788,0,788,0.1824074074074074,0.0,1.0,3508,82.0774111675127,8694.461111111112,17335
5,8.0,priority_deduplicating,2027373913,12,180,2,4320,4200,0,4200,0.9722222222222222,0.0,1.0,96,5.0,8694.461111111112,17335
5,8.0,fifo_blind,2027373914,12,180,2,4320,795,0,795,0.1840277777777778,0.0,1.0,3501,79.90440251572328,8654.922222222222,17092
5,8.0,priority_deduplicating,2027373914,12,180,2,4320,4200,0,4200,0.9722222222222222,0.0,1.0,96,5.0,8654.922222222222,17092
5,8.0,fifo_blind,2027373915,12,180,2,4320,803,0,803,0.18587962962962962,0.0,1.0,3492,81.30386052303861,8625.644444444444,17216
5,8.0,priority_deduplicating,2027373915,12,180,2,4320,4200,0,4200,0.9722222222222222,0.0,1.0,95,5.0,8625.644444444444,17216
5,8.0,fifo_blind,2027373916,12,180,2,4320,784,0,784,0.1814814814814815,0.0,1.0,3512,82.61607142857143,8794.805555555555,17354
5,8.0,priority_deduplicating,2027373916,12,180,2,4320,4200,0,4200,0.9722222222222222,0.0,1.0,96,5.0,8794.805555555555,17354
5,8.0,fifo_blind,2027373917,12,180,2,4320,792,0,792,0.18333333333333332,0.0,1.0,3503,82.26767676767676,8696.927777777777,17298
5,8.0,priority_deduplicating,2027373917,12,180,2,4320,4200,0,4200,0.9722222222222222,0.0,1.0,95,5.0,8696.927777777777,17298
5,8.0,fifo_blind,2027373918,12,180,2,4320,807,0,807,0.18680555555555556,0.0,1.0,3489,79.90334572490707,8631.483333333334,17224
5,8.0,priority_deduplicating,2027373918,12,180,2,4320,4200,0,4200,0.9722222222222222,0.0,1.0,96,5.0,8631.483333333334,17224
5,8.0,fifo_blind,2027373919,12,180,2,4320,774,0,774,0.17916666666666667,0.0,1.0,3522,80.45219638242894,8798.955555555556,17387
5,8.0,priority_deduplicating,2027373919,12,180,2,4320,4200,0,4200,0.9722222222222222,0.0,1.0,96,5.0,8798.955555555556,17387
